-- Extra test data generated by tool/generate_test_data.dart
-- Generated on: 2026-04-10T19:52:44.618985
BEGIN TRANSACTION;

INSERT INTO surface_areas (id, title, description, created_at) VALUES (21, 'Cheile Somesului Cald', 'Importanta geologica ridicata, cu 486 tipuri de speleoteme.', 1775839964);
INSERT INTO surface_areas (id, title, description, created_at) VALUES (22, 'Cheile Turzii', 'Strat de sedimente cu grosimea medie de 487 centimetri.', 1775839964);
INSERT INTO surface_areas (id, title, description, created_at) VALUES (23, 'Valea Crisului Repede', 'Debit estimat al cursului de apa subteran: 307 litri pe secunda.', 1775839964);
INSERT INTO surface_areas (id, title, description, created_at) VALUES (24, 'Platoul Vascau', 'Pestera de tip tunel cu 95 galerii laterale.', 1775839964);
INSERT INTO surface_areas (id, title, description, created_at) VALUES (25, 'Cheile Galbenei', 'Pestera activa cu 178 cascade subterane.', 1775839964);





INSERT INTO documentation_files (id, title, description, file_name, file_size, file_hash, file_type, created_at) VALUES (1182, 'Document P. Ponorul Suspendat #1', 'Fisa tehnica echipare put - verticala nr. 262. Adancimea: 128 metri. Am instalat 10 spituri din otel inoxidabil. Distanta intre spituri: 122 metri. Lungimea corzii principale: 328 metri. Coarda de siguranta: 131 metri. Am montat 215 protectoare de franghie. Fractionarea se face la 356 metri de buza putului. Deviatia este la 169 metri sub fractionare. Am testat echiparea cu 477 coborari. Ultimul control al spiturilor: acum 127 luni.', 'doc_existing_c1_1.txt', 435, NULL, 'text_document', 1775839973);
INSERT INTO documentation_files_to_geofeatures (id, geofeature_id, geofeature_type, documentation_file_id, updated_at) VALUES (2772, 1, 'cave', 1182, 1775839973);
INSERT INTO documentation_files_to_geofeatures (id, geofeature_id, geofeature_type, documentation_file_id, updated_at) VALUES (2773, 1, 'cave_area', 1182, 1775839973);
INSERT INTO documentation_files_to_geofeatures (id, geofeature_id, geofeature_type, documentation_file_id, updated_at) VALUES (2774, 77, 'cave_place', 1182, 1775839973);
INSERT INTO documentation_files (id, title, description, file_name, file_size, file_hash, file_type, created_at) VALUES (1183, 'Document P. Ponorul Suspendat #2', 'Evaluare risc - sectorul 434. Am identificat 361 zone cu risc de prabusire a plafonului. Blocurile instabile au dimensiuni de pana la 489 centimetri. Nivelul apei poate creste cu 201 metri in caz de precipitatii. Distanta de la intrare pana la prima zona de risc: 263 metri. Am instalat 101 indicatoare de avertizare reflectorizante. Evacuarea de urgenta dureaza estimativ 21 minute. Echipamentul de prim ajutor este pozitionat la statia 472. Am testat comunicarea radio in 26 puncte critice. Semnalul radio este pierdut dupa 428 metri de la intrare. Am recomandat echipa minima de 440 persoane pentru acest sector. Casca si lampa frontala trebuie verificate la fiecare 200 ore. Protocoalele de securitate au fost revizuite de 499 ori anul acesta. Ultimul incident a avut loc cu 210 luni in urma. Am efectuat 276 exercitii de evacuare. Planul de urgenta a fost actualizat la versiunea 308.', 'doc_existing_c1_2.txt', 889, NULL, 'text_document', 1775839973);
INSERT INTO documentation_files_to_geofeatures (id, geofeature_id, geofeature_type, documentation_file_id, updated_at) VALUES (2775, 1, 'cave', 1183, 1775839973);
INSERT INTO documentation_files_to_geofeatures (id, geofeature_id, geofeature_type, documentation_file_id, updated_at) VALUES (2776, 3, 'cave_area', 1183, 1775839973);
INSERT INTO documentation_files (id, title, description, file_name, file_size, file_hash, file_type, created_at) VALUES (1184, 'Document P. Ponorul Suspendat #3', 'Fisa tehnica echipare put - verticala nr. 47. Adancimea: 164 metri. Am instalat 490 spituri din otel inoxidabil. Distanta intre spituri: 132 metri. Lungimea corzii principale: 333 metri. Coarda de siguranta: 415 metri. Am montat 393 protectoare de franghie. Fractionarea se face la 290 metri de buza putului. Deviatia este la 484 metri sub fractionare. Am testat echiparea cu 160 coborari. Ultimul control al spiturilor: acum 253 luni.', 'doc_existing_c1_3.txt', 435, NULL, 'text_document', 1775839973);
INSERT INTO documentation_files_to_geofeatures (id, geofeature_id, geofeature_type, documentation_file_id, updated_at) VALUES (2777, 1, 'cave', 1184, 1775839973);
INSERT INTO documentation_files_to_geofeatures (id, geofeature_id, geofeature_type, documentation_file_id, updated_at) VALUES (2778, 33, 'cave_place', 1184, 1775839973);
INSERT INTO documentation_files (id, title, description, file_name, file_size, file_hash, file_type, created_at) VALUES (1185, 'Document P. Ponorul Suspendat #4', 'Studiu speleogenetic - sectorul 325. Am analizat 291 probe de calcar sub microscop. Varsta estimata a galeriei: 323 milioane de ani. Am identificat 80 faze de speleogeneza. Nivelul freatic actual este la 162 metri adancime. Am corelat cu 5 alte pesteri din zona. Porozitatea medie a rocii: 481 procente. Am realizat 500 sectiuni subtiri din probe. Studiul va fi publicat in volumul 311 al buletinului. Am colaborat cu 371 geologi specialisti.', 'doc_existing_c1_4.txt', 442, NULL, 'text_document', 1775839973);
INSERT INTO documentation_files_to_geofeatures (id, geofeature_id, geofeature_type, documentation_file_id, updated_at) VALUES (2779, 1, 'cave', 1185, 1775839973);
INSERT INTO documentation_files_to_geofeatures (id, geofeature_id, geofeature_type, documentation_file_id, updated_at) VALUES (2780, 3, 'cave_area', 1185, 1775839973);
INSERT INTO documentation_files (id, title, description, file_name, file_size, file_hash, file_type, created_at) VALUES (1186, 'Document P. Ponorul Suspendat #5', 'Studiu speleogenetic - sectorul 236. Am analizat 235 probe de calcar sub microscop. Varsta estimata a galeriei: 399 milioane de ani. Am identificat 121 faze de speleogeneza. Nivelul freatic actual este la 351 metri adancime. Am corelat cu 203 alte pesteri din zona. Porozitatea medie a rocii: 129 procente. Am realizat 381 sectiuni subtiri din probe. Studiul va fi publicat in volumul 113 al buletinului. Am colaborat cu 409 geologi specialisti.', 'doc_existing_c1_5.txt', 445, NULL, 'text_document', 1775839973);
INSERT INTO documentation_files_to_geofeatures (id, geofeature_id, geofeature_type, documentation_file_id, updated_at) VALUES (2781, 1, 'cave', 1186, 1775839973);
INSERT INTO documentation_files_to_geofeatures (id, geofeature_id, geofeature_type, documentation_file_id, updated_at) VALUES (2782, 69, 'cave_place', 1186, 1775839973);
INSERT INTO documentation_files (id, title, description, file_name, file_size, file_hash, file_type, created_at) VALUES (1187, 'Document P. Ponorul Suspendat #6', 'Raport geologic - profil 297. Stratele de calcar apartin etajului 113. Grosimea medie a stratelor este de 464 centimetri. Fisurile tectonice au un azimut predominant de 430 grade. Am recoltat 168 probe de roca pentru datarea izotopica. Continutul de CaCO3 depaseste 293 procente. Concretii de aragonita au fost gasite la cota 456. Varsta estimata a speleothemelor: 156 mii de ani. Depozitele clastice au o grosime de 358 centimetri. Am identificat 229 tipuri diferite de sedimente. Nivelul paleoclappei fosile este la cota 279 metri. Analiza XRD confirma 144 faze minerale distincte. Sectorul analizat are o lungime de 156 metri. Am realizat 126 profile transversale ale galeriei. Cutele vizibile au amplitudini de 237 centimetri.', 'doc_existing_c1_6.txt', 730, NULL, 'text_document', 1775839973);
INSERT INTO documentation_files_to_geofeatures (id, geofeature_id, geofeature_type, documentation_file_id, updated_at) VALUES (2783, 1, 'cave', 1187, 1775839973);
INSERT INTO documentation_files_to_geofeatures (id, geofeature_id, geofeature_type, documentation_file_id, updated_at) VALUES (2784, 27, 'cave_place', 1187, 1775839973);
INSERT INTO documentation_files (id, title, description, file_name, file_size, file_hash, file_type, created_at) VALUES (1188, 'Document P. Ponorul Suspendat #7', 'Evidenta resurse hidrologice - punctul 25. Debitul mediu masurat: 145 litri pe secunda. Am efectuat 345 masuratori in perioade diferite. Temperatura apei: 179 grade Celsius, constanta. pH-ul masurat: 344 unitati. Conductivitatea electrica: 239 microsiemensi. Am injectat 64 grame de trasor fluorescent. Trasorul a aparut la izvor dupa 131 ore. Distanta estimata: 497 metri de conducte carstice. Nivelul maxim in sezonul ploios: 210 centimetri peste normal. Am monitorizat 431 izvoare din bazin. Volumul estimat al lacului subteran: 335 metri cubi.', 'doc_existing_c1_7.txt', 547, NULL, 'text_document', 1775839973);
INSERT INTO documentation_files_to_geofeatures (id, geofeature_id, geofeature_type, documentation_file_id, updated_at) VALUES (2785, 1, 'cave', 1188, 1775839973);
INSERT INTO documentation_files_to_geofeatures (id, geofeature_id, geofeature_type, documentation_file_id, updated_at) VALUES (2786, 3, 'cave_area', 1188, 1775839973);
INSERT INTO documentation_files_to_geofeatures (id, geofeature_id, geofeature_type, documentation_file_id, updated_at) VALUES (2787, 92, 'cave_place', 1188, 1775839973);
INSERT INTO documentation_files (id, title, description, file_name, file_size, file_hash, file_type, created_at) VALUES (1189, 'Document P. Ponorul Suspendat #8', 'Studiu speleogenetic - sectorul 241. Am analizat 12 probe de calcar sub microscop. Varsta estimata a galeriei: 206 milioane de ani. Am identificat 493 faze de speleogeneza. Nivelul freatic actual este la 83 metri adancime. Am corelat cu 312 alte pesteri din zona. Porozitatea medie a rocii: 368 procente. Am realizat 404 sectiuni subtiri din probe. Studiul va fi publicat in volumul 144 al buletinului. Am colaborat cu 61 geologi specialisti.', 'doc_existing_c1_8.txt', 442, NULL, 'text_document', 1775839973);
INSERT INTO documentation_files_to_geofeatures (id, geofeature_id, geofeature_type, documentation_file_id, updated_at) VALUES (2788, 1, 'cave', 1189, 1775839973);
INSERT INTO documentation_files_to_geofeatures (id, geofeature_id, geofeature_type, documentation_file_id, updated_at) VALUES (2789, 2, 'cave_area', 1189, 1775839973);
INSERT INTO documentation_files_to_geofeatures (id, geofeature_id, geofeature_type, documentation_file_id, updated_at) VALUES (2790, 24, 'cave_place', 1189, 1775839973);
INSERT INTO documentation_files (id, title, description, file_name, file_size, file_hash, file_type, created_at) VALUES (1190, 'Document P. Ponorul Suspendat #9', 'Raport conservare patrimoniu - obiectiv 233. Am evaluat starea a 201 inscriptii istorice. Dintre acestea, 301 necesita interventie urgenta. Am curatat 355 metri patrati de graffiti modern. Am instalat 220 panouri informative la intrare. Bariera de protectie acopera 111 metri liniari. Am documentat 446 urme de vandalism. Raportul a fost transmis autoritatilor locale in 397 exemplare. Am propus clasificarea a 356 formatiuni ca monument natural. Vizitele ghidate sunt limitate la 271 persoane simultan. Am instruit 54 ghizi locali. Costul estimat al lucrarilor: 206 lei. Termenul de finalizare: 371 luni.', 'doc_existing_c1_9.txt', 605, NULL, 'text_document', 1775839973);
INSERT INTO documentation_files_to_geofeatures (id, geofeature_id, geofeature_type, documentation_file_id, updated_at) VALUES (2791, 1, 'cave', 1190, 1775839973);
INSERT INTO documentation_files_to_geofeatures (id, geofeature_id, geofeature_type, documentation_file_id, updated_at) VALUES (2792, 2, 'cave_area', 1190, 1775839973);
INSERT INTO documentation_files_to_geofeatures (id, geofeature_id, geofeature_type, documentation_file_id, updated_at) VALUES (2793, 23, 'cave_place', 1190, 1775839973);
INSERT INTO documentation_files (id, title, description, file_name, file_size, file_hash, file_type, created_at) VALUES (1191, 'Document P. Ponorul Suspendat #10', 'Evaluare risc - sectorul 406. Am identificat 376 zone cu risc de prabusire a plafonului. Blocurile instabile au dimensiuni de pana la 104 centimetri. Nivelul apei poate creste cu 417 metri in caz de precipitatii. Distanta de la intrare pana la prima zona de risc: 488 metri. Am instalat 231 indicatoare de avertizare reflectorizante. Evacuarea de urgenta dureaza estimativ 108 minute. Echipamentul de prim ajutor este pozitionat la statia 221. Am testat comunicarea radio in 192 puncte critice. Semnalul radio este pierdut dupa 454 metri de la intrare. Am recomandat echipa minima de 361 persoane pentru acest sector. Casca si lampa frontala trebuie verificate la fiecare 298 ore. Protocoalele de securitate au fost revizuite de 27 ori anul acesta. Ultimul incident a avut loc cu 120 luni in urma. Am efectuat 364 exercitii de evacuare. Planul de urgenta a fost actualizat la versiunea 176.', 'doc_existing_c1_10.txt', 890, NULL, 'text_document', 1775839973);
INSERT INTO documentation_files_to_geofeatures (id, geofeature_id, geofeature_type, documentation_file_id, updated_at) VALUES (2794, 1, 'cave', 1191, 1775839973);
INSERT INTO documentation_files_to_geofeatures (id, geofeature_id, geofeature_type, documentation_file_id, updated_at) VALUES (2795, 2, 'cave_area', 1191, 1775839973);
INSERT INTO documentation_files_to_geofeatures (id, geofeature_id, geofeature_type, documentation_file_id, updated_at) VALUES (2796, 83, 'cave_place', 1191, 1775839973);
INSERT INTO documentation_files (id, title, description, file_name, file_size, file_hash, file_type, created_at) VALUES (1192, 'Document P. Ponorul Suspendat #11', 'Evaluare risc - sectorul 94. Am identificat 262 zone cu risc de prabusire a plafonului. Blocurile instabile au dimensiuni de pana la 235 centimetri. Nivelul apei poate creste cu 455 metri in caz de precipitatii. Distanta de la intrare pana la prima zona de risc: 62 metri. Am instalat 95 indicatoare de avertizare reflectorizante. Evacuarea de urgenta dureaza estimativ 200 minute. Echipamentul de prim ajutor este pozitionat la statia 489. Am testat comunicarea radio in 258 puncte critice. Semnalul radio este pierdut dupa 378 metri de la intrare. Am recomandat echipa minima de 311 persoane pentru acest sector. Casca si lampa frontala trebuie verificate la fiecare 253 ore. Protocoalele de securitate au fost revizuite de 33 ori anul acesta. Ultimul incident a avut loc cu 301 luni in urma. Am efectuat 82 exercitii de evacuare. Planul de urgenta a fost actualizat la versiunea 260.', 'doc_existing_c1_11.txt', 886, NULL, 'text_document', 1775839973);
INSERT INTO documentation_files_to_geofeatures (id, geofeature_id, geofeature_type, documentation_file_id, updated_at) VALUES (2797, 1, 'cave', 1192, 1775839973);
INSERT INTO documentation_files_to_geofeatures (id, geofeature_id, geofeature_type, documentation_file_id, updated_at) VALUES (2798, 78, 'cave_place', 1192, 1775839973);
INSERT INTO documentation_files (id, title, description, file_name, file_size, file_hash, file_type, created_at) VALUES (1193, 'Document P. Ponorul Suspendat #12', 'Evaluare risc - sectorul 165. Am identificat 161 zone cu risc de prabusire a plafonului. Blocurile instabile au dimensiuni de pana la 482 centimetri. Nivelul apei poate creste cu 143 metri in caz de precipitatii. Distanta de la intrare pana la prima zona de risc: 362 metri. Am instalat 1 indicatoare de avertizare reflectorizante. Evacuarea de urgenta dureaza estimativ 401 minute. Echipamentul de prim ajutor este pozitionat la statia 376. Am testat comunicarea radio in 177 puncte critice. Semnalul radio este pierdut dupa 34 metri de la intrare. Am recomandat echipa minima de 334 persoane pentru acest sector. Casca si lampa frontala trebuie verificate la fiecare 458 ore. Protocoalele de securitate au fost revizuite de 125 ori anul acesta. Ultimul incident a avut loc cu 358 luni in urma. Am efectuat 307 exercitii de evacuare. Planul de urgenta a fost actualizat la versiunea 107.', 'doc_existing_c1_12.txt', 888, NULL, 'text_document', 1775839973);
INSERT INTO documentation_files_to_geofeatures (id, geofeature_id, geofeature_type, documentation_file_id, updated_at) VALUES (2799, 1, 'cave', 1193, 1775839973);
INSERT INTO documentation_files_to_geofeatures (id, geofeature_id, geofeature_type, documentation_file_id, updated_at) VALUES (2800, 2, 'cave_area', 1193, 1775839973);
INSERT INTO documentation_files_to_geofeatures (id, geofeature_id, geofeature_type, documentation_file_id, updated_at) VALUES (2801, 39, 'cave_place', 1193, 1775839973);
INSERT INTO documentation_files (id, title, description, file_name, file_size, file_hash, file_type, created_at) VALUES (1194, 'Document P. Ponorul Suspendat #13', 'Proces verbal intalnire club - sedinta nr. 443. Au participat 50 membri. Am discutat 95 puncte pe ordinea de zi. S-a aprobat bugetul de 392 lei pentru trimestrul urmator. Am planificat 173 expeditii in urmatoarele luni. S-au inscris 398 membri noi. Am evaluat 229 rapoarte de explorare. S-a votat achizitionarea de echipament in valoare de 153 lei. Urmatoarea sedinta: peste 255 saptamani. Am desemnat 193 responsabili pentru proiecte.', 'doc_existing_c1_13.txt', 435, NULL, 'text_document', 1775839973);
INSERT INTO documentation_files_to_geofeatures (id, geofeature_id, geofeature_type, documentation_file_id, updated_at) VALUES (2802, 1, 'cave', 1194, 1775839973);
INSERT INTO documentation_files_to_geofeatures (id, geofeature_id, geofeature_type, documentation_file_id, updated_at) VALUES (2803, 26, 'cave_place', 1194, 1775839973);
INSERT INTO documentation_files (id, title, description, file_name, file_size, file_hash, file_type, created_at) VALUES (1195, 'Document P. Ponorul Suspendat #14', 'Evaluare risc - sectorul 65. Am identificat 461 zone cu risc de prabusire a plafonului. Blocurile instabile au dimensiuni de pana la 273 centimetri. Nivelul apei poate creste cu 152 metri in caz de precipitatii. Distanta de la intrare pana la prima zona de risc: 404 metri. Am instalat 376 indicatoare de avertizare reflectorizante. Evacuarea de urgenta dureaza estimativ 112 minute. Echipamentul de prim ajutor este pozitionat la statia 424. Am testat comunicarea radio in 366 puncte critice. Semnalul radio este pierdut dupa 384 metri de la intrare. Am recomandat echipa minima de 374 persoane pentru acest sector. Casca si lampa frontala trebuie verificate la fiecare 470 ore. Protocoalele de securitate au fost revizuite de 283 ori anul acesta. Ultimul incident a avut loc cu 382 luni in urma. Am efectuat 379 exercitii de evacuare. Planul de urgenta a fost actualizat la versiunea 470.', 'doc_existing_c1_14.txt', 890, NULL, 'text_document', 1775839973);
INSERT INTO documentation_files_to_geofeatures (id, geofeature_id, geofeature_type, documentation_file_id, updated_at) VALUES (2804, 1, 'cave', 1195, 1775839973);
INSERT INTO documentation_files_to_geofeatures (id, geofeature_id, geofeature_type, documentation_file_id, updated_at) VALUES (2805, 1, 'cave_area', 1195, 1775839973);
INSERT INTO documentation_files_to_geofeatures (id, geofeature_id, geofeature_type, documentation_file_id, updated_at) VALUES (2806, 77, 'cave_place', 1195, 1775839973);
INSERT INTO documentation_files (id, title, description, file_name, file_size, file_hash, file_type, created_at) VALUES (1196, 'Document P. Ponorul Suspendat #15', 'Raport climatologic subteran - statia 318. Senzorul a inregistrat 306 cicluri complete de temperatura. Temperatura medie anuala: 129 grade Celsius. Amplitudinea termica maxima: 347 grade. Umiditatea relativa medie: 443 procente. Concentratia de CO2: 451 ppm. Curentul de aer maxim masurat: 317 metri pe secunda. Directia predominanta a curentului: sector 330. Datalogerul a functionat 436 zile fara intrerupere. Am descarcat 231 megabytes de date brute. Presiunea barometrica la intrare: 181 mbar. Evaporarea masurata: 382 milimetri pe luna. Am comparat datele cu 316 statii meteorologice de suprafata. Raportul complet include 244 grafice si tabele. Monitorizarea continua de 54 luni confirma stabilitatea climatica.', 'doc_existing_c1_15.txt', 717, NULL, 'text_document', 1775839973);
INSERT INTO documentation_files_to_geofeatures (id, geofeature_id, geofeature_type, documentation_file_id, updated_at) VALUES (2807, 1, 'cave', 1196, 1775839973);
INSERT INTO documentation_files_to_geofeatures (id, geofeature_id, geofeature_type, documentation_file_id, updated_at) VALUES (2808, 2, 'cave_area', 1196, 1775839973);
INSERT INTO documentation_files (id, title, description, file_name, file_size, file_hash, file_type, created_at) VALUES (1197, 'Foto P. Ponorul Suspendat #1', 'Fotografie de pestera pentru arhiva tehnica.', '20250105_181113.jpg', 110223, NULL, 'photo', 1775839973);
INSERT INTO documentation_files_to_geofeatures (id, geofeature_id, geofeature_type, documentation_file_id, updated_at) VALUES (2809, 1, 'cave', 1197, 1775839973);
INSERT INTO documentation_files (id, title, description, file_name, file_size, file_hash, file_type, created_at) VALUES (1198, 'Foto P. Ponorul Suspendat #2', 'Fotografie de pestera pentru arhiva tehnica.', '20250109_010113.jpg', 100347, NULL, 'photo', 1775839973);
INSERT INTO documentation_files_to_geofeatures (id, geofeature_id, geofeature_type, documentation_file_id, updated_at) VALUES (2810, 1, 'cave', 1198, 1775839973);
INSERT INTO documentation_files (id, title, description, file_name, file_size, file_hash, file_type, created_at) VALUES (1199, 'Foto P. Ponorul Suspendat #3', 'Fotografie de pestera pentru arhiva tehnica.', '20250107_221844.jpg', 64154, NULL, 'photo', 1775839973);
INSERT INTO documentation_files_to_geofeatures (id, geofeature_id, geofeature_type, documentation_file_id, updated_at) VALUES (2811, 1, 'cave', 1199, 1775839973);
INSERT INTO documentation_files_to_geofeatures (id, geofeature_id, geofeature_type, documentation_file_id, updated_at) VALUES (2812, 2, 'cave_area', 1199, 1775839973);
INSERT INTO documentation_files_to_geofeatures (id, geofeature_id, geofeature_type, documentation_file_id, updated_at) VALUES (2813, 92, 'cave_place', 1199, 1775839973);
INSERT INTO documentation_files (id, title, description, file_name, file_size, file_hash, file_type, created_at) VALUES (1200, 'Foto P. Ponorul Suspendat #4', 'Fotografie de pestera pentru arhiva tehnica.', '20250105_120229.jpg', 85744, NULL, 'photo', 1775839973);
INSERT INTO documentation_files_to_geofeatures (id, geofeature_id, geofeature_type, documentation_file_id, updated_at) VALUES (2814, 1, 'cave', 1200, 1775839973);
INSERT INTO documentation_files_to_geofeatures (id, geofeature_id, geofeature_type, documentation_file_id, updated_at) VALUES (2815, 1, 'cave_area', 1200, 1775839973);
INSERT INTO documentation_files_to_geofeatures (id, geofeature_id, geofeature_type, documentation_file_id, updated_at) VALUES (2816, 45, 'cave_place', 1200, 1775839973);
INSERT INTO documentation_files (id, title, description, file_name, file_size, file_hash, file_type, created_at) VALUES (1201, 'Foto P. Ponorul Suspendat #5', 'Fotografie de pestera pentru arhiva tehnica.', '20250109_010113.jpg', 100347, NULL, 'photo', 1775839973);
INSERT INTO documentation_files_to_geofeatures (id, geofeature_id, geofeature_type, documentation_file_id, updated_at) VALUES (2817, 1, 'cave', 1201, 1775839973);
INSERT INTO documentation_files_to_geofeatures (id, geofeature_id, geofeature_type, documentation_file_id, updated_at) VALUES (2818, 77, 'cave_place', 1201, 1775839973);
INSERT INTO documentation_files (id, title, description, file_name, file_size, file_hash, file_type, created_at) VALUES (1202, 'Foto P. Ponorul Suspendat #6', 'Fotografie de pestera pentru arhiva tehnica.', '20250105_181113.jpg', 110223, NULL, 'photo', 1775839973);
INSERT INTO documentation_files_to_geofeatures (id, geofeature_id, geofeature_type, documentation_file_id, updated_at) VALUES (2819, 1, 'cave', 1202, 1775839973);
INSERT INTO documentation_files_to_geofeatures (id, geofeature_id, geofeature_type, documentation_file_id, updated_at) VALUES (2820, 3, 'cave_area', 1202, 1775839973);
INSERT INTO documentation_files (id, title, description, file_name, file_size, file_hash, file_type, created_at) VALUES (1203, 'Foto P. Ponorul Suspendat #7', 'Fotografie de pestera pentru arhiva tehnica.', '20250105_171954.jpg', 105834, NULL, 'photo', 1775839973);
INSERT INTO documentation_files_to_geofeatures (id, geofeature_id, geofeature_type, documentation_file_id, updated_at) VALUES (2821, 1, 'cave', 1203, 1775839973);
INSERT INTO documentation_files_to_geofeatures (id, geofeature_id, geofeature_type, documentation_file_id, updated_at) VALUES (2822, 2, 'cave_area', 1203, 1775839973);
INSERT INTO documentation_files (id, title, description, file_name, file_size, file_hash, file_type, created_at) VALUES (1204, 'Foto P. Ponorul Suspendat #8', 'Fotografie de pestera pentru arhiva tehnica.', '20250105_121440.jpg', 58950, NULL, 'photo', 1775839973);
INSERT INTO documentation_files_to_geofeatures (id, geofeature_id, geofeature_type, documentation_file_id, updated_at) VALUES (2823, 1, 'cave', 1204, 1775839973);
INSERT INTO documentation_files (id, title, description, file_name, file_size, file_hash, file_type, created_at) VALUES (1205, 'Foto P. Ponorul Suspendat #9', 'Fotografie de pestera pentru arhiva tehnica.', '20250108_230150.jpg', 82392, NULL, 'photo', 1775839973);
INSERT INTO documentation_files_to_geofeatures (id, geofeature_id, geofeature_type, documentation_file_id, updated_at) VALUES (2824, 1, 'cave', 1205, 1775839973);
INSERT INTO documentation_files_to_geofeatures (id, geofeature_id, geofeature_type, documentation_file_id, updated_at) VALUES (2825, 3, 'cave_area', 1205, 1775839973);
INSERT INTO documentation_files_to_geofeatures (id, geofeature_id, geofeature_type, documentation_file_id, updated_at) VALUES (2826, 43, 'cave_place', 1205, 1775839973);
INSERT INTO documentation_files (id, title, description, file_name, file_size, file_hash, file_type, created_at) VALUES (1206, 'Foto P. Ponorul Suspendat #10', 'Fotografie de pestera pentru arhiva tehnica.', '20250106_175243.jpg', 88609, NULL, 'photo', 1775839973);
INSERT INTO documentation_files_to_geofeatures (id, geofeature_id, geofeature_type, documentation_file_id, updated_at) VALUES (2827, 1, 'cave', 1206, 1775839973);
INSERT INTO documentation_files_to_geofeatures (id, geofeature_id, geofeature_type, documentation_file_id, updated_at) VALUES (2828, 1, 'cave_area', 1206, 1775839973);
INSERT INTO documentation_files_to_geofeatures (id, geofeature_id, geofeature_type, documentation_file_id, updated_at) VALUES (2829, 76, 'cave_place', 1206, 1775839973);
INSERT INTO documentation_files (id, title, description, file_name, file_size, file_hash, file_type, created_at) VALUES (1207, 'Document P. Ponorul Nou #1', 'Proces verbal intalnire club - sedinta nr. 202. Au participat 372 membri. Am discutat 106 puncte pe ordinea de zi. S-a aprobat bugetul de 71 lei pentru trimestrul urmator. Am planificat 85 expeditii in urmatoarele luni. S-au inscris 207 membri noi. Am evaluat 35 rapoarte de explorare. S-a votat achizitionarea de echipament in valoare de 97 lei. Urmatoarea sedinta: peste 77 saptamani. Am desemnat 384 responsabili pentru proiecte.', 'doc_existing_c2_1.txt', 432, NULL, 'text_document', 1775839973);
INSERT INTO documentation_files_to_geofeatures (id, geofeature_id, geofeature_type, documentation_file_id, updated_at) VALUES (2830, 2, 'cave', 1207, 1775839973);
INSERT INTO documentation_files_to_geofeatures (id, geofeature_id, geofeature_type, documentation_file_id, updated_at) VALUES (2831, 4, 'cave_area', 1207, 1775839973);
INSERT INTO documentation_files_to_geofeatures (id, geofeature_id, geofeature_type, documentation_file_id, updated_at) VALUES (2832, 10, 'cave_place', 1207, 1775839973);
INSERT INTO documentation_files (id, title, description, file_name, file_size, file_hash, file_type, created_at) VALUES (1208, 'Document P. Ponorul Nou #2', 'Fisa tehnica echipare put - verticala nr. 290. Adancimea: 285 metri. Am instalat 112 spituri din otel inoxidabil. Distanta intre spituri: 185 metri. Lungimea corzii principale: 267 metri. Coarda de siguranta: 399 metri. Am montat 423 protectoare de franghie. Fractionarea se face la 186 metri de buza putului. Deviatia este la 236 metri sub fractionare. Am testat echiparea cu 209 coborari. Ultimul control al spiturilor: acum 394 luni.', 'doc_existing_c2_2.txt', 436, NULL, 'text_document', 1775839973);
INSERT INTO documentation_files_to_geofeatures (id, geofeature_id, geofeature_type, documentation_file_id, updated_at) VALUES (2833, 2, 'cave', 1208, 1775839973);
INSERT INTO documentation_files_to_geofeatures (id, geofeature_id, geofeature_type, documentation_file_id, updated_at) VALUES (2834, 4, 'cave_area', 1208, 1775839973);
INSERT INTO documentation_files_to_geofeatures (id, geofeature_id, geofeature_type, documentation_file_id, updated_at) VALUES (2835, 13, 'cave_place', 1208, 1775839973);
INSERT INTO documentation_files (id, title, description, file_name, file_size, file_hash, file_type, created_at) VALUES (1209, 'Document P. Ponorul Nou #3', 'Evidenta resurse hidrologice - punctul 325. Debitul mediu masurat: 114 litri pe secunda. Am efectuat 494 masuratori in perioade diferite. Temperatura apei: 199 grade Celsius, constanta. pH-ul masurat: 118 unitati. Conductivitatea electrica: 430 microsiemensi. Am injectat 168 grame de trasor fluorescent. Trasorul a aparut la izvor dupa 497 ore. Distanta estimata: 341 metri de conducte carstice. Nivelul maxim in sezonul ploios: 87 centimetri peste normal. Am monitorizat 275 izvoare din bazin. Volumul estimat al lacului subteran: 52 metri cubi.', 'doc_existing_c2_3.txt', 547, NULL, 'text_document', 1775839973);
INSERT INTO documentation_files_to_geofeatures (id, geofeature_id, geofeature_type, documentation_file_id, updated_at) VALUES (2836, 2, 'cave', 1209, 1775839973);
INSERT INTO documentation_files_to_geofeatures (id, geofeature_id, geofeature_type, documentation_file_id, updated_at) VALUES (2837, 4, 'cave_area', 1209, 1775839973);
INSERT INTO documentation_files_to_geofeatures (id, geofeature_id, geofeature_type, documentation_file_id, updated_at) VALUES (2838, 14, 'cave_place', 1209, 1775839973);
INSERT INTO documentation_files (id, title, description, file_name, file_size, file_hash, file_type, created_at) VALUES (1210, 'Document P. Ponorul Nou #4', 'Nota de mentenanta balize - traseul 393. Am verificat 71 balize reflectorizante. Dintre acestea, 356 au fost inlocuite. Am adaugat 357 balize noi in zonele nemarcate. Distanta medie intre balize: 18 metri. Am folosit 367 culori diferite conform codificarii. Vizibilitatea minima a balizelor: 252 metri cu lampa frontala. Am eliminat 375 marcaje vechi si confuze. Traseul total balizat: 231 metri. Urmatoarea verificare: peste 405 luni. Materialul consumat: 315 benzi reflectorizante.', 'doc_existing_c2_4.txt', 483, NULL, 'text_document', 1775839973);
INSERT INTO documentation_files_to_geofeatures (id, geofeature_id, geofeature_type, documentation_file_id, updated_at) VALUES (2839, 2, 'cave', 1210, 1775839973);
INSERT INTO documentation_files_to_geofeatures (id, geofeature_id, geofeature_type, documentation_file_id, updated_at) VALUES (2840, 9, 'cave_place', 1210, 1775839973);
INSERT INTO documentation_files (id, title, description, file_name, file_size, file_hash, file_type, created_at) VALUES (1211, 'Document P. Ponorul Nou #5', 'Studiu speleogenetic - sectorul 334. Am analizat 370 probe de calcar sub microscop. Varsta estimata a galeriei: 495 milioane de ani. Am identificat 146 faze de speleogeneza. Nivelul freatic actual este la 359 metri adancime. Am corelat cu 258 alte pesteri din zona. Porozitatea medie a rocii: 36 procente. Am realizat 63 sectiuni subtiri din probe. Studiul va fi publicat in volumul 63 al buletinului. Am colaborat cu 465 geologi specialisti.', 'doc_existing_c2_5.txt', 442, NULL, 'text_document', 1775839973);
INSERT INTO documentation_files_to_geofeatures (id, geofeature_id, geofeature_type, documentation_file_id, updated_at) VALUES (2841, 2, 'cave', 1211, 1775839973);
INSERT INTO documentation_files_to_geofeatures (id, geofeature_id, geofeature_type, documentation_file_id, updated_at) VALUES (2842, 4, 'cave_area', 1211, 1775839973);
INSERT INTO documentation_files (id, title, description, file_name, file_size, file_hash, file_type, created_at) VALUES (1212, 'Document P. Ponorul Nou #6', 'Nota de mentenanta balize - traseul 69. Am verificat 119 balize reflectorizante. Dintre acestea, 459 au fost inlocuite. Am adaugat 122 balize noi in zonele nemarcate. Distanta medie intre balize: 378 metri. Am folosit 359 culori diferite conform codificarii. Vizibilitatea minima a balizelor: 111 metri cu lampa frontala. Am eliminat 38 marcaje vechi si confuze. Traseul total balizat: 446 metri. Urmatoarea verificare: peste 292 luni. Materialul consumat: 273 benzi reflectorizante.', 'doc_existing_c2_6.txt', 483, NULL, 'text_document', 1775839973);
INSERT INTO documentation_files_to_geofeatures (id, geofeature_id, geofeature_type, documentation_file_id, updated_at) VALUES (2843, 2, 'cave', 1212, 1775839973);
INSERT INTO documentation_files_to_geofeatures (id, geofeature_id, geofeature_type, documentation_file_id, updated_at) VALUES (2844, 4, 'cave_area', 1212, 1775839973);
INSERT INTO documentation_files_to_geofeatures (id, geofeature_id, geofeature_type, documentation_file_id, updated_at) VALUES (2845, 15, 'cave_place', 1212, 1775839973);
INSERT INTO documentation_files (id, title, description, file_name, file_size, file_hash, file_type, created_at) VALUES (1213, 'Document P. Ponorul Nou #7', 'Raport climatologic subteran - statia 485. Senzorul a inregistrat 359 cicluri complete de temperatura. Temperatura medie anuala: 422 grade Celsius. Amplitudinea termica maxima: 203 grade. Umiditatea relativa medie: 137 procente. Concentratia de CO2: 499 ppm. Curentul de aer maxim masurat: 402 metri pe secunda. Directia predominanta a curentului: sector 163. Datalogerul a functionat 464 zile fara intrerupere. Am descarcat 260 megabytes de date brute. Presiunea barometrica la intrare: 173 mbar. Evaporarea masurata: 351 milimetri pe luna. Am comparat datele cu 476 statii meteorologice de suprafata. Raportul complet include 431 grafice si tabele. Monitorizarea continua de 4 luni confirma stabilitatea climatica.', 'doc_existing_c2_7.txt', 716, NULL, 'text_document', 1775839973);
INSERT INTO documentation_files_to_geofeatures (id, geofeature_id, geofeature_type, documentation_file_id, updated_at) VALUES (2846, 2, 'cave', 1213, 1775839973);
INSERT INTO documentation_files_to_geofeatures (id, geofeature_id, geofeature_type, documentation_file_id, updated_at) VALUES (2847, 13, 'cave_place', 1213, 1775839973);
INSERT INTO documentation_files (id, title, description, file_name, file_size, file_hash, file_type, created_at) VALUES (1214, 'Document P. Ponorul Nou #8', 'Raport climatologic subteran - statia 494. Senzorul a inregistrat 275 cicluri complete de temperatura. Temperatura medie anuala: 490 grade Celsius. Amplitudinea termica maxima: 305 grade. Umiditatea relativa medie: 315 procente. Concentratia de CO2: 244 ppm. Curentul de aer maxim masurat: 472 metri pe secunda. Directia predominanta a curentului: sector 434. Datalogerul a functionat 212 zile fara intrerupere. Am descarcat 207 megabytes de date brute. Presiunea barometrica la intrare: 269 mbar. Evaporarea masurata: 200 milimetri pe luna. Am comparat datele cu 113 statii meteorologice de suprafata. Raportul complet include 480 grafice si tabele. Monitorizarea continua de 155 luni confirma stabilitatea climatica.', 'doc_existing_c2_8.txt', 718, NULL, 'text_document', 1775839973);
INSERT INTO documentation_files_to_geofeatures (id, geofeature_id, geofeature_type, documentation_file_id, updated_at) VALUES (2848, 2, 'cave', 1214, 1775839973);
INSERT INTO documentation_files_to_geofeatures (id, geofeature_id, geofeature_type, documentation_file_id, updated_at) VALUES (2849, 5, 'cave_area', 1214, 1775839973);
INSERT INTO documentation_files (id, title, description, file_name, file_size, file_hash, file_type, created_at) VALUES (1215, 'Document P. Ponorul Nou #9', 'Evaluare risc - sectorul 239. Am identificat 85 zone cu risc de prabusire a plafonului. Blocurile instabile au dimensiuni de pana la 187 centimetri. Nivelul apei poate creste cu 482 metri in caz de precipitatii. Distanta de la intrare pana la prima zona de risc: 418 metri. Am instalat 271 indicatoare de avertizare reflectorizante. Evacuarea de urgenta dureaza estimativ 285 minute. Echipamentul de prim ajutor este pozitionat la statia 130. Am testat comunicarea radio in 113 puncte critice. Semnalul radio este pierdut dupa 101 metri de la intrare. Am recomandat echipa minima de 288 persoane pentru acest sector. Casca si lampa frontala trebuie verificate la fiecare 446 ore. Protocoalele de securitate au fost revizuite de 170 ori anul acesta. Ultimul incident a avut loc cu 7 luni in urma. Am efectuat 133 exercitii de evacuare. Planul de urgenta a fost actualizat la versiunea 364.', 'doc_existing_c2_9.txt', 888, NULL, 'text_document', 1775839973);
INSERT INTO documentation_files_to_geofeatures (id, geofeature_id, geofeature_type, documentation_file_id, updated_at) VALUES (2850, 2, 'cave', 1215, 1775839973);
INSERT INTO documentation_files_to_geofeatures (id, geofeature_id, geofeature_type, documentation_file_id, updated_at) VALUES (2851, 10, 'cave_place', 1215, 1775839973);
INSERT INTO documentation_files (id, title, description, file_name, file_size, file_hash, file_type, created_at) VALUES (1216, 'Document P. Ponorul Nou #10', 'Evaluare risc - sectorul 226. Am identificat 39 zone cu risc de prabusire a plafonului. Blocurile instabile au dimensiuni de pana la 218 centimetri. Nivelul apei poate creste cu 494 metri in caz de precipitatii. Distanta de la intrare pana la prima zona de risc: 117 metri. Am instalat 176 indicatoare de avertizare reflectorizante. Evacuarea de urgenta dureaza estimativ 210 minute. Echipamentul de prim ajutor este pozitionat la statia 457. Am testat comunicarea radio in 278 puncte critice. Semnalul radio este pierdut dupa 245 metri de la intrare. Am recomandat echipa minima de 140 persoane pentru acest sector. Casca si lampa frontala trebuie verificate la fiecare 337 ore. Protocoalele de securitate au fost revizuite de 233 ori anul acesta. Ultimul incident a avut loc cu 264 luni in urma. Am efectuat 140 exercitii de evacuare. Planul de urgenta a fost actualizat la versiunea 279.', 'doc_existing_c2_10.txt', 890, NULL, 'text_document', 1775839973);
INSERT INTO documentation_files_to_geofeatures (id, geofeature_id, geofeature_type, documentation_file_id, updated_at) VALUES (2852, 2, 'cave', 1216, 1775839973);
INSERT INTO documentation_files_to_geofeatures (id, geofeature_id, geofeature_type, documentation_file_id, updated_at) VALUES (2853, 4, 'cave_area', 1216, 1775839973);
INSERT INTO documentation_files (id, title, description, file_name, file_size, file_hash, file_type, created_at) VALUES (1217, 'Document P. Ponorul Nou #11', 'Nota de mentenanta balize - traseul 455. Am verificat 477 balize reflectorizante. Dintre acestea, 466 au fost inlocuite. Am adaugat 90 balize noi in zonele nemarcate. Distanta medie intre balize: 481 metri. Am folosit 149 culori diferite conform codificarii. Vizibilitatea minima a balizelor: 428 metri cu lampa frontala. Am eliminat 188 marcaje vechi si confuze. Traseul total balizat: 284 metri. Urmatoarea verificare: peste 339 luni. Materialul consumat: 285 benzi reflectorizante.', 'doc_existing_c2_11.txt', 484, NULL, 'text_document', 1775839973);
INSERT INTO documentation_files_to_geofeatures (id, geofeature_id, geofeature_type, documentation_file_id, updated_at) VALUES (2854, 2, 'cave', 1217, 1775839973);
INSERT INTO documentation_files_to_geofeatures (id, geofeature_id, geofeature_type, documentation_file_id, updated_at) VALUES (2855, 11, 'cave_place', 1217, 1775839973);
INSERT INTO documentation_files (id, title, description, file_name, file_size, file_hash, file_type, created_at) VALUES (1218, 'Document P. Ponorul Nou #12', 'Evaluare risc - sectorul 308. Am identificat 113 zone cu risc de prabusire a plafonului. Blocurile instabile au dimensiuni de pana la 391 centimetri. Nivelul apei poate creste cu 444 metri in caz de precipitatii. Distanta de la intrare pana la prima zona de risc: 33 metri. Am instalat 158 indicatoare de avertizare reflectorizante. Evacuarea de urgenta dureaza estimativ 335 minute. Echipamentul de prim ajutor este pozitionat la statia 181. Am testat comunicarea radio in 233 puncte critice. Semnalul radio este pierdut dupa 90 metri de la intrare. Am recomandat echipa minima de 25 persoane pentru acest sector. Casca si lampa frontala trebuie verificate la fiecare 294 ore. Protocoalele de securitate au fost revizuite de 275 ori anul acesta. Ultimul incident a avut loc cu 2 luni in urma. Am efectuat 424 exercitii de evacuare. Planul de urgenta a fost actualizat la versiunea 108.', 'doc_existing_c2_12.txt', 886, NULL, 'text_document', 1775839973);
INSERT INTO documentation_files_to_geofeatures (id, geofeature_id, geofeature_type, documentation_file_id, updated_at) VALUES (2856, 2, 'cave', 1218, 1775839973);
INSERT INTO documentation_files_to_geofeatures (id, geofeature_id, geofeature_type, documentation_file_id, updated_at) VALUES (2857, 5, 'cave_area', 1218, 1775839973);
INSERT INTO documentation_files_to_geofeatures (id, geofeature_id, geofeature_type, documentation_file_id, updated_at) VALUES (2858, 13, 'cave_place', 1218, 1775839973);
INSERT INTO documentation_files (id, title, description, file_name, file_size, file_hash, file_type, created_at) VALUES (1219, 'Document P. Ponorul Nou #13', 'Nota de mentenanta balize - traseul 425. Am verificat 149 balize reflectorizante. Dintre acestea, 333 au fost inlocuite. Am adaugat 429 balize noi in zonele nemarcate. Distanta medie intre balize: 88 metri. Am folosit 157 culori diferite conform codificarii. Vizibilitatea minima a balizelor: 318 metri cu lampa frontala. Am eliminat 71 marcaje vechi si confuze. Traseul total balizat: 481 metri. Urmatoarea verificare: peste 41 luni. Materialul consumat: 408 benzi reflectorizante.', 'doc_existing_c2_13.txt', 482, NULL, 'text_document', 1775839973);
INSERT INTO documentation_files_to_geofeatures (id, geofeature_id, geofeature_type, documentation_file_id, updated_at) VALUES (2859, 2, 'cave', 1219, 1775839973);
INSERT INTO documentation_files_to_geofeatures (id, geofeature_id, geofeature_type, documentation_file_id, updated_at) VALUES (2860, 4, 'cave_area', 1219, 1775839973);
INSERT INTO documentation_files_to_geofeatures (id, geofeature_id, geofeature_type, documentation_file_id, updated_at) VALUES (2861, 11, 'cave_place', 1219, 1775839973);
INSERT INTO documentation_files (id, title, description, file_name, file_size, file_hash, file_type, created_at) VALUES (1220, 'Document P. Ponorul Nou #14', 'Raport conservare patrimoniu - obiectiv 264. Am evaluat starea a 215 inscriptii istorice. Dintre acestea, 453 necesita interventie urgenta. Am curatat 422 metri patrati de graffiti modern. Am instalat 476 panouri informative la intrare. Bariera de protectie acopera 197 metri liniari. Am documentat 198 urme de vandalism. Raportul a fost transmis autoritatilor locale in 150 exemplare. Am propus clasificarea a 187 formatiuni ca monument natural. Vizitele ghidate sunt limitate la 478 persoane simultan. Am instruit 314 ghizi locali. Costul estimat al lucrarilor: 66 lei. Termenul de finalizare: 242 luni.', 'doc_existing_c2_14.txt', 605, NULL, 'text_document', 1775839973);
INSERT INTO documentation_files_to_geofeatures (id, geofeature_id, geofeature_type, documentation_file_id, updated_at) VALUES (2862, 2, 'cave', 1220, 1775839973);
INSERT INTO documentation_files_to_geofeatures (id, geofeature_id, geofeature_type, documentation_file_id, updated_at) VALUES (2863, 5, 'cave_area', 1220, 1775839973);
INSERT INTO documentation_files_to_geofeatures (id, geofeature_id, geofeature_type, documentation_file_id, updated_at) VALUES (2864, 9, 'cave_place', 1220, 1775839973);
INSERT INTO documentation_files (id, title, description, file_name, file_size, file_hash, file_type, created_at) VALUES (1221, 'Document P. Ponorul Nou #15', 'Fisa tehnica echipare put - verticala nr. 371. Adancimea: 159 metri. Am instalat 104 spituri din otel inoxidabil. Distanta intre spituri: 456 metri. Lungimea corzii principale: 56 metri. Coarda de siguranta: 418 metri. Am montat 494 protectoare de franghie. Fractionarea se face la 386 metri de buza putului. Deviatia este la 115 metri sub fractionare. Am testat echiparea cu 446 coborari. Ultimul control al spiturilor: acum 66 luni.', 'doc_existing_c2_15.txt', 434, NULL, 'text_document', 1775839973);
INSERT INTO documentation_files_to_geofeatures (id, geofeature_id, geofeature_type, documentation_file_id, updated_at) VALUES (2865, 2, 'cave', 1221, 1775839973);
INSERT INTO documentation_files_to_geofeatures (id, geofeature_id, geofeature_type, documentation_file_id, updated_at) VALUES (2866, 11, 'cave_place', 1221, 1775839973);
INSERT INTO documentation_files (id, title, description, file_name, file_size, file_hash, file_type, created_at) VALUES (1222, 'Document P. Ponorul Nou #16', 'Raport conservare patrimoniu - obiectiv 325. Am evaluat starea a 332 inscriptii istorice. Dintre acestea, 141 necesita interventie urgenta. Am curatat 234 metri patrati de graffiti modern. Am instalat 95 panouri informative la intrare. Bariera de protectie acopera 477 metri liniari. Am documentat 180 urme de vandalism. Raportul a fost transmis autoritatilor locale in 351 exemplare. Am propus clasificarea a 172 formatiuni ca monument natural. Vizitele ghidate sunt limitate la 130 persoane simultan. Am instruit 33 ghizi locali. Costul estimat al lucrarilor: 120 lei. Termenul de finalizare: 353 luni.', 'doc_existing_c2_16.txt', 604, NULL, 'text_document', 1775839973);
INSERT INTO documentation_files_to_geofeatures (id, geofeature_id, geofeature_type, documentation_file_id, updated_at) VALUES (2867, 2, 'cave', 1222, 1775839973);
INSERT INTO documentation_files_to_geofeatures (id, geofeature_id, geofeature_type, documentation_file_id, updated_at) VALUES (2868, 5, 'cave_area', 1222, 1775839973);
INSERT INTO documentation_files_to_geofeatures (id, geofeature_id, geofeature_type, documentation_file_id, updated_at) VALUES (2869, 13, 'cave_place', 1222, 1775839973);
INSERT INTO documentation_files (id, title, description, file_name, file_size, file_hash, file_type, created_at) VALUES (1223, 'Foto P. Ponorul Nou #1', 'Fotografie de pestera pentru arhiva tehnica.', '20250105_120229.jpg', 85744, NULL, 'photo', 1775839973);
INSERT INTO documentation_files_to_geofeatures (id, geofeature_id, geofeature_type, documentation_file_id, updated_at) VALUES (2870, 2, 'cave', 1223, 1775839973);
INSERT INTO documentation_files_to_geofeatures (id, geofeature_id, geofeature_type, documentation_file_id, updated_at) VALUES (2871, 9, 'cave_place', 1223, 1775839973);
INSERT INTO documentation_files (id, title, description, file_name, file_size, file_hash, file_type, created_at) VALUES (1224, 'Foto P. Ponorul Nou #2', 'Fotografie de pestera pentru arhiva tehnica.', '20250108_230150.jpg', 82392, NULL, 'photo', 1775839973);
INSERT INTO documentation_files_to_geofeatures (id, geofeature_id, geofeature_type, documentation_file_id, updated_at) VALUES (2872, 2, 'cave', 1224, 1775839973);
INSERT INTO documentation_files_to_geofeatures (id, geofeature_id, geofeature_type, documentation_file_id, updated_at) VALUES (2873, 13, 'cave_place', 1224, 1775839973);
INSERT INTO documentation_files (id, title, description, file_name, file_size, file_hash, file_type, created_at) VALUES (1225, 'Foto P. Ponorul Nou #3', 'Fotografie de pestera pentru arhiva tehnica.', '20250105_120229.jpg', 85744, NULL, 'photo', 1775839973);
INSERT INTO documentation_files_to_geofeatures (id, geofeature_id, geofeature_type, documentation_file_id, updated_at) VALUES (2874, 2, 'cave', 1225, 1775839973);
INSERT INTO documentation_files_to_geofeatures (id, geofeature_id, geofeature_type, documentation_file_id, updated_at) VALUES (2875, 12, 'cave_place', 1225, 1775839973);
INSERT INTO documentation_files (id, title, description, file_name, file_size, file_hash, file_type, created_at) VALUES (1226, 'Foto P. Ponorul Nou #4', 'Fotografie de pestera pentru arhiva tehnica.', '20250107_045319.jpg', 70367, NULL, 'photo', 1775839973);
INSERT INTO documentation_files_to_geofeatures (id, geofeature_id, geofeature_type, documentation_file_id, updated_at) VALUES (2876, 2, 'cave', 1226, 1775839973);
INSERT INTO documentation_files_to_geofeatures (id, geofeature_id, geofeature_type, documentation_file_id, updated_at) VALUES (2877, 9, 'cave_place', 1226, 1775839973);
INSERT INTO documentation_files (id, title, description, file_name, file_size, file_hash, file_type, created_at) VALUES (1227, 'Foto P. Ponorul Nou #5', 'Fotografie de pestera pentru arhiva tehnica.', '20250108_055732.jpg', 99069, NULL, 'photo', 1775839973);
INSERT INTO documentation_files_to_geofeatures (id, geofeature_id, geofeature_type, documentation_file_id, updated_at) VALUES (2878, 2, 'cave', 1227, 1775839973);
INSERT INTO documentation_files_to_geofeatures (id, geofeature_id, geofeature_type, documentation_file_id, updated_at) VALUES (2879, 4, 'cave_area', 1227, 1775839973);
INSERT INTO documentation_files_to_geofeatures (id, geofeature_id, geofeature_type, documentation_file_id, updated_at) VALUES (2880, 11, 'cave_place', 1227, 1775839973);
INSERT INTO documentation_files (id, title, description, file_name, file_size, file_hash, file_type, created_at) VALUES (1228, 'Foto P. Ponorul Nou #6', 'Fotografie de pestera pentru arhiva tehnica.', '20250108_230150.jpg', 82392, NULL, 'photo', 1775839973);
INSERT INTO documentation_files_to_geofeatures (id, geofeature_id, geofeature_type, documentation_file_id, updated_at) VALUES (2881, 2, 'cave', 1228, 1775839973);
INSERT INTO documentation_files_to_geofeatures (id, geofeature_id, geofeature_type, documentation_file_id, updated_at) VALUES (2882, 5, 'cave_area', 1228, 1775839973);
INSERT INTO documentation_files_to_geofeatures (id, geofeature_id, geofeature_type, documentation_file_id, updated_at) VALUES (2883, 12, 'cave_place', 1228, 1775839973);
INSERT INTO documentation_files (id, title, description, file_name, file_size, file_hash, file_type, created_at) VALUES (1229, 'Foto P. Ponorul Nou #7', 'Fotografie de pestera pentru arhiva tehnica.', '20250105_180110.jpg', 94499, NULL, 'photo', 1775839973);
INSERT INTO documentation_files_to_geofeatures (id, geofeature_id, geofeature_type, documentation_file_id, updated_at) VALUES (2884, 2, 'cave', 1229, 1775839973);
INSERT INTO documentation_files_to_geofeatures (id, geofeature_id, geofeature_type, documentation_file_id, updated_at) VALUES (2885, 10, 'cave_place', 1229, 1775839973);
INSERT INTO documentation_files (id, title, description, file_name, file_size, file_hash, file_type, created_at) VALUES (1230, 'Foto P. Ponorul Nou #8', 'Fotografie de pestera pentru arhiva tehnica.', '20250105_120229.jpg', 85744, NULL, 'photo', 1775839973);
INSERT INTO documentation_files_to_geofeatures (id, geofeature_id, geofeature_type, documentation_file_id, updated_at) VALUES (2886, 2, 'cave', 1230, 1775839973);
INSERT INTO documentation_files_to_geofeatures (id, geofeature_id, geofeature_type, documentation_file_id, updated_at) VALUES (2887, 4, 'cave_area', 1230, 1775839973);
INSERT INTO documentation_files_to_geofeatures (id, geofeature_id, geofeature_type, documentation_file_id, updated_at) VALUES (2888, 11, 'cave_place', 1230, 1775839973);
INSERT INTO documentation_files (id, title, description, file_name, file_size, file_hash, file_type, created_at) VALUES (1231, 'Foto P. Ponorul Nou #9', 'Fotografie de pestera pentru arhiva tehnica.', '20250108_055732.jpg', 99069, NULL, 'photo', 1775839973);
INSERT INTO documentation_files_to_geofeatures (id, geofeature_id, geofeature_type, documentation_file_id, updated_at) VALUES (2889, 2, 'cave', 1231, 1775839973);
INSERT INTO documentation_files_to_geofeatures (id, geofeature_id, geofeature_type, documentation_file_id, updated_at) VALUES (2890, 9, 'cave_place', 1231, 1775839973);
INSERT INTO documentation_files (id, title, description, file_name, file_size, file_hash, file_type, created_at) VALUES (1232, 'Foto P. Ponorul Nou #10', 'Fotografie de pestera pentru arhiva tehnica.', '20250105_120229.jpg', 85744, NULL, 'photo', 1775839973);
INSERT INTO documentation_files_to_geofeatures (id, geofeature_id, geofeature_type, documentation_file_id, updated_at) VALUES (2891, 2, 'cave', 1232, 1775839973);
INSERT INTO documentation_files_to_geofeatures (id, geofeature_id, geofeature_type, documentation_file_id, updated_at) VALUES (2892, 5, 'cave_area', 1232, 1775839973);
INSERT INTO documentation_files_to_geofeatures (id, geofeature_id, geofeature_type, documentation_file_id, updated_at) VALUES (2893, 11, 'cave_place', 1232, 1775839973);
INSERT INTO documentation_files (id, title, description, file_name, file_size, file_hash, file_type, created_at) VALUES (1233, 'Foto P. Ponorul Nou #11', 'Fotografie de pestera pentru arhiva tehnica.', '20250108_014122.jpg', 95561, NULL, 'photo', 1775839973);
INSERT INTO documentation_files_to_geofeatures (id, geofeature_id, geofeature_type, documentation_file_id, updated_at) VALUES (2894, 2, 'cave', 1233, 1775839973);
INSERT INTO documentation_files_to_geofeatures (id, geofeature_id, geofeature_type, documentation_file_id, updated_at) VALUES (2895, 4, 'cave_area', 1233, 1775839973);
INSERT INTO documentation_files (id, title, description, file_name, file_size, file_hash, file_type, created_at) VALUES (1234, 'Foto P. Ponorul Nou #12', 'Fotografie de pestera pentru arhiva tehnica.', '20250106_213733.jpg', 76066, NULL, 'photo', 1775839973);
INSERT INTO documentation_files_to_geofeatures (id, geofeature_id, geofeature_type, documentation_file_id, updated_at) VALUES (2896, 2, 'cave', 1234, 1775839973);
INSERT INTO documentation_files_to_geofeatures (id, geofeature_id, geofeature_type, documentation_file_id, updated_at) VALUES (2897, 5, 'cave_area', 1234, 1775839973);
INSERT INTO documentation_files_to_geofeatures (id, geofeature_id, geofeature_type, documentation_file_id, updated_at) VALUES (2898, 15, 'cave_place', 1234, 1775839973);
INSERT INTO documentation_files (id, title, description, file_name, file_size, file_hash, file_type, created_at) VALUES (1235, 'Foto P. Ponorul Nou #13', 'Fotografie de pestera pentru arhiva tehnica.', '20250105_180110.jpg', 94499, NULL, 'photo', 1775839973);
INSERT INTO documentation_files_to_geofeatures (id, geofeature_id, geofeature_type, documentation_file_id, updated_at) VALUES (2899, 2, 'cave', 1235, 1775839973);
INSERT INTO documentation_files_to_geofeatures (id, geofeature_id, geofeature_type, documentation_file_id, updated_at) VALUES (2900, 4, 'cave_area', 1235, 1775839973);
INSERT INTO documentation_files_to_geofeatures (id, geofeature_id, geofeature_type, documentation_file_id, updated_at) VALUES (2901, 12, 'cave_place', 1235, 1775839973);
INSERT INTO documentation_files (id, title, description, file_name, file_size, file_hash, file_type, created_at) VALUES (1236, 'Foto P. Ponorul Nou #14', 'Fotografie de pestera pentru arhiva tehnica.', '20250105_211239.jpg', 111085, NULL, 'photo', 1775839973);
INSERT INTO documentation_files_to_geofeatures (id, geofeature_id, geofeature_type, documentation_file_id, updated_at) VALUES (2902, 2, 'cave', 1236, 1775839973);
INSERT INTO documentation_files_to_geofeatures (id, geofeature_id, geofeature_type, documentation_file_id, updated_at) VALUES (2903, 4, 'cave_area', 1236, 1775839973);
INSERT INTO documentation_files (id, title, description, file_name, file_size, file_hash, file_type, created_at) VALUES (1237, 'Foto P. Ponorul Nou #15', 'Fotografie de pestera pentru arhiva tehnica.', '20250105_153139.jpg', 53561, NULL, 'photo', 1775839973);
INSERT INTO documentation_files_to_geofeatures (id, geofeature_id, geofeature_type, documentation_file_id, updated_at) VALUES (2904, 2, 'cave', 1237, 1775839973);
INSERT INTO documentation_files_to_geofeatures (id, geofeature_id, geofeature_type, documentation_file_id, updated_at) VALUES (2905, 4, 'cave_area', 1237, 1775839973);
INSERT INTO documentation_files_to_geofeatures (id, geofeature_id, geofeature_type, documentation_file_id, updated_at) VALUES (2906, 9, 'cave_place', 1237, 1775839973);
INSERT INTO documentation_files (id, title, description, file_name, file_size, file_hash, file_type, created_at) VALUES (1238, 'Foto P. Ponorul Nou #16', 'Fotografie de pestera pentru arhiva tehnica.', '20250108_051137.jpg', 76321, NULL, 'photo', 1775839973);
INSERT INTO documentation_files_to_geofeatures (id, geofeature_id, geofeature_type, documentation_file_id, updated_at) VALUES (2907, 2, 'cave', 1238, 1775839973);
INSERT INTO documentation_files_to_geofeatures (id, geofeature_id, geofeature_type, documentation_file_id, updated_at) VALUES (2908, 4, 'cave_area', 1238, 1775839973);
INSERT INTO documentation_files_to_geofeatures (id, geofeature_id, geofeature_type, documentation_file_id, updated_at) VALUES (2909, 11, 'cave_place', 1238, 1775839973);
INSERT INTO documentation_files (id, title, description, file_name, file_size, file_hash, file_type, created_at) VALUES (1239, 'Foto P. Ponorul Nou #17', 'Fotografie de pestera pentru arhiva tehnica.', '20250107_045319.jpg', 70367, NULL, 'photo', 1775839973);
INSERT INTO documentation_files_to_geofeatures (id, geofeature_id, geofeature_type, documentation_file_id, updated_at) VALUES (2910, 2, 'cave', 1239, 1775839973);
INSERT INTO documentation_files_to_geofeatures (id, geofeature_id, geofeature_type, documentation_file_id, updated_at) VALUES (2911, 5, 'cave_area', 1239, 1775839973);
INSERT INTO documentation_files (id, title, description, file_name, file_size, file_hash, file_type, created_at) VALUES (1240, 'Foto P. Ponorul Nou #18', 'Fotografie de pestera pentru arhiva tehnica.', '20250105_145407.jpg', 85562, NULL, 'photo', 1775839973);
INSERT INTO documentation_files_to_geofeatures (id, geofeature_id, geofeature_type, documentation_file_id, updated_at) VALUES (2912, 2, 'cave', 1240, 1775839973);
INSERT INTO documentation_files_to_geofeatures (id, geofeature_id, geofeature_type, documentation_file_id, updated_at) VALUES (2913, 10, 'cave_place', 1240, 1775839973);
INSERT INTO documentation_files (id, title, description, file_name, file_size, file_hash, file_type, created_at) VALUES (1241, 'Document P. Gaura cu Vâjgău #1', 'Nota de mentenanta balize - traseul 63. Am verificat 362 balize reflectorizante. Dintre acestea, 283 au fost inlocuite. Am adaugat 336 balize noi in zonele nemarcate. Distanta medie intre balize: 168 metri. Am folosit 239 culori diferite conform codificarii. Vizibilitatea minima a balizelor: 172 metri cu lampa frontala. Am eliminat 314 marcaje vechi si confuze. Traseul total balizat: 201 metri. Urmatoarea verificare: peste 220 luni. Materialul consumat: 21 benzi reflectorizante.', 'doc_existing_c3_1.txt', 483, NULL, 'text_document', 1775839973);
INSERT INTO documentation_files_to_geofeatures (id, geofeature_id, geofeature_type, documentation_file_id, updated_at) VALUES (2914, 3, 'cave', 1241, 1775839973);
INSERT INTO documentation_files (id, title, description, file_name, file_size, file_hash, file_type, created_at) VALUES (1242, 'Document P. Gaura cu Vâjgău #2', 'Evidenta resurse hidrologice - punctul 109. Debitul mediu masurat: 209 litri pe secunda. Am efectuat 83 masuratori in perioade diferite. Temperatura apei: 304 grade Celsius, constanta. pH-ul masurat: 420 unitati. Conductivitatea electrica: 127 microsiemensi. Am injectat 470 grame de trasor fluorescent. Trasorul a aparut la izvor dupa 11 ore. Distanta estimata: 158 metri de conducte carstice. Nivelul maxim in sezonul ploios: 186 centimetri peste normal. Am monitorizat 360 izvoare din bazin. Volumul estimat al lacului subteran: 470 metri cubi.', 'doc_existing_c3_2.txt', 547, NULL, 'text_document', 1775839973);
INSERT INTO documentation_files_to_geofeatures (id, geofeature_id, geofeature_type, documentation_file_id, updated_at) VALUES (2915, 3, 'cave', 1242, 1775839973);
INSERT INTO documentation_files (id, title, description, file_name, file_size, file_hash, file_type, created_at) VALUES (1243, 'Document P. Gaura cu Vâjgău #3', 'Proces verbal intalnire club - sedinta nr. 85. Au participat 116 membri. Am discutat 115 puncte pe ordinea de zi. S-a aprobat bugetul de 211 lei pentru trimestrul urmator. Am planificat 273 expeditii in urmatoarele luni. S-au inscris 188 membri noi. Am evaluat 75 rapoarte de explorare. S-a votat achizitionarea de echipament in valoare de 244 lei. Urmatoarea sedinta: peste 216 saptamani. Am desemnat 465 responsabili pentru proiecte.', 'doc_existing_c3_3.txt', 435, NULL, 'text_document', 1775839973);
INSERT INTO documentation_files_to_geofeatures (id, geofeature_id, geofeature_type, documentation_file_id, updated_at) VALUES (2916, 3, 'cave', 1243, 1775839973);
INSERT INTO documentation_files_to_geofeatures (id, geofeature_id, geofeature_type, documentation_file_id, updated_at) VALUES (2917, 7, 'cave_area', 1243, 1775839973);
INSERT INTO documentation_files_to_geofeatures (id, geofeature_id, geofeature_type, documentation_file_id, updated_at) VALUES (2918, 16, 'cave_place', 1243, 1775839973);
INSERT INTO documentation_files (id, title, description, file_name, file_size, file_hash, file_type, created_at) VALUES (1244, 'Document P. Gaura cu Vâjgău #4', 'Studiu speleogenetic - sectorul 300. Am analizat 195 probe de calcar sub microscop. Varsta estimata a galeriei: 308 milioane de ani. Am identificat 325 faze de speleogeneza. Nivelul freatic actual este la 358 metri adancime. Am corelat cu 366 alte pesteri din zona. Porozitatea medie a rocii: 405 procente. Am realizat 365 sectiuni subtiri din probe. Studiul va fi publicat in volumul 471 al buletinului. Am colaborat cu 490 geologi specialisti.', 'doc_existing_c3_4.txt', 445, NULL, 'text_document', 1775839973);
INSERT INTO documentation_files_to_geofeatures (id, geofeature_id, geofeature_type, documentation_file_id, updated_at) VALUES (2919, 3, 'cave', 1244, 1775839973);
INSERT INTO documentation_files_to_geofeatures (id, geofeature_id, geofeature_type, documentation_file_id, updated_at) VALUES (2920, 6, 'cave_area', 1244, 1775839973);
INSERT INTO documentation_files_to_geofeatures (id, geofeature_id, geofeature_type, documentation_file_id, updated_at) VALUES (2921, 19, 'cave_place', 1244, 1775839973);
INSERT INTO documentation_files (id, title, description, file_name, file_size, file_hash, file_type, created_at) VALUES (1245, 'Document P. Gaura cu Vâjgău #5', 'Fisa tehnica echipare put - verticala nr. 473. Adancimea: 92 metri. Am instalat 402 spituri din otel inoxidabil. Distanta intre spituri: 279 metri. Lungimea corzii principale: 483 metri. Coarda de siguranta: 77 metri. Am montat 213 protectoare de franghie. Fractionarea se face la 169 metri de buza putului. Deviatia este la 106 metri sub fractionare. Am testat echiparea cu 254 coborari. Ultimul control al spiturilor: acum 18 luni.', 'doc_existing_c3_5.txt', 433, NULL, 'text_document', 1775839973);
INSERT INTO documentation_files_to_geofeatures (id, geofeature_id, geofeature_type, documentation_file_id, updated_at) VALUES (2922, 3, 'cave', 1245, 1775839973);
INSERT INTO documentation_files_to_geofeatures (id, geofeature_id, geofeature_type, documentation_file_id, updated_at) VALUES (2923, 6, 'cave_area', 1245, 1775839973);
INSERT INTO documentation_files_to_geofeatures (id, geofeature_id, geofeature_type, documentation_file_id, updated_at) VALUES (2924, 22, 'cave_place', 1245, 1775839973);
INSERT INTO documentation_files (id, title, description, file_name, file_size, file_hash, file_type, created_at) VALUES (1246, 'Document P. Gaura cu Vâjgău #6', 'Evaluare risc - sectorul 346. Am identificat 168 zone cu risc de prabusire a plafonului. Blocurile instabile au dimensiuni de pana la 178 centimetri. Nivelul apei poate creste cu 172 metri in caz de precipitatii. Distanta de la intrare pana la prima zona de risc: 437 metri. Am instalat 158 indicatoare de avertizare reflectorizante. Evacuarea de urgenta dureaza estimativ 39 minute. Echipamentul de prim ajutor este pozitionat la statia 439. Am testat comunicarea radio in 151 puncte critice. Semnalul radio este pierdut dupa 321 metri de la intrare. Am recomandat echipa minima de 448 persoane pentru acest sector. Casca si lampa frontala trebuie verificate la fiecare 14 ore. Protocoalele de securitate au fost revizuite de 290 ori anul acesta. Ultimul incident a avut loc cu 253 luni in urma. Am efectuat 376 exercitii de evacuare. Planul de urgenta a fost actualizat la versiunea 194.', 'doc_existing_c3_6.txt', 889, NULL, 'text_document', 1775839973);
INSERT INTO documentation_files_to_geofeatures (id, geofeature_id, geofeature_type, documentation_file_id, updated_at) VALUES (2925, 3, 'cave', 1246, 1775839973);
INSERT INTO documentation_files_to_geofeatures (id, geofeature_id, geofeature_type, documentation_file_id, updated_at) VALUES (2926, 6, 'cave_area', 1246, 1775839973);
INSERT INTO documentation_files_to_geofeatures (id, geofeature_id, geofeature_type, documentation_file_id, updated_at) VALUES (2927, 18, 'cave_place', 1246, 1775839973);
INSERT INTO documentation_files (id, title, description, file_name, file_size, file_hash, file_type, created_at) VALUES (1247, 'Document P. Gaura cu Vâjgău #7', 'Nota de mentenanta balize - traseul 113. Am verificat 64 balize reflectorizante. Dintre acestea, 488 au fost inlocuite. Am adaugat 172 balize noi in zonele nemarcate. Distanta medie intre balize: 272 metri. Am folosit 438 culori diferite conform codificarii. Vizibilitatea minima a balizelor: 373 metri cu lampa frontala. Am eliminat 128 marcaje vechi si confuze. Traseul total balizat: 365 metri. Urmatoarea verificare: peste 415 luni. Materialul consumat: 393 benzi reflectorizante.', 'doc_existing_c3_7.txt', 484, NULL, 'text_document', 1775839973);
INSERT INTO documentation_files_to_geofeatures (id, geofeature_id, geofeature_type, documentation_file_id, updated_at) VALUES (2928, 3, 'cave', 1247, 1775839973);
INSERT INTO documentation_files_to_geofeatures (id, geofeature_id, geofeature_type, documentation_file_id, updated_at) VALUES (2929, 20, 'cave_place', 1247, 1775839973);
INSERT INTO documentation_files (id, title, description, file_name, file_size, file_hash, file_type, created_at) VALUES (1248, 'Foto P. Gaura cu Vâjgău #1', 'Fotografie de pestera pentru arhiva tehnica.', '20250108_230150.jpg', 82392, NULL, 'photo', 1775839973);
INSERT INTO documentation_files_to_geofeatures (id, geofeature_id, geofeature_type, documentation_file_id, updated_at) VALUES (2930, 3, 'cave', 1248, 1775839973);
INSERT INTO documentation_files_to_geofeatures (id, geofeature_id, geofeature_type, documentation_file_id, updated_at) VALUES (2931, 19, 'cave_place', 1248, 1775839973);
INSERT INTO documentation_files (id, title, description, file_name, file_size, file_hash, file_type, created_at) VALUES (1249, 'Foto P. Gaura cu Vâjgău #2', 'Fotografie de pestera pentru arhiva tehnica.', '20250105_165436.jpg', 73847, NULL, 'photo', 1775839973);
INSERT INTO documentation_files_to_geofeatures (id, geofeature_id, geofeature_type, documentation_file_id, updated_at) VALUES (2932, 3, 'cave', 1249, 1775839973);
INSERT INTO documentation_files_to_geofeatures (id, geofeature_id, geofeature_type, documentation_file_id, updated_at) VALUES (2933, 6, 'cave_area', 1249, 1775839973);
INSERT INTO documentation_files_to_geofeatures (id, geofeature_id, geofeature_type, documentation_file_id, updated_at) VALUES (2934, 21, 'cave_place', 1249, 1775839973);
INSERT INTO documentation_files (id, title, description, file_name, file_size, file_hash, file_type, created_at) VALUES (1250, 'Document Peștera Ascendentă din Guguiova #1', 'Evidenta resurse hidrologice - punctul 138. Debitul mediu masurat: 386 litri pe secunda. Am efectuat 384 masuratori in perioade diferite. Temperatura apei: 287 grade Celsius, constanta. pH-ul masurat: 384 unitati. Conductivitatea electrica: 307 microsiemensi. Am injectat 387 grame de trasor fluorescent. Trasorul a aparut la izvor dupa 487 ore. Distanta estimata: 152 metri de conducte carstice. Nivelul maxim in sezonul ploios: 255 centimetri peste normal. Am monitorizat 379 izvoare din bazin. Volumul estimat al lacului subteran: 296 metri cubi.', 'doc_existing_c4_1.txt', 549, NULL, 'text_document', 1775839974);
INSERT INTO documentation_files_to_geofeatures (id, geofeature_id, geofeature_type, documentation_file_id, updated_at) VALUES (2935, 4, 'cave', 1250, 1775839974);
INSERT INTO documentation_files_to_geofeatures (id, geofeature_id, geofeature_type, documentation_file_id, updated_at) VALUES (2936, 8, 'cave_area', 1250, 1775839974);
INSERT INTO documentation_files_to_geofeatures (id, geofeature_id, geofeature_type, documentation_file_id, updated_at) VALUES (2937, 192, 'cave_place', 1250, 1775839974);
INSERT INTO documentation_files (id, title, description, file_name, file_size, file_hash, file_type, created_at) VALUES (1251, 'Document Peștera Ascendentă din Guguiova #2', 'Fisa tehnica echipare put - verticala nr. 103. Adancimea: 421 metri. Am instalat 301 spituri din otel inoxidabil. Distanta intre spituri: 188 metri. Lungimea corzii principale: 498 metri. Coarda de siguranta: 51 metri. Am montat 125 protectoare de franghie. Fractionarea se face la 317 metri de buza putului. Deviatia este la 324 metri sub fractionare. Am testat echiparea cu 207 coborari. Ultimul control al spiturilor: acum 193 luni.', 'doc_existing_c4_2.txt', 435, NULL, 'text_document', 1775839974);
INSERT INTO documentation_files_to_geofeatures (id, geofeature_id, geofeature_type, documentation_file_id, updated_at) VALUES (2938, 4, 'cave', 1251, 1775839974);
INSERT INTO documentation_files_to_geofeatures (id, geofeature_id, geofeature_type, documentation_file_id, updated_at) VALUES (2939, 177, 'cave_place', 1251, 1775839974);
INSERT INTO documentation_files (id, title, description, file_name, file_size, file_hash, file_type, created_at) VALUES (1252, 'Document Peștera Ascendentă din Guguiova #3', 'Studiu speleogenetic - sectorul 424. Am analizat 337 probe de calcar sub microscop. Varsta estimata a galeriei: 425 milioane de ani. Am identificat 364 faze de speleogeneza. Nivelul freatic actual este la 14 metri adancime. Am corelat cu 29 alte pesteri din zona. Porozitatea medie a rocii: 25 procente. Am realizat 245 sectiuni subtiri din probe. Studiul va fi publicat in volumul 86 al buletinului. Am colaborat cu 190 geologi specialisti.', 'doc_existing_c4_3.txt', 441, NULL, 'text_document', 1775839974);
INSERT INTO documentation_files_to_geofeatures (id, geofeature_id, geofeature_type, documentation_file_id, updated_at) VALUES (2940, 4, 'cave', 1252, 1775839974);
INSERT INTO documentation_files_to_geofeatures (id, geofeature_id, geofeature_type, documentation_file_id, updated_at) VALUES (2941, 193, 'cave_place', 1252, 1775839974);
INSERT INTO documentation_files (id, title, description, file_name, file_size, file_hash, file_type, created_at) VALUES (1253, 'Document Peștera Ascendentă din Guguiova #4', 'Evaluare risc - sectorul 130. Am identificat 315 zone cu risc de prabusire a plafonului. Blocurile instabile au dimensiuni de pana la 167 centimetri. Nivelul apei poate creste cu 481 metri in caz de precipitatii. Distanta de la intrare pana la prima zona de risc: 391 metri. Am instalat 337 indicatoare de avertizare reflectorizante. Evacuarea de urgenta dureaza estimativ 319 minute. Echipamentul de prim ajutor este pozitionat la statia 345. Am testat comunicarea radio in 273 puncte critice. Semnalul radio este pierdut dupa 353 metri de la intrare. Am recomandat echipa minima de 417 persoane pentru acest sector. Casca si lampa frontala trebuie verificate la fiecare 105 ore. Protocoalele de securitate au fost revizuite de 145 ori anul acesta. Ultimul incident a avut loc cu 21 luni in urma. Am efectuat 78 exercitii de evacuare. Planul de urgenta a fost actualizat la versiunea 273.', 'doc_existing_c4_4.txt', 889, NULL, 'text_document', 1775839974);
INSERT INTO documentation_files_to_geofeatures (id, geofeature_id, geofeature_type, documentation_file_id, updated_at) VALUES (2942, 4, 'cave', 1253, 1775839974);
INSERT INTO documentation_files_to_geofeatures (id, geofeature_id, geofeature_type, documentation_file_id, updated_at) VALUES (2943, 13, 'cave_area', 1253, 1775839974);
INSERT INTO documentation_files_to_geofeatures (id, geofeature_id, geofeature_type, documentation_file_id, updated_at) VALUES (2944, 168, 'cave_place', 1253, 1775839974);
INSERT INTO documentation_files (id, title, description, file_name, file_size, file_hash, file_type, created_at) VALUES (1254, 'Document Peștera Ascendentă din Guguiova #5', 'Proces verbal intalnire club - sedinta nr. 358. Au participat 113 membri. Am discutat 481 puncte pe ordinea de zi. S-a aprobat bugetul de 488 lei pentru trimestrul urmator. Am planificat 126 expeditii in urmatoarele luni. S-au inscris 104 membri noi. Am evaluat 225 rapoarte de explorare. S-a votat achizitionarea de echipament in valoare de 396 lei. Urmatoarea sedinta: peste 348 saptamani. Am desemnat 97 responsabili pentru proiecte.', 'doc_existing_c4_5.txt', 436, NULL, 'text_document', 1775839974);
INSERT INTO documentation_files_to_geofeatures (id, geofeature_id, geofeature_type, documentation_file_id, updated_at) VALUES (2945, 4, 'cave', 1254, 1775839974);
INSERT INTO documentation_files_to_geofeatures (id, geofeature_id, geofeature_type, documentation_file_id, updated_at) VALUES (2946, 13, 'cave_area', 1254, 1775839974);
INSERT INTO documentation_files_to_geofeatures (id, geofeature_id, geofeature_type, documentation_file_id, updated_at) VALUES (2947, 192, 'cave_place', 1254, 1775839974);
INSERT INTO documentation_files (id, title, description, file_name, file_size, file_hash, file_type, created_at) VALUES (1255, 'Document Peștera Ascendentă din Guguiova #6', 'Studiu speleogenetic - sectorul 305. Am analizat 61 probe de calcar sub microscop. Varsta estimata a galeriei: 297 milioane de ani. Am identificat 473 faze de speleogeneza. Nivelul freatic actual este la 283 metri adancime. Am corelat cu 187 alte pesteri din zona. Porozitatea medie a rocii: 496 procente. Am realizat 290 sectiuni subtiri din probe. Studiul va fi publicat in volumul 409 al buletinului. Am colaborat cu 401 geologi specialisti.', 'doc_existing_c4_6.txt', 444, NULL, 'text_document', 1775839974);
INSERT INTO documentation_files_to_geofeatures (id, geofeature_id, geofeature_type, documentation_file_id, updated_at) VALUES (2948, 4, 'cave', 1255, 1775839974);
INSERT INTO documentation_files_to_geofeatures (id, geofeature_id, geofeature_type, documentation_file_id, updated_at) VALUES (2949, 187, 'cave_place', 1255, 1775839974);
INSERT INTO documentation_files (id, title, description, file_name, file_size, file_hash, file_type, created_at) VALUES (1256, 'Document Peștera Ascendentă din Guguiova #7', 'Raport climatologic subteran - statia 122. Senzorul a inregistrat 347 cicluri complete de temperatura. Temperatura medie anuala: 77 grade Celsius. Amplitudinea termica maxima: 318 grade. Umiditatea relativa medie: 403 procente. Concentratia de CO2: 178 ppm. Curentul de aer maxim masurat: 3 metri pe secunda. Directia predominanta a curentului: sector 360. Datalogerul a functionat 471 zile fara intrerupere. Am descarcat 215 megabytes de date brute. Presiunea barometrica la intrare: 65 mbar. Evaporarea masurata: 482 milimetri pe luna. Am comparat datele cu 451 statii meteorologice de suprafata. Raportul complet include 412 grafice si tabele. Monitorizarea continua de 388 luni confirma stabilitatea climatica.', 'doc_existing_c4_7.txt', 714, NULL, 'text_document', 1775839974);
INSERT INTO documentation_files_to_geofeatures (id, geofeature_id, geofeature_type, documentation_file_id, updated_at) VALUES (2950, 4, 'cave', 1256, 1775839974);
INSERT INTO documentation_files_to_geofeatures (id, geofeature_id, geofeature_type, documentation_file_id, updated_at) VALUES (2951, 15, 'cave_area', 1256, 1775839974);
INSERT INTO documentation_files_to_geofeatures (id, geofeature_id, geofeature_type, documentation_file_id, updated_at) VALUES (2952, 188, 'cave_place', 1256, 1775839974);
INSERT INTO documentation_files (id, title, description, file_name, file_size, file_hash, file_type, created_at) VALUES (1257, 'Document Peștera Ascendentă din Guguiova #8', 'Proces verbal intalnire club - sedinta nr. 385. Au participat 168 membri. Am discutat 203 puncte pe ordinea de zi. S-a aprobat bugetul de 128 lei pentru trimestrul urmator. Am planificat 66 expeditii in urmatoarele luni. S-au inscris 334 membri noi. Am evaluat 270 rapoarte de explorare. S-a votat achizitionarea de echipament in valoare de 237 lei. Urmatoarea sedinta: peste 21 saptamani. Am desemnat 91 responsabili pentru proiecte.', 'doc_existing_c4_8.txt', 434, NULL, 'text_document', 1775839974);
INSERT INTO documentation_files_to_geofeatures (id, geofeature_id, geofeature_type, documentation_file_id, updated_at) VALUES (2953, 4, 'cave', 1257, 1775839974);
INSERT INTO documentation_files_to_geofeatures (id, geofeature_id, geofeature_type, documentation_file_id, updated_at) VALUES (2954, 185, 'cave_place', 1257, 1775839974);
INSERT INTO documentation_files (id, title, description, file_name, file_size, file_hash, file_type, created_at) VALUES (1258, 'Document Peștera Ascendentă din Guguiova #9', 'Raport climatologic subteran - statia 475. Senzorul a inregistrat 374 cicluri complete de temperatura. Temperatura medie anuala: 44 grade Celsius. Amplitudinea termica maxima: 385 grade. Umiditatea relativa medie: 499 procente. Concentratia de CO2: 137 ppm. Curentul de aer maxim masurat: 321 metri pe secunda. Directia predominanta a curentului: sector 4. Datalogerul a functionat 151 zile fara intrerupere. Am descarcat 249 megabytes de date brute. Presiunea barometrica la intrare: 204 mbar. Evaporarea masurata: 257 milimetri pe luna. Am comparat datele cu 149 statii meteorologice de suprafata. Raportul complet include 445 grafice si tabele. Monitorizarea continua de 150 luni confirma stabilitatea climatica.', 'doc_existing_c4_9.txt', 715, NULL, 'text_document', 1775839974);
INSERT INTO documentation_files_to_geofeatures (id, geofeature_id, geofeature_type, documentation_file_id, updated_at) VALUES (2955, 4, 'cave', 1258, 1775839974);
INSERT INTO documentation_files (id, title, description, file_name, file_size, file_hash, file_type, created_at) VALUES (1259, 'Document Peștera Ascendentă din Guguiova #10', 'Raport conservare patrimoniu - obiectiv 337. Am evaluat starea a 264 inscriptii istorice. Dintre acestea, 392 necesita interventie urgenta. Am curatat 8 metri patrati de graffiti modern. Am instalat 238 panouri informative la intrare. Bariera de protectie acopera 193 metri liniari. Am documentat 402 urme de vandalism. Raportul a fost transmis autoritatilor locale in 167 exemplare. Am propus clasificarea a 139 formatiuni ca monument natural. Vizitele ghidate sunt limitate la 124 persoane simultan. Am instruit 357 ghizi locali. Costul estimat al lucrarilor: 188 lei. Termenul de finalizare: 376 luni.', 'doc_existing_c4_10.txt', 604, NULL, 'text_document', 1775839974);
INSERT INTO documentation_files_to_geofeatures (id, geofeature_id, geofeature_type, documentation_file_id, updated_at) VALUES (2956, 4, 'cave', 1259, 1775839974);
INSERT INTO documentation_files_to_geofeatures (id, geofeature_id, geofeature_type, documentation_file_id, updated_at) VALUES (2957, 185, 'cave_place', 1259, 1775839974);
INSERT INTO documentation_files (id, title, description, file_name, file_size, file_hash, file_type, created_at) VALUES (1260, 'Document Peștera Ascendentă din Guguiova #11', 'Evaluare risc - sectorul 109. Am identificat 33 zone cu risc de prabusire a plafonului. Blocurile instabile au dimensiuni de pana la 101 centimetri. Nivelul apei poate creste cu 474 metri in caz de precipitatii. Distanta de la intrare pana la prima zona de risc: 364 metri. Am instalat 225 indicatoare de avertizare reflectorizante. Evacuarea de urgenta dureaza estimativ 268 minute. Echipamentul de prim ajutor este pozitionat la statia 407. Am testat comunicarea radio in 192 puncte critice. Semnalul radio este pierdut dupa 409 metri de la intrare. Am recomandat echipa minima de 153 persoane pentru acest sector. Casca si lampa frontala trebuie verificate la fiecare 270 ore. Protocoalele de securitate au fost revizuite de 182 ori anul acesta. Ultimul incident a avut loc cu 9 luni in urma. Am efectuat 462 exercitii de evacuare. Planul de urgenta a fost actualizat la versiunea 24.', 'doc_existing_c4_11.txt', 887, NULL, 'text_document', 1775839974);
INSERT INTO documentation_files_to_geofeatures (id, geofeature_id, geofeature_type, documentation_file_id, updated_at) VALUES (2958, 4, 'cave', 1260, 1775839974);
INSERT INTO documentation_files_to_geofeatures (id, geofeature_id, geofeature_type, documentation_file_id, updated_at) VALUES (2959, 14, 'cave_area', 1260, 1775839974);
INSERT INTO documentation_files_to_geofeatures (id, geofeature_id, geofeature_type, documentation_file_id, updated_at) VALUES (2960, 161, 'cave_place', 1260, 1775839974);
INSERT INTO documentation_files (id, title, description, file_name, file_size, file_hash, file_type, created_at) VALUES (1261, 'Document Peștera Ascendentă din Guguiova #12', 'Raport geologic - profil 433. Stratele de calcar apartin etajului 13. Grosimea medie a stratelor este de 198 centimetri. Fisurile tectonice au un azimut predominant de 380 grade. Am recoltat 8 probe de roca pentru datarea izotopica. Continutul de CaCO3 depaseste 397 procente. Concretii de aragonita au fost gasite la cota 117. Varsta estimata a speleothemelor: 259 mii de ani. Depozitele clastice au o grosime de 268 centimetri. Am identificat 11 tipuri diferite de sedimente. Nivelul paleoclappei fosile este la cota 11 metri. Analiza XRD confirma 180 faze minerale distincte. Sectorul analizat are o lungime de 113 metri. Am realizat 204 profile transversale ale galeriei. Cutele vizibile au amplitudini de 438 centimetri.', 'doc_existing_c4_12.txt', 725, NULL, 'text_document', 1775839974);
INSERT INTO documentation_files_to_geofeatures (id, geofeature_id, geofeature_type, documentation_file_id, updated_at) VALUES (2961, 4, 'cave', 1261, 1775839974);
INSERT INTO documentation_files_to_geofeatures (id, geofeature_id, geofeature_type, documentation_file_id, updated_at) VALUES (2962, 13, 'cave_area', 1261, 1775839974);
INSERT INTO documentation_files_to_geofeatures (id, geofeature_id, geofeature_type, documentation_file_id, updated_at) VALUES (2963, 169, 'cave_place', 1261, 1775839974);
INSERT INTO documentation_files (id, title, description, file_name, file_size, file_hash, file_type, created_at) VALUES (1262, 'Document Peștera Ascendentă din Guguiova #13', 'Studiu speleogenetic - sectorul 29. Am analizat 408 probe de calcar sub microscop. Varsta estimata a galeriei: 182 milioane de ani. Am identificat 144 faze de speleogeneza. Nivelul freatic actual este la 263 metri adancime. Am corelat cu 378 alte pesteri din zona. Porozitatea medie a rocii: 295 procente. Am realizat 173 sectiuni subtiri din probe. Studiul va fi publicat in volumul 316 al buletinului. Am colaborat cu 457 geologi specialisti.', 'doc_existing_c4_13.txt', 444, NULL, 'text_document', 1775839974);
INSERT INTO documentation_files_to_geofeatures (id, geofeature_id, geofeature_type, documentation_file_id, updated_at) VALUES (2964, 4, 'cave', 1262, 1775839974);
INSERT INTO documentation_files_to_geofeatures (id, geofeature_id, geofeature_type, documentation_file_id, updated_at) VALUES (2965, 14, 'cave_area', 1262, 1775839974);
INSERT INTO documentation_files (id, title, description, file_name, file_size, file_hash, file_type, created_at) VALUES (1263, 'Document Peștera Ascendentă din Guguiova #14', 'Fisa tehnica echipare put - verticala nr. 168. Adancimea: 225 metri. Am instalat 457 spituri din otel inoxidabil. Distanta intre spituri: 32 metri. Lungimea corzii principale: 48 metri. Coarda de siguranta: 353 metri. Am montat 453 protectoare de franghie. Fractionarea se face la 21 metri de buza putului. Deviatia este la 112 metri sub fractionare. Am testat echiparea cu 130 coborari. Ultimul control al spiturilor: acum 183 luni.', 'doc_existing_c4_14.txt', 433, NULL, 'text_document', 1775839974);
INSERT INTO documentation_files_to_geofeatures (id, geofeature_id, geofeature_type, documentation_file_id, updated_at) VALUES (2966, 4, 'cave', 1263, 1775839974);
INSERT INTO documentation_files_to_geofeatures (id, geofeature_id, geofeature_type, documentation_file_id, updated_at) VALUES (2967, 191, 'cave_place', 1263, 1775839974);
INSERT INTO documentation_files (id, title, description, file_name, file_size, file_hash, file_type, created_at) VALUES (1264, 'Document Peștera Ascendentă din Guguiova #15', 'Evaluare risc - sectorul 72. Am identificat 433 zone cu risc de prabusire a plafonului. Blocurile instabile au dimensiuni de pana la 94 centimetri. Nivelul apei poate creste cu 179 metri in caz de precipitatii. Distanta de la intrare pana la prima zona de risc: 372 metri. Am instalat 388 indicatoare de avertizare reflectorizante. Evacuarea de urgenta dureaza estimativ 238 minute. Echipamentul de prim ajutor este pozitionat la statia 382. Am testat comunicarea radio in 39 puncte critice. Semnalul radio este pierdut dupa 105 metri de la intrare. Am recomandat echipa minima de 446 persoane pentru acest sector. Casca si lampa frontala trebuie verificate la fiecare 492 ore. Protocoalele de securitate au fost revizuite de 157 ori anul acesta. Ultimul incident a avut loc cu 484 luni in urma. Am efectuat 343 exercitii de evacuare. Planul de urgenta a fost actualizat la versiunea 103.', 'doc_existing_c4_15.txt', 888, NULL, 'text_document', 1775839974);
INSERT INTO documentation_files_to_geofeatures (id, geofeature_id, geofeature_type, documentation_file_id, updated_at) VALUES (2968, 4, 'cave', 1264, 1775839974);
INSERT INTO documentation_files_to_geofeatures (id, geofeature_id, geofeature_type, documentation_file_id, updated_at) VALUES (2969, 15, 'cave_area', 1264, 1775839974);
INSERT INTO documentation_files (id, title, description, file_name, file_size, file_hash, file_type, created_at) VALUES (1265, 'Document Peștera Ascendentă din Guguiova #16', 'Raport conservare patrimoniu - obiectiv 451. Am evaluat starea a 438 inscriptii istorice. Dintre acestea, 188 necesita interventie urgenta. Am curatat 280 metri patrati de graffiti modern. Am instalat 102 panouri informative la intrare. Bariera de protectie acopera 476 metri liniari. Am documentat 95 urme de vandalism. Raportul a fost transmis autoritatilor locale in 132 exemplare. Am propus clasificarea a 205 formatiuni ca monument natural. Vizitele ghidate sunt limitate la 308 persoane simultan. Am instruit 159 ghizi locali. Costul estimat al lucrarilor: 172 lei. Termenul de finalizare: 197 luni.', 'doc_existing_c4_16.txt', 605, NULL, 'text_document', 1775839974);
INSERT INTO documentation_files_to_geofeatures (id, geofeature_id, geofeature_type, documentation_file_id, updated_at) VALUES (2970, 4, 'cave', 1265, 1775839974);
INSERT INTO documentation_files_to_geofeatures (id, geofeature_id, geofeature_type, documentation_file_id, updated_at) VALUES (2971, 193, 'cave_place', 1265, 1775839974);
INSERT INTO documentation_files (id, title, description, file_name, file_size, file_hash, file_type, created_at) VALUES (1266, 'Document Peștera Ascendentă din Guguiova #17', 'Raport climatologic subteran - statia 13. Senzorul a inregistrat 364 cicluri complete de temperatura. Temperatura medie anuala: 132 grade Celsius. Amplitudinea termica maxima: 371 grade. Umiditatea relativa medie: 375 procente. Concentratia de CO2: 397 ppm. Curentul de aer maxim masurat: 8 metri pe secunda. Directia predominanta a curentului: sector 46. Datalogerul a functionat 498 zile fara intrerupere. Am descarcat 480 megabytes de date brute. Presiunea barometrica la intrare: 484 mbar. Evaporarea masurata: 312 milimetri pe luna. Am comparat datele cu 294 statii meteorologice de suprafata. Raportul complet include 445 grafice si tabele. Monitorizarea continua de 376 luni confirma stabilitatea climatica.', 'doc_existing_c4_17.txt', 714, NULL, 'text_document', 1775839974);
INSERT INTO documentation_files_to_geofeatures (id, geofeature_id, geofeature_type, documentation_file_id, updated_at) VALUES (2972, 4, 'cave', 1266, 1775839974);
INSERT INTO documentation_files_to_geofeatures (id, geofeature_id, geofeature_type, documentation_file_id, updated_at) VALUES (2973, 8, 'cave_area', 1266, 1775839974);
INSERT INTO documentation_files_to_geofeatures (id, geofeature_id, geofeature_type, documentation_file_id, updated_at) VALUES (2974, 160, 'cave_place', 1266, 1775839974);
INSERT INTO documentation_files (id, title, description, file_name, file_size, file_hash, file_type, created_at) VALUES (1267, 'Foto Peștera Ascendentă din Guguiova #1', 'Fotografie de pestera pentru arhiva tehnica.', '20250108_015243.jpg', 89809, NULL, 'photo', 1775839974);
INSERT INTO documentation_files_to_geofeatures (id, geofeature_id, geofeature_type, documentation_file_id, updated_at) VALUES (2975, 4, 'cave', 1267, 1775839974);
INSERT INTO documentation_files_to_geofeatures (id, geofeature_id, geofeature_type, documentation_file_id, updated_at) VALUES (2976, 11, 'cave_area', 1267, 1775839974);
INSERT INTO documentation_files_to_geofeatures (id, geofeature_id, geofeature_type, documentation_file_id, updated_at) VALUES (2977, 168, 'cave_place', 1267, 1775839974);
INSERT INTO documentation_files (id, title, description, file_name, file_size, file_hash, file_type, created_at) VALUES (1268, 'Foto Peștera Ascendentă din Guguiova #2', 'Fotografie de pestera pentru arhiva tehnica.', '20250105_180110.jpg', 94499, NULL, 'photo', 1775839974);
INSERT INTO documentation_files_to_geofeatures (id, geofeature_id, geofeature_type, documentation_file_id, updated_at) VALUES (2978, 4, 'cave', 1268, 1775839974);
INSERT INTO documentation_files_to_geofeatures (id, geofeature_id, geofeature_type, documentation_file_id, updated_at) VALUES (2979, 181, 'cave_place', 1268, 1775839974);
INSERT INTO documentation_files (id, title, description, file_name, file_size, file_hash, file_type, created_at) VALUES (1269, 'Foto Peștera Ascendentă din Guguiova #3', 'Fotografie de pestera pentru arhiva tehnica.', '20250105_121440.jpg', 58950, NULL, 'photo', 1775839974);
INSERT INTO documentation_files_to_geofeatures (id, geofeature_id, geofeature_type, documentation_file_id, updated_at) VALUES (2980, 4, 'cave', 1269, 1775839974);
INSERT INTO documentation_files_to_geofeatures (id, geofeature_id, geofeature_type, documentation_file_id, updated_at) VALUES (2981, 13, 'cave_area', 1269, 1775839974);
INSERT INTO documentation_files_to_geofeatures (id, geofeature_id, geofeature_type, documentation_file_id, updated_at) VALUES (2982, 181, 'cave_place', 1269, 1775839974);
INSERT INTO documentation_files (id, title, description, file_name, file_size, file_hash, file_type, created_at) VALUES (1270, 'Foto Peștera Ascendentă din Guguiova #4', 'Fotografie de pestera pentru arhiva tehnica.', '20250108_230150.jpg', 82392, NULL, 'photo', 1775839974);
INSERT INTO documentation_files_to_geofeatures (id, geofeature_id, geofeature_type, documentation_file_id, updated_at) VALUES (2983, 4, 'cave', 1270, 1775839974);
INSERT INTO documentation_files_to_geofeatures (id, geofeature_id, geofeature_type, documentation_file_id, updated_at) VALUES (2984, 167, 'cave_place', 1270, 1775839974);
INSERT INTO documentation_files (id, title, description, file_name, file_size, file_hash, file_type, created_at) VALUES (1271, 'Foto Peștera Ascendentă din Guguiova #5', 'Fotografie de pestera pentru arhiva tehnica.', '20250105_153139.jpg', 53561, NULL, 'photo', 1775839974);
INSERT INTO documentation_files_to_geofeatures (id, geofeature_id, geofeature_type, documentation_file_id, updated_at) VALUES (2985, 4, 'cave', 1271, 1775839974);
INSERT INTO documentation_files_to_geofeatures (id, geofeature_id, geofeature_type, documentation_file_id, updated_at) VALUES (2986, 9, 'cave_area', 1271, 1775839974);
INSERT INTO documentation_files_to_geofeatures (id, geofeature_id, geofeature_type, documentation_file_id, updated_at) VALUES (2987, 176, 'cave_place', 1271, 1775839974);
INSERT INTO documentation_files (id, title, description, file_name, file_size, file_hash, file_type, created_at) VALUES (1272, 'Foto Peștera Ascendentă din Guguiova #6', 'Fotografie de pestera pentru arhiva tehnica.', '20250105_120229.jpg', 85744, NULL, 'photo', 1775839974);
INSERT INTO documentation_files_to_geofeatures (id, geofeature_id, geofeature_type, documentation_file_id, updated_at) VALUES (2988, 4, 'cave', 1272, 1775839974);
INSERT INTO documentation_files_to_geofeatures (id, geofeature_id, geofeature_type, documentation_file_id, updated_at) VALUES (2989, 14, 'cave_area', 1272, 1775839974);
INSERT INTO documentation_files (id, title, description, file_name, file_size, file_hash, file_type, created_at) VALUES (1273, 'Foto Peștera Ascendentă din Guguiova #7', 'Fotografie de pestera pentru arhiva tehnica.', '20250109_011630.jpg', 92323, NULL, 'photo', 1775839974);
INSERT INTO documentation_files_to_geofeatures (id, geofeature_id, geofeature_type, documentation_file_id, updated_at) VALUES (2990, 4, 'cave', 1273, 1775839974);
INSERT INTO documentation_files_to_geofeatures (id, geofeature_id, geofeature_type, documentation_file_id, updated_at) VALUES (2991, 8, 'cave_area', 1273, 1775839974);
INSERT INTO documentation_files_to_geofeatures (id, geofeature_id, geofeature_type, documentation_file_id, updated_at) VALUES (2992, 173, 'cave_place', 1273, 1775839974);
INSERT INTO documentation_files (id, title, description, file_name, file_size, file_hash, file_type, created_at) VALUES (1274, 'Document Peștera cu Săritoare din Guguiova #1', 'Raport geologic - profil 56. Stratele de calcar apartin etajului 80. Grosimea medie a stratelor este de 357 centimetri. Fisurile tectonice au un azimut predominant de 467 grade. Am recoltat 237 probe de roca pentru datarea izotopica. Continutul de CaCO3 depaseste 453 procente. Concretii de aragonita au fost gasite la cota 271. Varsta estimata a speleothemelor: 452 mii de ani. Depozitele clastice au o grosime de 23 centimetri. Am identificat 270 tipuri diferite de sedimente. Nivelul paleoclappei fosile este la cota 498 metri. Analiza XRD confirma 38 faze minerale distincte. Sectorul analizat are o lungime de 9 metri. Am realizat 323 profile transversale ale galeriei. Cutele vizibile au amplitudini de 267 centimetri.', 'doc_existing_c5_1.txt', 724, NULL, 'text_document', 1775839974);
INSERT INTO documentation_files_to_geofeatures (id, geofeature_id, geofeature_type, documentation_file_id, updated_at) VALUES (2993, 5, 'cave', 1274, 1775839974);
INSERT INTO documentation_files_to_geofeatures (id, geofeature_id, geofeature_type, documentation_file_id, updated_at) VALUES (2994, 18, 'cave_area', 1274, 1775839974);
INSERT INTO documentation_files (id, title, description, file_name, file_size, file_hash, file_type, created_at) VALUES (1275, 'Document Peștera cu Săritoare din Guguiova #2', 'Evidenta resurse hidrologice - punctul 388. Debitul mediu masurat: 32 litri pe secunda. Am efectuat 178 masuratori in perioade diferite. Temperatura apei: 418 grade Celsius, constanta. pH-ul masurat: 340 unitati. Conductivitatea electrica: 484 microsiemensi. Am injectat 270 grame de trasor fluorescent. Trasorul a aparut la izvor dupa 315 ore. Distanta estimata: 382 metri de conducte carstice. Nivelul maxim in sezonul ploios: 346 centimetri peste normal. Am monitorizat 414 izvoare din bazin. Volumul estimat al lacului subteran: 171 metri cubi.', 'doc_existing_c5_2.txt', 548, NULL, 'text_document', 1775839974);
INSERT INTO documentation_files_to_geofeatures (id, geofeature_id, geofeature_type, documentation_file_id, updated_at) VALUES (2995, 5, 'cave', 1275, 1775839974);
INSERT INTO documentation_files_to_geofeatures (id, geofeature_id, geofeature_type, documentation_file_id, updated_at) VALUES (2996, 23, 'cave_area', 1275, 1775839974);
INSERT INTO documentation_files_to_geofeatures (id, geofeature_id, geofeature_type, documentation_file_id, updated_at) VALUES (2997, 231, 'cave_place', 1275, 1775839974);
INSERT INTO documentation_files (id, title, description, file_name, file_size, file_hash, file_type, created_at) VALUES (1276, 'Document Peștera cu Săritoare din Guguiova #3', 'Evidenta resurse hidrologice - punctul 106. Debitul mediu masurat: 114 litri pe secunda. Am efectuat 349 masuratori in perioade diferite. Temperatura apei: 314 grade Celsius, constanta. pH-ul masurat: 415 unitati. Conductivitatea electrica: 107 microsiemensi. Am injectat 388 grame de trasor fluorescent. Trasorul a aparut la izvor dupa 496 ore. Distanta estimata: 464 metri de conducte carstice. Nivelul maxim in sezonul ploios: 172 centimetri peste normal. Am monitorizat 412 izvoare din bazin. Volumul estimat al lacului subteran: 437 metri cubi.', 'doc_existing_c5_3.txt', 549, NULL, 'text_document', 1775839974);
INSERT INTO documentation_files_to_geofeatures (id, geofeature_id, geofeature_type, documentation_file_id, updated_at) VALUES (2998, 5, 'cave', 1276, 1775839974);
INSERT INTO documentation_files_to_geofeatures (id, geofeature_id, geofeature_type, documentation_file_id, updated_at) VALUES (2999, 204, 'cave_place', 1276, 1775839974);
INSERT INTO documentation_files (id, title, description, file_name, file_size, file_hash, file_type, created_at) VALUES (1277, 'Document Peștera cu Săritoare din Guguiova #4', 'Studiu speleogenetic - sectorul 431. Am analizat 131 probe de calcar sub microscop. Varsta estimata a galeriei: 297 milioane de ani. Am identificat 486 faze de speleogeneza. Nivelul freatic actual este la 356 metri adancime. Am corelat cu 149 alte pesteri din zona. Porozitatea medie a rocii: 330 procente. Am realizat 3 sectiuni subtiri din probe. Studiul va fi publicat in volumul 353 al buletinului. Am colaborat cu 426 geologi specialisti.', 'doc_existing_c5_4.txt', 443, NULL, 'text_document', 1775839974);
INSERT INTO documentation_files_to_geofeatures (id, geofeature_id, geofeature_type, documentation_file_id, updated_at) VALUES (3000, 5, 'cave', 1277, 1775839974);
INSERT INTO documentation_files_to_geofeatures (id, geofeature_id, geofeature_type, documentation_file_id, updated_at) VALUES (3001, 21, 'cave_area', 1277, 1775839974);
INSERT INTO documentation_files_to_geofeatures (id, geofeature_id, geofeature_type, documentation_file_id, updated_at) VALUES (3002, 215, 'cave_place', 1277, 1775839974);
INSERT INTO documentation_files (id, title, description, file_name, file_size, file_hash, file_type, created_at) VALUES (1278, 'Document Peștera cu Săritoare din Guguiova #5', 'Studiu speleogenetic - sectorul 220. Am analizat 336 probe de calcar sub microscop. Varsta estimata a galeriei: 157 milioane de ani. Am identificat 486 faze de speleogeneza. Nivelul freatic actual este la 88 metri adancime. Am corelat cu 75 alte pesteri din zona. Porozitatea medie a rocii: 391 procente. Am realizat 294 sectiuni subtiri din probe. Studiul va fi publicat in volumul 334 al buletinului. Am colaborat cu 260 geologi specialisti.', 'doc_existing_c5_5.txt', 443, NULL, 'text_document', 1775839974);
INSERT INTO documentation_files_to_geofeatures (id, geofeature_id, geofeature_type, documentation_file_id, updated_at) VALUES (3003, 5, 'cave', 1278, 1775839974);
INSERT INTO documentation_files_to_geofeatures (id, geofeature_id, geofeature_type, documentation_file_id, updated_at) VALUES (3004, 18, 'cave_area', 1278, 1775839974);
INSERT INTO documentation_files (id, title, description, file_name, file_size, file_hash, file_type, created_at) VALUES (1279, 'Document Peștera cu Săritoare din Guguiova #6', 'Raport geologic - profil 118. Stratele de calcar apartin etajului 466. Grosimea medie a stratelor este de 90 centimetri. Fisurile tectonice au un azimut predominant de 243 grade. Am recoltat 216 probe de roca pentru datarea izotopica. Continutul de CaCO3 depaseste 314 procente. Concretii de aragonita au fost gasite la cota 394. Varsta estimata a speleothemelor: 248 mii de ani. Depozitele clastice au o grosime de 239 centimetri. Am identificat 259 tipuri diferite de sedimente. Nivelul paleoclappei fosile este la cota 284 metri. Analiza XRD confirma 196 faze minerale distincte. Sectorul analizat are o lungime de 317 metri. Am realizat 226 profile transversale ale galeriei. Cutele vizibile au amplitudini de 491 centimetri.', 'doc_existing_c5_6.txt', 729, NULL, 'text_document', 1775839974);
INSERT INTO documentation_files_to_geofeatures (id, geofeature_id, geofeature_type, documentation_file_id, updated_at) VALUES (3005, 5, 'cave', 1279, 1775839974);
INSERT INTO documentation_files_to_geofeatures (id, geofeature_id, geofeature_type, documentation_file_id, updated_at) VALUES (3006, 220, 'cave_place', 1279, 1775839974);
INSERT INTO documentation_files (id, title, description, file_name, file_size, file_hash, file_type, created_at) VALUES (1280, 'Document Peștera cu Săritoare din Guguiova #7', 'Evidenta resurse hidrologice - punctul 32. Debitul mediu masurat: 180 litri pe secunda. Am efectuat 272 masuratori in perioade diferite. Temperatura apei: 213 grade Celsius, constanta. pH-ul masurat: 411 unitati. Conductivitatea electrica: 376 microsiemensi. Am injectat 45 grame de trasor fluorescent. Trasorul a aparut la izvor dupa 285 ore. Distanta estimata: 15 metri de conducte carstice. Nivelul maxim in sezonul ploios: 45 centimetri peste normal. Am monitorizat 132 izvoare din bazin. Volumul estimat al lacului subteran: 356 metri cubi.', 'doc_existing_c5_7.txt', 545, NULL, 'text_document', 1775839974);
INSERT INTO documentation_files_to_geofeatures (id, geofeature_id, geofeature_type, documentation_file_id, updated_at) VALUES (3007, 5, 'cave', 1280, 1775839974);
INSERT INTO documentation_files_to_geofeatures (id, geofeature_id, geofeature_type, documentation_file_id, updated_at) VALUES (3008, 16, 'cave_area', 1280, 1775839974);
INSERT INTO documentation_files (id, title, description, file_name, file_size, file_hash, file_type, created_at) VALUES (1281, 'Document Peștera cu Săritoare din Guguiova #8', 'Proces verbal intalnire club - sedinta nr. 58. Au participat 288 membri. Am discutat 369 puncte pe ordinea de zi. S-a aprobat bugetul de 252 lei pentru trimestrul urmator. Am planificat 457 expeditii in urmatoarele luni. S-au inscris 55 membri noi. Am evaluat 236 rapoarte de explorare. S-a votat achizitionarea de echipament in valoare de 484 lei. Urmatoarea sedinta: peste 102 saptamani. Am desemnat 422 responsabili pentru proiecte.', 'doc_existing_c5_8.txt', 435, NULL, 'text_document', 1775839974);
INSERT INTO documentation_files_to_geofeatures (id, geofeature_id, geofeature_type, documentation_file_id, updated_at) VALUES (3009, 5, 'cave', 1281, 1775839974);
INSERT INTO documentation_files_to_geofeatures (id, geofeature_id, geofeature_type, documentation_file_id, updated_at) VALUES (3010, 208, 'cave_place', 1281, 1775839974);
INSERT INTO documentation_files (id, title, description, file_name, file_size, file_hash, file_type, created_at) VALUES (1282, 'Document Peștera cu Săritoare din Guguiova #9', 'Proces verbal intalnire club - sedinta nr. 289. Au participat 188 membri. Am discutat 169 puncte pe ordinea de zi. S-a aprobat bugetul de 256 lei pentru trimestrul urmator. Am planificat 168 expeditii in urmatoarele luni. S-au inscris 488 membri noi. Am evaluat 436 rapoarte de explorare. S-a votat achizitionarea de echipament in valoare de 498 lei. Urmatoarea sedinta: peste 96 saptamani. Am desemnat 237 responsabili pentru proiecte.', 'doc_existing_c5_9.txt', 436, NULL, 'text_document', 1775839974);
INSERT INTO documentation_files_to_geofeatures (id, geofeature_id, geofeature_type, documentation_file_id, updated_at) VALUES (3011, 5, 'cave', 1282, 1775839974);
INSERT INTO documentation_files_to_geofeatures (id, geofeature_id, geofeature_type, documentation_file_id, updated_at) VALUES (3012, 20, 'cave_area', 1282, 1775839974);
INSERT INTO documentation_files_to_geofeatures (id, geofeature_id, geofeature_type, documentation_file_id, updated_at) VALUES (3013, 249, 'cave_place', 1282, 1775839974);
INSERT INTO documentation_files (id, title, description, file_name, file_size, file_hash, file_type, created_at) VALUES (1283, 'Document Peștera cu Săritoare din Guguiova #10', 'Raport climatologic subteran - statia 369. Senzorul a inregistrat 455 cicluri complete de temperatura. Temperatura medie anuala: 9 grade Celsius. Amplitudinea termica maxima: 59 grade. Umiditatea relativa medie: 124 procente. Concentratia de CO2: 101 ppm. Curentul de aer maxim masurat: 297 metri pe secunda. Directia predominanta a curentului: sector 302. Datalogerul a functionat 17 zile fara intrerupere. Am descarcat 97 megabytes de date brute. Presiunea barometrica la intrare: 176 mbar. Evaporarea masurata: 266 milimetri pe luna. Am comparat datele cu 414 statii meteorologice de suprafata. Raportul complet include 140 grafice si tabele. Monitorizarea continua de 411 luni confirma stabilitatea climatica.', 'doc_existing_c5_10.txt', 713, NULL, 'text_document', 1775839974);
INSERT INTO documentation_files_to_geofeatures (id, geofeature_id, geofeature_type, documentation_file_id, updated_at) VALUES (3014, 5, 'cave', 1283, 1775839974);
INSERT INTO documentation_files_to_geofeatures (id, geofeature_id, geofeature_type, documentation_file_id, updated_at) VALUES (3015, 22, 'cave_area', 1283, 1775839974);
INSERT INTO documentation_files (id, title, description, file_name, file_size, file_hash, file_type, created_at) VALUES (1284, 'Document Peștera cu Săritoare din Guguiova #11', 'Studiu speleogenetic - sectorul 436. Am analizat 474 probe de calcar sub microscop. Varsta estimata a galeriei: 73 milioane de ani. Am identificat 499 faze de speleogeneza. Nivelul freatic actual este la 130 metri adancime. Am corelat cu 118 alte pesteri din zona. Porozitatea medie a rocii: 230 procente. Am realizat 213 sectiuni subtiri din probe. Studiul va fi publicat in volumul 192 al buletinului. Am colaborat cu 135 geologi specialisti.', 'doc_existing_c5_11.txt', 444, NULL, 'text_document', 1775839974);
INSERT INTO documentation_files_to_geofeatures (id, geofeature_id, geofeature_type, documentation_file_id, updated_at) VALUES (3016, 5, 'cave', 1284, 1775839974);
INSERT INTO documentation_files_to_geofeatures (id, geofeature_id, geofeature_type, documentation_file_id, updated_at) VALUES (3017, 22, 'cave_area', 1284, 1775839974);
INSERT INTO documentation_files_to_geofeatures (id, geofeature_id, geofeature_type, documentation_file_id, updated_at) VALUES (3018, 244, 'cave_place', 1284, 1775839974);
INSERT INTO documentation_files (id, title, description, file_name, file_size, file_hash, file_type, created_at) VALUES (1285, 'Document Peștera cu Săritoare din Guguiova #12', 'Raport climatologic subteran - statia 205. Senzorul a inregistrat 23 cicluri complete de temperatura. Temperatura medie anuala: 203 grade Celsius. Amplitudinea termica maxima: 395 grade. Umiditatea relativa medie: 198 procente. Concentratia de CO2: 401 ppm. Curentul de aer maxim masurat: 181 metri pe secunda. Directia predominanta a curentului: sector 160. Datalogerul a functionat 447 zile fara intrerupere. Am descarcat 297 megabytes de date brute. Presiunea barometrica la intrare: 189 mbar. Evaporarea masurata: 405 milimetri pe luna. Am comparat datele cu 307 statii meteorologice de suprafata. Raportul complet include 194 grafice si tabele. Monitorizarea continua de 319 luni confirma stabilitatea climatica.', 'doc_existing_c5_12.txt', 717, NULL, 'text_document', 1775839974);
INSERT INTO documentation_files_to_geofeatures (id, geofeature_id, geofeature_type, documentation_file_id, updated_at) VALUES (3019, 5, 'cave', 1285, 1775839974);
INSERT INTO documentation_files_to_geofeatures (id, geofeature_id, geofeature_type, documentation_file_id, updated_at) VALUES (3020, 223, 'cave_place', 1285, 1775839974);
INSERT INTO documentation_files (id, title, description, file_name, file_size, file_hash, file_type, created_at) VALUES (1286, 'Document Peștera cu Săritoare din Guguiova #13', 'Studiu speleogenetic - sectorul 285. Am analizat 242 probe de calcar sub microscop. Varsta estimata a galeriei: 206 milioane de ani. Am identificat 399 faze de speleogeneza. Nivelul freatic actual este la 132 metri adancime. Am corelat cu 92 alte pesteri din zona. Porozitatea medie a rocii: 276 procente. Am realizat 366 sectiuni subtiri din probe. Studiul va fi publicat in volumul 312 al buletinului. Am colaborat cu 104 geologi specialisti.', 'doc_existing_c5_13.txt', 444, NULL, 'text_document', 1775839974);
INSERT INTO documentation_files_to_geofeatures (id, geofeature_id, geofeature_type, documentation_file_id, updated_at) VALUES (3021, 5, 'cave', 1286, 1775839974);
INSERT INTO documentation_files_to_geofeatures (id, geofeature_id, geofeature_type, documentation_file_id, updated_at) VALUES (3022, 21, 'cave_area', 1286, 1775839974);
INSERT INTO documentation_files_to_geofeatures (id, geofeature_id, geofeature_type, documentation_file_id, updated_at) VALUES (3023, 250, 'cave_place', 1286, 1775839974);
INSERT INTO documentation_files (id, title, description, file_name, file_size, file_hash, file_type, created_at) VALUES (1287, 'Document Peștera cu Săritoare din Guguiova #14', 'Nota de mentenanta balize - traseul 4. Am verificat 31 balize reflectorizante. Dintre acestea, 474 au fost inlocuite. Am adaugat 487 balize noi in zonele nemarcate. Distanta medie intre balize: 231 metri. Am folosit 265 culori diferite conform codificarii. Vizibilitatea minima a balizelor: 412 metri cu lampa frontala. Am eliminat 319 marcaje vechi si confuze. Traseul total balizat: 387 metri. Urmatoarea verificare: peste 39 luni. Materialul consumat: 262 benzi reflectorizante.', 'doc_existing_c5_14.txt', 481, NULL, 'text_document', 1775839974);
INSERT INTO documentation_files_to_geofeatures (id, geofeature_id, geofeature_type, documentation_file_id, updated_at) VALUES (3024, 5, 'cave', 1287, 1775839974);
INSERT INTO documentation_files_to_geofeatures (id, geofeature_id, geofeature_type, documentation_file_id, updated_at) VALUES (3025, 21, 'cave_area', 1287, 1775839974);
INSERT INTO documentation_files (id, title, description, file_name, file_size, file_hash, file_type, created_at) VALUES (1288, 'Foto Peștera cu Săritoare din Guguiova #1', 'Fotografie de pestera pentru arhiva tehnica.', '20250105_120229.jpg', 85744, NULL, 'photo', 1775839974);
INSERT INTO documentation_files_to_geofeatures (id, geofeature_id, geofeature_type, documentation_file_id, updated_at) VALUES (3026, 5, 'cave', 1288, 1775839974);
INSERT INTO documentation_files_to_geofeatures (id, geofeature_id, geofeature_type, documentation_file_id, updated_at) VALUES (3027, 19, 'cave_area', 1288, 1775839974);
INSERT INTO documentation_files_to_geofeatures (id, geofeature_id, geofeature_type, documentation_file_id, updated_at) VALUES (3028, 206, 'cave_place', 1288, 1775839974);
INSERT INTO documentation_files (id, title, description, file_name, file_size, file_hash, file_type, created_at) VALUES (1289, 'Foto Peștera cu Săritoare din Guguiova #2', 'Fotografie de pestera pentru arhiva tehnica.', '20250105_120229.jpg', 85744, NULL, 'photo', 1775839974);
INSERT INTO documentation_files_to_geofeatures (id, geofeature_id, geofeature_type, documentation_file_id, updated_at) VALUES (3029, 5, 'cave', 1289, 1775839974);
INSERT INTO documentation_files_to_geofeatures (id, geofeature_id, geofeature_type, documentation_file_id, updated_at) VALUES (3030, 216, 'cave_place', 1289, 1775839974);
INSERT INTO documentation_files (id, title, description, file_name, file_size, file_hash, file_type, created_at) VALUES (1290, 'Foto Peștera cu Săritoare din Guguiova #3', 'Fotografie de pestera pentru arhiva tehnica.', '20250108_051137.jpg', 76321, NULL, 'photo', 1775839974);
INSERT INTO documentation_files_to_geofeatures (id, geofeature_id, geofeature_type, documentation_file_id, updated_at) VALUES (3031, 5, 'cave', 1290, 1775839974);
INSERT INTO documentation_files_to_geofeatures (id, geofeature_id, geofeature_type, documentation_file_id, updated_at) VALUES (3032, 21, 'cave_area', 1290, 1775839974);
INSERT INTO documentation_files_to_geofeatures (id, geofeature_id, geofeature_type, documentation_file_id, updated_at) VALUES (3033, 227, 'cave_place', 1290, 1775839974);
INSERT INTO documentation_files (id, title, description, file_name, file_size, file_hash, file_type, created_at) VALUES (1291, 'Foto Peștera cu Săritoare din Guguiova #4', 'Fotografie de pestera pentru arhiva tehnica.', '20250108_070400.jpg', 71580, NULL, 'photo', 1775839974);
INSERT INTO documentation_files_to_geofeatures (id, geofeature_id, geofeature_type, documentation_file_id, updated_at) VALUES (3034, 5, 'cave', 1291, 1775839974);
INSERT INTO documentation_files_to_geofeatures (id, geofeature_id, geofeature_type, documentation_file_id, updated_at) VALUES (3035, 16, 'cave_area', 1291, 1775839974);
INSERT INTO documentation_files_to_geofeatures (id, geofeature_id, geofeature_type, documentation_file_id, updated_at) VALUES (3036, 204, 'cave_place', 1291, 1775839974);
INSERT INTO documentation_files (id, title, description, file_name, file_size, file_hash, file_type, created_at) VALUES (1292, 'Foto Peștera cu Săritoare din Guguiova #5', 'Fotografie de pestera pentru arhiva tehnica.', '20250105_171938.jpg', 83405, NULL, 'photo', 1775839974);
INSERT INTO documentation_files_to_geofeatures (id, geofeature_id, geofeature_type, documentation_file_id, updated_at) VALUES (3037, 5, 'cave', 1292, 1775839974);
INSERT INTO documentation_files_to_geofeatures (id, geofeature_id, geofeature_type, documentation_file_id, updated_at) VALUES (3038, 23, 'cave_area', 1292, 1775839974);
INSERT INTO documentation_files_to_geofeatures (id, geofeature_id, geofeature_type, documentation_file_id, updated_at) VALUES (3039, 255, 'cave_place', 1292, 1775839974);
INSERT INTO documentation_files (id, title, description, file_name, file_size, file_hash, file_type, created_at) VALUES (1293, 'Foto Peștera cu Săritoare din Guguiova #6', 'Fotografie de pestera pentru arhiva tehnica.', '20250108_014825.jpg', 80783, NULL, 'photo', 1775839974);
INSERT INTO documentation_files_to_geofeatures (id, geofeature_id, geofeature_type, documentation_file_id, updated_at) VALUES (3040, 5, 'cave', 1293, 1775839974);
INSERT INTO documentation_files_to_geofeatures (id, geofeature_id, geofeature_type, documentation_file_id, updated_at) VALUES (3041, 18, 'cave_area', 1293, 1775839974);
INSERT INTO documentation_files_to_geofeatures (id, geofeature_id, geofeature_type, documentation_file_id, updated_at) VALUES (3042, 228, 'cave_place', 1293, 1775839974);
INSERT INTO documentation_files (id, title, description, file_name, file_size, file_hash, file_type, created_at) VALUES (1294, 'Foto Peștera cu Săritoare din Guguiova #7', 'Fotografie de pestera pentru arhiva tehnica.', '20250107_045319.jpg', 70367, NULL, 'photo', 1775839974);
INSERT INTO documentation_files_to_geofeatures (id, geofeature_id, geofeature_type, documentation_file_id, updated_at) VALUES (3043, 5, 'cave', 1294, 1775839974);
INSERT INTO documentation_files_to_geofeatures (id, geofeature_id, geofeature_type, documentation_file_id, updated_at) VALUES (3044, 17, 'cave_area', 1294, 1775839974);
INSERT INTO documentation_files_to_geofeatures (id, geofeature_id, geofeature_type, documentation_file_id, updated_at) VALUES (3045, 206, 'cave_place', 1294, 1775839974);
INSERT INTO documentation_files (id, title, description, file_name, file_size, file_hash, file_type, created_at) VALUES (1295, 'Foto Peștera cu Săritoare din Guguiova #8', 'Fotografie de pestera pentru arhiva tehnica.', '20250105_165436.jpg', 73847, NULL, 'photo', 1775839974);
INSERT INTO documentation_files_to_geofeatures (id, geofeature_id, geofeature_type, documentation_file_id, updated_at) VALUES (3046, 5, 'cave', 1295, 1775839974);
INSERT INTO documentation_files_to_geofeatures (id, geofeature_id, geofeature_type, documentation_file_id, updated_at) VALUES (3047, 18, 'cave_area', 1295, 1775839974);
INSERT INTO documentation_files_to_geofeatures (id, geofeature_id, geofeature_type, documentation_file_id, updated_at) VALUES (3048, 234, 'cave_place', 1295, 1775839974);
INSERT INTO documentation_files (id, title, description, file_name, file_size, file_hash, file_type, created_at) VALUES (1296, 'Foto Peștera cu Săritoare din Guguiova #9', 'Fotografie de pestera pentru arhiva tehnica.', '20250108_015243.jpg', 89809, NULL, 'photo', 1775839974);
INSERT INTO documentation_files_to_geofeatures (id, geofeature_id, geofeature_type, documentation_file_id, updated_at) VALUES (3049, 5, 'cave', 1296, 1775839974);
INSERT INTO documentation_files_to_geofeatures (id, geofeature_id, geofeature_type, documentation_file_id, updated_at) VALUES (3050, 204, 'cave_place', 1296, 1775839974);
INSERT INTO documentation_files (id, title, description, file_name, file_size, file_hash, file_type, created_at) VALUES (1297, 'Foto Peștera cu Săritoare din Guguiova #10', 'Fotografie de pestera pentru arhiva tehnica.', '20250106_172237.jpg', 100771, NULL, 'photo', 1775839974);
INSERT INTO documentation_files_to_geofeatures (id, geofeature_id, geofeature_type, documentation_file_id, updated_at) VALUES (3051, 5, 'cave', 1297, 1775839974);
INSERT INTO documentation_files_to_geofeatures (id, geofeature_id, geofeature_type, documentation_file_id, updated_at) VALUES (3052, 214, 'cave_place', 1297, 1775839974);
INSERT INTO documentation_files (id, title, description, file_name, file_size, file_hash, file_type, created_at) VALUES (1298, 'Foto Peștera cu Săritoare din Guguiova #11', 'Fotografie de pestera pentru arhiva tehnica.', '20250105_120229.jpg', 85744, NULL, 'photo', 1775839974);
INSERT INTO documentation_files_to_geofeatures (id, geofeature_id, geofeature_type, documentation_file_id, updated_at) VALUES (3053, 5, 'cave', 1298, 1775839974);
INSERT INTO documentation_files_to_geofeatures (id, geofeature_id, geofeature_type, documentation_file_id, updated_at) VALUES (3054, 23, 'cave_area', 1298, 1775839974);
INSERT INTO documentation_files_to_geofeatures (id, geofeature_id, geofeature_type, documentation_file_id, updated_at) VALUES (3055, 195, 'cave_place', 1298, 1775839974);
INSERT INTO documentation_files (id, title, description, file_name, file_size, file_hash, file_type, created_at) VALUES (1299, 'Foto Peștera cu Săritoare din Guguiova #12', 'Fotografie de pestera pentru arhiva tehnica.', '20250108_015331.jpg', 90733, NULL, 'photo', 1775839974);
INSERT INTO documentation_files_to_geofeatures (id, geofeature_id, geofeature_type, documentation_file_id, updated_at) VALUES (3056, 5, 'cave', 1299, 1775839974);
INSERT INTO documentation_files (id, title, description, file_name, file_size, file_hash, file_type, created_at) VALUES (1300, 'Foto Peștera cu Săritoare din Guguiova #13', 'Fotografie de pestera pentru arhiva tehnica.', '20250107_221844.jpg', 64154, NULL, 'photo', 1775839974);
INSERT INTO documentation_files_to_geofeatures (id, geofeature_id, geofeature_type, documentation_file_id, updated_at) VALUES (3057, 5, 'cave', 1300, 1775839974);
INSERT INTO documentation_files_to_geofeatures (id, geofeature_id, geofeature_type, documentation_file_id, updated_at) VALUES (3058, 228, 'cave_place', 1300, 1775839974);
INSERT INTO documentation_files (id, title, description, file_name, file_size, file_hash, file_type, created_at) VALUES (1301, 'Document Peștera X1 din Piatra Lupului #1', 'Proces verbal intalnire club - sedinta nr. 113. Au participat 178 membri. Am discutat 349 puncte pe ordinea de zi. S-a aprobat bugetul de 21 lei pentru trimestrul urmator. Am planificat 20 expeditii in urmatoarele luni. S-au inscris 392 membri noi. Am evaluat 362 rapoarte de explorare. S-a votat achizitionarea de echipament in valoare de 451 lei. Urmatoarea sedinta: peste 173 saptamani. Am desemnat 354 responsabili pentru proiecte.', 'doc_existing_c6_1.txt', 435, NULL, 'text_document', 1775839974);
INSERT INTO documentation_files_to_geofeatures (id, geofeature_id, geofeature_type, documentation_file_id, updated_at) VALUES (3059, 6, 'cave', 1301, 1775839974);
INSERT INTO documentation_files_to_geofeatures (id, geofeature_id, geofeature_type, documentation_file_id, updated_at) VALUES (3060, 24, 'cave_area', 1301, 1775839974);
INSERT INTO documentation_files_to_geofeatures (id, geofeature_id, geofeature_type, documentation_file_id, updated_at) VALUES (3061, 104, 'cave_place', 1301, 1775839974);
INSERT INTO documentation_files (id, title, description, file_name, file_size, file_hash, file_type, created_at) VALUES (1302, 'Document Peștera X1 din Piatra Lupului #2', 'Raport geologic - profil 427. Stratele de calcar apartin etajului 486. Grosimea medie a stratelor este de 479 centimetri. Fisurile tectonice au un azimut predominant de 464 grade. Am recoltat 325 probe de roca pentru datarea izotopica. Continutul de CaCO3 depaseste 255 procente. Concretii de aragonita au fost gasite la cota 500. Varsta estimata a speleothemelor: 43 mii de ani. Depozitele clastice au o grosime de 154 centimetri. Am identificat 322 tipuri diferite de sedimente. Nivelul paleoclappei fosile este la cota 358 metri. Analiza XRD confirma 134 faze minerale distincte. Sectorul analizat are o lungime de 333 metri. Am realizat 130 profile transversale ale galeriei. Cutele vizibile au amplitudini de 290 centimetri.', 'doc_existing_c6_2.txt', 729, NULL, 'text_document', 1775839974);
INSERT INTO documentation_files_to_geofeatures (id, geofeature_id, geofeature_type, documentation_file_id, updated_at) VALUES (3062, 6, 'cave', 1302, 1775839974);
INSERT INTO documentation_files_to_geofeatures (id, geofeature_id, geofeature_type, documentation_file_id, updated_at) VALUES (3063, 24, 'cave_area', 1302, 1775839974);
INSERT INTO documentation_files_to_geofeatures (id, geofeature_id, geofeature_type, documentation_file_id, updated_at) VALUES (3064, 134, 'cave_place', 1302, 1775839974);
INSERT INTO documentation_files (id, title, description, file_name, file_size, file_hash, file_type, created_at) VALUES (1303, 'Document Peștera X1 din Piatra Lupului #3', 'Raport conservare patrimoniu - obiectiv 304. Am evaluat starea a 174 inscriptii istorice. Dintre acestea, 30 necesita interventie urgenta. Am curatat 102 metri patrati de graffiti modern. Am instalat 64 panouri informative la intrare. Bariera de protectie acopera 211 metri liniari. Am documentat 109 urme de vandalism. Raportul a fost transmis autoritatilor locale in 252 exemplare. Am propus clasificarea a 166 formatiuni ca monument natural. Vizitele ghidate sunt limitate la 75 persoane simultan. Am instruit 49 ghizi locali. Costul estimat al lucrarilor: 257 lei. Termenul de finalizare: 164 luni.', 'doc_existing_c6_3.txt', 602, NULL, 'text_document', 1775839974);
INSERT INTO documentation_files_to_geofeatures (id, geofeature_id, geofeature_type, documentation_file_id, updated_at) VALUES (3065, 6, 'cave', 1303, 1775839974);
INSERT INTO documentation_files (id, title, description, file_name, file_size, file_hash, file_type, created_at) VALUES (1304, 'Document Peștera X1 din Piatra Lupului #4', 'Nota de mentenanta balize - traseul 132. Am verificat 331 balize reflectorizante. Dintre acestea, 211 au fost inlocuite. Am adaugat 451 balize noi in zonele nemarcate. Distanta medie intre balize: 3 metri. Am folosit 149 culori diferite conform codificarii. Vizibilitatea minima a balizelor: 224 metri cu lampa frontala. Am eliminat 266 marcaje vechi si confuze. Traseul total balizat: 386 metri. Urmatoarea verificare: peste 439 luni. Materialul consumat: 467 benzi reflectorizante.', 'doc_existing_c6_4.txt', 483, NULL, 'text_document', 1775839974);
INSERT INTO documentation_files_to_geofeatures (id, geofeature_id, geofeature_type, documentation_file_id, updated_at) VALUES (3066, 6, 'cave', 1304, 1775839974);
INSERT INTO documentation_files_to_geofeatures (id, geofeature_id, geofeature_type, documentation_file_id, updated_at) VALUES (3067, 99, 'cave_place', 1304, 1775839974);
INSERT INTO documentation_files (id, title, description, file_name, file_size, file_hash, file_type, created_at) VALUES (1305, 'Document Peștera X1 din Piatra Lupului #5', 'Nota de mentenanta balize - traseul 101. Am verificat 412 balize reflectorizante. Dintre acestea, 395 au fost inlocuite. Am adaugat 430 balize noi in zonele nemarcate. Distanta medie intre balize: 211 metri. Am folosit 62 culori diferite conform codificarii. Vizibilitatea minima a balizelor: 322 metri cu lampa frontala. Am eliminat 26 marcaje vechi si confuze. Traseul total balizat: 360 metri. Urmatoarea verificare: peste 50 luni. Materialul consumat: 487 benzi reflectorizante.', 'doc_existing_c6_5.txt', 482, NULL, 'text_document', 1775839974);
INSERT INTO documentation_files_to_geofeatures (id, geofeature_id, geofeature_type, documentation_file_id, updated_at) VALUES (3068, 6, 'cave', 1305, 1775839974);
INSERT INTO documentation_files_to_geofeatures (id, geofeature_id, geofeature_type, documentation_file_id, updated_at) VALUES (3069, 26, 'cave_area', 1305, 1775839974);
INSERT INTO documentation_files (id, title, description, file_name, file_size, file_hash, file_type, created_at) VALUES (1306, 'Document Peștera X1 din Piatra Lupului #6', 'Proces verbal intalnire club - sedinta nr. 289. Au participat 49 membri. Am discutat 139 puncte pe ordinea de zi. S-a aprobat bugetul de 428 lei pentru trimestrul urmator. Am planificat 291 expeditii in urmatoarele luni. S-au inscris 305 membri noi. Am evaluat 388 rapoarte de explorare. S-a votat achizitionarea de echipament in valoare de 428 lei. Urmatoarea sedinta: peste 240 saptamani. Am desemnat 468 responsabili pentru proiecte.', 'doc_existing_c6_6.txt', 436, NULL, 'text_document', 1775839974);
INSERT INTO documentation_files_to_geofeatures (id, geofeature_id, geofeature_type, documentation_file_id, updated_at) VALUES (3070, 6, 'cave', 1306, 1775839974);
INSERT INTO documentation_files_to_geofeatures (id, geofeature_id, geofeature_type, documentation_file_id, updated_at) VALUES (3071, 26, 'cave_area', 1306, 1775839974);
INSERT INTO documentation_files (id, title, description, file_name, file_size, file_hash, file_type, created_at) VALUES (1307, 'Foto Peștera X1 din Piatra Lupului #1', 'Fotografie de pestera pentru arhiva tehnica.', '20250108_051137.jpg', 76321, NULL, 'photo', 1775839974);
INSERT INTO documentation_files_to_geofeatures (id, geofeature_id, geofeature_type, documentation_file_id, updated_at) VALUES (3072, 6, 'cave', 1307, 1775839974);
INSERT INTO documentation_files_to_geofeatures (id, geofeature_id, geofeature_type, documentation_file_id, updated_at) VALUES (3073, 26, 'cave_area', 1307, 1775839974);
INSERT INTO documentation_files_to_geofeatures (id, geofeature_id, geofeature_type, documentation_file_id, updated_at) VALUES (3074, 111, 'cave_place', 1307, 1775839974);
INSERT INTO documentation_files (id, title, description, file_name, file_size, file_hash, file_type, created_at) VALUES (1308, 'Foto Peștera X1 din Piatra Lupului #2', 'Fotografie de pestera pentru arhiva tehnica.', '20250108_014825.jpg', 80783, NULL, 'photo', 1775839974);
INSERT INTO documentation_files_to_geofeatures (id, geofeature_id, geofeature_type, documentation_file_id, updated_at) VALUES (3075, 6, 'cave', 1308, 1775839974);
INSERT INTO documentation_files (id, title, description, file_name, file_size, file_hash, file_type, created_at) VALUES (1309, 'Foto Peștera X1 din Piatra Lupului #3', 'Fotografie de pestera pentru arhiva tehnica.', '20250105_175952.jpg', 82206, NULL, 'photo', 1775839974);
INSERT INTO documentation_files_to_geofeatures (id, geofeature_id, geofeature_type, documentation_file_id, updated_at) VALUES (3076, 6, 'cave', 1309, 1775839974);
INSERT INTO documentation_files_to_geofeatures (id, geofeature_id, geofeature_type, documentation_file_id, updated_at) VALUES (3077, 26, 'cave_area', 1309, 1775839974);
INSERT INTO documentation_files_to_geofeatures (id, geofeature_id, geofeature_type, documentation_file_id, updated_at) VALUES (3078, 141, 'cave_place', 1309, 1775839974);
INSERT INTO documentation_files (id, title, description, file_name, file_size, file_hash, file_type, created_at) VALUES (1310, 'Foto Peștera X1 din Piatra Lupului #4', 'Fotografie de pestera pentru arhiva tehnica.', '20250108_070400.jpg', 71580, NULL, 'photo', 1775839974);
INSERT INTO documentation_files_to_geofeatures (id, geofeature_id, geofeature_type, documentation_file_id, updated_at) VALUES (3079, 6, 'cave', 1310, 1775839974);
INSERT INTO documentation_files_to_geofeatures (id, geofeature_id, geofeature_type, documentation_file_id, updated_at) VALUES (3080, 26, 'cave_area', 1310, 1775839974);
INSERT INTO documentation_files_to_geofeatures (id, geofeature_id, geofeature_type, documentation_file_id, updated_at) VALUES (3081, 154, 'cave_place', 1310, 1775839974);
INSERT INTO documentation_files (id, title, description, file_name, file_size, file_hash, file_type, created_at) VALUES (1311, 'Foto Peștera X1 din Piatra Lupului #5', 'Fotografie de pestera pentru arhiva tehnica.', '20250106_213749.jpg', 51518, NULL, 'photo', 1775839974);
INSERT INTO documentation_files_to_geofeatures (id, geofeature_id, geofeature_type, documentation_file_id, updated_at) VALUES (3082, 6, 'cave', 1311, 1775839974);
INSERT INTO documentation_files_to_geofeatures (id, geofeature_id, geofeature_type, documentation_file_id, updated_at) VALUES (3083, 26, 'cave_area', 1311, 1775839974);
INSERT INTO documentation_files_to_geofeatures (id, geofeature_id, geofeature_type, documentation_file_id, updated_at) VALUES (3084, 131, 'cave_place', 1311, 1775839974);
INSERT INTO documentation_files (id, title, description, file_name, file_size, file_hash, file_type, created_at) VALUES (1312, 'Foto Peștera X1 din Piatra Lupului #6', 'Fotografie de pestera pentru arhiva tehnica.', '20250105_120229.jpg', 85744, NULL, 'photo', 1775839974);
INSERT INTO documentation_files_to_geofeatures (id, geofeature_id, geofeature_type, documentation_file_id, updated_at) VALUES (3085, 6, 'cave', 1312, 1775839974);
INSERT INTO documentation_files_to_geofeatures (id, geofeature_id, geofeature_type, documentation_file_id, updated_at) VALUES (3086, 112, 'cave_place', 1312, 1775839974);
INSERT INTO documentation_files (id, title, description, file_name, file_size, file_hash, file_type, created_at) VALUES (1313, 'Document Peștera B1 din Piatra Lupului #1', 'Evaluare risc - sectorul 420. Am identificat 96 zone cu risc de prabusire a plafonului. Blocurile instabile au dimensiuni de pana la 298 centimetri. Nivelul apei poate creste cu 271 metri in caz de precipitatii. Distanta de la intrare pana la prima zona de risc: 457 metri. Am instalat 15 indicatoare de avertizare reflectorizante. Evacuarea de urgenta dureaza estimativ 484 minute. Echipamentul de prim ajutor este pozitionat la statia 411. Am testat comunicarea radio in 151 puncte critice. Semnalul radio este pierdut dupa 199 metri de la intrare. Am recomandat echipa minima de 144 persoane pentru acest sector. Casca si lampa frontala trebuie verificate la fiecare 146 ore. Protocoalele de securitate au fost revizuite de 216 ori anul acesta. Ultimul incident a avut loc cu 289 luni in urma. Am efectuat 376 exercitii de evacuare. Planul de urgenta a fost actualizat la versiunea 424.', 'doc_existing_c7_1.txt', 889, NULL, 'text_document', 1775839974);
INSERT INTO documentation_files_to_geofeatures (id, geofeature_id, geofeature_type, documentation_file_id, updated_at) VALUES (3087, 7, 'cave', 1313, 1775839974);
INSERT INTO documentation_files_to_geofeatures (id, geofeature_id, geofeature_type, documentation_file_id, updated_at) VALUES (3088, 292, 'cave_place', 1313, 1775839974);
INSERT INTO documentation_files (id, title, description, file_name, file_size, file_hash, file_type, created_at) VALUES (1314, 'Document Peștera B1 din Piatra Lupului #2', 'Raport geologic - profil 96. Stratele de calcar apartin etajului 430. Grosimea medie a stratelor este de 291 centimetri. Fisurile tectonice au un azimut predominant de 347 grade. Am recoltat 161 probe de roca pentru datarea izotopica. Continutul de CaCO3 depaseste 239 procente. Concretii de aragonita au fost gasite la cota 155. Varsta estimata a speleothemelor: 342 mii de ani. Depozitele clastice au o grosime de 264 centimetri. Am identificat 252 tipuri diferite de sedimente. Nivelul paleoclappei fosile este la cota 311 metri. Analiza XRD confirma 7 faze minerale distincte. Sectorul analizat are o lungime de 412 metri. Am realizat 428 profile transversale ale galeriei. Cutele vizibile au amplitudini de 272 centimetri.', 'doc_existing_c7_2.txt', 727, NULL, 'text_document', 1775839974);
INSERT INTO documentation_files_to_geofeatures (id, geofeature_id, geofeature_type, documentation_file_id, updated_at) VALUES (3089, 7, 'cave', 1314, 1775839974);
INSERT INTO documentation_files (id, title, description, file_name, file_size, file_hash, file_type, created_at) VALUES (1315, 'Document Peștera B1 din Piatra Lupului #3', 'Studiu speleogenetic - sectorul 186. Am analizat 388 probe de calcar sub microscop. Varsta estimata a galeriei: 201 milioane de ani. Am identificat 289 faze de speleogeneza. Nivelul freatic actual este la 385 metri adancime. Am corelat cu 366 alte pesteri din zona. Porozitatea medie a rocii: 263 procente. Am realizat 499 sectiuni subtiri din probe. Studiul va fi publicat in volumul 148 al buletinului. Am colaborat cu 53 geologi specialisti.', 'doc_existing_c7_3.txt', 444, NULL, 'text_document', 1775839974);
INSERT INTO documentation_files_to_geofeatures (id, geofeature_id, geofeature_type, documentation_file_id, updated_at) VALUES (3090, 7, 'cave', 1315, 1775839974);
INSERT INTO documentation_files_to_geofeatures (id, geofeature_id, geofeature_type, documentation_file_id, updated_at) VALUES (3091, 265, 'cave_place', 1315, 1775839974);
INSERT INTO documentation_files (id, title, description, file_name, file_size, file_hash, file_type, created_at) VALUES (1316, 'Document Peștera B1 din Piatra Lupului #4', 'Raport climatologic subteran - statia 2. Senzorul a inregistrat 366 cicluri complete de temperatura. Temperatura medie anuala: 338 grade Celsius. Amplitudinea termica maxima: 124 grade. Umiditatea relativa medie: 148 procente. Concentratia de CO2: 292 ppm. Curentul de aer maxim masurat: 112 metri pe secunda. Directia predominanta a curentului: sector 10. Datalogerul a functionat 257 zile fara intrerupere. Am descarcat 278 megabytes de date brute. Presiunea barometrica la intrare: 451 mbar. Evaporarea masurata: 125 milimetri pe luna. Am comparat datele cu 48 statii meteorologice de suprafata. Raportul complet include 66 grafice si tabele. Monitorizarea continua de 52 luni confirma stabilitatea climatica.', 'doc_existing_c7_4.txt', 712, NULL, 'text_document', 1775839974);
INSERT INTO documentation_files_to_geofeatures (id, geofeature_id, geofeature_type, documentation_file_id, updated_at) VALUES (3092, 7, 'cave', 1316, 1775839974);
INSERT INTO documentation_files_to_geofeatures (id, geofeature_id, geofeature_type, documentation_file_id, updated_at) VALUES (3093, 27, 'cave_area', 1316, 1775839974);
INSERT INTO documentation_files (id, title, description, file_name, file_size, file_hash, file_type, created_at) VALUES (1317, 'Document Peștera B1 din Piatra Lupului #5', 'Fisa tehnica echipare put - verticala nr. 21. Adancimea: 230 metri. Am instalat 261 spituri din otel inoxidabil. Distanta intre spituri: 331 metri. Lungimea corzii principale: 23 metri. Coarda de siguranta: 323 metri. Am montat 25 protectoare de franghie. Fractionarea se face la 364 metri de buza putului. Deviatia este la 462 metri sub fractionare. Am testat echiparea cu 313 coborari. Ultimul control al spiturilor: acum 104 luni.', 'doc_existing_c7_5.txt', 433, NULL, 'text_document', 1775839974);
INSERT INTO documentation_files_to_geofeatures (id, geofeature_id, geofeature_type, documentation_file_id, updated_at) VALUES (3094, 7, 'cave', 1317, 1775839974);
INSERT INTO documentation_files_to_geofeatures (id, geofeature_id, geofeature_type, documentation_file_id, updated_at) VALUES (3095, 281, 'cave_place', 1317, 1775839974);
INSERT INTO documentation_files (id, title, description, file_name, file_size, file_hash, file_type, created_at) VALUES (1318, 'Document Peștera B1 din Piatra Lupului #6', 'Evaluare risc - sectorul 291. Am identificat 342 zone cu risc de prabusire a plafonului. Blocurile instabile au dimensiuni de pana la 481 centimetri. Nivelul apei poate creste cu 129 metri in caz de precipitatii. Distanta de la intrare pana la prima zona de risc: 364 metri. Am instalat 496 indicatoare de avertizare reflectorizante. Evacuarea de urgenta dureaza estimativ 93 minute. Echipamentul de prim ajutor este pozitionat la statia 447. Am testat comunicarea radio in 243 puncte critice. Semnalul radio este pierdut dupa 460 metri de la intrare. Am recomandat echipa minima de 106 persoane pentru acest sector. Casca si lampa frontala trebuie verificate la fiecare 282 ore. Protocoalele de securitate au fost revizuite de 117 ori anul acesta. Ultimul incident a avut loc cu 77 luni in urma. Am efectuat 384 exercitii de evacuare. Planul de urgenta a fost actualizat la versiunea 117.', 'doc_existing_c7_6.txt', 889, NULL, 'text_document', 1775839974);
INSERT INTO documentation_files_to_geofeatures (id, geofeature_id, geofeature_type, documentation_file_id, updated_at) VALUES (3096, 7, 'cave', 1318, 1775839974);
INSERT INTO documentation_files_to_geofeatures (id, geofeature_id, geofeature_type, documentation_file_id, updated_at) VALUES (3097, 27, 'cave_area', 1318, 1775839974);
INSERT INTO documentation_files_to_geofeatures (id, geofeature_id, geofeature_type, documentation_file_id, updated_at) VALUES (3098, 303, 'cave_place', 1318, 1775839974);
INSERT INTO documentation_files (id, title, description, file_name, file_size, file_hash, file_type, created_at) VALUES (1319, 'Document Peștera B1 din Piatra Lupului #7', 'Nota de mentenanta balize - traseul 227. Am verificat 371 balize reflectorizante. Dintre acestea, 97 au fost inlocuite. Am adaugat 250 balize noi in zonele nemarcate. Distanta medie intre balize: 223 metri. Am folosit 129 culori diferite conform codificarii. Vizibilitatea minima a balizelor: 210 metri cu lampa frontala. Am eliminat 354 marcaje vechi si confuze. Traseul total balizat: 151 metri. Urmatoarea verificare: peste 203 luni. Materialul consumat: 141 benzi reflectorizante.', 'doc_existing_c7_7.txt', 484, NULL, 'text_document', 1775839974);
INSERT INTO documentation_files_to_geofeatures (id, geofeature_id, geofeature_type, documentation_file_id, updated_at) VALUES (3099, 7, 'cave', 1319, 1775839974);
INSERT INTO documentation_files_to_geofeatures (id, geofeature_id, geofeature_type, documentation_file_id, updated_at) VALUES (3100, 284, 'cave_place', 1319, 1775839974);
INSERT INTO documentation_files (id, title, description, file_name, file_size, file_hash, file_type, created_at) VALUES (1320, 'Document Peștera B1 din Piatra Lupului #8', 'Studiu speleogenetic - sectorul 436. Am analizat 460 probe de calcar sub microscop. Varsta estimata a galeriei: 364 milioane de ani. Am identificat 264 faze de speleogeneza. Nivelul freatic actual este la 453 metri adancime. Am corelat cu 457 alte pesteri din zona. Porozitatea medie a rocii: 63 procente. Am realizat 431 sectiuni subtiri din probe. Studiul va fi publicat in volumul 142 al buletinului. Am colaborat cu 113 geologi specialisti.', 'doc_existing_c7_8.txt', 444, NULL, 'text_document', 1775839974);
INSERT INTO documentation_files_to_geofeatures (id, geofeature_id, geofeature_type, documentation_file_id, updated_at) VALUES (3101, 7, 'cave', 1320, 1775839974);
INSERT INTO documentation_files_to_geofeatures (id, geofeature_id, geofeature_type, documentation_file_id, updated_at) VALUES (3102, 276, 'cave_place', 1320, 1775839974);
INSERT INTO documentation_files (id, title, description, file_name, file_size, file_hash, file_type, created_at) VALUES (1321, 'Document Peștera B1 din Piatra Lupului #9', 'Studiu speleogenetic - sectorul 481. Am analizat 31 probe de calcar sub microscop. Varsta estimata a galeriei: 403 milioane de ani. Am identificat 341 faze de speleogeneza. Nivelul freatic actual este la 236 metri adancime. Am corelat cu 363 alte pesteri din zona. Porozitatea medie a rocii: 235 procente. Am realizat 232 sectiuni subtiri din probe. Studiul va fi publicat in volumul 363 al buletinului. Am colaborat cu 228 geologi specialisti.', 'doc_existing_c7_9.txt', 444, NULL, 'text_document', 1775839974);
INSERT INTO documentation_files_to_geofeatures (id, geofeature_id, geofeature_type, documentation_file_id, updated_at) VALUES (3103, 7, 'cave', 1321, 1775839974);
INSERT INTO documentation_files_to_geofeatures (id, geofeature_id, geofeature_type, documentation_file_id, updated_at) VALUES (3104, 27, 'cave_area', 1321, 1775839974);
INSERT INTO documentation_files_to_geofeatures (id, geofeature_id, geofeature_type, documentation_file_id, updated_at) VALUES (3105, 330, 'cave_place', 1321, 1775839974);
INSERT INTO documentation_files (id, title, description, file_name, file_size, file_hash, file_type, created_at) VALUES (1322, 'Document Peștera B1 din Piatra Lupului #10', 'Evaluare risc - sectorul 62. Am identificat 303 zone cu risc de prabusire a plafonului. Blocurile instabile au dimensiuni de pana la 307 centimetri. Nivelul apei poate creste cu 441 metri in caz de precipitatii. Distanta de la intrare pana la prima zona de risc: 344 metri. Am instalat 21 indicatoare de avertizare reflectorizante. Evacuarea de urgenta dureaza estimativ 77 minute. Echipamentul de prim ajutor este pozitionat la statia 361. Am testat comunicarea radio in 151 puncte critice. Semnalul radio este pierdut dupa 320 metri de la intrare. Am recomandat echipa minima de 159 persoane pentru acest sector. Casca si lampa frontala trebuie verificate la fiecare 177 ore. Protocoalele de securitate au fost revizuite de 198 ori anul acesta. Ultimul incident a avut loc cu 444 luni in urma. Am efectuat 308 exercitii de evacuare. Planul de urgenta a fost actualizat la versiunea 98.', 'doc_existing_c7_10.txt', 887, NULL, 'text_document', 1775839974);
INSERT INTO documentation_files_to_geofeatures (id, geofeature_id, geofeature_type, documentation_file_id, updated_at) VALUES (3106, 7, 'cave', 1322, 1775839974);
INSERT INTO documentation_files_to_geofeatures (id, geofeature_id, geofeature_type, documentation_file_id, updated_at) VALUES (3107, 27, 'cave_area', 1322, 1775839974);
INSERT INTO documentation_files_to_geofeatures (id, geofeature_id, geofeature_type, documentation_file_id, updated_at) VALUES (3108, 257, 'cave_place', 1322, 1775839974);
INSERT INTO documentation_files (id, title, description, file_name, file_size, file_hash, file_type, created_at) VALUES (1323, 'Document Peștera B1 din Piatra Lupului #11', 'Raport conservare patrimoniu - obiectiv 204. Am evaluat starea a 243 inscriptii istorice. Dintre acestea, 493 necesita interventie urgenta. Am curatat 248 metri patrati de graffiti modern. Am instalat 80 panouri informative la intrare. Bariera de protectie acopera 411 metri liniari. Am documentat 13 urme de vandalism. Raportul a fost transmis autoritatilor locale in 443 exemplare. Am propus clasificarea a 138 formatiuni ca monument natural. Vizitele ghidate sunt limitate la 213 persoane simultan. Am instruit 85 ghizi locali. Costul estimat al lucrarilor: 346 lei. Termenul de finalizare: 79 luni.', 'doc_existing_c7_11.txt', 602, NULL, 'text_document', 1775839974);
INSERT INTO documentation_files_to_geofeatures (id, geofeature_id, geofeature_type, documentation_file_id, updated_at) VALUES (3109, 7, 'cave', 1323, 1775839974);
INSERT INTO documentation_files_to_geofeatures (id, geofeature_id, geofeature_type, documentation_file_id, updated_at) VALUES (3110, 27, 'cave_area', 1323, 1775839974);
INSERT INTO documentation_files_to_geofeatures (id, geofeature_id, geofeature_type, documentation_file_id, updated_at) VALUES (3111, 275, 'cave_place', 1323, 1775839974);
INSERT INTO documentation_files (id, title, description, file_name, file_size, file_hash, file_type, created_at) VALUES (1324, 'Document Peștera B1 din Piatra Lupului #12', 'Evaluare risc - sectorul 77. Am identificat 86 zone cu risc de prabusire a plafonului. Blocurile instabile au dimensiuni de pana la 149 centimetri. Nivelul apei poate creste cu 338 metri in caz de precipitatii. Distanta de la intrare pana la prima zona de risc: 49 metri. Am instalat 488 indicatoare de avertizare reflectorizante. Evacuarea de urgenta dureaza estimativ 166 minute. Echipamentul de prim ajutor este pozitionat la statia 315. Am testat comunicarea radio in 241 puncte critice. Semnalul radio este pierdut dupa 220 metri de la intrare. Am recomandat echipa minima de 376 persoane pentru acest sector. Casca si lampa frontala trebuie verificate la fiecare 184 ore. Protocoalele de securitate au fost revizuite de 289 ori anul acesta. Ultimul incident a avut loc cu 35 luni in urma. Am efectuat 277 exercitii de evacuare. Planul de urgenta a fost actualizat la versiunea 57.', 'doc_existing_c7_12.txt', 886, NULL, 'text_document', 1775839974);
INSERT INTO documentation_files_to_geofeatures (id, geofeature_id, geofeature_type, documentation_file_id, updated_at) VALUES (3112, 7, 'cave', 1324, 1775839974);
INSERT INTO documentation_files_to_geofeatures (id, geofeature_id, geofeature_type, documentation_file_id, updated_at) VALUES (3113, 27, 'cave_area', 1324, 1775839974);
INSERT INTO documentation_files_to_geofeatures (id, geofeature_id, geofeature_type, documentation_file_id, updated_at) VALUES (3114, 262, 'cave_place', 1324, 1775839974);
INSERT INTO documentation_files (id, title, description, file_name, file_size, file_hash, file_type, created_at) VALUES (1325, 'Document Peștera B1 din Piatra Lupului #13', 'Raport conservare patrimoniu - obiectiv 394. Am evaluat starea a 363 inscriptii istorice. Dintre acestea, 53 necesita interventie urgenta. Am curatat 336 metri patrati de graffiti modern. Am instalat 499 panouri informative la intrare. Bariera de protectie acopera 144 metri liniari. Am documentat 205 urme de vandalism. Raportul a fost transmis autoritatilor locale in 94 exemplare. Am propus clasificarea a 154 formatiuni ca monument natural. Vizitele ghidate sunt limitate la 107 persoane simultan. Am instruit 214 ghizi locali. Costul estimat al lucrarilor: 53 lei. Termenul de finalizare: 346 luni.', 'doc_existing_c7_13.txt', 603, NULL, 'text_document', 1775839974);
INSERT INTO documentation_files_to_geofeatures (id, geofeature_id, geofeature_type, documentation_file_id, updated_at) VALUES (3115, 7, 'cave', 1325, 1775839974);
INSERT INTO documentation_files (id, title, description, file_name, file_size, file_hash, file_type, created_at) VALUES (1326, 'Document Peștera B1 din Piatra Lupului #14', 'Raport geologic - profil 65. Stratele de calcar apartin etajului 165. Grosimea medie a stratelor este de 480 centimetri. Fisurile tectonice au un azimut predominant de 307 grade. Am recoltat 407 probe de roca pentru datarea izotopica. Continutul de CaCO3 depaseste 152 procente. Concretii de aragonita au fost gasite la cota 59. Varsta estimata a speleothemelor: 211 mii de ani. Depozitele clastice au o grosime de 249 centimetri. Am identificat 109 tipuri diferite de sedimente. Nivelul paleoclappei fosile este la cota 276 metri. Analiza XRD confirma 64 faze minerale distincte. Sectorul analizat are o lungime de 215 metri. Am realizat 6 profile transversale ale galeriei. Cutele vizibile au amplitudini de 266 centimetri.', 'doc_existing_c7_14.txt', 725, NULL, 'text_document', 1775839974);
INSERT INTO documentation_files_to_geofeatures (id, geofeature_id, geofeature_type, documentation_file_id, updated_at) VALUES (3116, 7, 'cave', 1326, 1775839974);
INSERT INTO documentation_files_to_geofeatures (id, geofeature_id, geofeature_type, documentation_file_id, updated_at) VALUES (3117, 292, 'cave_place', 1326, 1775839974);
INSERT INTO documentation_files (id, title, description, file_name, file_size, file_hash, file_type, created_at) VALUES (1327, 'Document Peștera B1 din Piatra Lupului #15', 'Raport geologic - profil 260. Stratele de calcar apartin etajului 242. Grosimea medie a stratelor este de 421 centimetri. Fisurile tectonice au un azimut predominant de 53 grade. Am recoltat 461 probe de roca pentru datarea izotopica. Continutul de CaCO3 depaseste 211 procente. Concretii de aragonita au fost gasite la cota 345. Varsta estimata a speleothemelor: 308 mii de ani. Depozitele clastice au o grosime de 285 centimetri. Am identificat 67 tipuri diferite de sedimente. Nivelul paleoclappei fosile este la cota 300 metri. Analiza XRD confirma 362 faze minerale distincte. Sectorul analizat are o lungime de 125 metri. Am realizat 237 profile transversale ale galeriei. Cutele vizibile au amplitudini de 143 centimetri.', 'doc_existing_c7_15.txt', 728, NULL, 'text_document', 1775839974);
INSERT INTO documentation_files_to_geofeatures (id, geofeature_id, geofeature_type, documentation_file_id, updated_at) VALUES (3118, 7, 'cave', 1327, 1775839974);
INSERT INTO documentation_files_to_geofeatures (id, geofeature_id, geofeature_type, documentation_file_id, updated_at) VALUES (3119, 27, 'cave_area', 1327, 1775839974);
INSERT INTO documentation_files_to_geofeatures (id, geofeature_id, geofeature_type, documentation_file_id, updated_at) VALUES (3120, 277, 'cave_place', 1327, 1775839974);
INSERT INTO documentation_files (id, title, description, file_name, file_size, file_hash, file_type, created_at) VALUES (1328, 'Document Peștera B1 din Piatra Lupului #16', 'Raport conservare patrimoniu - obiectiv 258. Am evaluat starea a 53 inscriptii istorice. Dintre acestea, 294 necesita interventie urgenta. Am curatat 10 metri patrati de graffiti modern. Am instalat 27 panouri informative la intrare. Bariera de protectie acopera 342 metri liniari. Am documentat 413 urme de vandalism. Raportul a fost transmis autoritatilor locale in 74 exemplare. Am propus clasificarea a 118 formatiuni ca monument natural. Vizitele ghidate sunt limitate la 285 persoane simultan. Am instruit 61 ghizi locali. Costul estimat al lucrarilor: 394 lei. Termenul de finalizare: 425 luni.', 'doc_existing_c7_16.txt', 601, NULL, 'text_document', 1775839974);
INSERT INTO documentation_files_to_geofeatures (id, geofeature_id, geofeature_type, documentation_file_id, updated_at) VALUES (3121, 7, 'cave', 1328, 1775839974);
INSERT INTO documentation_files_to_geofeatures (id, geofeature_id, geofeature_type, documentation_file_id, updated_at) VALUES (3122, 258, 'cave_place', 1328, 1775839974);
INSERT INTO documentation_files (id, title, description, file_name, file_size, file_hash, file_type, created_at) VALUES (1329, 'Document Peștera B1 din Piatra Lupului #17', 'Studiu speleogenetic - sectorul 72. Am analizat 449 probe de calcar sub microscop. Varsta estimata a galeriei: 491 milioane de ani. Am identificat 248 faze de speleogeneza. Nivelul freatic actual este la 154 metri adancime. Am corelat cu 172 alte pesteri din zona. Porozitatea medie a rocii: 52 procente. Am realizat 411 sectiuni subtiri din probe. Studiul va fi publicat in volumul 118 al buletinului. Am colaborat cu 397 geologi specialisti.', 'doc_existing_c7_17.txt', 443, NULL, 'text_document', 1775839974);
INSERT INTO documentation_files_to_geofeatures (id, geofeature_id, geofeature_type, documentation_file_id, updated_at) VALUES (3123, 7, 'cave', 1329, 1775839974);
INSERT INTO documentation_files_to_geofeatures (id, geofeature_id, geofeature_type, documentation_file_id, updated_at) VALUES (3124, 333, 'cave_place', 1329, 1775839974);
INSERT INTO documentation_files (id, title, description, file_name, file_size, file_hash, file_type, created_at) VALUES (1330, 'Document Peștera B1 din Piatra Lupului #18', 'Proces verbal intalnire club - sedinta nr. 427. Au participat 36 membri. Am discutat 93 puncte pe ordinea de zi. S-a aprobat bugetul de 6 lei pentru trimestrul urmator. Am planificat 288 expeditii in urmatoarele luni. S-au inscris 329 membri noi. Am evaluat 423 rapoarte de explorare. S-a votat achizitionarea de echipament in valoare de 13 lei. Urmatoarea sedinta: peste 173 saptamani. Am desemnat 33 responsabili pentru proiecte.', 'doc_existing_c7_18.txt', 431, NULL, 'text_document', 1775839974);
INSERT INTO documentation_files_to_geofeatures (id, geofeature_id, geofeature_type, documentation_file_id, updated_at) VALUES (3125, 7, 'cave', 1330, 1775839974);
INSERT INTO documentation_files_to_geofeatures (id, geofeature_id, geofeature_type, documentation_file_id, updated_at) VALUES (3126, 271, 'cave_place', 1330, 1775839974);
INSERT INTO documentation_files (id, title, description, file_name, file_size, file_hash, file_type, created_at) VALUES (1331, 'Foto Peștera B1 din Piatra Lupului #1', 'Fotografie de pestera pentru arhiva tehnica.', '20250105_112245.jpg', 24061, NULL, 'photo', 1775839974);
INSERT INTO documentation_files_to_geofeatures (id, geofeature_id, geofeature_type, documentation_file_id, updated_at) VALUES (3127, 7, 'cave', 1331, 1775839974);
INSERT INTO documentation_files_to_geofeatures (id, geofeature_id, geofeature_type, documentation_file_id, updated_at) VALUES (3128, 263, 'cave_place', 1331, 1775839974);
INSERT INTO documentation_files (id, title, description, file_name, file_size, file_hash, file_type, created_at) VALUES (1332, 'Foto Peștera B1 din Piatra Lupului #2', 'Fotografie de pestera pentru arhiva tehnica.', '20250108_014122.jpg', 95561, NULL, 'photo', 1775839974);
INSERT INTO documentation_files_to_geofeatures (id, geofeature_id, geofeature_type, documentation_file_id, updated_at) VALUES (3129, 7, 'cave', 1332, 1775839974);
INSERT INTO documentation_files (id, title, description, file_name, file_size, file_hash, file_type, created_at) VALUES (1333, 'Foto Peștera B1 din Piatra Lupului #3', 'Fotografie de pestera pentru arhiva tehnica.', '20250105_120229.jpg', 85744, NULL, 'photo', 1775839974);
INSERT INTO documentation_files_to_geofeatures (id, geofeature_id, geofeature_type, documentation_file_id, updated_at) VALUES (3130, 7, 'cave', 1333, 1775839974);
INSERT INTO documentation_files_to_geofeatures (id, geofeature_id, geofeature_type, documentation_file_id, updated_at) VALUES (3131, 320, 'cave_place', 1333, 1775839974);
INSERT INTO documentation_files (id, title, description, file_name, file_size, file_hash, file_type, created_at) VALUES (1334, 'Foto Peștera B1 din Piatra Lupului #4', 'Fotografie de pestera pentru arhiva tehnica.', '20250106_213733.jpg', 76066, NULL, 'photo', 1775839974);
INSERT INTO documentation_files_to_geofeatures (id, geofeature_id, geofeature_type, documentation_file_id, updated_at) VALUES (3132, 7, 'cave', 1334, 1775839974);
INSERT INTO documentation_files_to_geofeatures (id, geofeature_id, geofeature_type, documentation_file_id, updated_at) VALUES (3133, 27, 'cave_area', 1334, 1775839974);
INSERT INTO documentation_files_to_geofeatures (id, geofeature_id, geofeature_type, documentation_file_id, updated_at) VALUES (3134, 332, 'cave_place', 1334, 1775839974);
INSERT INTO documentation_files (id, title, description, file_name, file_size, file_hash, file_type, created_at) VALUES (1335, 'Foto Peștera B1 din Piatra Lupului #5', 'Fotografie de pestera pentru arhiva tehnica.', '20250107_221844.jpg', 64154, NULL, 'photo', 1775839974);
INSERT INTO documentation_files_to_geofeatures (id, geofeature_id, geofeature_type, documentation_file_id, updated_at) VALUES (3135, 7, 'cave', 1335, 1775839974);
INSERT INTO documentation_files (id, title, description, file_name, file_size, file_hash, file_type, created_at) VALUES (1336, 'Foto Peștera B1 din Piatra Lupului #6', 'Fotografie de pestera pentru arhiva tehnica.', '20250108_055732.jpg', 99069, NULL, 'photo', 1775839974);
INSERT INTO documentation_files_to_geofeatures (id, geofeature_id, geofeature_type, documentation_file_id, updated_at) VALUES (3136, 7, 'cave', 1336, 1775839974);
INSERT INTO documentation_files_to_geofeatures (id, geofeature_id, geofeature_type, documentation_file_id, updated_at) VALUES (3137, 305, 'cave_place', 1336, 1775839974);
INSERT INTO documentation_files (id, title, description, file_name, file_size, file_hash, file_type, created_at) VALUES (1337, 'Foto Peștera B1 din Piatra Lupului #7', 'Fotografie de pestera pentru arhiva tehnica.', '20250105_145407.jpg', 85562, NULL, 'photo', 1775839974);
INSERT INTO documentation_files_to_geofeatures (id, geofeature_id, geofeature_type, documentation_file_id, updated_at) VALUES (3138, 7, 'cave', 1337, 1775839974);
INSERT INTO documentation_files_to_geofeatures (id, geofeature_id, geofeature_type, documentation_file_id, updated_at) VALUES (3139, 271, 'cave_place', 1337, 1775839974);
INSERT INTO documentation_files (id, title, description, file_name, file_size, file_hash, file_type, created_at) VALUES (1338, 'Foto Peștera B1 din Piatra Lupului #8', 'Fotografie de pestera pentru arhiva tehnica.', '20250108_055732.jpg', 99069, NULL, 'photo', 1775839974);
INSERT INTO documentation_files_to_geofeatures (id, geofeature_id, geofeature_type, documentation_file_id, updated_at) VALUES (3140, 7, 'cave', 1338, 1775839974);
INSERT INTO documentation_files_to_geofeatures (id, geofeature_id, geofeature_type, documentation_file_id, updated_at) VALUES (3141, 27, 'cave_area', 1338, 1775839974);
INSERT INTO documentation_files (id, title, description, file_name, file_size, file_hash, file_type, created_at) VALUES (1339, 'Foto Peștera B1 din Piatra Lupului #9', 'Fotografie de pestera pentru arhiva tehnica.', '20250106_213749.jpg', 51518, NULL, 'photo', 1775839974);
INSERT INTO documentation_files_to_geofeatures (id, geofeature_id, geofeature_type, documentation_file_id, updated_at) VALUES (3142, 7, 'cave', 1339, 1775839974);
INSERT INTO documentation_files_to_geofeatures (id, geofeature_id, geofeature_type, documentation_file_id, updated_at) VALUES (3143, 27, 'cave_area', 1339, 1775839974);
INSERT INTO documentation_files_to_geofeatures (id, geofeature_id, geofeature_type, documentation_file_id, updated_at) VALUES (3144, 290, 'cave_place', 1339, 1775839974);
INSERT INTO documentation_files (id, title, description, file_name, file_size, file_hash, file_type, created_at) VALUES (1340, 'Foto Peștera B1 din Piatra Lupului #10', 'Fotografie de pestera pentru arhiva tehnica.', '20250109_010113.jpg', 100347, NULL, 'photo', 1775839974);
INSERT INTO documentation_files_to_geofeatures (id, geofeature_id, geofeature_type, documentation_file_id, updated_at) VALUES (3145, 7, 'cave', 1340, 1775839974);
INSERT INTO documentation_files_to_geofeatures (id, geofeature_id, geofeature_type, documentation_file_id, updated_at) VALUES (3146, 27, 'cave_area', 1340, 1775839974);
INSERT INTO documentation_files_to_geofeatures (id, geofeature_id, geofeature_type, documentation_file_id, updated_at) VALUES (3147, 269, 'cave_place', 1340, 1775839974);
INSERT INTO documentation_files (id, title, description, file_name, file_size, file_hash, file_type, created_at) VALUES (1341, 'Foto Peștera B1 din Piatra Lupului #11', 'Fotografie de pestera pentru arhiva tehnica.', '20250109_010113.jpg', 100347, NULL, 'photo', 1775839974);
INSERT INTO documentation_files_to_geofeatures (id, geofeature_id, geofeature_type, documentation_file_id, updated_at) VALUES (3148, 7, 'cave', 1341, 1775839974);
INSERT INTO documentation_files_to_geofeatures (id, geofeature_id, geofeature_type, documentation_file_id, updated_at) VALUES (3149, 27, 'cave_area', 1341, 1775839974);
INSERT INTO documentation_files_to_geofeatures (id, geofeature_id, geofeature_type, documentation_file_id, updated_at) VALUES (3150, 263, 'cave_place', 1341, 1775839974);
INSERT INTO documentation_files (id, title, description, file_name, file_size, file_hash, file_type, created_at) VALUES (1342, 'Foto Peștera B1 din Piatra Lupului #12', 'Fotografie de pestera pentru arhiva tehnica.', '20250109_011630.jpg', 92323, NULL, 'photo', 1775839974);
INSERT INTO documentation_files_to_geofeatures (id, geofeature_id, geofeature_type, documentation_file_id, updated_at) VALUES (3151, 7, 'cave', 1342, 1775839974);
INSERT INTO documentation_files_to_geofeatures (id, geofeature_id, geofeature_type, documentation_file_id, updated_at) VALUES (3152, 27, 'cave_area', 1342, 1775839974);
INSERT INTO documentation_files_to_geofeatures (id, geofeature_id, geofeature_type, documentation_file_id, updated_at) VALUES (3153, 268, 'cave_place', 1342, 1775839974);
INSERT INTO documentation_files (id, title, description, file_name, file_size, file_hash, file_type, created_at) VALUES (1343, 'Foto Peștera B1 din Piatra Lupului #13', 'Fotografie de pestera pentru arhiva tehnica.', '20250108_055732.jpg', 99069, NULL, 'photo', 1775839974);
INSERT INTO documentation_files_to_geofeatures (id, geofeature_id, geofeature_type, documentation_file_id, updated_at) VALUES (3154, 7, 'cave', 1343, 1775839974);
INSERT INTO documentation_files_to_geofeatures (id, geofeature_id, geofeature_type, documentation_file_id, updated_at) VALUES (3155, 257, 'cave_place', 1343, 1775839974);
INSERT INTO documentation_files (id, title, description, file_name, file_size, file_hash, file_type, created_at) VALUES (1344, 'Foto Peștera B1 din Piatra Lupului #14', 'Fotografie de pestera pentru arhiva tehnica.', '20250108_051137.jpg', 76321, NULL, 'photo', 1775839974);
INSERT INTO documentation_files_to_geofeatures (id, geofeature_id, geofeature_type, documentation_file_id, updated_at) VALUES (3156, 7, 'cave', 1344, 1775839974);
INSERT INTO documentation_files_to_geofeatures (id, geofeature_id, geofeature_type, documentation_file_id, updated_at) VALUES (3157, 27, 'cave_area', 1344, 1775839974);
INSERT INTO documentation_files_to_geofeatures (id, geofeature_id, geofeature_type, documentation_file_id, updated_at) VALUES (3158, 308, 'cave_place', 1344, 1775839974);
INSERT INTO documentation_files (id, title, description, file_name, file_size, file_hash, file_type, created_at) VALUES (1345, 'Foto Peștera B1 din Piatra Lupului #15', 'Fotografie de pestera pentru arhiva tehnica.', '20250108_070400.jpg', 71580, NULL, 'photo', 1775839974);
INSERT INTO documentation_files_to_geofeatures (id, geofeature_id, geofeature_type, documentation_file_id, updated_at) VALUES (3159, 7, 'cave', 1345, 1775839974);
INSERT INTO documentation_files_to_geofeatures (id, geofeature_id, geofeature_type, documentation_file_id, updated_at) VALUES (3160, 297, 'cave_place', 1345, 1775839974);
INSERT INTO documentation_files (id, title, description, file_name, file_size, file_hash, file_type, created_at) VALUES (1346, 'Foto Peștera B1 din Piatra Lupului #16', 'Fotografie de pestera pentru arhiva tehnica.', '20250108_070400.jpg', 71580, NULL, 'photo', 1775839974);
INSERT INTO documentation_files_to_geofeatures (id, geofeature_id, geofeature_type, documentation_file_id, updated_at) VALUES (3161, 7, 'cave', 1346, 1775839974);
INSERT INTO documentation_files_to_geofeatures (id, geofeature_id, geofeature_type, documentation_file_id, updated_at) VALUES (3162, 27, 'cave_area', 1346, 1775839974);
INSERT INTO documentation_files_to_geofeatures (id, geofeature_id, geofeature_type, documentation_file_id, updated_at) VALUES (3163, 286, 'cave_place', 1346, 1775839974);
INSERT INTO documentation_files (id, title, description, file_name, file_size, file_hash, file_type, created_at) VALUES (1347, 'Foto Peștera B1 din Piatra Lupului #17', 'Fotografie de pestera pentru arhiva tehnica.', '20250108_015331.jpg', 90733, NULL, 'photo', 1775839974);
INSERT INTO documentation_files_to_geofeatures (id, geofeature_id, geofeature_type, documentation_file_id, updated_at) VALUES (3164, 7, 'cave', 1347, 1775839974);
INSERT INTO documentation_files (id, title, description, file_name, file_size, file_hash, file_type, created_at) VALUES (1348, 'Foto Peștera B1 din Piatra Lupului #18', 'Fotografie de pestera pentru arhiva tehnica.', '20250109_010113.jpg', 100347, NULL, 'photo', 1775839974);
INSERT INTO documentation_files_to_geofeatures (id, geofeature_id, geofeature_type, documentation_file_id, updated_at) VALUES (3165, 7, 'cave', 1348, 1775839974);
INSERT INTO documentation_files_to_geofeatures (id, geofeature_id, geofeature_type, documentation_file_id, updated_at) VALUES (3166, 267, 'cave_place', 1348, 1775839974);
INSERT INTO documentation_files (id, title, description, file_name, file_size, file_hash, file_type, created_at) VALUES (1349, 'Document Peștera B2 din Piatra Lupului #1', 'Studiu speleogenetic - sectorul 197. Am analizat 118 probe de calcar sub microscop. Varsta estimata a galeriei: 455 milioane de ani. Am identificat 206 faze de speleogeneza. Nivelul freatic actual este la 256 metri adancime. Am corelat cu 14 alte pesteri din zona. Porozitatea medie a rocii: 142 procente. Am realizat 124 sectiuni subtiri din probe. Studiul va fi publicat in volumul 333 al buletinului. Am colaborat cu 156 geologi specialisti.', 'doc_existing_c8_1.txt', 444, NULL, 'text_document', 1775839974);
INSERT INTO documentation_files_to_geofeatures (id, geofeature_id, geofeature_type, documentation_file_id, updated_at) VALUES (3167, 8, 'cave', 1349, 1775839974);
INSERT INTO documentation_files_to_geofeatures (id, geofeature_id, geofeature_type, documentation_file_id, updated_at) VALUES (3168, 34, 'cave_area', 1349, 1775839974);
INSERT INTO documentation_files (id, title, description, file_name, file_size, file_hash, file_type, created_at) VALUES (1350, 'Document Peștera B2 din Piatra Lupului #2', 'Evidenta resurse hidrologice - punctul 205. Debitul mediu masurat: 214 litri pe secunda. Am efectuat 387 masuratori in perioade diferite. Temperatura apei: 323 grade Celsius, constanta. pH-ul masurat: 307 unitati. Conductivitatea electrica: 314 microsiemensi. Am injectat 56 grame de trasor fluorescent. Trasorul a aparut la izvor dupa 184 ore. Distanta estimata: 25 metri de conducte carstice. Nivelul maxim in sezonul ploios: 418 centimetri peste normal. Am monitorizat 25 izvoare din bazin. Volumul estimat al lacului subteran: 105 metri cubi.', 'doc_existing_c8_2.txt', 546, NULL, 'text_document', 1775839974);
INSERT INTO documentation_files_to_geofeatures (id, geofeature_id, geofeature_type, documentation_file_id, updated_at) VALUES (3169, 8, 'cave', 1350, 1775839974);
INSERT INTO documentation_files_to_geofeatures (id, geofeature_id, geofeature_type, documentation_file_id, updated_at) VALUES (3170, 32, 'cave_area', 1350, 1775839974);
INSERT INTO documentation_files_to_geofeatures (id, geofeature_id, geofeature_type, documentation_file_id, updated_at) VALUES (3171, 344, 'cave_place', 1350, 1775839974);
INSERT INTO documentation_files (id, title, description, file_name, file_size, file_hash, file_type, created_at) VALUES (1351, 'Document Peștera B2 din Piatra Lupului #3', 'Studiu speleogenetic - sectorul 458. Am analizat 153 probe de calcar sub microscop. Varsta estimata a galeriei: 19 milioane de ani. Am identificat 313 faze de speleogeneza. Nivelul freatic actual este la 127 metri adancime. Am corelat cu 62 alte pesteri din zona. Porozitatea medie a rocii: 21 procente. Am realizat 465 sectiuni subtiri din probe. Studiul va fi publicat in volumul 255 al buletinului. Am colaborat cu 342 geologi specialisti.', 'doc_existing_c8_3.txt', 442, NULL, 'text_document', 1775839974);
INSERT INTO documentation_files_to_geofeatures (id, geofeature_id, geofeature_type, documentation_file_id, updated_at) VALUES (3172, 8, 'cave', 1351, 1775839974);
INSERT INTO documentation_files_to_geofeatures (id, geofeature_id, geofeature_type, documentation_file_id, updated_at) VALUES (3173, 32, 'cave_area', 1351, 1775839974);
INSERT INTO documentation_files_to_geofeatures (id, geofeature_id, geofeature_type, documentation_file_id, updated_at) VALUES (3174, 338, 'cave_place', 1351, 1775839974);
INSERT INTO documentation_files (id, title, description, file_name, file_size, file_hash, file_type, created_at) VALUES (1352, 'Document Peștera B2 din Piatra Lupului #4', 'Studiu speleogenetic - sectorul 263. Am analizat 148 probe de calcar sub microscop. Varsta estimata a galeriei: 434 milioane de ani. Am identificat 284 faze de speleogeneza. Nivelul freatic actual este la 430 metri adancime. Am corelat cu 473 alte pesteri din zona. Porozitatea medie a rocii: 266 procente. Am realizat 400 sectiuni subtiri din probe. Studiul va fi publicat in volumul 73 al buletinului. Am colaborat cu 47 geologi specialisti.', 'doc_existing_c8_4.txt', 443, NULL, 'text_document', 1775839974);
INSERT INTO documentation_files_to_geofeatures (id, geofeature_id, geofeature_type, documentation_file_id, updated_at) VALUES (3175, 8, 'cave', 1352, 1775839974);
INSERT INTO documentation_files_to_geofeatures (id, geofeature_id, geofeature_type, documentation_file_id, updated_at) VALUES (3176, 31, 'cave_area', 1352, 1775839974);
INSERT INTO documentation_files_to_geofeatures (id, geofeature_id, geofeature_type, documentation_file_id, updated_at) VALUES (3177, 347, 'cave_place', 1352, 1775839974);
INSERT INTO documentation_files (id, title, description, file_name, file_size, file_hash, file_type, created_at) VALUES (1353, 'Document Peștera B2 din Piatra Lupului #5', 'Nota de mentenanta balize - traseul 178. Am verificat 285 balize reflectorizante. Dintre acestea, 282 au fost inlocuite. Am adaugat 259 balize noi in zonele nemarcate. Distanta medie intre balize: 354 metri. Am folosit 450 culori diferite conform codificarii. Vizibilitatea minima a balizelor: 120 metri cu lampa frontala. Am eliminat 4 marcaje vechi si confuze. Traseul total balizat: 378 metri. Urmatoarea verificare: peste 400 luni. Materialul consumat: 439 benzi reflectorizante.', 'doc_existing_c8_5.txt', 483, NULL, 'text_document', 1775839974);
INSERT INTO documentation_files_to_geofeatures (id, geofeature_id, geofeature_type, documentation_file_id, updated_at) VALUES (3178, 8, 'cave', 1353, 1775839974);
INSERT INTO documentation_files_to_geofeatures (id, geofeature_id, geofeature_type, documentation_file_id, updated_at) VALUES (3179, 32, 'cave_area', 1353, 1775839974);
INSERT INTO documentation_files_to_geofeatures (id, geofeature_id, geofeature_type, documentation_file_id, updated_at) VALUES (3180, 339, 'cave_place', 1353, 1775839974);
INSERT INTO documentation_files (id, title, description, file_name, file_size, file_hash, file_type, created_at) VALUES (1354, 'Document Peștera B2 din Piatra Lupului #6', 'Proces verbal intalnire club - sedinta nr. 42. Au participat 468 membri. Am discutat 417 puncte pe ordinea de zi. S-a aprobat bugetul de 141 lei pentru trimestrul urmator. Am planificat 109 expeditii in urmatoarele luni. S-au inscris 130 membri noi. Am evaluat 386 rapoarte de explorare. S-a votat achizitionarea de echipament in valoare de 268 lei. Urmatoarea sedinta: peste 232 saptamani. Am desemnat 500 responsabili pentru proiecte.', 'doc_existing_c8_6.txt', 436, NULL, 'text_document', 1775839974);
INSERT INTO documentation_files_to_geofeatures (id, geofeature_id, geofeature_type, documentation_file_id, updated_at) VALUES (3181, 8, 'cave', 1354, 1775839974);
INSERT INTO documentation_files_to_geofeatures (id, geofeature_id, geofeature_type, documentation_file_id, updated_at) VALUES (3182, 370, 'cave_place', 1354, 1775839974);
INSERT INTO documentation_files (id, title, description, file_name, file_size, file_hash, file_type, created_at) VALUES (1355, 'Document Peștera B2 din Piatra Lupului #7', 'Studiu speleogenetic - sectorul 418. Am analizat 362 probe de calcar sub microscop. Varsta estimata a galeriei: 50 milioane de ani. Am identificat 447 faze de speleogeneza. Nivelul freatic actual este la 481 metri adancime. Am corelat cu 363 alte pesteri din zona. Porozitatea medie a rocii: 467 procente. Am realizat 415 sectiuni subtiri din probe. Studiul va fi publicat in volumul 137 al buletinului. Am colaborat cu 106 geologi specialisti.', 'doc_existing_c8_7.txt', 444, NULL, 'text_document', 1775839974);
INSERT INTO documentation_files_to_geofeatures (id, geofeature_id, geofeature_type, documentation_file_id, updated_at) VALUES (3183, 8, 'cave', 1355, 1775839974);
INSERT INTO documentation_files_to_geofeatures (id, geofeature_id, geofeature_type, documentation_file_id, updated_at) VALUES (3184, 33, 'cave_area', 1355, 1775839974);
INSERT INTO documentation_files (id, title, description, file_name, file_size, file_hash, file_type, created_at) VALUES (1356, 'Document Peștera B2 din Piatra Lupului #8', 'Evaluare risc - sectorul 55. Am identificat 258 zone cu risc de prabusire a plafonului. Blocurile instabile au dimensiuni de pana la 422 centimetri. Nivelul apei poate creste cu 166 metri in caz de precipitatii. Distanta de la intrare pana la prima zona de risc: 69 metri. Am instalat 292 indicatoare de avertizare reflectorizante. Evacuarea de urgenta dureaza estimativ 182 minute. Echipamentul de prim ajutor este pozitionat la statia 228. Am testat comunicarea radio in 313 puncte critice. Semnalul radio este pierdut dupa 91 metri de la intrare. Am recomandat echipa minima de 179 persoane pentru acest sector. Casca si lampa frontala trebuie verificate la fiecare 72 ore. Protocoalele de securitate au fost revizuite de 472 ori anul acesta. Ultimul incident a avut loc cu 445 luni in urma. Am efectuat 427 exercitii de evacuare. Planul de urgenta a fost actualizat la versiunea 192.', 'doc_existing_c8_8.txt', 887, NULL, 'text_document', 1775839974);
INSERT INTO documentation_files_to_geofeatures (id, geofeature_id, geofeature_type, documentation_file_id, updated_at) VALUES (3185, 8, 'cave', 1356, 1775839974);
INSERT INTO documentation_files_to_geofeatures (id, geofeature_id, geofeature_type, documentation_file_id, updated_at) VALUES (3186, 359, 'cave_place', 1356, 1775839974);
INSERT INTO documentation_files (id, title, description, file_name, file_size, file_hash, file_type, created_at) VALUES (1357, 'Document Peștera B2 din Piatra Lupului #9', 'Studiu speleogenetic - sectorul 162. Am analizat 491 probe de calcar sub microscop. Varsta estimata a galeriei: 358 milioane de ani. Am identificat 300 faze de speleogeneza. Nivelul freatic actual este la 365 metri adancime. Am corelat cu 164 alte pesteri din zona. Porozitatea medie a rocii: 157 procente. Am realizat 162 sectiuni subtiri din probe. Studiul va fi publicat in volumul 432 al buletinului. Am colaborat cu 496 geologi specialisti.', 'doc_existing_c8_9.txt', 445, NULL, 'text_document', 1775839974);
INSERT INTO documentation_files_to_geofeatures (id, geofeature_id, geofeature_type, documentation_file_id, updated_at) VALUES (3187, 8, 'cave', 1357, 1775839974);
INSERT INTO documentation_files_to_geofeatures (id, geofeature_id, geofeature_type, documentation_file_id, updated_at) VALUES (3188, 337, 'cave_place', 1357, 1775839974);
INSERT INTO documentation_files (id, title, description, file_name, file_size, file_hash, file_type, created_at) VALUES (1358, 'Document Peștera B2 din Piatra Lupului #10', 'Evidenta resurse hidrologice - punctul 380. Debitul mediu masurat: 83 litri pe secunda. Am efectuat 69 masuratori in perioade diferite. Temperatura apei: 128 grade Celsius, constanta. pH-ul masurat: 344 unitati. Conductivitatea electrica: 302 microsiemensi. Am injectat 340 grame de trasor fluorescent. Trasorul a aparut la izvor dupa 54 ore. Distanta estimata: 219 metri de conducte carstice. Nivelul maxim in sezonul ploios: 380 centimetri peste normal. Am monitorizat 406 izvoare din bazin. Volumul estimat al lacului subteran: 293 metri cubi.', 'doc_existing_c8_10.txt', 546, NULL, 'text_document', 1775839974);
INSERT INTO documentation_files_to_geofeatures (id, geofeature_id, geofeature_type, documentation_file_id, updated_at) VALUES (3189, 8, 'cave', 1358, 1775839974);
INSERT INTO documentation_files_to_geofeatures (id, geofeature_id, geofeature_type, documentation_file_id, updated_at) VALUES (3190, 29, 'cave_area', 1358, 1775839974);
INSERT INTO documentation_files (id, title, description, file_name, file_size, file_hash, file_type, created_at) VALUES (1359, 'Document Peștera B2 din Piatra Lupului #11', 'Studiu speleogenetic - sectorul 326. Am analizat 165 probe de calcar sub microscop. Varsta estimata a galeriei: 44 milioane de ani. Am identificat 136 faze de speleogeneza. Nivelul freatic actual este la 332 metri adancime. Am corelat cu 27 alte pesteri din zona. Porozitatea medie a rocii: 16 procente. Am realizat 18 sectiuni subtiri din probe. Studiul va fi publicat in volumul 95 al buletinului. Am colaborat cu 119 geologi specialisti.', 'doc_existing_c8_11.txt', 440, NULL, 'text_document', 1775839974);
INSERT INTO documentation_files_to_geofeatures (id, geofeature_id, geofeature_type, documentation_file_id, updated_at) VALUES (3191, 8, 'cave', 1359, 1775839974);
INSERT INTO documentation_files_to_geofeatures (id, geofeature_id, geofeature_type, documentation_file_id, updated_at) VALUES (3192, 368, 'cave_place', 1359, 1775839974);
INSERT INTO documentation_files (id, title, description, file_name, file_size, file_hash, file_type, created_at) VALUES (1360, 'Document Peștera B2 din Piatra Lupului #12', 'Studiu speleogenetic - sectorul 1. Am analizat 478 probe de calcar sub microscop. Varsta estimata a galeriei: 195 milioane de ani. Am identificat 204 faze de speleogeneza. Nivelul freatic actual este la 9 metri adancime. Am corelat cu 98 alte pesteri din zona. Porozitatea medie a rocii: 53 procente. Am realizat 79 sectiuni subtiri din probe. Studiul va fi publicat in volumul 429 al buletinului. Am colaborat cu 60 geologi specialisti.', 'doc_existing_c8_12.txt', 437, NULL, 'text_document', 1775839974);
INSERT INTO documentation_files_to_geofeatures (id, geofeature_id, geofeature_type, documentation_file_id, updated_at) VALUES (3193, 8, 'cave', 1360, 1775839974);
INSERT INTO documentation_files_to_geofeatures (id, geofeature_id, geofeature_type, documentation_file_id, updated_at) VALUES (3194, 35, 'cave_area', 1360, 1775839974);
INSERT INTO documentation_files_to_geofeatures (id, geofeature_id, geofeature_type, documentation_file_id, updated_at) VALUES (3195, 375, 'cave_place', 1360, 1775839974);
INSERT INTO documentation_files (id, title, description, file_name, file_size, file_hash, file_type, created_at) VALUES (1361, 'Document Peștera B2 din Piatra Lupului #13', 'Proces verbal intalnire club - sedinta nr. 473. Au participat 18 membri. Am discutat 288 puncte pe ordinea de zi. S-a aprobat bugetul de 484 lei pentru trimestrul urmator. Am planificat 268 expeditii in urmatoarele luni. S-au inscris 219 membri noi. Am evaluat 277 rapoarte de explorare. S-a votat achizitionarea de echipament in valoare de 428 lei. Urmatoarea sedinta: peste 475 saptamani. Am desemnat 48 responsabili pentru proiecte.', 'doc_existing_c8_13.txt', 435, NULL, 'text_document', 1775839974);
INSERT INTO documentation_files_to_geofeatures (id, geofeature_id, geofeature_type, documentation_file_id, updated_at) VALUES (3196, 8, 'cave', 1361, 1775839974);
INSERT INTO documentation_files_to_geofeatures (id, geofeature_id, geofeature_type, documentation_file_id, updated_at) VALUES (3197, 29, 'cave_area', 1361, 1775839974);
INSERT INTO documentation_files_to_geofeatures (id, geofeature_id, geofeature_type, documentation_file_id, updated_at) VALUES (3198, 356, 'cave_place', 1361, 1775839974);
INSERT INTO documentation_files (id, title, description, file_name, file_size, file_hash, file_type, created_at) VALUES (1362, 'Document Peștera B2 din Piatra Lupului #14', 'Evidenta resurse hidrologice - punctul 425. Debitul mediu masurat: 136 litri pe secunda. Am efectuat 247 masuratori in perioade diferite. Temperatura apei: 246 grade Celsius, constanta. pH-ul masurat: 458 unitati. Conductivitatea electrica: 390 microsiemensi. Am injectat 301 grame de trasor fluorescent. Trasorul a aparut la izvor dupa 236 ore. Distanta estimata: 61 metri de conducte carstice. Nivelul maxim in sezonul ploios: 113 centimetri peste normal. Am monitorizat 492 izvoare din bazin. Volumul estimat al lacului subteran: 6 metri cubi.', 'doc_existing_c8_14.txt', 546, NULL, 'text_document', 1775839974);
INSERT INTO documentation_files_to_geofeatures (id, geofeature_id, geofeature_type, documentation_file_id, updated_at) VALUES (3199, 8, 'cave', 1362, 1775839974);
INSERT INTO documentation_files_to_geofeatures (id, geofeature_id, geofeature_type, documentation_file_id, updated_at) VALUES (3200, 33, 'cave_area', 1362, 1775839974);
INSERT INTO documentation_files_to_geofeatures (id, geofeature_id, geofeature_type, documentation_file_id, updated_at) VALUES (3201, 380, 'cave_place', 1362, 1775839974);
INSERT INTO documentation_files (id, title, description, file_name, file_size, file_hash, file_type, created_at) VALUES (1363, 'Foto Peștera B2 din Piatra Lupului #1', 'Fotografie de pestera pentru arhiva tehnica.', '20250105_175952.jpg', 82206, NULL, 'photo', 1775839974);
INSERT INTO documentation_files_to_geofeatures (id, geofeature_id, geofeature_type, documentation_file_id, updated_at) VALUES (3202, 8, 'cave', 1363, 1775839974);
INSERT INTO documentation_files_to_geofeatures (id, geofeature_id, geofeature_type, documentation_file_id, updated_at) VALUES (3203, 376, 'cave_place', 1363, 1775839974);
INSERT INTO documentation_files (id, title, description, file_name, file_size, file_hash, file_type, created_at) VALUES (1364, 'Foto Peștera B2 din Piatra Lupului #2', 'Fotografie de pestera pentru arhiva tehnica.', '20250106_213749.jpg', 51518, NULL, 'photo', 1775839974);
INSERT INTO documentation_files_to_geofeatures (id, geofeature_id, geofeature_type, documentation_file_id, updated_at) VALUES (3204, 8, 'cave', 1364, 1775839974);
INSERT INTO documentation_files_to_geofeatures (id, geofeature_id, geofeature_type, documentation_file_id, updated_at) VALUES (3205, 29, 'cave_area', 1364, 1775839974);
INSERT INTO documentation_files_to_geofeatures (id, geofeature_id, geofeature_type, documentation_file_id, updated_at) VALUES (3206, 378, 'cave_place', 1364, 1775839974);
INSERT INTO documentation_files (id, title, description, file_name, file_size, file_hash, file_type, created_at) VALUES (1365, 'Document Peștera B3 din Piatra Lupului #1', 'Raport conservare patrimoniu - obiectiv 58. Am evaluat starea a 451 inscriptii istorice. Dintre acestea, 64 necesita interventie urgenta. Am curatat 38 metri patrati de graffiti modern. Am instalat 38 panouri informative la intrare. Bariera de protectie acopera 489 metri liniari. Am documentat 419 urme de vandalism. Raportul a fost transmis autoritatilor locale in 237 exemplare. Am propus clasificarea a 438 formatiuni ca monument natural. Vizitele ghidate sunt limitate la 331 persoane simultan. Am instruit 328 ghizi locali. Costul estimat al lucrarilor: 201 lei. Termenul de finalizare: 197 luni.', 'doc_existing_c9_1.txt', 602, NULL, 'text_document', 1775839974);
INSERT INTO documentation_files_to_geofeatures (id, geofeature_id, geofeature_type, documentation_file_id, updated_at) VALUES (3207, 9, 'cave', 1365, 1775839974);
INSERT INTO documentation_files_to_geofeatures (id, geofeature_id, geofeature_type, documentation_file_id, updated_at) VALUES (3208, 40, 'cave_area', 1365, 1775839974);
INSERT INTO documentation_files_to_geofeatures (id, geofeature_id, geofeature_type, documentation_file_id, updated_at) VALUES (3209, 413, 'cave_place', 1365, 1775839974);
INSERT INTO documentation_files (id, title, description, file_name, file_size, file_hash, file_type, created_at) VALUES (1366, 'Document Peștera B3 din Piatra Lupului #2', 'Nota de mentenanta balize - traseul 141. Am verificat 14 balize reflectorizante. Dintre acestea, 319 au fost inlocuite. Am adaugat 383 balize noi in zonele nemarcate. Distanta medie intre balize: 209 metri. Am folosit 237 culori diferite conform codificarii. Vizibilitatea minima a balizelor: 102 metri cu lampa frontala. Am eliminat 489 marcaje vechi si confuze. Traseul total balizat: 27 metri. Urmatoarea verificare: peste 457 luni. Materialul consumat: 218 benzi reflectorizante.', 'doc_existing_c9_2.txt', 483, NULL, 'text_document', 1775839974);
INSERT INTO documentation_files_to_geofeatures (id, geofeature_id, geofeature_type, documentation_file_id, updated_at) VALUES (3210, 9, 'cave', 1366, 1775839974);
INSERT INTO documentation_files (id, title, description, file_name, file_size, file_hash, file_type, created_at) VALUES (1367, 'Document Peștera B3 din Piatra Lupului #3', 'Raport geologic - profil 275. Stratele de calcar apartin etajului 276. Grosimea medie a stratelor este de 335 centimetri. Fisurile tectonice au un azimut predominant de 345 grade. Am recoltat 111 probe de roca pentru datarea izotopica. Continutul de CaCO3 depaseste 190 procente. Concretii de aragonita au fost gasite la cota 421. Varsta estimata a speleothemelor: 36 mii de ani. Depozitele clastice au o grosime de 304 centimetri. Am identificat 293 tipuri diferite de sedimente. Nivelul paleoclappei fosile este la cota 452 metri. Analiza XRD confirma 248 faze minerale distincte. Sectorul analizat are o lungime de 459 metri. Am realizat 148 profile transversale ale galeriei. Cutele vizibile au amplitudini de 59 centimetri.', 'doc_existing_c9_3.txt', 728, NULL, 'text_document', 1775839974);
INSERT INTO documentation_files_to_geofeatures (id, geofeature_id, geofeature_type, documentation_file_id, updated_at) VALUES (3211, 9, 'cave', 1367, 1775839974);
INSERT INTO documentation_files_to_geofeatures (id, geofeature_id, geofeature_type, documentation_file_id, updated_at) VALUES (3212, 41, 'cave_area', 1367, 1775839974);
INSERT INTO documentation_files (id, title, description, file_name, file_size, file_hash, file_type, created_at) VALUES (1368, 'Document Peștera B3 din Piatra Lupului #4', 'Studiu speleogenetic - sectorul 218. Am analizat 77 probe de calcar sub microscop. Varsta estimata a galeriei: 82 milioane de ani. Am identificat 195 faze de speleogeneza. Nivelul freatic actual este la 489 metri adancime. Am corelat cu 114 alte pesteri din zona. Porozitatea medie a rocii: 87 procente. Am realizat 144 sectiuni subtiri din probe. Studiul va fi publicat in volumul 267 al buletinului. Am colaborat cu 395 geologi specialisti.', 'doc_existing_c9_4.txt', 442, NULL, 'text_document', 1775839974);
INSERT INTO documentation_files_to_geofeatures (id, geofeature_id, geofeature_type, documentation_file_id, updated_at) VALUES (3213, 9, 'cave', 1368, 1775839974);
INSERT INTO documentation_files (id, title, description, file_name, file_size, file_hash, file_type, created_at) VALUES (1369, 'Document Peștera B3 din Piatra Lupului #5', 'Studiu speleogenetic - sectorul 196. Am analizat 220 probe de calcar sub microscop. Varsta estimata a galeriei: 353 milioane de ani. Am identificat 387 faze de speleogeneza. Nivelul freatic actual este la 259 metri adancime. Am corelat cu 313 alte pesteri din zona. Porozitatea medie a rocii: 461 procente. Am realizat 245 sectiuni subtiri din probe. Studiul va fi publicat in volumul 489 al buletinului. Am colaborat cu 189 geologi specialisti.', 'doc_existing_c9_5.txt', 445, NULL, 'text_document', 1775839974);
INSERT INTO documentation_files_to_geofeatures (id, geofeature_id, geofeature_type, documentation_file_id, updated_at) VALUES (3214, 9, 'cave', 1369, 1775839974);
INSERT INTO documentation_files (id, title, description, file_name, file_size, file_hash, file_type, created_at) VALUES (1370, 'Document Peștera B3 din Piatra Lupului #6', 'Fisa tehnica echipare put - verticala nr. 186. Adancimea: 136 metri. Am instalat 2 spituri din otel inoxidabil. Distanta intre spituri: 284 metri. Lungimea corzii principale: 203 metri. Coarda de siguranta: 220 metri. Am montat 420 protectoare de franghie. Fractionarea se face la 228 metri de buza putului. Deviatia este la 452 metri sub fractionare. Am testat echiparea cu 430 coborari. Ultimul control al spiturilor: acum 294 luni.', 'doc_existing_c9_6.txt', 434, NULL, 'text_document', 1775839974);
INSERT INTO documentation_files_to_geofeatures (id, geofeature_id, geofeature_type, documentation_file_id, updated_at) VALUES (3215, 9, 'cave', 1370, 1775839974);
INSERT INTO documentation_files_to_geofeatures (id, geofeature_id, geofeature_type, documentation_file_id, updated_at) VALUES (3216, 40, 'cave_area', 1370, 1775839974);
INSERT INTO documentation_files (id, title, description, file_name, file_size, file_hash, file_type, created_at) VALUES (1371, 'Document Peștera B3 din Piatra Lupului #7', 'Studiu speleogenetic - sectorul 379. Am analizat 341 probe de calcar sub microscop. Varsta estimata a galeriei: 56 milioane de ani. Am identificat 242 faze de speleogeneza. Nivelul freatic actual este la 223 metri adancime. Am corelat cu 141 alte pesteri din zona. Porozitatea medie a rocii: 215 procente. Am realizat 115 sectiuni subtiri din probe. Studiul va fi publicat in volumul 298 al buletinului. Am colaborat cu 25 geologi specialisti.', 'doc_existing_c9_7.txt', 443, NULL, 'text_document', 1775839974);
INSERT INTO documentation_files_to_geofeatures (id, geofeature_id, geofeature_type, documentation_file_id, updated_at) VALUES (3217, 9, 'cave', 1371, 1775839974);
INSERT INTO documentation_files_to_geofeatures (id, geofeature_id, geofeature_type, documentation_file_id, updated_at) VALUES (3218, 38, 'cave_area', 1371, 1775839974);
INSERT INTO documentation_files (id, title, description, file_name, file_size, file_hash, file_type, created_at) VALUES (1372, 'Document Peștera B3 din Piatra Lupului #8', 'Nota de mentenanta balize - traseul 182. Am verificat 326 balize reflectorizante. Dintre acestea, 203 au fost inlocuite. Am adaugat 403 balize noi in zonele nemarcate. Distanta medie intre balize: 69 metri. Am folosit 74 culori diferite conform codificarii. Vizibilitatea minima a balizelor: 298 metri cu lampa frontala. Am eliminat 304 marcaje vechi si confuze. Traseul total balizat: 450 metri. Urmatoarea verificare: peste 189 luni. Materialul consumat: 30 benzi reflectorizante.', 'doc_existing_c9_8.txt', 482, NULL, 'text_document', 1775839974);
INSERT INTO documentation_files_to_geofeatures (id, geofeature_id, geofeature_type, documentation_file_id, updated_at) VALUES (3219, 9, 'cave', 1372, 1775839974);
INSERT INTO documentation_files (id, title, description, file_name, file_size, file_hash, file_type, created_at) VALUES (1373, 'Document Peștera B3 din Piatra Lupului #9', 'Nota de mentenanta balize - traseul 333. Am verificat 489 balize reflectorizante. Dintre acestea, 228 au fost inlocuite. Am adaugat 126 balize noi in zonele nemarcate. Distanta medie intre balize: 47 metri. Am folosit 16 culori diferite conform codificarii. Vizibilitatea minima a balizelor: 216 metri cu lampa frontala. Am eliminat 288 marcaje vechi si confuze. Traseul total balizat: 22 metri. Urmatoarea verificare: peste 255 luni. Materialul consumat: 73 benzi reflectorizante.', 'doc_existing_c9_9.txt', 481, NULL, 'text_document', 1775839974);
INSERT INTO documentation_files_to_geofeatures (id, geofeature_id, geofeature_type, documentation_file_id, updated_at) VALUES (3220, 9, 'cave', 1373, 1775839974);
INSERT INTO documentation_files_to_geofeatures (id, geofeature_id, geofeature_type, documentation_file_id, updated_at) VALUES (3221, 387, 'cave_place', 1373, 1775839974);
INSERT INTO documentation_files (id, title, description, file_name, file_size, file_hash, file_type, created_at) VALUES (1374, 'Document Peștera B3 din Piatra Lupului #10', 'Fisa tehnica echipare put - verticala nr. 214. Adancimea: 74 metri. Am instalat 243 spituri din otel inoxidabil. Distanta intre spituri: 274 metri. Lungimea corzii principale: 390 metri. Coarda de siguranta: 393 metri. Am montat 185 protectoare de franghie. Fractionarea se face la 4 metri de buza putului. Deviatia este la 325 metri sub fractionare. Am testat echiparea cu 456 coborari. Ultimul control al spiturilor: acum 53 luni.', 'doc_existing_c9_10.txt', 432, NULL, 'text_document', 1775839974);
INSERT INTO documentation_files_to_geofeatures (id, geofeature_id, geofeature_type, documentation_file_id, updated_at) VALUES (3222, 9, 'cave', 1374, 1775839974);
INSERT INTO documentation_files_to_geofeatures (id, geofeature_id, geofeature_type, documentation_file_id, updated_at) VALUES (3223, 36, 'cave_area', 1374, 1775839974);
INSERT INTO documentation_files_to_geofeatures (id, geofeature_id, geofeature_type, documentation_file_id, updated_at) VALUES (3224, 422, 'cave_place', 1374, 1775839974);
INSERT INTO documentation_files (id, title, description, file_name, file_size, file_hash, file_type, created_at) VALUES (1375, 'Document Peștera B3 din Piatra Lupului #11', 'Fisa tehnica echipare put - verticala nr. 124. Adancimea: 68 metri. Am instalat 95 spituri din otel inoxidabil. Distanta intre spituri: 239 metri. Lungimea corzii principale: 148 metri. Coarda de siguranta: 471 metri. Am montat 49 protectoare de franghie. Fractionarea se face la 5 metri de buza putului. Deviatia este la 411 metri sub fractionare. Am testat echiparea cu 427 coborari. Ultimul control al spiturilor: acum 20 luni.', 'doc_existing_c9_11.txt', 430, NULL, 'text_document', 1775839974);
INSERT INTO documentation_files_to_geofeatures (id, geofeature_id, geofeature_type, documentation_file_id, updated_at) VALUES (3225, 9, 'cave', 1375, 1775839974);
INSERT INTO documentation_files_to_geofeatures (id, geofeature_id, geofeature_type, documentation_file_id, updated_at) VALUES (3226, 423, 'cave_place', 1375, 1775839974);
INSERT INTO documentation_files (id, title, description, file_name, file_size, file_hash, file_type, created_at) VALUES (1376, 'Foto Peștera B3 din Piatra Lupului #1', 'Fotografie de pestera pentru arhiva tehnica.', '20250105_112245.jpg', 24061, NULL, 'photo', 1775839974);
INSERT INTO documentation_files_to_geofeatures (id, geofeature_id, geofeature_type, documentation_file_id, updated_at) VALUES (3227, 9, 'cave', 1376, 1775839974);
INSERT INTO documentation_files_to_geofeatures (id, geofeature_id, geofeature_type, documentation_file_id, updated_at) VALUES (3228, 41, 'cave_area', 1376, 1775839974);
INSERT INTO documentation_files_to_geofeatures (id, geofeature_id, geofeature_type, documentation_file_id, updated_at) VALUES (3229, 431, 'cave_place', 1376, 1775839974);
INSERT INTO documentation_files (id, title, description, file_name, file_size, file_hash, file_type, created_at) VALUES (1377, 'Foto Peștera B3 din Piatra Lupului #2', 'Fotografie de pestera pentru arhiva tehnica.', '20250105_171938.jpg', 83405, NULL, 'photo', 1775839974);
INSERT INTO documentation_files_to_geofeatures (id, geofeature_id, geofeature_type, documentation_file_id, updated_at) VALUES (3230, 9, 'cave', 1377, 1775839974);
INSERT INTO documentation_files_to_geofeatures (id, geofeature_id, geofeature_type, documentation_file_id, updated_at) VALUES (3231, 40, 'cave_area', 1377, 1775839974);
INSERT INTO documentation_files (id, title, description, file_name, file_size, file_hash, file_type, created_at) VALUES (1378, 'Foto Peștera B3 din Piatra Lupului #3', 'Fotografie de pestera pentru arhiva tehnica.', '20250108_070400.jpg', 71580, NULL, 'photo', 1775839974);
INSERT INTO documentation_files_to_geofeatures (id, geofeature_id, geofeature_type, documentation_file_id, updated_at) VALUES (3232, 9, 'cave', 1378, 1775839974);
INSERT INTO documentation_files_to_geofeatures (id, geofeature_id, geofeature_type, documentation_file_id, updated_at) VALUES (3233, 40, 'cave_area', 1378, 1775839974);
INSERT INTO documentation_files_to_geofeatures (id, geofeature_id, geofeature_type, documentation_file_id, updated_at) VALUES (3234, 413, 'cave_place', 1378, 1775839974);
INSERT INTO documentation_files (id, title, description, file_name, file_size, file_hash, file_type, created_at) VALUES (1379, 'Foto Peștera B3 din Piatra Lupului #4', 'Fotografie de pestera pentru arhiva tehnica.', '20250107_045319.jpg', 70367, NULL, 'photo', 1775839974);
INSERT INTO documentation_files_to_geofeatures (id, geofeature_id, geofeature_type, documentation_file_id, updated_at) VALUES (3235, 9, 'cave', 1379, 1775839974);
INSERT INTO documentation_files_to_geofeatures (id, geofeature_id, geofeature_type, documentation_file_id, updated_at) VALUES (3236, 37, 'cave_area', 1379, 1775839974);
INSERT INTO documentation_files (id, title, description, file_name, file_size, file_hash, file_type, created_at) VALUES (1380, 'Foto Peștera B3 din Piatra Lupului #5', 'Fotografie de pestera pentru arhiva tehnica.', '20250105_153139.jpg', 53561, NULL, 'photo', 1775839974);
INSERT INTO documentation_files_to_geofeatures (id, geofeature_id, geofeature_type, documentation_file_id, updated_at) VALUES (3237, 9, 'cave', 1380, 1775839974);
INSERT INTO documentation_files_to_geofeatures (id, geofeature_id, geofeature_type, documentation_file_id, updated_at) VALUES (3238, 38, 'cave_area', 1380, 1775839974);
INSERT INTO documentation_files_to_geofeatures (id, geofeature_id, geofeature_type, documentation_file_id, updated_at) VALUES (3239, 433, 'cave_place', 1380, 1775839974);
INSERT INTO documentation_files (id, title, description, file_name, file_size, file_hash, file_type, created_at) VALUES (1381, 'Foto Peștera B3 din Piatra Lupului #6', 'Fotografie de pestera pentru arhiva tehnica.', '20250105_112245.jpg', 24061, NULL, 'photo', 1775839974);
INSERT INTO documentation_files_to_geofeatures (id, geofeature_id, geofeature_type, documentation_file_id, updated_at) VALUES (3240, 9, 'cave', 1381, 1775839974);
INSERT INTO documentation_files_to_geofeatures (id, geofeature_id, geofeature_type, documentation_file_id, updated_at) VALUES (3241, 38, 'cave_area', 1381, 1775839974);
INSERT INTO documentation_files_to_geofeatures (id, geofeature_id, geofeature_type, documentation_file_id, updated_at) VALUES (3242, 385, 'cave_place', 1381, 1775839974);
INSERT INTO documentation_files (id, title, description, file_name, file_size, file_hash, file_type, created_at) VALUES (1382, 'Foto Peștera B3 din Piatra Lupului #7', 'Fotografie de pestera pentru arhiva tehnica.', '20250105_171954.jpg', 105834, NULL, 'photo', 1775839974);
INSERT INTO documentation_files_to_geofeatures (id, geofeature_id, geofeature_type, documentation_file_id, updated_at) VALUES (3243, 9, 'cave', 1382, 1775839974);
INSERT INTO documentation_files_to_geofeatures (id, geofeature_id, geofeature_type, documentation_file_id, updated_at) VALUES (3244, 39, 'cave_area', 1382, 1775839974);
INSERT INTO documentation_files (id, title, description, file_name, file_size, file_hash, file_type, created_at) VALUES (1383, 'Foto Peștera B3 din Piatra Lupului #8', 'Fotografie de pestera pentru arhiva tehnica.', '20250105_211239.jpg', 111085, NULL, 'photo', 1775839974);
INSERT INTO documentation_files_to_geofeatures (id, geofeature_id, geofeature_type, documentation_file_id, updated_at) VALUES (3245, 9, 'cave', 1383, 1775839974);
INSERT INTO documentation_files (id, title, description, file_name, file_size, file_hash, file_type, created_at) VALUES (1384, 'Foto Peștera B3 din Piatra Lupului #9', 'Fotografie de pestera pentru arhiva tehnica.', '20250105_120229.jpg', 85744, NULL, 'photo', 1775839974);
INSERT INTO documentation_files_to_geofeatures (id, geofeature_id, geofeature_type, documentation_file_id, updated_at) VALUES (3246, 9, 'cave', 1384, 1775839974);
INSERT INTO documentation_files_to_geofeatures (id, geofeature_id, geofeature_type, documentation_file_id, updated_at) VALUES (3247, 422, 'cave_place', 1384, 1775839974);
INSERT INTO documentation_files (id, title, description, file_name, file_size, file_hash, file_type, created_at) VALUES (1385, 'Foto Peștera B3 din Piatra Lupului #10', 'Fotografie de pestera pentru arhiva tehnica.', '20250108_014825.jpg', 80783, NULL, 'photo', 1775839974);
INSERT INTO documentation_files_to_geofeatures (id, geofeature_id, geofeature_type, documentation_file_id, updated_at) VALUES (3248, 9, 'cave', 1385, 1775839974);
INSERT INTO documentation_files (id, title, description, file_name, file_size, file_hash, file_type, created_at) VALUES (1386, 'Foto Peștera B3 din Piatra Lupului #11', 'Fotografie de pestera pentru arhiva tehnica.', '20250108_015243.jpg', 89809, NULL, 'photo', 1775839974);
INSERT INTO documentation_files_to_geofeatures (id, geofeature_id, geofeature_type, documentation_file_id, updated_at) VALUES (3249, 9, 'cave', 1386, 1775839974);
INSERT INTO documentation_files_to_geofeatures (id, geofeature_id, geofeature_type, documentation_file_id, updated_at) VALUES (3250, 430, 'cave_place', 1386, 1775839974);
INSERT INTO documentation_files (id, title, description, file_name, file_size, file_hash, file_type, created_at) VALUES (1387, 'Foto Peștera B3 din Piatra Lupului #12', 'Fotografie de pestera pentru arhiva tehnica.', '20250105_121440.jpg', 58950, NULL, 'photo', 1775839974);
INSERT INTO documentation_files_to_geofeatures (id, geofeature_id, geofeature_type, documentation_file_id, updated_at) VALUES (3251, 9, 'cave', 1387, 1775839974);
INSERT INTO documentation_files_to_geofeatures (id, geofeature_id, geofeature_type, documentation_file_id, updated_at) VALUES (3252, 36, 'cave_area', 1387, 1775839974);
INSERT INTO documentation_files (id, title, description, file_name, file_size, file_hash, file_type, created_at) VALUES (1388, 'Document Peștera B4 din Piatra Lupului #1', 'Fisa tehnica echipare put - verticala nr. 281. Adancimea: 303 metri. Am instalat 242 spituri din otel inoxidabil. Distanta intre spituri: 354 metri. Lungimea corzii principale: 212 metri. Coarda de siguranta: 151 metri. Am montat 216 protectoare de franghie. Fractionarea se face la 200 metri de buza putului. Deviatia este la 168 metri sub fractionare. Am testat echiparea cu 42 coborari. Ultimul control al spiturilor: acum 494 luni.', 'doc_existing_c10_1.txt', 435, NULL, 'text_document', 1775839974);
INSERT INTO documentation_files_to_geofeatures (id, geofeature_id, geofeature_type, documentation_file_id, updated_at) VALUES (3253, 10, 'cave', 1388, 1775839974);
INSERT INTO documentation_files_to_geofeatures (id, geofeature_id, geofeature_type, documentation_file_id, updated_at) VALUES (3254, 45, 'cave_area', 1388, 1775839974);
INSERT INTO documentation_files_to_geofeatures (id, geofeature_id, geofeature_type, documentation_file_id, updated_at) VALUES (3255, 467, 'cave_place', 1388, 1775839974);
INSERT INTO documentation_files (id, title, description, file_name, file_size, file_hash, file_type, created_at) VALUES (1389, 'Document Peștera B4 din Piatra Lupului #2', 'Studiu speleogenetic - sectorul 173. Am analizat 118 probe de calcar sub microscop. Varsta estimata a galeriei: 276 milioane de ani. Am identificat 336 faze de speleogeneza. Nivelul freatic actual este la 476 metri adancime. Am corelat cu 35 alte pesteri din zona. Porozitatea medie a rocii: 366 procente. Am realizat 419 sectiuni subtiri din probe. Studiul va fi publicat in volumul 399 al buletinului. Am colaborat cu 336 geologi specialisti.', 'doc_existing_c10_2.txt', 444, NULL, 'text_document', 1775839974);
INSERT INTO documentation_files_to_geofeatures (id, geofeature_id, geofeature_type, documentation_file_id, updated_at) VALUES (3256, 10, 'cave', 1389, 1775839974);
INSERT INTO documentation_files_to_geofeatures (id, geofeature_id, geofeature_type, documentation_file_id, updated_at) VALUES (3257, 471, 'cave_place', 1389, 1775839974);
INSERT INTO documentation_files (id, title, description, file_name, file_size, file_hash, file_type, created_at) VALUES (1390, 'Document Peștera B4 din Piatra Lupului #3', 'Studiu speleogenetic - sectorul 353. Am analizat 420 probe de calcar sub microscop. Varsta estimata a galeriei: 26 milioane de ani. Am identificat 389 faze de speleogeneza. Nivelul freatic actual este la 145 metri adancime. Am corelat cu 189 alte pesteri din zona. Porozitatea medie a rocii: 295 procente. Am realizat 123 sectiuni subtiri din probe. Studiul va fi publicat in volumul 311 al buletinului. Am colaborat cu 16 geologi specialisti.', 'doc_existing_c10_3.txt', 443, NULL, 'text_document', 1775839974);
INSERT INTO documentation_files_to_geofeatures (id, geofeature_id, geofeature_type, documentation_file_id, updated_at) VALUES (3258, 10, 'cave', 1390, 1775839974);
INSERT INTO documentation_files_to_geofeatures (id, geofeature_id, geofeature_type, documentation_file_id, updated_at) VALUES (3259, 43, 'cave_area', 1390, 1775839974);
INSERT INTO documentation_files (id, title, description, file_name, file_size, file_hash, file_type, created_at) VALUES (1391, 'Document Peștera B4 din Piatra Lupului #4', 'Raport geologic - profil 2. Stratele de calcar apartin etajului 419. Grosimea medie a stratelor este de 467 centimetri. Fisurile tectonice au un azimut predominant de 75 grade. Am recoltat 75 probe de roca pentru datarea izotopica. Continutul de CaCO3 depaseste 207 procente. Concretii de aragonita au fost gasite la cota 101. Varsta estimata a speleothemelor: 357 mii de ani. Depozitele clastice au o grosime de 126 centimetri. Am identificat 309 tipuri diferite de sedimente. Nivelul paleoclappei fosile este la cota 32 metri. Analiza XRD confirma 253 faze minerale distincte. Sectorul analizat are o lungime de 45 metri. Am realizat 457 profile transversale ale galeriei. Cutele vizibile au amplitudini de 152 centimetri.', 'doc_existing_c10_4.txt', 724, NULL, 'text_document', 1775839974);
INSERT INTO documentation_files_to_geofeatures (id, geofeature_id, geofeature_type, documentation_file_id, updated_at) VALUES (3260, 10, 'cave', 1391, 1775839974);
INSERT INTO documentation_files_to_geofeatures (id, geofeature_id, geofeature_type, documentation_file_id, updated_at) VALUES (3261, 43, 'cave_area', 1391, 1775839974);
INSERT INTO documentation_files_to_geofeatures (id, geofeature_id, geofeature_type, documentation_file_id, updated_at) VALUES (3262, 454, 'cave_place', 1391, 1775839974);
INSERT INTO documentation_files (id, title, description, file_name, file_size, file_hash, file_type, created_at) VALUES (1392, 'Document Peștera B4 din Piatra Lupului #5', 'Evaluare risc - sectorul 257. Am identificat 24 zone cu risc de prabusire a plafonului. Blocurile instabile au dimensiuni de pana la 167 centimetri. Nivelul apei poate creste cu 18 metri in caz de precipitatii. Distanta de la intrare pana la prima zona de risc: 200 metri. Am instalat 469 indicatoare de avertizare reflectorizante. Evacuarea de urgenta dureaza estimativ 205 minute. Echipamentul de prim ajutor este pozitionat la statia 106. Am testat comunicarea radio in 221 puncte critice. Semnalul radio este pierdut dupa 373 metri de la intrare. Am recomandat echipa minima de 470 persoane pentru acest sector. Casca si lampa frontala trebuie verificate la fiecare 293 ore. Protocoalele de securitate au fost revizuite de 319 ori anul acesta. Ultimul incident a avut loc cu 1 luni in urma. Am efectuat 391 exercitii de evacuare. Planul de urgenta a fost actualizat la versiunea 372.', 'doc_existing_c10_5.txt', 887, NULL, 'text_document', 1775839974);
INSERT INTO documentation_files_to_geofeatures (id, geofeature_id, geofeature_type, documentation_file_id, updated_at) VALUES (3263, 10, 'cave', 1392, 1775839974);
INSERT INTO documentation_files_to_geofeatures (id, geofeature_id, geofeature_type, documentation_file_id, updated_at) VALUES (3264, 42, 'cave_area', 1392, 1775839974);
INSERT INTO documentation_files_to_geofeatures (id, geofeature_id, geofeature_type, documentation_file_id, updated_at) VALUES (3265, 471, 'cave_place', 1392, 1775839974);
INSERT INTO documentation_files (id, title, description, file_name, file_size, file_hash, file_type, created_at) VALUES (1393, 'Document Peștera B4 din Piatra Lupului #6', 'Raport geologic - profil 448. Stratele de calcar apartin etajului 44. Grosimea medie a stratelor este de 314 centimetri. Fisurile tectonice au un azimut predominant de 5 grade. Am recoltat 94 probe de roca pentru datarea izotopica. Continutul de CaCO3 depaseste 99 procente. Concretii de aragonita au fost gasite la cota 372. Varsta estimata a speleothemelor: 398 mii de ani. Depozitele clastice au o grosime de 197 centimetri. Am identificat 272 tipuri diferite de sedimente. Nivelul paleoclappei fosile este la cota 428 metri. Analiza XRD confirma 422 faze minerale distincte. Sectorul analizat are o lungime de 64 metri. Am realizat 224 profile transversale ale galeriei. Cutele vizibile au amplitudini de 59 centimetri.', 'doc_existing_c10_6.txt', 723, NULL, 'text_document', 1775839974);
INSERT INTO documentation_files_to_geofeatures (id, geofeature_id, geofeature_type, documentation_file_id, updated_at) VALUES (3266, 10, 'cave', 1393, 1775839974);
INSERT INTO documentation_files_to_geofeatures (id, geofeature_id, geofeature_type, documentation_file_id, updated_at) VALUES (3267, 449, 'cave_place', 1393, 1775839974);
INSERT INTO documentation_files (id, title, description, file_name, file_size, file_hash, file_type, created_at) VALUES (1394, 'Document Peștera B4 din Piatra Lupului #7', 'Evidenta resurse hidrologice - punctul 411. Debitul mediu masurat: 327 litri pe secunda. Am efectuat 423 masuratori in perioade diferite. Temperatura apei: 126 grade Celsius, constanta. pH-ul masurat: 363 unitati. Conductivitatea electrica: 479 microsiemensi. Am injectat 309 grame de trasor fluorescent. Trasorul a aparut la izvor dupa 383 ore. Distanta estimata: 44 metri de conducte carstice. Nivelul maxim in sezonul ploios: 486 centimetri peste normal. Am monitorizat 480 izvoare din bazin. Volumul estimat al lacului subteran: 273 metri cubi.', 'doc_existing_c10_7.txt', 548, NULL, 'text_document', 1775839974);
INSERT INTO documentation_files_to_geofeatures (id, geofeature_id, geofeature_type, documentation_file_id, updated_at) VALUES (3268, 10, 'cave', 1394, 1775839974);
INSERT INTO documentation_files_to_geofeatures (id, geofeature_id, geofeature_type, documentation_file_id, updated_at) VALUES (3269, 43, 'cave_area', 1394, 1775839974);
INSERT INTO documentation_files_to_geofeatures (id, geofeature_id, geofeature_type, documentation_file_id, updated_at) VALUES (3270, 457, 'cave_place', 1394, 1775839974);
INSERT INTO documentation_files (id, title, description, file_name, file_size, file_hash, file_type, created_at) VALUES (1395, 'Document Peștera B4 din Piatra Lupului #8', 'Raport climatologic subteran - statia 302. Senzorul a inregistrat 83 cicluri complete de temperatura. Temperatura medie anuala: 363 grade Celsius. Amplitudinea termica maxima: 191 grade. Umiditatea relativa medie: 288 procente. Concentratia de CO2: 243 ppm. Curentul de aer maxim masurat: 266 metri pe secunda. Directia predominanta a curentului: sector 189. Datalogerul a functionat 137 zile fara intrerupere. Am descarcat 60 megabytes de date brute. Presiunea barometrica la intrare: 478 mbar. Evaporarea masurata: 393 milimetri pe luna. Am comparat datele cu 360 statii meteorologice de suprafata. Raportul complet include 14 grafice si tabele. Monitorizarea continua de 54 luni confirma stabilitatea climatica.', 'doc_existing_c10_8.txt', 714, NULL, 'text_document', 1775839974);
INSERT INTO documentation_files_to_geofeatures (id, geofeature_id, geofeature_type, documentation_file_id, updated_at) VALUES (3271, 10, 'cave', 1395, 1775839974);
INSERT INTO documentation_files_to_geofeatures (id, geofeature_id, geofeature_type, documentation_file_id, updated_at) VALUES (3272, 44, 'cave_area', 1395, 1775839974);
INSERT INTO documentation_files_to_geofeatures (id, geofeature_id, geofeature_type, documentation_file_id, updated_at) VALUES (3273, 454, 'cave_place', 1395, 1775839974);
INSERT INTO documentation_files (id, title, description, file_name, file_size, file_hash, file_type, created_at) VALUES (1396, 'Document Peștera B4 din Piatra Lupului #9', 'Raport geologic - profil 60. Stratele de calcar apartin etajului 356. Grosimea medie a stratelor este de 67 centimetri. Fisurile tectonice au un azimut predominant de 220 grade. Am recoltat 135 probe de roca pentru datarea izotopica. Continutul de CaCO3 depaseste 247 procente. Concretii de aragonita au fost gasite la cota 211. Varsta estimata a speleothemelor: 130 mii de ani. Depozitele clastice au o grosime de 497 centimetri. Am identificat 356 tipuri diferite de sedimente. Nivelul paleoclappei fosile este la cota 251 metri. Analiza XRD confirma 188 faze minerale distincte. Sectorul analizat are o lungime de 299 metri. Am realizat 364 profile transversale ale galeriei. Cutele vizibile au amplitudini de 9 centimetri.', 'doc_existing_c10_9.txt', 726, NULL, 'text_document', 1775839974);
INSERT INTO documentation_files_to_geofeatures (id, geofeature_id, geofeature_type, documentation_file_id, updated_at) VALUES (3274, 10, 'cave', 1396, 1775839974);
INSERT INTO documentation_files_to_geofeatures (id, geofeature_id, geofeature_type, documentation_file_id, updated_at) VALUES (3275, 42, 'cave_area', 1396, 1775839974);
INSERT INTO documentation_files_to_geofeatures (id, geofeature_id, geofeature_type, documentation_file_id, updated_at) VALUES (3276, 465, 'cave_place', 1396, 1775839974);
INSERT INTO documentation_files (id, title, description, file_name, file_size, file_hash, file_type, created_at) VALUES (1397, 'Document Peștera B4 din Piatra Lupului #10', 'Studiu speleogenetic - sectorul 86. Am analizat 136 probe de calcar sub microscop. Varsta estimata a galeriei: 106 milioane de ani. Am identificat 300 faze de speleogeneza. Nivelul freatic actual este la 419 metri adancime. Am corelat cu 265 alte pesteri din zona. Porozitatea medie a rocii: 220 procente. Am realizat 337 sectiuni subtiri din probe. Studiul va fi publicat in volumul 206 al buletinului. Am colaborat cu 341 geologi specialisti.', 'doc_existing_c10_10.txt', 444, NULL, 'text_document', 1775839974);
INSERT INTO documentation_files_to_geofeatures (id, geofeature_id, geofeature_type, documentation_file_id, updated_at) VALUES (3277, 10, 'cave', 1397, 1775839974);
INSERT INTO documentation_files_to_geofeatures (id, geofeature_id, geofeature_type, documentation_file_id, updated_at) VALUES (3278, 42, 'cave_area', 1397, 1775839974);
INSERT INTO documentation_files (id, title, description, file_name, file_size, file_hash, file_type, created_at) VALUES (1398, 'Document Peștera B4 din Piatra Lupului #11', 'Evidenta resurse hidrologice - punctul 449. Debitul mediu masurat: 182 litri pe secunda. Am efectuat 72 masuratori in perioade diferite. Temperatura apei: 271 grade Celsius, constanta. pH-ul masurat: 475 unitati. Conductivitatea electrica: 57 microsiemensi. Am injectat 265 grame de trasor fluorescent. Trasorul a aparut la izvor dupa 78 ore. Distanta estimata: 309 metri de conducte carstice. Nivelul maxim in sezonul ploios: 1 centimetri peste normal. Am monitorizat 251 izvoare din bazin. Volumul estimat al lacului subteran: 454 metri cubi.', 'doc_existing_c10_11.txt', 544, NULL, 'text_document', 1775839974);
INSERT INTO documentation_files_to_geofeatures (id, geofeature_id, geofeature_type, documentation_file_id, updated_at) VALUES (3279, 10, 'cave', 1398, 1775839974);
INSERT INTO documentation_files_to_geofeatures (id, geofeature_id, geofeature_type, documentation_file_id, updated_at) VALUES (3280, 462, 'cave_place', 1398, 1775839974);
INSERT INTO documentation_files (id, title, description, file_name, file_size, file_hash, file_type, created_at) VALUES (1399, 'Document Peștera B4 din Piatra Lupului #12', 'Raport climatologic subteran - statia 419. Senzorul a inregistrat 292 cicluri complete de temperatura. Temperatura medie anuala: 174 grade Celsius. Amplitudinea termica maxima: 400 grade. Umiditatea relativa medie: 356 procente. Concentratia de CO2: 56 ppm. Curentul de aer maxim masurat: 431 metri pe secunda. Directia predominanta a curentului: sector 290. Datalogerul a functionat 261 zile fara intrerupere. Am descarcat 256 megabytes de date brute. Presiunea barometrica la intrare: 92 mbar. Evaporarea masurata: 113 milimetri pe luna. Am comparat datele cu 432 statii meteorologice de suprafata. Raportul complet include 387 grafice si tabele. Monitorizarea continua de 369 luni confirma stabilitatea climatica.', 'doc_existing_c10_12.txt', 716, NULL, 'text_document', 1775839974);
INSERT INTO documentation_files_to_geofeatures (id, geofeature_id, geofeature_type, documentation_file_id, updated_at) VALUES (3281, 10, 'cave', 1399, 1775839974);
INSERT INTO documentation_files_to_geofeatures (id, geofeature_id, geofeature_type, documentation_file_id, updated_at) VALUES (3282, 42, 'cave_area', 1399, 1775839974);
INSERT INTO documentation_files_to_geofeatures (id, geofeature_id, geofeature_type, documentation_file_id, updated_at) VALUES (3283, 467, 'cave_place', 1399, 1775839974);
INSERT INTO documentation_files (id, title, description, file_name, file_size, file_hash, file_type, created_at) VALUES (1400, 'Foto Peștera B4 din Piatra Lupului #1', 'Fotografie de pestera pentru arhiva tehnica.', '20250106_172237.jpg', 100771, NULL, 'photo', 1775839974);
INSERT INTO documentation_files_to_geofeatures (id, geofeature_id, geofeature_type, documentation_file_id, updated_at) VALUES (3284, 10, 'cave', 1400, 1775839974);
INSERT INTO documentation_files_to_geofeatures (id, geofeature_id, geofeature_type, documentation_file_id, updated_at) VALUES (3285, 42, 'cave_area', 1400, 1775839974);
INSERT INTO documentation_files (id, title, description, file_name, file_size, file_hash, file_type, created_at) VALUES (1401, 'Foto Peștera B4 din Piatra Lupului #2', 'Fotografie de pestera pentru arhiva tehnica.', '20250105_145407.jpg', 85562, NULL, 'photo', 1775839974);
INSERT INTO documentation_files_to_geofeatures (id, geofeature_id, geofeature_type, documentation_file_id, updated_at) VALUES (3286, 10, 'cave', 1401, 1775839974);
INSERT INTO documentation_files_to_geofeatures (id, geofeature_id, geofeature_type, documentation_file_id, updated_at) VALUES (3287, 43, 'cave_area', 1401, 1775839974);
INSERT INTO documentation_files (id, title, description, file_name, file_size, file_hash, file_type, created_at) VALUES (1402, 'Foto Peștera B4 din Piatra Lupului #3', 'Fotografie de pestera pentru arhiva tehnica.', '20250108_014825.jpg', 80783, NULL, 'photo', 1775839974);
INSERT INTO documentation_files_to_geofeatures (id, geofeature_id, geofeature_type, documentation_file_id, updated_at) VALUES (3288, 10, 'cave', 1402, 1775839974);
INSERT INTO documentation_files_to_geofeatures (id, geofeature_id, geofeature_type, documentation_file_id, updated_at) VALUES (3289, 451, 'cave_place', 1402, 1775839974);
INSERT INTO documentation_files (id, title, description, file_name, file_size, file_hash, file_type, created_at) VALUES (1403, 'Foto Peștera B4 din Piatra Lupului #4', 'Fotografie de pestera pentru arhiva tehnica.', '20250108_230150.jpg', 82392, NULL, 'photo', 1775839974);
INSERT INTO documentation_files_to_geofeatures (id, geofeature_id, geofeature_type, documentation_file_id, updated_at) VALUES (3290, 10, 'cave', 1403, 1775839974);
INSERT INTO documentation_files_to_geofeatures (id, geofeature_id, geofeature_type, documentation_file_id, updated_at) VALUES (3291, 448, 'cave_place', 1403, 1775839974);
INSERT INTO documentation_files (id, title, description, file_name, file_size, file_hash, file_type, created_at) VALUES (1404, 'Foto Peștera B4 din Piatra Lupului #5', 'Fotografie de pestera pentru arhiva tehnica.', '20250105_181113.jpg', 110223, NULL, 'photo', 1775839974);
INSERT INTO documentation_files_to_geofeatures (id, geofeature_id, geofeature_type, documentation_file_id, updated_at) VALUES (3292, 10, 'cave', 1404, 1775839974);
INSERT INTO documentation_files_to_geofeatures (id, geofeature_id, geofeature_type, documentation_file_id, updated_at) VALUES (3293, 446, 'cave_place', 1404, 1775839974);
INSERT INTO documentation_files (id, title, description, file_name, file_size, file_hash, file_type, created_at) VALUES (1405, 'Foto Peștera B4 din Piatra Lupului #6', 'Fotografie de pestera pentru arhiva tehnica.', '20250105_171954.jpg', 105834, NULL, 'photo', 1775839974);
INSERT INTO documentation_files_to_geofeatures (id, geofeature_id, geofeature_type, documentation_file_id, updated_at) VALUES (3294, 10, 'cave', 1405, 1775839974);
INSERT INTO documentation_files_to_geofeatures (id, geofeature_id, geofeature_type, documentation_file_id, updated_at) VALUES (3295, 44, 'cave_area', 1405, 1775839974);
INSERT INTO documentation_files_to_geofeatures (id, geofeature_id, geofeature_type, documentation_file_id, updated_at) VALUES (3296, 445, 'cave_place', 1405, 1775839974);
INSERT INTO documentation_files (id, title, description, file_name, file_size, file_hash, file_type, created_at) VALUES (1406, 'Foto Peștera B4 din Piatra Lupului #7', 'Fotografie de pestera pentru arhiva tehnica.', '20250105_153139.jpg', 53561, NULL, 'photo', 1775839974);
INSERT INTO documentation_files_to_geofeatures (id, geofeature_id, geofeature_type, documentation_file_id, updated_at) VALUES (3297, 10, 'cave', 1406, 1775839974);
INSERT INTO documentation_files_to_geofeatures (id, geofeature_id, geofeature_type, documentation_file_id, updated_at) VALUES (3298, 42, 'cave_area', 1406, 1775839974);
INSERT INTO documentation_files_to_geofeatures (id, geofeature_id, geofeature_type, documentation_file_id, updated_at) VALUES (3299, 444, 'cave_place', 1406, 1775839974);
INSERT INTO documentation_files (id, title, description, file_name, file_size, file_hash, file_type, created_at) VALUES (1407, 'Foto Peștera B4 din Piatra Lupului #8', 'Fotografie de pestera pentru arhiva tehnica.', '20250105_175952.jpg', 82206, NULL, 'photo', 1775839974);
INSERT INTO documentation_files_to_geofeatures (id, geofeature_id, geofeature_type, documentation_file_id, updated_at) VALUES (3300, 10, 'cave', 1407, 1775839974);
INSERT INTO documentation_files_to_geofeatures (id, geofeature_id, geofeature_type, documentation_file_id, updated_at) VALUES (3301, 42, 'cave_area', 1407, 1775839974);
INSERT INTO documentation_files_to_geofeatures (id, geofeature_id, geofeature_type, documentation_file_id, updated_at) VALUES (3302, 450, 'cave_place', 1407, 1775839974);
INSERT INTO documentation_files (id, title, description, file_name, file_size, file_hash, file_type, created_at) VALUES (1408, 'Foto Peștera B4 din Piatra Lupului #9', 'Fotografie de pestera pentru arhiva tehnica.', '20250108_015243.jpg', 89809, NULL, 'photo', 1775839974);
INSERT INTO documentation_files_to_geofeatures (id, geofeature_id, geofeature_type, documentation_file_id, updated_at) VALUES (3303, 10, 'cave', 1408, 1775839974);
INSERT INTO documentation_files (id, title, description, file_name, file_size, file_hash, file_type, created_at) VALUES (1409, 'Foto Peștera B4 din Piatra Lupului #10', 'Fotografie de pestera pentru arhiva tehnica.', '20250108_015243.jpg', 89809, NULL, 'photo', 1775839974);
INSERT INTO documentation_files_to_geofeatures (id, geofeature_id, geofeature_type, documentation_file_id, updated_at) VALUES (3304, 10, 'cave', 1409, 1775839974);
INSERT INTO documentation_files_to_geofeatures (id, geofeature_id, geofeature_type, documentation_file_id, updated_at) VALUES (3305, 42, 'cave_area', 1409, 1775839974);
INSERT INTO documentation_files_to_geofeatures (id, geofeature_id, geofeature_type, documentation_file_id, updated_at) VALUES (3306, 467, 'cave_place', 1409, 1775839974);
INSERT INTO documentation_files (id, title, description, file_name, file_size, file_hash, file_type, created_at) VALUES (1410, 'Foto Peștera B4 din Piatra Lupului #11', 'Fotografie de pestera pentru arhiva tehnica.', '20250105_171954.jpg', 105834, NULL, 'photo', 1775839974);
INSERT INTO documentation_files_to_geofeatures (id, geofeature_id, geofeature_type, documentation_file_id, updated_at) VALUES (3307, 10, 'cave', 1410, 1775839974);
INSERT INTO documentation_files_to_geofeatures (id, geofeature_id, geofeature_type, documentation_file_id, updated_at) VALUES (3308, 42, 'cave_area', 1410, 1775839974);
INSERT INTO documentation_files_to_geofeatures (id, geofeature_id, geofeature_type, documentation_file_id, updated_at) VALUES (3309, 442, 'cave_place', 1410, 1775839974);
INSERT INTO documentation_files (id, title, description, file_name, file_size, file_hash, file_type, created_at) VALUES (1411, 'Document Peștera B5 din Piatra Lupului #1', 'Raport geologic - profil 23. Stratele de calcar apartin etajului 444. Grosimea medie a stratelor este de 271 centimetri. Fisurile tectonice au un azimut predominant de 105 grade. Am recoltat 230 probe de roca pentru datarea izotopica. Continutul de CaCO3 depaseste 228 procente. Concretii de aragonita au fost gasite la cota 145. Varsta estimata a speleothemelor: 325 mii de ani. Depozitele clastice au o grosime de 387 centimetri. Am identificat 178 tipuri diferite de sedimente. Nivelul paleoclappei fosile este la cota 98 metri. Analiza XRD confirma 19 faze minerale distincte. Sectorul analizat are o lungime de 440 metri. Am realizat 91 profile transversale ale galeriei. Cutele vizibile au amplitudini de 37 centimetri.', 'doc_existing_c11_1.txt', 725, NULL, 'text_document', 1775839974);
INSERT INTO documentation_files_to_geofeatures (id, geofeature_id, geofeature_type, documentation_file_id, updated_at) VALUES (3310, 11, 'cave', 1411, 1775839974);
INSERT INTO documentation_files_to_geofeatures (id, geofeature_id, geofeature_type, documentation_file_id, updated_at) VALUES (3311, 47, 'cave_area', 1411, 1775839974);
INSERT INTO documentation_files_to_geofeatures (id, geofeature_id, geofeature_type, documentation_file_id, updated_at) VALUES (3312, 497, 'cave_place', 1411, 1775839974);
INSERT INTO documentation_files (id, title, description, file_name, file_size, file_hash, file_type, created_at) VALUES (1412, 'Document Peștera B5 din Piatra Lupului #2', 'Nota de mentenanta balize - traseul 219. Am verificat 384 balize reflectorizante. Dintre acestea, 397 au fost inlocuite. Am adaugat 69 balize noi in zonele nemarcate. Distanta medie intre balize: 9 metri. Am folosit 197 culori diferite conform codificarii. Vizibilitatea minima a balizelor: 344 metri cu lampa frontala. Am eliminat 292 marcaje vechi si confuze. Traseul total balizat: 215 metri. Urmatoarea verificare: peste 470 luni. Materialul consumat: 246 benzi reflectorizante.', 'doc_existing_c11_2.txt', 482, NULL, 'text_document', 1775839974);
INSERT INTO documentation_files_to_geofeatures (id, geofeature_id, geofeature_type, documentation_file_id, updated_at) VALUES (3313, 11, 'cave', 1412, 1775839974);
INSERT INTO documentation_files_to_geofeatures (id, geofeature_id, geofeature_type, documentation_file_id, updated_at) VALUES (3314, 46, 'cave_area', 1412, 1775839974);
INSERT INTO documentation_files_to_geofeatures (id, geofeature_id, geofeature_type, documentation_file_id, updated_at) VALUES (3315, 528, 'cave_place', 1412, 1775839974);
INSERT INTO documentation_files (id, title, description, file_name, file_size, file_hash, file_type, created_at) VALUES (1413, 'Document Peștera B5 din Piatra Lupului #3', 'Studiu speleogenetic - sectorul 91. Am analizat 1 probe de calcar sub microscop. Varsta estimata a galeriei: 475 milioane de ani. Am identificat 488 faze de speleogeneza. Nivelul freatic actual este la 287 metri adancime. Am corelat cu 374 alte pesteri din zona. Porozitatea medie a rocii: 65 procente. Am realizat 464 sectiuni subtiri din probe. Studiul va fi publicat in volumul 79 al buletinului. Am colaborat cu 406 geologi specialisti.', 'doc_existing_c11_3.txt', 440, NULL, 'text_document', 1775839974);
INSERT INTO documentation_files_to_geofeatures (id, geofeature_id, geofeature_type, documentation_file_id, updated_at) VALUES (3316, 11, 'cave', 1413, 1775839974);
INSERT INTO documentation_files_to_geofeatures (id, geofeature_id, geofeature_type, documentation_file_id, updated_at) VALUES (3317, 48, 'cave_area', 1413, 1775839974);
INSERT INTO documentation_files (id, title, description, file_name, file_size, file_hash, file_type, created_at) VALUES (1414, 'Document Peștera B5 din Piatra Lupului #4', 'Evidenta resurse hidrologice - punctul 9. Debitul mediu masurat: 453 litri pe secunda. Am efectuat 425 masuratori in perioade diferite. Temperatura apei: 133 grade Celsius, constanta. pH-ul masurat: 339 unitati. Conductivitatea electrica: 4 microsiemensi. Am injectat 98 grame de trasor fluorescent. Trasorul a aparut la izvor dupa 116 ore. Distanta estimata: 168 metri de conducte carstice. Nivelul maxim in sezonul ploios: 78 centimetri peste normal. Am monitorizat 246 izvoare din bazin. Volumul estimat al lacului subteran: 493 metri cubi.', 'doc_existing_c11_4.txt', 543, NULL, 'text_document', 1775839974);
INSERT INTO documentation_files_to_geofeatures (id, geofeature_id, geofeature_type, documentation_file_id, updated_at) VALUES (3318, 11, 'cave', 1414, 1775839974);
INSERT INTO documentation_files_to_geofeatures (id, geofeature_id, geofeature_type, documentation_file_id, updated_at) VALUES (3319, 47, 'cave_area', 1414, 1775839974);
INSERT INTO documentation_files (id, title, description, file_name, file_size, file_hash, file_type, created_at) VALUES (1415, 'Document Peștera B5 din Piatra Lupului #5', 'Proces verbal intalnire club - sedinta nr. 422. Au participat 339 membri. Am discutat 71 puncte pe ordinea de zi. S-a aprobat bugetul de 117 lei pentru trimestrul urmator. Am planificat 310 expeditii in urmatoarele luni. S-au inscris 54 membri noi. Am evaluat 448 rapoarte de explorare. S-a votat achizitionarea de echipament in valoare de 300 lei. Urmatoarea sedinta: peste 66 saptamani. Am desemnat 116 responsabili pentru proiecte.', 'doc_existing_c11_5.txt', 434, NULL, 'text_document', 1775839974);
INSERT INTO documentation_files_to_geofeatures (id, geofeature_id, geofeature_type, documentation_file_id, updated_at) VALUES (3320, 11, 'cave', 1415, 1775839974);
INSERT INTO documentation_files_to_geofeatures (id, geofeature_id, geofeature_type, documentation_file_id, updated_at) VALUES (3321, 47, 'cave_area', 1415, 1775839974);
INSERT INTO documentation_files_to_geofeatures (id, geofeature_id, geofeature_type, documentation_file_id, updated_at) VALUES (3322, 500, 'cave_place', 1415, 1775839974);
INSERT INTO documentation_files (id, title, description, file_name, file_size, file_hash, file_type, created_at) VALUES (1416, 'Document Peștera B5 din Piatra Lupului #6', 'Raport geologic - profil 190. Stratele de calcar apartin etajului 382. Grosimea medie a stratelor este de 462 centimetri. Fisurile tectonice au un azimut predominant de 316 grade. Am recoltat 118 probe de roca pentru datarea izotopica. Continutul de CaCO3 depaseste 187 procente. Concretii de aragonita au fost gasite la cota 30. Varsta estimata a speleothemelor: 360 mii de ani. Depozitele clastice au o grosime de 416 centimetri. Am identificat 198 tipuri diferite de sedimente. Nivelul paleoclappei fosile este la cota 309 metri. Analiza XRD confirma 375 faze minerale distincte. Sectorul analizat are o lungime de 454 metri. Am realizat 211 profile transversale ale galeriei. Cutele vizibile au amplitudini de 478 centimetri.', 'doc_existing_c11_6.txt', 729, NULL, 'text_document', 1775839974);
INSERT INTO documentation_files_to_geofeatures (id, geofeature_id, geofeature_type, documentation_file_id, updated_at) VALUES (3323, 11, 'cave', 1416, 1775839974);
INSERT INTO documentation_files_to_geofeatures (id, geofeature_id, geofeature_type, documentation_file_id, updated_at) VALUES (3324, 48, 'cave_area', 1416, 1775839974);
INSERT INTO documentation_files (id, title, description, file_name, file_size, file_hash, file_type, created_at) VALUES (1417, 'Document Peștera B5 din Piatra Lupului #7', 'Nota de mentenanta balize - traseul 172. Am verificat 367 balize reflectorizante. Dintre acestea, 330 au fost inlocuite. Am adaugat 457 balize noi in zonele nemarcate. Distanta medie intre balize: 24 metri. Am folosit 192 culori diferite conform codificarii. Vizibilitatea minima a balizelor: 422 metri cu lampa frontala. Am eliminat 274 marcaje vechi si confuze. Traseul total balizat: 119 metri. Urmatoarea verificare: peste 67 luni. Materialul consumat: 230 benzi reflectorizante.', 'doc_existing_c11_7.txt', 483, NULL, 'text_document', 1775839974);
INSERT INTO documentation_files_to_geofeatures (id, geofeature_id, geofeature_type, documentation_file_id, updated_at) VALUES (3325, 11, 'cave', 1417, 1775839974);
INSERT INTO documentation_files_to_geofeatures (id, geofeature_id, geofeature_type, documentation_file_id, updated_at) VALUES (3326, 516, 'cave_place', 1417, 1775839974);
INSERT INTO documentation_files (id, title, description, file_name, file_size, file_hash, file_type, created_at) VALUES (1418, 'Document Peștera B5 din Piatra Lupului #8', 'Fisa tehnica echipare put - verticala nr. 436. Adancimea: 417 metri. Am instalat 191 spituri din otel inoxidabil. Distanta intre spituri: 267 metri. Lungimea corzii principale: 24 metri. Coarda de siguranta: 29 metri. Am montat 219 protectoare de franghie. Fractionarea se face la 244 metri de buza putului. Deviatia este la 444 metri sub fractionare. Am testat echiparea cu 84 coborari. Ultimul control al spiturilor: acum 207 luni.', 'doc_existing_c11_8.txt', 433, NULL, 'text_document', 1775839974);
INSERT INTO documentation_files_to_geofeatures (id, geofeature_id, geofeature_type, documentation_file_id, updated_at) VALUES (3327, 11, 'cave', 1418, 1775839974);
INSERT INTO documentation_files_to_geofeatures (id, geofeature_id, geofeature_type, documentation_file_id, updated_at) VALUES (3328, 48, 'cave_area', 1418, 1775839974);
INSERT INTO documentation_files_to_geofeatures (id, geofeature_id, geofeature_type, documentation_file_id, updated_at) VALUES (3329, 532, 'cave_place', 1418, 1775839974);
INSERT INTO documentation_files (id, title, description, file_name, file_size, file_hash, file_type, created_at) VALUES (1419, 'Document Peștera B5 din Piatra Lupului #9', 'Studiu speleogenetic - sectorul 446. Am analizat 254 probe de calcar sub microscop. Varsta estimata a galeriei: 261 milioane de ani. Am identificat 488 faze de speleogeneza. Nivelul freatic actual este la 356 metri adancime. Am corelat cu 375 alte pesteri din zona. Porozitatea medie a rocii: 87 procente. Am realizat 81 sectiuni subtiri din probe. Studiul va fi publicat in volumul 87 al buletinului. Am colaborat cu 495 geologi specialisti.', 'doc_existing_c11_9.txt', 442, NULL, 'text_document', 1775839974);
INSERT INTO documentation_files_to_geofeatures (id, geofeature_id, geofeature_type, documentation_file_id, updated_at) VALUES (3330, 11, 'cave', 1419, 1775839974);
INSERT INTO documentation_files_to_geofeatures (id, geofeature_id, geofeature_type, documentation_file_id, updated_at) VALUES (3331, 517, 'cave_place', 1419, 1775839974);
INSERT INTO documentation_files (id, title, description, file_name, file_size, file_hash, file_type, created_at) VALUES (1420, 'Document Peștera B5 din Piatra Lupului #10', 'Fisa tehnica echipare put - verticala nr. 282. Adancimea: 355 metri. Am instalat 478 spituri din otel inoxidabil. Distanta intre spituri: 158 metri. Lungimea corzii principale: 290 metri. Coarda de siguranta: 296 metri. Am montat 322 protectoare de franghie. Fractionarea se face la 4 metri de buza putului. Deviatia este la 244 metri sub fractionare. Am testat echiparea cu 254 coborari. Ultimul control al spiturilor: acum 29 luni.', 'doc_existing_c11_10.txt', 433, NULL, 'text_document', 1775839974);
INSERT INTO documentation_files_to_geofeatures (id, geofeature_id, geofeature_type, documentation_file_id, updated_at) VALUES (3332, 11, 'cave', 1420, 1775839974);
INSERT INTO documentation_files (id, title, description, file_name, file_size, file_hash, file_type, created_at) VALUES (1421, 'Document Peștera B5 din Piatra Lupului #11', 'Nota de mentenanta balize - traseul 311. Am verificat 418 balize reflectorizante. Dintre acestea, 53 au fost inlocuite. Am adaugat 23 balize noi in zonele nemarcate. Distanta medie intre balize: 468 metri. Am folosit 379 culori diferite conform codificarii. Vizibilitatea minima a balizelor: 470 metri cu lampa frontala. Am eliminat 42 marcaje vechi si confuze. Traseul total balizat: 431 metri. Urmatoarea verificare: peste 257 luni. Materialul consumat: 228 benzi reflectorizante.', 'doc_existing_c11_11.txt', 482, NULL, 'text_document', 1775839974);
INSERT INTO documentation_files_to_geofeatures (id, geofeature_id, geofeature_type, documentation_file_id, updated_at) VALUES (3333, 11, 'cave', 1421, 1775839974);
INSERT INTO documentation_files_to_geofeatures (id, geofeature_id, geofeature_type, documentation_file_id, updated_at) VALUES (3334, 47, 'cave_area', 1421, 1775839974);
INSERT INTO documentation_files_to_geofeatures (id, geofeature_id, geofeature_type, documentation_file_id, updated_at) VALUES (3335, 484, 'cave_place', 1421, 1775839974);
INSERT INTO documentation_files (id, title, description, file_name, file_size, file_hash, file_type, created_at) VALUES (1422, 'Document Peștera B5 din Piatra Lupului #12', 'Studiu speleogenetic - sectorul 275. Am analizat 276 probe de calcar sub microscop. Varsta estimata a galeriei: 485 milioane de ani. Am identificat 164 faze de speleogeneza. Nivelul freatic actual este la 300 metri adancime. Am corelat cu 4 alte pesteri din zona. Porozitatea medie a rocii: 432 procente. Am realizat 291 sectiuni subtiri din probe. Studiul va fi publicat in volumul 6 al buletinului. Am colaborat cu 223 geologi specialisti.', 'doc_existing_c11_12.txt', 441, NULL, 'text_document', 1775839974);
INSERT INTO documentation_files_to_geofeatures (id, geofeature_id, geofeature_type, documentation_file_id, updated_at) VALUES (3336, 11, 'cave', 1422, 1775839974);
INSERT INTO documentation_files_to_geofeatures (id, geofeature_id, geofeature_type, documentation_file_id, updated_at) VALUES (3337, 527, 'cave_place', 1422, 1775839974);
INSERT INTO documentation_files (id, title, description, file_name, file_size, file_hash, file_type, created_at) VALUES (1423, 'Foto Peștera B5 din Piatra Lupului #1', 'Fotografie de pestera pentru arhiva tehnica.', '20250108_015243.jpg', 89809, NULL, 'photo', 1775839974);
INSERT INTO documentation_files_to_geofeatures (id, geofeature_id, geofeature_type, documentation_file_id, updated_at) VALUES (3338, 11, 'cave', 1423, 1775839974);
INSERT INTO documentation_files_to_geofeatures (id, geofeature_id, geofeature_type, documentation_file_id, updated_at) VALUES (3339, 48, 'cave_area', 1423, 1775839974);
INSERT INTO documentation_files (id, title, description, file_name, file_size, file_hash, file_type, created_at) VALUES (1424, 'Foto Peștera B5 din Piatra Lupului #2', 'Fotografie de pestera pentru arhiva tehnica.', '20250105_180110.jpg', 94499, NULL, 'photo', 1775839974);
INSERT INTO documentation_files_to_geofeatures (id, geofeature_id, geofeature_type, documentation_file_id, updated_at) VALUES (3340, 11, 'cave', 1424, 1775839974);
INSERT INTO documentation_files_to_geofeatures (id, geofeature_id, geofeature_type, documentation_file_id, updated_at) VALUES (3341, 526, 'cave_place', 1424, 1775839974);
INSERT INTO documentation_files (id, title, description, file_name, file_size, file_hash, file_type, created_at) VALUES (1425, 'Foto Peștera B5 din Piatra Lupului #3', 'Fotografie de pestera pentru arhiva tehnica.', '20250108_055732.jpg', 99069, NULL, 'photo', 1775839974);
INSERT INTO documentation_files_to_geofeatures (id, geofeature_id, geofeature_type, documentation_file_id, updated_at) VALUES (3342, 11, 'cave', 1425, 1775839974);
INSERT INTO documentation_files_to_geofeatures (id, geofeature_id, geofeature_type, documentation_file_id, updated_at) VALUES (3343, 519, 'cave_place', 1425, 1775839974);
INSERT INTO documentation_files (id, title, description, file_name, file_size, file_hash, file_type, created_at) VALUES (1426, 'Foto Peștera B5 din Piatra Lupului #4', 'Fotografie de pestera pentru arhiva tehnica.', '20250108_055732.jpg', 99069, NULL, 'photo', 1775839974);
INSERT INTO documentation_files_to_geofeatures (id, geofeature_id, geofeature_type, documentation_file_id, updated_at) VALUES (3344, 11, 'cave', 1426, 1775839974);
INSERT INTO documentation_files (id, title, description, file_name, file_size, file_hash, file_type, created_at) VALUES (1427, 'Foto Peștera B5 din Piatra Lupului #5', 'Fotografie de pestera pentru arhiva tehnica.', '20250105_165436.jpg', 73847, NULL, 'photo', 1775839974);
INSERT INTO documentation_files_to_geofeatures (id, geofeature_id, geofeature_type, documentation_file_id, updated_at) VALUES (3345, 11, 'cave', 1427, 1775839974);
INSERT INTO documentation_files (id, title, description, file_name, file_size, file_hash, file_type, created_at) VALUES (1428, 'Foto Peștera B5 din Piatra Lupului #6', 'Fotografie de pestera pentru arhiva tehnica.', '20250106_213733.jpg', 76066, NULL, 'photo', 1775839974);
INSERT INTO documentation_files_to_geofeatures (id, geofeature_id, geofeature_type, documentation_file_id, updated_at) VALUES (3346, 11, 'cave', 1428, 1775839974);
INSERT INTO documentation_files_to_geofeatures (id, geofeature_id, geofeature_type, documentation_file_id, updated_at) VALUES (3347, 528, 'cave_place', 1428, 1775839974);
INSERT INTO documentation_files (id, title, description, file_name, file_size, file_hash, file_type, created_at) VALUES (1429, 'Foto Peștera B5 din Piatra Lupului #7', 'Fotografie de pestera pentru arhiva tehnica.', '20250108_055732.jpg', 99069, NULL, 'photo', 1775839974);
INSERT INTO documentation_files_to_geofeatures (id, geofeature_id, geofeature_type, documentation_file_id, updated_at) VALUES (3348, 11, 'cave', 1429, 1775839974);
INSERT INTO documentation_files_to_geofeatures (id, geofeature_id, geofeature_type, documentation_file_id, updated_at) VALUES (3349, 48, 'cave_area', 1429, 1775839974);
INSERT INTO documentation_files_to_geofeatures (id, geofeature_id, geofeature_type, documentation_file_id, updated_at) VALUES (3350, 520, 'cave_place', 1429, 1775839974);
INSERT INTO documentation_files (id, title, description, file_name, file_size, file_hash, file_type, created_at) VALUES (1430, 'Document Peștera C1 din Piatra Lupului #1', 'Evidenta resurse hidrologice - punctul 299. Debitul mediu masurat: 137 litri pe secunda. Am efectuat 96 masuratori in perioade diferite. Temperatura apei: 305 grade Celsius, constanta. pH-ul masurat: 368 unitati. Conductivitatea electrica: 26 microsiemensi. Am injectat 78 grame de trasor fluorescent. Trasorul a aparut la izvor dupa 260 ore. Distanta estimata: 1 metri de conducte carstice. Nivelul maxim in sezonul ploios: 359 centimetri peste normal. Am monitorizat 328 izvoare din bazin. Volumul estimat al lacului subteran: 321 metri cubi.', 'doc_existing_c12_1.txt', 544, NULL, 'text_document', 1775839974);
INSERT INTO documentation_files_to_geofeatures (id, geofeature_id, geofeature_type, documentation_file_id, updated_at) VALUES (3351, 12, 'cave', 1430, 1775839974);
INSERT INTO documentation_files (id, title, description, file_name, file_size, file_hash, file_type, created_at) VALUES (1431, 'Document Peștera C1 din Piatra Lupului #2', 'Nota de mentenanta balize - traseul 450. Am verificat 377 balize reflectorizante. Dintre acestea, 429 au fost inlocuite. Am adaugat 379 balize noi in zonele nemarcate. Distanta medie intre balize: 387 metri. Am folosit 277 culori diferite conform codificarii. Vizibilitatea minima a balizelor: 357 metri cu lampa frontala. Am eliminat 335 marcaje vechi si confuze. Traseul total balizat: 493 metri. Urmatoarea verificare: peste 263 luni. Materialul consumat: 197 benzi reflectorizante.', 'doc_existing_c12_2.txt', 485, NULL, 'text_document', 1775839974);
INSERT INTO documentation_files_to_geofeatures (id, geofeature_id, geofeature_type, documentation_file_id, updated_at) VALUES (3352, 12, 'cave', 1431, 1775839974);
INSERT INTO documentation_files_to_geofeatures (id, geofeature_id, geofeature_type, documentation_file_id, updated_at) VALUES (3353, 53, 'cave_area', 1431, 1775839974);
INSERT INTO documentation_files (id, title, description, file_name, file_size, file_hash, file_type, created_at) VALUES (1432, 'Document Peștera C1 din Piatra Lupului #3', 'Fisa tehnica echipare put - verticala nr. 281. Adancimea: 15 metri. Am instalat 220 spituri din otel inoxidabil. Distanta intre spituri: 282 metri. Lungimea corzii principale: 159 metri. Coarda de siguranta: 26 metri. Am montat 496 protectoare de franghie. Fractionarea se face la 267 metri de buza putului. Deviatia este la 7 metri sub fractionare. Am testat echiparea cu 134 coborari. Ultimul control al spiturilor: acum 455 luni.', 'doc_existing_c12_3.txt', 432, NULL, 'text_document', 1775839974);
INSERT INTO documentation_files_to_geofeatures (id, geofeature_id, geofeature_type, documentation_file_id, updated_at) VALUES (3354, 12, 'cave', 1432, 1775839974);
INSERT INTO documentation_files (id, title, description, file_name, file_size, file_hash, file_type, created_at) VALUES (1433, 'Document Peștera C1 din Piatra Lupului #4', 'Evaluare risc - sectorul 137. Am identificat 434 zone cu risc de prabusire a plafonului. Blocurile instabile au dimensiuni de pana la 315 centimetri. Nivelul apei poate creste cu 31 metri in caz de precipitatii. Distanta de la intrare pana la prima zona de risc: 299 metri. Am instalat 173 indicatoare de avertizare reflectorizante. Evacuarea de urgenta dureaza estimativ 156 minute. Echipamentul de prim ajutor este pozitionat la statia 436. Am testat comunicarea radio in 298 puncte critice. Semnalul radio este pierdut dupa 467 metri de la intrare. Am recomandat echipa minima de 368 persoane pentru acest sector. Casca si lampa frontala trebuie verificate la fiecare 282 ore. Protocoalele de securitate au fost revizuite de 301 ori anul acesta. Ultimul incident a avut loc cu 30 luni in urma. Am efectuat 417 exercitii de evacuare. Planul de urgenta a fost actualizat la versiunea 287.', 'doc_existing_c12_4.txt', 889, NULL, 'text_document', 1775839974);
INSERT INTO documentation_files_to_geofeatures (id, geofeature_id, geofeature_type, documentation_file_id, updated_at) VALUES (3355, 12, 'cave', 1433, 1775839974);
INSERT INTO documentation_files_to_geofeatures (id, geofeature_id, geofeature_type, documentation_file_id, updated_at) VALUES (3356, 54, 'cave_area', 1433, 1775839974);
INSERT INTO documentation_files_to_geofeatures (id, geofeature_id, geofeature_type, documentation_file_id, updated_at) VALUES (3357, 580, 'cave_place', 1433, 1775839974);
INSERT INTO documentation_files (id, title, description, file_name, file_size, file_hash, file_type, created_at) VALUES (1434, 'Document Peștera C1 din Piatra Lupului #5', 'Raport climatologic subteran - statia 373. Senzorul a inregistrat 273 cicluri complete de temperatura. Temperatura medie anuala: 294 grade Celsius. Amplitudinea termica maxima: 290 grade. Umiditatea relativa medie: 407 procente. Concentratia de CO2: 84 ppm. Curentul de aer maxim masurat: 314 metri pe secunda. Directia predominanta a curentului: sector 276. Datalogerul a functionat 66 zile fara intrerupere. Am descarcat 72 megabytes de date brute. Presiunea barometrica la intrare: 74 mbar. Evaporarea masurata: 474 milimetri pe luna. Am comparat datele cu 319 statii meteorologice de suprafata. Raportul complet include 136 grafice si tabele. Monitorizarea continua de 326 luni confirma stabilitatea climatica.', 'doc_existing_c12_5.txt', 714, NULL, 'text_document', 1775839974);
INSERT INTO documentation_files_to_geofeatures (id, geofeature_id, geofeature_type, documentation_file_id, updated_at) VALUES (3358, 12, 'cave', 1434, 1775839974);
INSERT INTO documentation_files_to_geofeatures (id, geofeature_id, geofeature_type, documentation_file_id, updated_at) VALUES (3359, 53, 'cave_area', 1434, 1775839974);
INSERT INTO documentation_files_to_geofeatures (id, geofeature_id, geofeature_type, documentation_file_id, updated_at) VALUES (3360, 552, 'cave_place', 1434, 1775839974);
INSERT INTO documentation_files (id, title, description, file_name, file_size, file_hash, file_type, created_at) VALUES (1435, 'Document Peștera C1 din Piatra Lupului #6', 'Evaluare risc - sectorul 243. Am identificat 449 zone cu risc de prabusire a plafonului. Blocurile instabile au dimensiuni de pana la 9 centimetri. Nivelul apei poate creste cu 61 metri in caz de precipitatii. Distanta de la intrare pana la prima zona de risc: 40 metri. Am instalat 495 indicatoare de avertizare reflectorizante. Evacuarea de urgenta dureaza estimativ 4 minute. Echipamentul de prim ajutor este pozitionat la statia 22. Am testat comunicarea radio in 228 puncte critice. Semnalul radio este pierdut dupa 493 metri de la intrare. Am recomandat echipa minima de 413 persoane pentru acest sector. Casca si lampa frontala trebuie verificate la fiecare 354 ore. Protocoalele de securitate au fost revizuite de 459 ori anul acesta. Ultimul incident a avut loc cu 33 luni in urma. Am efectuat 176 exercitii de evacuare. Planul de urgenta a fost actualizat la versiunea 305.', 'doc_existing_c12_6.txt', 883, NULL, 'text_document', 1775839974);
INSERT INTO documentation_files_to_geofeatures (id, geofeature_id, geofeature_type, documentation_file_id, updated_at) VALUES (3361, 12, 'cave', 1435, 1775839974);
INSERT INTO documentation_files_to_geofeatures (id, geofeature_id, geofeature_type, documentation_file_id, updated_at) VALUES (3362, 53, 'cave_area', 1435, 1775839974);
INSERT INTO documentation_files_to_geofeatures (id, geofeature_id, geofeature_type, documentation_file_id, updated_at) VALUES (3363, 557, 'cave_place', 1435, 1775839974);
INSERT INTO documentation_files (id, title, description, file_name, file_size, file_hash, file_type, created_at) VALUES (1436, 'Foto Peștera C1 din Piatra Lupului #1', 'Fotografie de pestera pentru arhiva tehnica.', '20250108_051137.jpg', 76321, NULL, 'photo', 1775839974);
INSERT INTO documentation_files_to_geofeatures (id, geofeature_id, geofeature_type, documentation_file_id, updated_at) VALUES (3364, 12, 'cave', 1436, 1775839974);
INSERT INTO documentation_files_to_geofeatures (id, geofeature_id, geofeature_type, documentation_file_id, updated_at) VALUES (3365, 592, 'cave_place', 1436, 1775839974);
INSERT INTO documentation_files (id, title, description, file_name, file_size, file_hash, file_type, created_at) VALUES (1437, 'Foto Peștera C1 din Piatra Lupului #2', 'Fotografie de pestera pentru arhiva tehnica.', '20250108_015243.jpg', 89809, NULL, 'photo', 1775839974);
INSERT INTO documentation_files_to_geofeatures (id, geofeature_id, geofeature_type, documentation_file_id, updated_at) VALUES (3366, 12, 'cave', 1437, 1775839974);
INSERT INTO documentation_files_to_geofeatures (id, geofeature_id, geofeature_type, documentation_file_id, updated_at) VALUES (3367, 51, 'cave_area', 1437, 1775839974);
INSERT INTO documentation_files (id, title, description, file_name, file_size, file_hash, file_type, created_at) VALUES (1438, 'Foto Peștera C1 din Piatra Lupului #3', 'Fotografie de pestera pentru arhiva tehnica.', '20250108_014122.jpg', 95561, NULL, 'photo', 1775839974);
INSERT INTO documentation_files_to_geofeatures (id, geofeature_id, geofeature_type, documentation_file_id, updated_at) VALUES (3368, 12, 'cave', 1438, 1775839974);
INSERT INTO documentation_files_to_geofeatures (id, geofeature_id, geofeature_type, documentation_file_id, updated_at) VALUES (3369, 568, 'cave_place', 1438, 1775839974);
INSERT INTO documentation_files (id, title, description, file_name, file_size, file_hash, file_type, created_at) VALUES (1439, 'Foto Peștera C1 din Piatra Lupului #4', 'Fotografie de pestera pentru arhiva tehnica.', '20250105_153139.jpg', 53561, NULL, 'photo', 1775839974);
INSERT INTO documentation_files_to_geofeatures (id, geofeature_id, geofeature_type, documentation_file_id, updated_at) VALUES (3370, 12, 'cave', 1439, 1775839974);
INSERT INTO documentation_files_to_geofeatures (id, geofeature_id, geofeature_type, documentation_file_id, updated_at) VALUES (3371, 52, 'cave_area', 1439, 1775839974);
INSERT INTO documentation_files_to_geofeatures (id, geofeature_id, geofeature_type, documentation_file_id, updated_at) VALUES (3372, 591, 'cave_place', 1439, 1775839974);
INSERT INTO documentation_files (id, title, description, file_name, file_size, file_hash, file_type, created_at) VALUES (1440, 'Foto Peștera C1 din Piatra Lupului #5', 'Fotografie de pestera pentru arhiva tehnica.', '20250105_165436.jpg', 73847, NULL, 'photo', 1775839974);
INSERT INTO documentation_files_to_geofeatures (id, geofeature_id, geofeature_type, documentation_file_id, updated_at) VALUES (3373, 12, 'cave', 1440, 1775839974);
INSERT INTO documentation_files_to_geofeatures (id, geofeature_id, geofeature_type, documentation_file_id, updated_at) VALUES (3374, 51, 'cave_area', 1440, 1775839974);
INSERT INTO documentation_files_to_geofeatures (id, geofeature_id, geofeature_type, documentation_file_id, updated_at) VALUES (3375, 569, 'cave_place', 1440, 1775839974);
INSERT INTO documentation_files (id, title, description, file_name, file_size, file_hash, file_type, created_at) VALUES (1441, 'Foto Peștera C1 din Piatra Lupului #6', 'Fotografie de pestera pentru arhiva tehnica.', '20250105_153139.jpg', 53561, NULL, 'photo', 1775839974);
INSERT INTO documentation_files_to_geofeatures (id, geofeature_id, geofeature_type, documentation_file_id, updated_at) VALUES (3376, 12, 'cave', 1441, 1775839974);
INSERT INTO documentation_files_to_geofeatures (id, geofeature_id, geofeature_type, documentation_file_id, updated_at) VALUES (3377, 585, 'cave_place', 1441, 1775839974);
INSERT INTO documentation_files (id, title, description, file_name, file_size, file_hash, file_type, created_at) VALUES (1442, 'Foto Peștera C1 din Piatra Lupului #7', 'Fotografie de pestera pentru arhiva tehnica.', '20250106_213749.jpg', 51518, NULL, 'photo', 1775839974);
INSERT INTO documentation_files_to_geofeatures (id, geofeature_id, geofeature_type, documentation_file_id, updated_at) VALUES (3378, 12, 'cave', 1442, 1775839974);
INSERT INTO documentation_files_to_geofeatures (id, geofeature_id, geofeature_type, documentation_file_id, updated_at) VALUES (3379, 50, 'cave_area', 1442, 1775839974);
INSERT INTO documentation_files_to_geofeatures (id, geofeature_id, geofeature_type, documentation_file_id, updated_at) VALUES (3380, 591, 'cave_place', 1442, 1775839974);
INSERT INTO documentation_files (id, title, description, file_name, file_size, file_hash, file_type, created_at) VALUES (1443, 'Foto Peștera C1 din Piatra Lupului #8', 'Fotografie de pestera pentru arhiva tehnica.', '20250109_010113.jpg', 100347, NULL, 'photo', 1775839974);
INSERT INTO documentation_files_to_geofeatures (id, geofeature_id, geofeature_type, documentation_file_id, updated_at) VALUES (3381, 12, 'cave', 1443, 1775839974);
INSERT INTO documentation_files_to_geofeatures (id, geofeature_id, geofeature_type, documentation_file_id, updated_at) VALUES (3382, 50, 'cave_area', 1443, 1775839974);
INSERT INTO documentation_files_to_geofeatures (id, geofeature_id, geofeature_type, documentation_file_id, updated_at) VALUES (3383, 585, 'cave_place', 1443, 1775839974);
INSERT INTO documentation_files (id, title, description, file_name, file_size, file_hash, file_type, created_at) VALUES (1444, 'Foto Peștera C1 din Piatra Lupului #9', 'Fotografie de pestera pentru arhiva tehnica.', '20250108_070400.jpg', 71580, NULL, 'photo', 1775839974);
INSERT INTO documentation_files_to_geofeatures (id, geofeature_id, geofeature_type, documentation_file_id, updated_at) VALUES (3384, 12, 'cave', 1444, 1775839974);
INSERT INTO documentation_files_to_geofeatures (id, geofeature_id, geofeature_type, documentation_file_id, updated_at) VALUES (3385, 49, 'cave_area', 1444, 1775839974);
INSERT INTO documentation_files_to_geofeatures (id, geofeature_id, geofeature_type, documentation_file_id, updated_at) VALUES (3386, 579, 'cave_place', 1444, 1775839974);
INSERT INTO documentation_files (id, title, description, file_name, file_size, file_hash, file_type, created_at) VALUES (1445, 'Foto Peștera C1 din Piatra Lupului #10', 'Fotografie de pestera pentru arhiva tehnica.', '20250108_051137.jpg', 76321, NULL, 'photo', 1775839974);
INSERT INTO documentation_files_to_geofeatures (id, geofeature_id, geofeature_type, documentation_file_id, updated_at) VALUES (3387, 12, 'cave', 1445, 1775839974);
INSERT INTO documentation_files_to_geofeatures (id, geofeature_id, geofeature_type, documentation_file_id, updated_at) VALUES (3388, 553, 'cave_place', 1445, 1775839974);
INSERT INTO documentation_files (id, title, description, file_name, file_size, file_hash, file_type, created_at) VALUES (1446, 'Foto Peștera C1 din Piatra Lupului #11', 'Fotografie de pestera pentru arhiva tehnica.', '20250108_230150.jpg', 82392, NULL, 'photo', 1775839974);
INSERT INTO documentation_files_to_geofeatures (id, geofeature_id, geofeature_type, documentation_file_id, updated_at) VALUES (3389, 12, 'cave', 1446, 1775839974);
INSERT INTO documentation_files_to_geofeatures (id, geofeature_id, geofeature_type, documentation_file_id, updated_at) VALUES (3390, 55, 'cave_area', 1446, 1775839974);
INSERT INTO documentation_files_to_geofeatures (id, geofeature_id, geofeature_type, documentation_file_id, updated_at) VALUES (3391, 557, 'cave_place', 1446, 1775839974);
INSERT INTO documentation_files (id, title, description, file_name, file_size, file_hash, file_type, created_at) VALUES (1447, 'Foto Peștera C1 din Piatra Lupului #12', 'Fotografie de pestera pentru arhiva tehnica.', '20250105_171954.jpg', 105834, NULL, 'photo', 1775839974);
INSERT INTO documentation_files_to_geofeatures (id, geofeature_id, geofeature_type, documentation_file_id, updated_at) VALUES (3392, 12, 'cave', 1447, 1775839974);
INSERT INTO documentation_files_to_geofeatures (id, geofeature_id, geofeature_type, documentation_file_id, updated_at) VALUES (3393, 53, 'cave_area', 1447, 1775839974);
INSERT INTO documentation_files (id, title, description, file_name, file_size, file_hash, file_type, created_at) VALUES (1448, 'Foto Peștera C1 din Piatra Lupului #13', 'Fotografie de pestera pentru arhiva tehnica.', '20250108_055732.jpg', 99069, NULL, 'photo', 1775839974);
INSERT INTO documentation_files_to_geofeatures (id, geofeature_id, geofeature_type, documentation_file_id, updated_at) VALUES (3394, 12, 'cave', 1448, 1775839974);
INSERT INTO documentation_files_to_geofeatures (id, geofeature_id, geofeature_type, documentation_file_id, updated_at) VALUES (3395, 49, 'cave_area', 1448, 1775839974);
INSERT INTO documentation_files_to_geofeatures (id, geofeature_id, geofeature_type, documentation_file_id, updated_at) VALUES (3396, 580, 'cave_place', 1448, 1775839974);
INSERT INTO documentation_files (id, title, description, file_name, file_size, file_hash, file_type, created_at) VALUES (1449, 'Foto Peștera C1 din Piatra Lupului #14', 'Fotografie de pestera pentru arhiva tehnica.', '20250105_153139.jpg', 53561, NULL, 'photo', 1775839974);
INSERT INTO documentation_files_to_geofeatures (id, geofeature_id, geofeature_type, documentation_file_id, updated_at) VALUES (3397, 12, 'cave', 1449, 1775839974);
INSERT INTO documentation_files_to_geofeatures (id, geofeature_id, geofeature_type, documentation_file_id, updated_at) VALUES (3398, 54, 'cave_area', 1449, 1775839974);
INSERT INTO documentation_files_to_geofeatures (id, geofeature_id, geofeature_type, documentation_file_id, updated_at) VALUES (3399, 571, 'cave_place', 1449, 1775839974);
INSERT INTO documentation_files (id, title, description, file_name, file_size, file_hash, file_type, created_at) VALUES (1450, 'Foto Peștera C1 din Piatra Lupului #15', 'Fotografie de pestera pentru arhiva tehnica.', '20250108_015243.jpg', 89809, NULL, 'photo', 1775839974);
INSERT INTO documentation_files_to_geofeatures (id, geofeature_id, geofeature_type, documentation_file_id, updated_at) VALUES (3400, 12, 'cave', 1450, 1775839974);
INSERT INTO documentation_files_to_geofeatures (id, geofeature_id, geofeature_type, documentation_file_id, updated_at) VALUES (3401, 53, 'cave_area', 1450, 1775839974);
INSERT INTO documentation_files_to_geofeatures (id, geofeature_id, geofeature_type, documentation_file_id, updated_at) VALUES (3402, 549, 'cave_place', 1450, 1775839974);
INSERT INTO documentation_files (id, title, description, file_name, file_size, file_hash, file_type, created_at) VALUES (1451, 'Foto Peștera C1 din Piatra Lupului #16', 'Fotografie de pestera pentru arhiva tehnica.', '20250108_051137.jpg', 76321, NULL, 'photo', 1775839974);
INSERT INTO documentation_files_to_geofeatures (id, geofeature_id, geofeature_type, documentation_file_id, updated_at) VALUES (3403, 12, 'cave', 1451, 1775839974);
INSERT INTO documentation_files_to_geofeatures (id, geofeature_id, geofeature_type, documentation_file_id, updated_at) VALUES (3404, 50, 'cave_area', 1451, 1775839974);
INSERT INTO documentation_files_to_geofeatures (id, geofeature_id, geofeature_type, documentation_file_id, updated_at) VALUES (3405, 556, 'cave_place', 1451, 1775839974);
INSERT INTO documentation_files (id, title, description, file_name, file_size, file_hash, file_type, created_at) VALUES (1452, 'Foto Peștera C1 din Piatra Lupului #17', 'Fotografie de pestera pentru arhiva tehnica.', '20250106_213733.jpg', 76066, NULL, 'photo', 1775839974);
INSERT INTO documentation_files_to_geofeatures (id, geofeature_id, geofeature_type, documentation_file_id, updated_at) VALUES (3406, 12, 'cave', 1452, 1775839974);
INSERT INTO documentation_files_to_geofeatures (id, geofeature_id, geofeature_type, documentation_file_id, updated_at) VALUES (3407, 54, 'cave_area', 1452, 1775839974);
INSERT INTO documentation_files (id, title, description, file_name, file_size, file_hash, file_type, created_at) VALUES (1453, 'Document Peștera C2 din Piatra Lupului #1', 'Nota de mentenanta balize - traseul 427. Am verificat 133 balize reflectorizante. Dintre acestea, 441 au fost inlocuite. Am adaugat 487 balize noi in zonele nemarcate. Distanta medie intre balize: 433 metri. Am folosit 382 culori diferite conform codificarii. Vizibilitatea minima a balizelor: 354 metri cu lampa frontala. Am eliminat 316 marcaje vechi si confuze. Traseul total balizat: 495 metri. Urmatoarea verificare: peste 457 luni. Materialul consumat: 364 benzi reflectorizante.', 'doc_existing_c13_1.txt', 485, NULL, 'text_document', 1775839974);
INSERT INTO documentation_files_to_geofeatures (id, geofeature_id, geofeature_type, documentation_file_id, updated_at) VALUES (3408, 13, 'cave', 1453, 1775839974);
INSERT INTO documentation_files_to_geofeatures (id, geofeature_id, geofeature_type, documentation_file_id, updated_at) VALUES (3409, 56, 'cave_area', 1453, 1775839974);
INSERT INTO documentation_files_to_geofeatures (id, geofeature_id, geofeature_type, documentation_file_id, updated_at) VALUES (3410, 651, 'cave_place', 1453, 1775839974);
INSERT INTO documentation_files (id, title, description, file_name, file_size, file_hash, file_type, created_at) VALUES (1454, 'Document Peștera C2 din Piatra Lupului #2', 'Evaluare risc - sectorul 99. Am identificat 245 zone cu risc de prabusire a plafonului. Blocurile instabile au dimensiuni de pana la 274 centimetri. Nivelul apei poate creste cu 206 metri in caz de precipitatii. Distanta de la intrare pana la prima zona de risc: 266 metri. Am instalat 138 indicatoare de avertizare reflectorizante. Evacuarea de urgenta dureaza estimativ 51 minute. Echipamentul de prim ajutor este pozitionat la statia 143. Am testat comunicarea radio in 98 puncte critice. Semnalul radio este pierdut dupa 421 metri de la intrare. Am recomandat echipa minima de 192 persoane pentru acest sector. Casca si lampa frontala trebuie verificate la fiecare 420 ore. Protocoalele de securitate au fost revizuite de 376 ori anul acesta. Ultimul incident a avut loc cu 199 luni in urma. Am efectuat 404 exercitii de evacuare. Planul de urgenta a fost actualizat la versiunea 408.', 'doc_existing_c13_2.txt', 888, NULL, 'text_document', 1775839974);
INSERT INTO documentation_files_to_geofeatures (id, geofeature_id, geofeature_type, documentation_file_id, updated_at) VALUES (3411, 13, 'cave', 1454, 1775839974);
INSERT INTO documentation_files_to_geofeatures (id, geofeature_id, geofeature_type, documentation_file_id, updated_at) VALUES (3412, 56, 'cave_area', 1454, 1775839974);
INSERT INTO documentation_files (id, title, description, file_name, file_size, file_hash, file_type, created_at) VALUES (1455, 'Document Peștera C2 din Piatra Lupului #3', 'Studiu speleogenetic - sectorul 484. Am analizat 106 probe de calcar sub microscop. Varsta estimata a galeriei: 449 milioane de ani. Am identificat 84 faze de speleogeneza. Nivelul freatic actual este la 444 metri adancime. Am corelat cu 191 alte pesteri din zona. Porozitatea medie a rocii: 270 procente. Am realizat 352 sectiuni subtiri din probe. Studiul va fi publicat in volumul 242 al buletinului. Am colaborat cu 202 geologi specialisti.', 'doc_existing_c13_3.txt', 444, NULL, 'text_document', 1775839974);
INSERT INTO documentation_files_to_geofeatures (id, geofeature_id, geofeature_type, documentation_file_id, updated_at) VALUES (3413, 13, 'cave', 1455, 1775839974);
INSERT INTO documentation_files_to_geofeatures (id, geofeature_id, geofeature_type, documentation_file_id, updated_at) VALUES (3414, 633, 'cave_place', 1455, 1775839974);
INSERT INTO documentation_files (id, title, description, file_name, file_size, file_hash, file_type, created_at) VALUES (1456, 'Document Peștera C2 din Piatra Lupului #4', 'Nota de mentenanta balize - traseul 260. Am verificat 426 balize reflectorizante. Dintre acestea, 336 au fost inlocuite. Am adaugat 462 balize noi in zonele nemarcate. Distanta medie intre balize: 217 metri. Am folosit 223 culori diferite conform codificarii. Vizibilitatea minima a balizelor: 372 metri cu lampa frontala. Am eliminat 469 marcaje vechi si confuze. Traseul total balizat: 135 metri. Urmatoarea verificare: peste 310 luni. Materialul consumat: 33 benzi reflectorizante.', 'doc_existing_c13_4.txt', 484, NULL, 'text_document', 1775839974);
INSERT INTO documentation_files_to_geofeatures (id, geofeature_id, geofeature_type, documentation_file_id, updated_at) VALUES (3415, 13, 'cave', 1456, 1775839974);
INSERT INTO documentation_files_to_geofeatures (id, geofeature_id, geofeature_type, documentation_file_id, updated_at) VALUES (3416, 56, 'cave_area', 1456, 1775839974);
INSERT INTO documentation_files (id, title, description, file_name, file_size, file_hash, file_type, created_at) VALUES (1457, 'Foto Peștera C2 din Piatra Lupului #1', 'Fotografie de pestera pentru arhiva tehnica.', '20250109_011630.jpg', 92323, NULL, 'photo', 1775839974);
INSERT INTO documentation_files_to_geofeatures (id, geofeature_id, geofeature_type, documentation_file_id, updated_at) VALUES (3417, 13, 'cave', 1457, 1775839974);
INSERT INTO documentation_files_to_geofeatures (id, geofeature_id, geofeature_type, documentation_file_id, updated_at) VALUES (3418, 625, 'cave_place', 1457, 1775839974);
INSERT INTO documentation_files (id, title, description, file_name, file_size, file_hash, file_type, created_at) VALUES (1458, 'Foto Peștera C2 din Piatra Lupului #2', 'Fotografie de pestera pentru arhiva tehnica.', '20250105_121005.jpg', 102925, NULL, 'photo', 1775839974);
INSERT INTO documentation_files_to_geofeatures (id, geofeature_id, geofeature_type, documentation_file_id, updated_at) VALUES (3419, 13, 'cave', 1458, 1775839974);
INSERT INTO documentation_files_to_geofeatures (id, geofeature_id, geofeature_type, documentation_file_id, updated_at) VALUES (3420, 56, 'cave_area', 1458, 1775839974);
INSERT INTO documentation_files_to_geofeatures (id, geofeature_id, geofeature_type, documentation_file_id, updated_at) VALUES (3421, 604, 'cave_place', 1458, 1775839974);
INSERT INTO documentation_files (id, title, description, file_name, file_size, file_hash, file_type, created_at) VALUES (1459, 'Foto Peștera C2 din Piatra Lupului #3', 'Fotografie de pestera pentru arhiva tehnica.', '20250108_015331.jpg', 90733, NULL, 'photo', 1775839974);
INSERT INTO documentation_files_to_geofeatures (id, geofeature_id, geofeature_type, documentation_file_id, updated_at) VALUES (3422, 13, 'cave', 1459, 1775839974);
INSERT INTO documentation_files_to_geofeatures (id, geofeature_id, geofeature_type, documentation_file_id, updated_at) VALUES (3423, 619, 'cave_place', 1459, 1775839974);
INSERT INTO documentation_files (id, title, description, file_name, file_size, file_hash, file_type, created_at) VALUES (1460, 'Foto Peștera C2 din Piatra Lupului #4', 'Fotografie de pestera pentru arhiva tehnica.', '20250109_010113.jpg', 100347, NULL, 'photo', 1775839974);
INSERT INTO documentation_files_to_geofeatures (id, geofeature_id, geofeature_type, documentation_file_id, updated_at) VALUES (3424, 13, 'cave', 1460, 1775839974);
INSERT INTO documentation_files_to_geofeatures (id, geofeature_id, geofeature_type, documentation_file_id, updated_at) VALUES (3425, 56, 'cave_area', 1460, 1775839974);
INSERT INTO documentation_files (id, title, description, file_name, file_size, file_hash, file_type, created_at) VALUES (1461, 'Foto Peștera C2 din Piatra Lupului #5', 'Fotografie de pestera pentru arhiva tehnica.', '20250106_172237.jpg', 100771, NULL, 'photo', 1775839974);
INSERT INTO documentation_files_to_geofeatures (id, geofeature_id, geofeature_type, documentation_file_id, updated_at) VALUES (3426, 13, 'cave', 1461, 1775839974);
INSERT INTO documentation_files_to_geofeatures (id, geofeature_id, geofeature_type, documentation_file_id, updated_at) VALUES (3427, 56, 'cave_area', 1461, 1775839974);
INSERT INTO documentation_files_to_geofeatures (id, geofeature_id, geofeature_type, documentation_file_id, updated_at) VALUES (3428, 643, 'cave_place', 1461, 1775839974);
INSERT INTO documentation_files (id, title, description, file_name, file_size, file_hash, file_type, created_at) VALUES (1462, 'Document Peștera C3 din Piatra Lupului #1', 'Raport geologic - profil 317. Stratele de calcar apartin etajului 19. Grosimea medie a stratelor este de 152 centimetri. Fisurile tectonice au un azimut predominant de 111 grade. Am recoltat 166 probe de roca pentru datarea izotopica. Continutul de CaCO3 depaseste 303 procente. Concretii de aragonita au fost gasite la cota 18. Varsta estimata a speleothemelor: 427 mii de ani. Depozitele clastice au o grosime de 440 centimetri. Am identificat 325 tipuri diferite de sedimente. Nivelul paleoclappei fosile este la cota 140 metri. Analiza XRD confirma 314 faze minerale distincte. Sectorul analizat are o lungime de 197 metri. Am realizat 248 profile transversale ale galeriei. Cutele vizibile au amplitudini de 274 centimetri.', 'doc_existing_c14_1.txt', 728, NULL, 'text_document', 1775839974);
INSERT INTO documentation_files_to_geofeatures (id, geofeature_id, geofeature_type, documentation_file_id, updated_at) VALUES (3429, 14, 'cave', 1462, 1775839974);
INSERT INTO documentation_files_to_geofeatures (id, geofeature_id, geofeature_type, documentation_file_id, updated_at) VALUES (3430, 57, 'cave_area', 1462, 1775839974);
INSERT INTO documentation_files_to_geofeatures (id, geofeature_id, geofeature_type, documentation_file_id, updated_at) VALUES (3431, 660, 'cave_place', 1462, 1775839974);
INSERT INTO documentation_files (id, title, description, file_name, file_size, file_hash, file_type, created_at) VALUES (1463, 'Document Peștera C3 din Piatra Lupului #2', 'Nota de mentenanta balize - traseul 275. Am verificat 269 balize reflectorizante. Dintre acestea, 45 au fost inlocuite. Am adaugat 29 balize noi in zonele nemarcate. Distanta medie intre balize: 385 metri. Am folosit 490 culori diferite conform codificarii. Vizibilitatea minima a balizelor: 415 metri cu lampa frontala. Am eliminat 148 marcaje vechi si confuze. Traseul total balizat: 243 metri. Urmatoarea verificare: peste 475 luni. Materialul consumat: 240 benzi reflectorizante.', 'doc_existing_c14_2.txt', 483, NULL, 'text_document', 1775839974);
INSERT INTO documentation_files_to_geofeatures (id, geofeature_id, geofeature_type, documentation_file_id, updated_at) VALUES (3432, 14, 'cave', 1463, 1775839974);
INSERT INTO documentation_files_to_geofeatures (id, geofeature_id, geofeature_type, documentation_file_id, updated_at) VALUES (3433, 57, 'cave_area', 1463, 1775839974);
INSERT INTO documentation_files_to_geofeatures (id, geofeature_id, geofeature_type, documentation_file_id, updated_at) VALUES (3434, 689, 'cave_place', 1463, 1775839974);
INSERT INTO documentation_files (id, title, description, file_name, file_size, file_hash, file_type, created_at) VALUES (1464, 'Foto Peștera C3 din Piatra Lupului #1', 'Fotografie de pestera pentru arhiva tehnica.', '20250105_145407.jpg', 85562, NULL, 'photo', 1775839974);
INSERT INTO documentation_files_to_geofeatures (id, geofeature_id, geofeature_type, documentation_file_id, updated_at) VALUES (3435, 14, 'cave', 1464, 1775839974);
INSERT INTO documentation_files_to_geofeatures (id, geofeature_id, geofeature_type, documentation_file_id, updated_at) VALUES (3436, 667, 'cave_place', 1464, 1775839974);
INSERT INTO documentation_files (id, title, description, file_name, file_size, file_hash, file_type, created_at) VALUES (1465, 'Foto Peștera C3 din Piatra Lupului #2', 'Fotografie de pestera pentru arhiva tehnica.', '20250108_051137.jpg', 76321, NULL, 'photo', 1775839974);
INSERT INTO documentation_files_to_geofeatures (id, geofeature_id, geofeature_type, documentation_file_id, updated_at) VALUES (3437, 14, 'cave', 1465, 1775839974);
INSERT INTO documentation_files (id, title, description, file_name, file_size, file_hash, file_type, created_at) VALUES (1466, 'Foto Peștera C3 din Piatra Lupului #3', 'Fotografie de pestera pentru arhiva tehnica.', '20250105_153139.jpg', 53561, NULL, 'photo', 1775839974);
INSERT INTO documentation_files_to_geofeatures (id, geofeature_id, geofeature_type, documentation_file_id, updated_at) VALUES (3438, 14, 'cave', 1466, 1775839974);
INSERT INTO documentation_files (id, title, description, file_name, file_size, file_hash, file_type, created_at) VALUES (1467, 'Foto Peștera C3 din Piatra Lupului #4', 'Fotografie de pestera pentru arhiva tehnica.', '20250108_014122.jpg', 95561, NULL, 'photo', 1775839974);
INSERT INTO documentation_files_to_geofeatures (id, geofeature_id, geofeature_type, documentation_file_id, updated_at) VALUES (3439, 14, 'cave', 1467, 1775839974);
INSERT INTO documentation_files_to_geofeatures (id, geofeature_id, geofeature_type, documentation_file_id, updated_at) VALUES (3440, 698, 'cave_place', 1467, 1775839974);
INSERT INTO documentation_files (id, title, description, file_name, file_size, file_hash, file_type, created_at) VALUES (1468, 'Foto Peștera C3 din Piatra Lupului #5', 'Fotografie de pestera pentru arhiva tehnica.', '20250107_045319.jpg', 70367, NULL, 'photo', 1775839974);
INSERT INTO documentation_files_to_geofeatures (id, geofeature_id, geofeature_type, documentation_file_id, updated_at) VALUES (3441, 14, 'cave', 1468, 1775839974);
INSERT INTO documentation_files_to_geofeatures (id, geofeature_id, geofeature_type, documentation_file_id, updated_at) VALUES (3442, 696, 'cave_place', 1468, 1775839974);
INSERT INTO documentation_files (id, title, description, file_name, file_size, file_hash, file_type, created_at) VALUES (1469, 'Document Peștera C4 din Piatra Lupului #1', 'Raport geologic - profil 486. Stratele de calcar apartin etajului 387. Grosimea medie a stratelor este de 177 centimetri. Fisurile tectonice au un azimut predominant de 184 grade. Am recoltat 340 probe de roca pentru datarea izotopica. Continutul de CaCO3 depaseste 342 procente. Concretii de aragonita au fost gasite la cota 281. Varsta estimata a speleothemelor: 70 mii de ani. Depozitele clastice au o grosime de 148 centimetri. Am identificat 257 tipuri diferite de sedimente. Nivelul paleoclappei fosile este la cota 108 metri. Analiza XRD confirma 329 faze minerale distincte. Sectorul analizat are o lungime de 179 metri. Am realizat 274 profile transversale ale galeriei. Cutele vizibile au amplitudini de 485 centimetri.', 'doc_existing_c15_1.txt', 729, NULL, 'text_document', 1775839974);
INSERT INTO documentation_files_to_geofeatures (id, geofeature_id, geofeature_type, documentation_file_id, updated_at) VALUES (3443, 15, 'cave', 1469, 1775839974);
INSERT INTO documentation_files_to_geofeatures (id, geofeature_id, geofeature_type, documentation_file_id, updated_at) VALUES (3444, 757, 'cave_place', 1469, 1775839974);
INSERT INTO documentation_files (id, title, description, file_name, file_size, file_hash, file_type, created_at) VALUES (1470, 'Document Peștera C4 din Piatra Lupului #2', 'Fisa tehnica echipare put - verticala nr. 357. Adancimea: 318 metri. Am instalat 428 spituri din otel inoxidabil. Distanta intre spituri: 353 metri. Lungimea corzii principale: 234 metri. Coarda de siguranta: 304 metri. Am montat 163 protectoare de franghie. Fractionarea se face la 4 metri de buza putului. Deviatia este la 378 metri sub fractionare. Am testat echiparea cu 434 coborari. Ultimul control al spiturilor: acum 248 luni.', 'doc_existing_c15_2.txt', 434, NULL, 'text_document', 1775839974);
INSERT INTO documentation_files_to_geofeatures (id, geofeature_id, geofeature_type, documentation_file_id, updated_at) VALUES (3445, 15, 'cave', 1470, 1775839974);
INSERT INTO documentation_files_to_geofeatures (id, geofeature_id, geofeature_type, documentation_file_id, updated_at) VALUES (3446, 725, 'cave_place', 1470, 1775839974);
INSERT INTO documentation_files (id, title, description, file_name, file_size, file_hash, file_type, created_at) VALUES (1471, 'Document Peștera C4 din Piatra Lupului #3', 'Evaluare risc - sectorul 68. Am identificat 40 zone cu risc de prabusire a plafonului. Blocurile instabile au dimensiuni de pana la 95 centimetri. Nivelul apei poate creste cu 60 metri in caz de precipitatii. Distanta de la intrare pana la prima zona de risc: 454 metri. Am instalat 182 indicatoare de avertizare reflectorizante. Evacuarea de urgenta dureaza estimativ 283 minute. Echipamentul de prim ajutor este pozitionat la statia 122. Am testat comunicarea radio in 498 puncte critice. Semnalul radio este pierdut dupa 50 metri de la intrare. Am recomandat echipa minima de 269 persoane pentru acest sector. Casca si lampa frontala trebuie verificate la fiecare 4 ore. Protocoalele de securitate au fost revizuite de 268 ori anul acesta. Ultimul incident a avut loc cu 481 luni in urma. Am efectuat 117 exercitii de evacuare. Planul de urgenta a fost actualizat la versiunea 377.', 'doc_existing_c15_3.txt', 884, NULL, 'text_document', 1775839974);
INSERT INTO documentation_files_to_geofeatures (id, geofeature_id, geofeature_type, documentation_file_id, updated_at) VALUES (3447, 15, 'cave', 1471, 1775839974);
INSERT INTO documentation_files_to_geofeatures (id, geofeature_id, geofeature_type, documentation_file_id, updated_at) VALUES (3448, 58, 'cave_area', 1471, 1775839974);
INSERT INTO documentation_files_to_geofeatures (id, geofeature_id, geofeature_type, documentation_file_id, updated_at) VALUES (3449, 720, 'cave_place', 1471, 1775839974);
INSERT INTO documentation_files (id, title, description, file_name, file_size, file_hash, file_type, created_at) VALUES (1472, 'Document Peștera C4 din Piatra Lupului #4', 'Nota de mentenanta balize - traseul 261. Am verificat 266 balize reflectorizante. Dintre acestea, 266 au fost inlocuite. Am adaugat 374 balize noi in zonele nemarcate. Distanta medie intre balize: 217 metri. Am folosit 93 culori diferite conform codificarii. Vizibilitatea minima a balizelor: 215 metri cu lampa frontala. Am eliminat 415 marcaje vechi si confuze. Traseul total balizat: 389 metri. Urmatoarea verificare: peste 278 luni. Materialul consumat: 227 benzi reflectorizante.', 'doc_existing_c15_4.txt', 484, NULL, 'text_document', 1775839974);
INSERT INTO documentation_files_to_geofeatures (id, geofeature_id, geofeature_type, documentation_file_id, updated_at) VALUES (3450, 15, 'cave', 1472, 1775839974);
INSERT INTO documentation_files_to_geofeatures (id, geofeature_id, geofeature_type, documentation_file_id, updated_at) VALUES (3451, 773, 'cave_place', 1472, 1775839974);
INSERT INTO documentation_files (id, title, description, file_name, file_size, file_hash, file_type, created_at) VALUES (1473, 'Document Peștera C4 din Piatra Lupului #5', 'Raport geologic - profil 27. Stratele de calcar apartin etajului 72. Grosimea medie a stratelor este de 28 centimetri. Fisurile tectonice au un azimut predominant de 324 grade. Am recoltat 315 probe de roca pentru datarea izotopica. Continutul de CaCO3 depaseste 421 procente. Concretii de aragonita au fost gasite la cota 461. Varsta estimata a speleothemelor: 216 mii de ani. Depozitele clastice au o grosime de 488 centimetri. Am identificat 489 tipuri diferite de sedimente. Nivelul paleoclappei fosile este la cota 25 metri. Analiza XRD confirma 201 faze minerale distincte. Sectorul analizat are o lungime de 234 metri. Am realizat 376 profile transversale ale galeriei. Cutele vizibile au amplitudini de 12 centimetri.', 'doc_existing_c15_5.txt', 725, NULL, 'text_document', 1775839974);
INSERT INTO documentation_files_to_geofeatures (id, geofeature_id, geofeature_type, documentation_file_id, updated_at) VALUES (3452, 15, 'cave', 1473, 1775839974);
INSERT INTO documentation_files_to_geofeatures (id, geofeature_id, geofeature_type, documentation_file_id, updated_at) VALUES (3453, 712, 'cave_place', 1473, 1775839974);
INSERT INTO documentation_files (id, title, description, file_name, file_size, file_hash, file_type, created_at) VALUES (1474, 'Document Peștera C4 din Piatra Lupului #6', 'Fisa tehnica echipare put - verticala nr. 269. Adancimea: 438 metri. Am instalat 413 spituri din otel inoxidabil. Distanta intre spituri: 134 metri. Lungimea corzii principale: 309 metri. Coarda de siguranta: 398 metri. Am montat 163 protectoare de franghie. Fractionarea se face la 177 metri de buza putului. Deviatia este la 475 metri sub fractionare. Am testat echiparea cu 193 coborari. Ultimul control al spiturilor: acum 390 luni.', 'doc_existing_c15_6.txt', 436, NULL, 'text_document', 1775839974);
INSERT INTO documentation_files_to_geofeatures (id, geofeature_id, geofeature_type, documentation_file_id, updated_at) VALUES (3454, 15, 'cave', 1474, 1775839974);
INSERT INTO documentation_files_to_geofeatures (id, geofeature_id, geofeature_type, documentation_file_id, updated_at) VALUES (3455, 59, 'cave_area', 1474, 1775839974);
INSERT INTO documentation_files (id, title, description, file_name, file_size, file_hash, file_type, created_at) VALUES (1475, 'Document Peștera C4 din Piatra Lupului #7', 'Fisa tehnica echipare put - verticala nr. 109. Adancimea: 157 metri. Am instalat 103 spituri din otel inoxidabil. Distanta intre spituri: 140 metri. Lungimea corzii principale: 87 metri. Coarda de siguranta: 36 metri. Am montat 152 protectoare de franghie. Fractionarea se face la 289 metri de buza putului. Deviatia este la 267 metri sub fractionare. Am testat echiparea cu 146 coborari. Ultimul control al spiturilor: acum 214 luni.', 'doc_existing_c15_7.txt', 434, NULL, 'text_document', 1775839974);
INSERT INTO documentation_files_to_geofeatures (id, geofeature_id, geofeature_type, documentation_file_id, updated_at) VALUES (3456, 15, 'cave', 1475, 1775839974);
INSERT INTO documentation_files_to_geofeatures (id, geofeature_id, geofeature_type, documentation_file_id, updated_at) VALUES (3457, 58, 'cave_area', 1475, 1775839974);
INSERT INTO documentation_files_to_geofeatures (id, geofeature_id, geofeature_type, documentation_file_id, updated_at) VALUES (3458, 714, 'cave_place', 1475, 1775839974);
INSERT INTO documentation_files (id, title, description, file_name, file_size, file_hash, file_type, created_at) VALUES (1476, 'Foto Peștera C4 din Piatra Lupului #1', 'Fotografie de pestera pentru arhiva tehnica.', '20250105_153139.jpg', 53561, NULL, 'photo', 1775839974);
INSERT INTO documentation_files_to_geofeatures (id, geofeature_id, geofeature_type, documentation_file_id, updated_at) VALUES (3459, 15, 'cave', 1476, 1775839974);
INSERT INTO documentation_files_to_geofeatures (id, geofeature_id, geofeature_type, documentation_file_id, updated_at) VALUES (3460, 722, 'cave_place', 1476, 1775839974);
INSERT INTO documentation_files (id, title, description, file_name, file_size, file_hash, file_type, created_at) VALUES (1477, 'Foto Peștera C4 din Piatra Lupului #2', 'Fotografie de pestera pentru arhiva tehnica.', '20250108_051137.jpg', 76321, NULL, 'photo', 1775839974);
INSERT INTO documentation_files_to_geofeatures (id, geofeature_id, geofeature_type, documentation_file_id, updated_at) VALUES (3461, 15, 'cave', 1477, 1775839974);
INSERT INTO documentation_files (id, title, description, file_name, file_size, file_hash, file_type, created_at) VALUES (1478, 'Foto Peștera C4 din Piatra Lupului #3', 'Fotografie de pestera pentru arhiva tehnica.', '20250106_175243.jpg', 88609, NULL, 'photo', 1775839974);
INSERT INTO documentation_files_to_geofeatures (id, geofeature_id, geofeature_type, documentation_file_id, updated_at) VALUES (3462, 15, 'cave', 1478, 1775839974);
INSERT INTO documentation_files_to_geofeatures (id, geofeature_id, geofeature_type, documentation_file_id, updated_at) VALUES (3463, 751, 'cave_place', 1478, 1775839974);
INSERT INTO documentation_files (id, title, description, file_name, file_size, file_hash, file_type, created_at) VALUES (1479, 'Foto Peștera C4 din Piatra Lupului #4', 'Fotografie de pestera pentru arhiva tehnica.', '20250105_171954.jpg', 105834, NULL, 'photo', 1775839974);
INSERT INTO documentation_files_to_geofeatures (id, geofeature_id, geofeature_type, documentation_file_id, updated_at) VALUES (3464, 15, 'cave', 1479, 1775839974);
INSERT INTO documentation_files_to_geofeatures (id, geofeature_id, geofeature_type, documentation_file_id, updated_at) VALUES (3465, 58, 'cave_area', 1479, 1775839974);
INSERT INTO documentation_files_to_geofeatures (id, geofeature_id, geofeature_type, documentation_file_id, updated_at) VALUES (3466, 736, 'cave_place', 1479, 1775839974);
INSERT INTO documentation_files (id, title, description, file_name, file_size, file_hash, file_type, created_at) VALUES (1480, 'Foto Peștera C4 din Piatra Lupului #5', 'Fotografie de pestera pentru arhiva tehnica.', '20250105_180110.jpg', 94499, NULL, 'photo', 1775839974);
INSERT INTO documentation_files_to_geofeatures (id, geofeature_id, geofeature_type, documentation_file_id, updated_at) VALUES (3467, 15, 'cave', 1480, 1775839974);
INSERT INTO documentation_files_to_geofeatures (id, geofeature_id, geofeature_type, documentation_file_id, updated_at) VALUES (3468, 58, 'cave_area', 1480, 1775839974);
INSERT INTO documentation_files (id, title, description, file_name, file_size, file_hash, file_type, created_at) VALUES (1481, 'Foto Peștera C4 din Piatra Lupului #6', 'Fotografie de pestera pentru arhiva tehnica.', '20250109_011630.jpg', 92323, NULL, 'photo', 1775839974);
INSERT INTO documentation_files_to_geofeatures (id, geofeature_id, geofeature_type, documentation_file_id, updated_at) VALUES (3469, 15, 'cave', 1481, 1775839974);
INSERT INTO documentation_files_to_geofeatures (id, geofeature_id, geofeature_type, documentation_file_id, updated_at) VALUES (3470, 747, 'cave_place', 1481, 1775839974);
INSERT INTO documentation_files (id, title, description, file_name, file_size, file_hash, file_type, created_at) VALUES (1482, 'Foto Peștera C4 din Piatra Lupului #7', 'Fotografie de pestera pentru arhiva tehnica.', '20250105_171954.jpg', 105834, NULL, 'photo', 1775839974);
INSERT INTO documentation_files_to_geofeatures (id, geofeature_id, geofeature_type, documentation_file_id, updated_at) VALUES (3471, 15, 'cave', 1482, 1775839974);
INSERT INTO documentation_files (id, title, description, file_name, file_size, file_hash, file_type, created_at) VALUES (1483, 'Foto Peștera C4 din Piatra Lupului #8', 'Fotografie de pestera pentru arhiva tehnica.', '20250106_213749.jpg', 51518, NULL, 'photo', 1775839974);
INSERT INTO documentation_files_to_geofeatures (id, geofeature_id, geofeature_type, documentation_file_id, updated_at) VALUES (3472, 15, 'cave', 1483, 1775839974);
INSERT INTO documentation_files_to_geofeatures (id, geofeature_id, geofeature_type, documentation_file_id, updated_at) VALUES (3473, 769, 'cave_place', 1483, 1775839974);
INSERT INTO documentation_files (id, title, description, file_name, file_size, file_hash, file_type, created_at) VALUES (1484, 'Foto Peștera C4 din Piatra Lupului #9', 'Fotografie de pestera pentru arhiva tehnica.', '20250105_175952.jpg', 82206, NULL, 'photo', 1775839974);
INSERT INTO documentation_files_to_geofeatures (id, geofeature_id, geofeature_type, documentation_file_id, updated_at) VALUES (3474, 15, 'cave', 1484, 1775839974);
INSERT INTO documentation_files_to_geofeatures (id, geofeature_id, geofeature_type, documentation_file_id, updated_at) VALUES (3475, 716, 'cave_place', 1484, 1775839974);
INSERT INTO documentation_files (id, title, description, file_name, file_size, file_hash, file_type, created_at) VALUES (1485, 'Document Peștera C5 din Piatra Lupului #1', 'Raport climatologic subteran - statia 373. Senzorul a inregistrat 443 cicluri complete de temperatura. Temperatura medie anuala: 118 grade Celsius. Amplitudinea termica maxima: 117 grade. Umiditatea relativa medie: 250 procente. Concentratia de CO2: 346 ppm. Curentul de aer maxim masurat: 254 metri pe secunda. Directia predominanta a curentului: sector 465. Datalogerul a functionat 414 zile fara intrerupere. Am descarcat 65 megabytes de date brute. Presiunea barometrica la intrare: 48 mbar. Evaporarea masurata: 482 milimetri pe luna. Am comparat datele cu 168 statii meteorologice de suprafata. Raportul complet include 498 grafice si tabele. Monitorizarea continua de 281 luni confirma stabilitatea climatica.', 'doc_existing_c16_1.txt', 716, NULL, 'text_document', 1775839974);
INSERT INTO documentation_files_to_geofeatures (id, geofeature_id, geofeature_type, documentation_file_id, updated_at) VALUES (3476, 16, 'cave', 1485, 1775839974);
INSERT INTO documentation_files_to_geofeatures (id, geofeature_id, geofeature_type, documentation_file_id, updated_at) VALUES (3477, 809, 'cave_place', 1485, 1775839974);
INSERT INTO documentation_files (id, title, description, file_name, file_size, file_hash, file_type, created_at) VALUES (1486, 'Document Peștera C5 din Piatra Lupului #2', 'Raport climatologic subteran - statia 410. Senzorul a inregistrat 25 cicluri complete de temperatura. Temperatura medie anuala: 422 grade Celsius. Amplitudinea termica maxima: 2 grade. Umiditatea relativa medie: 475 procente. Concentratia de CO2: 136 ppm. Curentul de aer maxim masurat: 61 metri pe secunda. Directia predominanta a curentului: sector 221. Datalogerul a functionat 117 zile fara intrerupere. Am descarcat 379 megabytes de date brute. Presiunea barometrica la intrare: 111 mbar. Evaporarea masurata: 271 milimetri pe luna. Am comparat datele cu 291 statii meteorologice de suprafata. Raportul complet include 365 grafice si tabele. Monitorizarea continua de 298 luni confirma stabilitatea climatica.', 'doc_existing_c16_2.txt', 714, NULL, 'text_document', 1775839974);
INSERT INTO documentation_files_to_geofeatures (id, geofeature_id, geofeature_type, documentation_file_id, updated_at) VALUES (3478, 16, 'cave', 1486, 1775839974);
INSERT INTO documentation_files_to_geofeatures (id, geofeature_id, geofeature_type, documentation_file_id, updated_at) VALUES (3479, 62, 'cave_area', 1486, 1775839974);
INSERT INTO documentation_files (id, title, description, file_name, file_size, file_hash, file_type, created_at) VALUES (1487, 'Document Peștera C5 din Piatra Lupului #3', 'Nota de mentenanta balize - traseul 231. Am verificat 99 balize reflectorizante. Dintre acestea, 421 au fost inlocuite. Am adaugat 370 balize noi in zonele nemarcate. Distanta medie intre balize: 350 metri. Am folosit 240 culori diferite conform codificarii. Vizibilitatea minima a balizelor: 389 metri cu lampa frontala. Am eliminat 64 marcaje vechi si confuze. Traseul total balizat: 459 metri. Urmatoarea verificare: peste 206 luni. Materialul consumat: 119 benzi reflectorizante.', 'doc_existing_c16_3.txt', 483, NULL, 'text_document', 1775839974);
INSERT INTO documentation_files_to_geofeatures (id, geofeature_id, geofeature_type, documentation_file_id, updated_at) VALUES (3480, 16, 'cave', 1487, 1775839974);
INSERT INTO documentation_files_to_geofeatures (id, geofeature_id, geofeature_type, documentation_file_id, updated_at) VALUES (3481, 61, 'cave_area', 1487, 1775839974);
INSERT INTO documentation_files_to_geofeatures (id, geofeature_id, geofeature_type, documentation_file_id, updated_at) VALUES (3482, 813, 'cave_place', 1487, 1775839974);
INSERT INTO documentation_files (id, title, description, file_name, file_size, file_hash, file_type, created_at) VALUES (1488, 'Document Peștera C5 din Piatra Lupului #4', 'Proces verbal intalnire club - sedinta nr. 43. Au participat 239 membri. Am discutat 121 puncte pe ordinea de zi. S-a aprobat bugetul de 72 lei pentru trimestrul urmator. Am planificat 494 expeditii in urmatoarele luni. S-au inscris 366 membri noi. Am evaluat 460 rapoarte de explorare. S-a votat achizitionarea de echipament in valoare de 342 lei. Urmatoarea sedinta: peste 358 saptamani. Am desemnat 245 responsabili pentru proiecte.', 'doc_existing_c16_4.txt', 435, NULL, 'text_document', 1775839974);
INSERT INTO documentation_files_to_geofeatures (id, geofeature_id, geofeature_type, documentation_file_id, updated_at) VALUES (3483, 16, 'cave', 1488, 1775839974);
INSERT INTO documentation_files_to_geofeatures (id, geofeature_id, geofeature_type, documentation_file_id, updated_at) VALUES (3484, 809, 'cave_place', 1488, 1775839974);
INSERT INTO documentation_files (id, title, description, file_name, file_size, file_hash, file_type, created_at) VALUES (1489, 'Document Peștera C5 din Piatra Lupului #5', 'Raport conservare patrimoniu - obiectiv 19. Am evaluat starea a 430 inscriptii istorice. Dintre acestea, 203 necesita interventie urgenta. Am curatat 464 metri patrati de graffiti modern. Am instalat 392 panouri informative la intrare. Bariera de protectie acopera 486 metri liniari. Am documentat 422 urme de vandalism. Raportul a fost transmis autoritatilor locale in 198 exemplare. Am propus clasificarea a 64 formatiuni ca monument natural. Vizitele ghidate sunt limitate la 285 persoane simultan. Am instruit 107 ghizi locali. Costul estimat al lucrarilor: 212 lei. Termenul de finalizare: 76 luni.', 'doc_existing_c16_5.txt', 603, NULL, 'text_document', 1775839974);
INSERT INTO documentation_files_to_geofeatures (id, geofeature_id, geofeature_type, documentation_file_id, updated_at) VALUES (3485, 16, 'cave', 1489, 1775839974);
INSERT INTO documentation_files_to_geofeatures (id, geofeature_id, geofeature_type, documentation_file_id, updated_at) VALUES (3486, 794, 'cave_place', 1489, 1775839974);
INSERT INTO documentation_files (id, title, description, file_name, file_size, file_hash, file_type, created_at) VALUES (1490, 'Document Peștera C5 din Piatra Lupului #6', 'Studiu speleogenetic - sectorul 331. Am analizat 152 probe de calcar sub microscop. Varsta estimata a galeriei: 301 milioane de ani. Am identificat 47 faze de speleogeneza. Nivelul freatic actual este la 317 metri adancime. Am corelat cu 329 alte pesteri din zona. Porozitatea medie a rocii: 381 procente. Am realizat 45 sectiuni subtiri din probe. Studiul va fi publicat in volumul 246 al buletinului. Am colaborat cu 264 geologi specialisti.', 'doc_existing_c16_6.txt', 443, NULL, 'text_document', 1775839974);
INSERT INTO documentation_files_to_geofeatures (id, geofeature_id, geofeature_type, documentation_file_id, updated_at) VALUES (3487, 16, 'cave', 1490, 1775839974);
INSERT INTO documentation_files_to_geofeatures (id, geofeature_id, geofeature_type, documentation_file_id, updated_at) VALUES (3488, 60, 'cave_area', 1490, 1775839974);
INSERT INTO documentation_files (id, title, description, file_name, file_size, file_hash, file_type, created_at) VALUES (1491, 'Document Peștera C5 din Piatra Lupului #7', 'Studiu speleogenetic - sectorul 126. Am analizat 493 probe de calcar sub microscop. Varsta estimata a galeriei: 383 milioane de ani. Am identificat 426 faze de speleogeneza. Nivelul freatic actual este la 363 metri adancime. Am corelat cu 129 alte pesteri din zona. Porozitatea medie a rocii: 416 procente. Am realizat 95 sectiuni subtiri din probe. Studiul va fi publicat in volumul 340 al buletinului. Am colaborat cu 20 geologi specialisti.', 'doc_existing_c16_7.txt', 443, NULL, 'text_document', 1775839974);
INSERT INTO documentation_files_to_geofeatures (id, geofeature_id, geofeature_type, documentation_file_id, updated_at) VALUES (3489, 16, 'cave', 1491, 1775839974);
INSERT INTO documentation_files_to_geofeatures (id, geofeature_id, geofeature_type, documentation_file_id, updated_at) VALUES (3490, 60, 'cave_area', 1491, 1775839974);
INSERT INTO documentation_files_to_geofeatures (id, geofeature_id, geofeature_type, documentation_file_id, updated_at) VALUES (3491, 834, 'cave_place', 1491, 1775839974);
INSERT INTO documentation_files (id, title, description, file_name, file_size, file_hash, file_type, created_at) VALUES (1492, 'Foto Peștera C5 din Piatra Lupului #1', 'Fotografie de pestera pentru arhiva tehnica.', '20250105_211239.jpg', 111085, NULL, 'photo', 1775839974);
INSERT INTO documentation_files_to_geofeatures (id, geofeature_id, geofeature_type, documentation_file_id, updated_at) VALUES (3492, 16, 'cave', 1492, 1775839974);
INSERT INTO documentation_files_to_geofeatures (id, geofeature_id, geofeature_type, documentation_file_id, updated_at) VALUES (3493, 784, 'cave_place', 1492, 1775839974);
INSERT INTO documentation_files (id, title, description, file_name, file_size, file_hash, file_type, created_at) VALUES (1493, 'Foto Peștera C5 din Piatra Lupului #2', 'Fotografie de pestera pentru arhiva tehnica.', '20250105_175952.jpg', 82206, NULL, 'photo', 1775839974);
INSERT INTO documentation_files_to_geofeatures (id, geofeature_id, geofeature_type, documentation_file_id, updated_at) VALUES (3494, 16, 'cave', 1493, 1775839974);
INSERT INTO documentation_files (id, title, description, file_name, file_size, file_hash, file_type, created_at) VALUES (1494, 'Foto Peștera C5 din Piatra Lupului #3', 'Fotografie de pestera pentru arhiva tehnica.', '20250107_045319.jpg', 70367, NULL, 'photo', 1775839974);
INSERT INTO documentation_files_to_geofeatures (id, geofeature_id, geofeature_type, documentation_file_id, updated_at) VALUES (3495, 16, 'cave', 1494, 1775839974);
INSERT INTO documentation_files_to_geofeatures (id, geofeature_id, geofeature_type, documentation_file_id, updated_at) VALUES (3496, 60, 'cave_area', 1494, 1775839974);
INSERT INTO documentation_files_to_geofeatures (id, geofeature_id, geofeature_type, documentation_file_id, updated_at) VALUES (3497, 790, 'cave_place', 1494, 1775839974);
INSERT INTO documentation_files (id, title, description, file_name, file_size, file_hash, file_type, created_at) VALUES (1495, 'Foto Peștera C5 din Piatra Lupului #4', 'Fotografie de pestera pentru arhiva tehnica.', '20250105_180110.jpg', 94499, NULL, 'photo', 1775839974);
INSERT INTO documentation_files_to_geofeatures (id, geofeature_id, geofeature_type, documentation_file_id, updated_at) VALUES (3498, 16, 'cave', 1495, 1775839974);
INSERT INTO documentation_files_to_geofeatures (id, geofeature_id, geofeature_type, documentation_file_id, updated_at) VALUES (3499, 61, 'cave_area', 1495, 1775839974);
INSERT INTO documentation_files_to_geofeatures (id, geofeature_id, geofeature_type, documentation_file_id, updated_at) VALUES (3500, 797, 'cave_place', 1495, 1775839974);
INSERT INTO documentation_files (id, title, description, file_name, file_size, file_hash, file_type, created_at) VALUES (1496, 'Foto Peștera C5 din Piatra Lupului #5', 'Fotografie de pestera pentru arhiva tehnica.', '20250108_015243.jpg', 89809, NULL, 'photo', 1775839974);
INSERT INTO documentation_files_to_geofeatures (id, geofeature_id, geofeature_type, documentation_file_id, updated_at) VALUES (3501, 16, 'cave', 1496, 1775839974);
INSERT INTO documentation_files_to_geofeatures (id, geofeature_id, geofeature_type, documentation_file_id, updated_at) VALUES (3502, 788, 'cave_place', 1496, 1775839974);
INSERT INTO documentation_files (id, title, description, file_name, file_size, file_hash, file_type, created_at) VALUES (1497, 'Foto Peștera C5 din Piatra Lupului #6', 'Fotografie de pestera pentru arhiva tehnica.', '20250105_175952.jpg', 82206, NULL, 'photo', 1775839974);
INSERT INTO documentation_files_to_geofeatures (id, geofeature_id, geofeature_type, documentation_file_id, updated_at) VALUES (3503, 16, 'cave', 1497, 1775839974);
INSERT INTO documentation_files_to_geofeatures (id, geofeature_id, geofeature_type, documentation_file_id, updated_at) VALUES (3504, 60, 'cave_area', 1497, 1775839974);
INSERT INTO documentation_files (id, title, description, file_name, file_size, file_hash, file_type, created_at) VALUES (1498, 'Foto Peștera C5 din Piatra Lupului #7', 'Fotografie de pestera pentru arhiva tehnica.', '20250105_153139.jpg', 53561, NULL, 'photo', 1775839974);
INSERT INTO documentation_files_to_geofeatures (id, geofeature_id, geofeature_type, documentation_file_id, updated_at) VALUES (3505, 16, 'cave', 1498, 1775839974);
INSERT INTO documentation_files_to_geofeatures (id, geofeature_id, geofeature_type, documentation_file_id, updated_at) VALUES (3506, 61, 'cave_area', 1498, 1775839974);
INSERT INTO documentation_files_to_geofeatures (id, geofeature_id, geofeature_type, documentation_file_id, updated_at) VALUES (3507, 795, 'cave_place', 1498, 1775839974);
INSERT INTO documentation_files (id, title, description, file_name, file_size, file_hash, file_type, created_at) VALUES (1499, 'Foto Peștera C5 din Piatra Lupului #8', 'Fotografie de pestera pentru arhiva tehnica.', '20250106_213749.jpg', 51518, NULL, 'photo', 1775839974);
INSERT INTO documentation_files_to_geofeatures (id, geofeature_id, geofeature_type, documentation_file_id, updated_at) VALUES (3508, 16, 'cave', 1499, 1775839974);
INSERT INTO documentation_files_to_geofeatures (id, geofeature_id, geofeature_type, documentation_file_id, updated_at) VALUES (3509, 60, 'cave_area', 1499, 1775839974);
INSERT INTO documentation_files (id, title, description, file_name, file_size, file_hash, file_type, created_at) VALUES (1500, 'Foto Peștera C5 din Piatra Lupului #9', 'Fotografie de pestera pentru arhiva tehnica.', '20250107_045319.jpg', 70367, NULL, 'photo', 1775839974);
INSERT INTO documentation_files_to_geofeatures (id, geofeature_id, geofeature_type, documentation_file_id, updated_at) VALUES (3510, 16, 'cave', 1500, 1775839974);
INSERT INTO documentation_files (id, title, description, file_name, file_size, file_hash, file_type, created_at) VALUES (1501, 'Foto Peștera C5 din Piatra Lupului #10', 'Fotografie de pestera pentru arhiva tehnica.', '20250105_175952.jpg', 82206, NULL, 'photo', 1775839974);
INSERT INTO documentation_files_to_geofeatures (id, geofeature_id, geofeature_type, documentation_file_id, updated_at) VALUES (3511, 16, 'cave', 1501, 1775839974);
INSERT INTO documentation_files_to_geofeatures (id, geofeature_id, geofeature_type, documentation_file_id, updated_at) VALUES (3512, 61, 'cave_area', 1501, 1775839974);
INSERT INTO documentation_files (id, title, description, file_name, file_size, file_hash, file_type, created_at) VALUES (1502, 'Foto Peștera C5 din Piatra Lupului #11', 'Fotografie de pestera pentru arhiva tehnica.', '20250106_175243.jpg', 88609, NULL, 'photo', 1775839974);
INSERT INTO documentation_files_to_geofeatures (id, geofeature_id, geofeature_type, documentation_file_id, updated_at) VALUES (3513, 16, 'cave', 1502, 1775839974);
INSERT INTO documentation_files_to_geofeatures (id, geofeature_id, geofeature_type, documentation_file_id, updated_at) VALUES (3514, 62, 'cave_area', 1502, 1775839974);
INSERT INTO documentation_files (id, title, description, file_name, file_size, file_hash, file_type, created_at) VALUES (1503, 'Foto Peștera C5 din Piatra Lupului #12', 'Fotografie de pestera pentru arhiva tehnica.', '20250109_010113.jpg', 100347, NULL, 'photo', 1775839974);
INSERT INTO documentation_files_to_geofeatures (id, geofeature_id, geofeature_type, documentation_file_id, updated_at) VALUES (3515, 16, 'cave', 1503, 1775839974);
INSERT INTO documentation_files_to_geofeatures (id, geofeature_id, geofeature_type, documentation_file_id, updated_at) VALUES (3516, 60, 'cave_area', 1503, 1775839974);
INSERT INTO documentation_files_to_geofeatures (id, geofeature_id, geofeature_type, documentation_file_id, updated_at) VALUES (3517, 791, 'cave_place', 1503, 1775839974);
INSERT INTO documentation_files (id, title, description, file_name, file_size, file_hash, file_type, created_at) VALUES (1504, 'Foto Peștera C5 din Piatra Lupului #13', 'Fotografie de pestera pentru arhiva tehnica.', '20250105_145407.jpg', 85562, NULL, 'photo', 1775839974);
INSERT INTO documentation_files_to_geofeatures (id, geofeature_id, geofeature_type, documentation_file_id, updated_at) VALUES (3518, 16, 'cave', 1504, 1775839974);
INSERT INTO documentation_files_to_geofeatures (id, geofeature_id, geofeature_type, documentation_file_id, updated_at) VALUES (3519, 61, 'cave_area', 1504, 1775839974);
INSERT INTO documentation_files (id, title, description, file_name, file_size, file_hash, file_type, created_at) VALUES (1505, 'Foto Peștera C5 din Piatra Lupului #14', 'Fotografie de pestera pentru arhiva tehnica.', '20250105_171938.jpg', 83405, NULL, 'photo', 1775839974);
INSERT INTO documentation_files_to_geofeatures (id, geofeature_id, geofeature_type, documentation_file_id, updated_at) VALUES (3520, 16, 'cave', 1505, 1775839974);
INSERT INTO documentation_files (id, title, description, file_name, file_size, file_hash, file_type, created_at) VALUES (1506, 'Foto Peștera C5 din Piatra Lupului #15', 'Fotografie de pestera pentru arhiva tehnica.', '20250105_120229.jpg', 85744, NULL, 'photo', 1775839974);
INSERT INTO documentation_files_to_geofeatures (id, geofeature_id, geofeature_type, documentation_file_id, updated_at) VALUES (3521, 16, 'cave', 1506, 1775839974);
INSERT INTO documentation_files_to_geofeatures (id, geofeature_id, geofeature_type, documentation_file_id, updated_at) VALUES (3522, 61, 'cave_area', 1506, 1775839974);
INSERT INTO documentation_files_to_geofeatures (id, geofeature_id, geofeature_type, documentation_file_id, updated_at) VALUES (3523, 819, 'cave_place', 1506, 1775839974);
INSERT INTO documentation_files (id, title, description, file_name, file_size, file_hash, file_type, created_at) VALUES (1507, 'Foto Peștera C5 din Piatra Lupului #16', 'Fotografie de pestera pentru arhiva tehnica.', '20250106_175243.jpg', 88609, NULL, 'photo', 1775839974);
INSERT INTO documentation_files_to_geofeatures (id, geofeature_id, geofeature_type, documentation_file_id, updated_at) VALUES (3524, 16, 'cave', 1507, 1775839974);
INSERT INTO documentation_files_to_geofeatures (id, geofeature_id, geofeature_type, documentation_file_id, updated_at) VALUES (3525, 60, 'cave_area', 1507, 1775839974);
INSERT INTO documentation_files (id, title, description, file_name, file_size, file_hash, file_type, created_at) VALUES (1508, 'Document Peștera C6 din Piatra Lupului #1', 'Studiu speleogenetic - sectorul 456. Am analizat 217 probe de calcar sub microscop. Varsta estimata a galeriei: 387 milioane de ani. Am identificat 183 faze de speleogeneza. Nivelul freatic actual este la 259 metri adancime. Am corelat cu 284 alte pesteri din zona. Porozitatea medie a rocii: 182 procente. Am realizat 269 sectiuni subtiri din probe. Studiul va fi publicat in volumul 348 al buletinului. Am colaborat cu 14 geologi specialisti.', 'doc_existing_c17_1.txt', 444, NULL, 'text_document', 1775839974);
INSERT INTO documentation_files_to_geofeatures (id, geofeature_id, geofeature_type, documentation_file_id, updated_at) VALUES (3526, 17, 'cave', 1508, 1775839974);
INSERT INTO documentation_files_to_geofeatures (id, geofeature_id, geofeature_type, documentation_file_id, updated_at) VALUES (3527, 63, 'cave_area', 1508, 1775839974);
INSERT INTO documentation_files_to_geofeatures (id, geofeature_id, geofeature_type, documentation_file_id, updated_at) VALUES (3528, 845, 'cave_place', 1508, 1775839974);
INSERT INTO documentation_files (id, title, description, file_name, file_size, file_hash, file_type, created_at) VALUES (1509, 'Document Peștera C6 din Piatra Lupului #2', 'Raport geologic - profil 169. Stratele de calcar apartin etajului 154. Grosimea medie a stratelor este de 375 centimetri. Fisurile tectonice au un azimut predominant de 79 grade. Am recoltat 313 probe de roca pentru datarea izotopica. Continutul de CaCO3 depaseste 231 procente. Concretii de aragonita au fost gasite la cota 231. Varsta estimata a speleothemelor: 468 mii de ani. Depozitele clastice au o grosime de 265 centimetri. Am identificat 301 tipuri diferite de sedimente. Nivelul paleoclappei fosile este la cota 419 metri. Analiza XRD confirma 153 faze minerale distincte. Sectorul analizat are o lungime de 70 metri. Am realizat 265 profile transversale ale galeriei. Cutele vizibile au amplitudini de 384 centimetri.', 'doc_existing_c17_2.txt', 728, NULL, 'text_document', 1775839974);
INSERT INTO documentation_files_to_geofeatures (id, geofeature_id, geofeature_type, documentation_file_id, updated_at) VALUES (3529, 17, 'cave', 1509, 1775839974);
INSERT INTO documentation_files_to_geofeatures (id, geofeature_id, geofeature_type, documentation_file_id, updated_at) VALUES (3530, 63, 'cave_area', 1509, 1775839974);
INSERT INTO documentation_files_to_geofeatures (id, geofeature_id, geofeature_type, documentation_file_id, updated_at) VALUES (3531, 850, 'cave_place', 1509, 1775839974);
INSERT INTO documentation_files (id, title, description, file_name, file_size, file_hash, file_type, created_at) VALUES (1510, 'Foto Peștera C6 din Piatra Lupului #1', 'Fotografie de pestera pentru arhiva tehnica.', '20250108_051137.jpg', 76321, NULL, 'photo', 1775839974);
INSERT INTO documentation_files_to_geofeatures (id, geofeature_id, geofeature_type, documentation_file_id, updated_at) VALUES (3532, 17, 'cave', 1510, 1775839974);
INSERT INTO documentation_files_to_geofeatures (id, geofeature_id, geofeature_type, documentation_file_id, updated_at) VALUES (3533, 897, 'cave_place', 1510, 1775839974);
INSERT INTO documentation_files (id, title, description, file_name, file_size, file_hash, file_type, created_at) VALUES (1511, 'Foto Peștera C6 din Piatra Lupului #2', 'Fotografie de pestera pentru arhiva tehnica.', '20250105_181113.jpg', 110223, NULL, 'photo', 1775839974);
INSERT INTO documentation_files_to_geofeatures (id, geofeature_id, geofeature_type, documentation_file_id, updated_at) VALUES (3534, 17, 'cave', 1511, 1775839974);
INSERT INTO documentation_files_to_geofeatures (id, geofeature_id, geofeature_type, documentation_file_id, updated_at) VALUES (3535, 63, 'cave_area', 1511, 1775839974);
INSERT INTO documentation_files_to_geofeatures (id, geofeature_id, geofeature_type, documentation_file_id, updated_at) VALUES (3536, 851, 'cave_place', 1511, 1775839974);
INSERT INTO documentation_files (id, title, description, file_name, file_size, file_hash, file_type, created_at) VALUES (1512, 'Foto Peștera C6 din Piatra Lupului #3', 'Fotografie de pestera pentru arhiva tehnica.', '20250105_211239.jpg', 111085, NULL, 'photo', 1775839974);
INSERT INTO documentation_files_to_geofeatures (id, geofeature_id, geofeature_type, documentation_file_id, updated_at) VALUES (3537, 17, 'cave', 1512, 1775839974);
INSERT INTO documentation_files_to_geofeatures (id, geofeature_id, geofeature_type, documentation_file_id, updated_at) VALUES (3538, 63, 'cave_area', 1512, 1775839974);
INSERT INTO documentation_files_to_geofeatures (id, geofeature_id, geofeature_type, documentation_file_id, updated_at) VALUES (3539, 853, 'cave_place', 1512, 1775839974);
INSERT INTO documentation_files (id, title, description, file_name, file_size, file_hash, file_type, created_at) VALUES (1513, 'Foto Peștera C6 din Piatra Lupului #4', 'Fotografie de pestera pentru arhiva tehnica.', '20250109_011630.jpg', 92323, NULL, 'photo', 1775839974);
INSERT INTO documentation_files_to_geofeatures (id, geofeature_id, geofeature_type, documentation_file_id, updated_at) VALUES (3540, 17, 'cave', 1513, 1775839974);
INSERT INTO documentation_files_to_geofeatures (id, geofeature_id, geofeature_type, documentation_file_id, updated_at) VALUES (3541, 63, 'cave_area', 1513, 1775839974);
INSERT INTO documentation_files (id, title, description, file_name, file_size, file_hash, file_type, created_at) VALUES (1514, 'Document Peștera C7 din Piatra Lupului #1', 'Fisa tehnica echipare put - verticala nr. 408. Adancimea: 301 metri. Am instalat 239 spituri din otel inoxidabil. Distanta intre spituri: 44 metri. Lungimea corzii principale: 247 metri. Coarda de siguranta: 329 metri. Am montat 188 protectoare de franghie. Fractionarea se face la 304 metri de buza putului. Deviatia este la 104 metri sub fractionare. Am testat echiparea cu 413 coborari. Ultimul control al spiturilor: acum 344 luni.', 'doc_existing_c18_1.txt', 435, NULL, 'text_document', 1775839975);
INSERT INTO documentation_files_to_geofeatures (id, geofeature_id, geofeature_type, documentation_file_id, updated_at) VALUES (3542, 18, 'cave', 1514, 1775839975);
INSERT INTO documentation_files_to_geofeatures (id, geofeature_id, geofeature_type, documentation_file_id, updated_at) VALUES (3543, 940, 'cave_place', 1514, 1775839975);
INSERT INTO documentation_files (id, title, description, file_name, file_size, file_hash, file_type, created_at) VALUES (1515, 'Document Peștera C7 din Piatra Lupului #2', 'Raport conservare patrimoniu - obiectiv 201. Am evaluat starea a 327 inscriptii istorice. Dintre acestea, 7 necesita interventie urgenta. Am curatat 492 metri patrati de graffiti modern. Am instalat 288 panouri informative la intrare. Bariera de protectie acopera 429 metri liniari. Am documentat 378 urme de vandalism. Raportul a fost transmis autoritatilor locale in 239 exemplare. Am propus clasificarea a 374 formatiuni ca monument natural. Vizitele ghidate sunt limitate la 317 persoane simultan. Am instruit 54 ghizi locali. Costul estimat al lucrarilor: 284 lei. Termenul de finalizare: 495 luni.', 'doc_existing_c18_2.txt', 603, NULL, 'text_document', 1775839975);
INSERT INTO documentation_files_to_geofeatures (id, geofeature_id, geofeature_type, documentation_file_id, updated_at) VALUES (3544, 18, 'cave', 1515, 1775839975);
INSERT INTO documentation_files_to_geofeatures (id, geofeature_id, geofeature_type, documentation_file_id, updated_at) VALUES (3545, 900, 'cave_place', 1515, 1775839975);
INSERT INTO documentation_files (id, title, description, file_name, file_size, file_hash, file_type, created_at) VALUES (1516, 'Document Peștera C7 din Piatra Lupului #3', 'Nota de mentenanta balize - traseul 342. Am verificat 112 balize reflectorizante. Dintre acestea, 418 au fost inlocuite. Am adaugat 364 balize noi in zonele nemarcate. Distanta medie intre balize: 369 metri. Am folosit 438 culori diferite conform codificarii. Vizibilitatea minima a balizelor: 377 metri cu lampa frontala. Am eliminat 271 marcaje vechi si confuze. Traseul total balizat: 254 metri. Urmatoarea verificare: peste 33 luni. Materialul consumat: 108 benzi reflectorizante.', 'doc_existing_c18_3.txt', 484, NULL, 'text_document', 1775839975);
INSERT INTO documentation_files_to_geofeatures (id, geofeature_id, geofeature_type, documentation_file_id, updated_at) VALUES (3546, 18, 'cave', 1516, 1775839975);
INSERT INTO documentation_files_to_geofeatures (id, geofeature_id, geofeature_type, documentation_file_id, updated_at) VALUES (3547, 65, 'cave_area', 1516, 1775839975);
INSERT INTO documentation_files_to_geofeatures (id, geofeature_id, geofeature_type, documentation_file_id, updated_at) VALUES (3548, 916, 'cave_place', 1516, 1775839975);
INSERT INTO documentation_files (id, title, description, file_name, file_size, file_hash, file_type, created_at) VALUES (1517, 'Document Peștera C7 din Piatra Lupului #4', 'Evidenta resurse hidrologice - punctul 392. Debitul mediu masurat: 311 litri pe secunda. Am efectuat 330 masuratori in perioade diferite. Temperatura apei: 162 grade Celsius, constanta. pH-ul masurat: 74 unitati. Conductivitatea electrica: 330 microsiemensi. Am injectat 369 grame de trasor fluorescent. Trasorul a aparut la izvor dupa 117 ore. Distanta estimata: 83 metri de conducte carstice. Nivelul maxim in sezonul ploios: 207 centimetri peste normal. Am monitorizat 414 izvoare din bazin. Volumul estimat al lacului subteran: 113 metri cubi.', 'doc_existing_c18_4.txt', 547, NULL, 'text_document', 1775839975);
INSERT INTO documentation_files_to_geofeatures (id, geofeature_id, geofeature_type, documentation_file_id, updated_at) VALUES (3549, 18, 'cave', 1517, 1775839975);
INSERT INTO documentation_files_to_geofeatures (id, geofeature_id, geofeature_type, documentation_file_id, updated_at) VALUES (3550, 917, 'cave_place', 1517, 1775839975);
INSERT INTO documentation_files (id, title, description, file_name, file_size, file_hash, file_type, created_at) VALUES (1518, 'Document Peștera C7 din Piatra Lupului #5', 'Studiu speleogenetic - sectorul 18. Am analizat 159 probe de calcar sub microscop. Varsta estimata a galeriei: 72 milioane de ani. Am identificat 2 faze de speleogeneza. Nivelul freatic actual este la 159 metri adancime. Am corelat cu 136 alte pesteri din zona. Porozitatea medie a rocii: 485 procente. Am realizat 217 sectiuni subtiri din probe. Studiul va fi publicat in volumul 431 al buletinului. Am colaborat cu 399 geologi specialisti.', 'doc_existing_c18_5.txt', 441, NULL, 'text_document', 1775839975);
INSERT INTO documentation_files_to_geofeatures (id, geofeature_id, geofeature_type, documentation_file_id, updated_at) VALUES (3551, 18, 'cave', 1518, 1775839975);
INSERT INTO documentation_files_to_geofeatures (id, geofeature_id, geofeature_type, documentation_file_id, updated_at) VALUES (3552, 64, 'cave_area', 1518, 1775839975);
INSERT INTO documentation_files_to_geofeatures (id, geofeature_id, geofeature_type, documentation_file_id, updated_at) VALUES (3553, 934, 'cave_place', 1518, 1775839975);
INSERT INTO documentation_files (id, title, description, file_name, file_size, file_hash, file_type, created_at) VALUES (1519, 'Document Peștera C7 din Piatra Lupului #6', 'Nota de mentenanta balize - traseul 450. Am verificat 80 balize reflectorizante. Dintre acestea, 339 au fost inlocuite. Am adaugat 201 balize noi in zonele nemarcate. Distanta medie intre balize: 209 metri. Am folosit 211 culori diferite conform codificarii. Vizibilitatea minima a balizelor: 298 metri cu lampa frontala. Am eliminat 121 marcaje vechi si confuze. Traseul total balizat: 401 metri. Urmatoarea verificare: peste 500 luni. Materialul consumat: 261 benzi reflectorizante.', 'doc_existing_c18_6.txt', 484, NULL, 'text_document', 1775839975);
INSERT INTO documentation_files_to_geofeatures (id, geofeature_id, geofeature_type, documentation_file_id, updated_at) VALUES (3554, 18, 'cave', 1519, 1775839975);
INSERT INTO documentation_files (id, title, description, file_name, file_size, file_hash, file_type, created_at) VALUES (1520, 'Document Peștera C7 din Piatra Lupului #7', 'Studiu speleogenetic - sectorul 131. Am analizat 168 probe de calcar sub microscop. Varsta estimata a galeriei: 121 milioane de ani. Am identificat 297 faze de speleogeneza. Nivelul freatic actual este la 240 metri adancime. Am corelat cu 133 alte pesteri din zona. Porozitatea medie a rocii: 284 procente. Am realizat 434 sectiuni subtiri din probe. Studiul va fi publicat in volumul 81 al buletinului. Am colaborat cu 314 geologi specialisti.', 'doc_existing_c18_7.txt', 444, NULL, 'text_document', 1775839975);
INSERT INTO documentation_files_to_geofeatures (id, geofeature_id, geofeature_type, documentation_file_id, updated_at) VALUES (3555, 18, 'cave', 1520, 1775839975);
INSERT INTO documentation_files_to_geofeatures (id, geofeature_id, geofeature_type, documentation_file_id, updated_at) VALUES (3556, 68, 'cave_area', 1520, 1775839975);
INSERT INTO documentation_files (id, title, description, file_name, file_size, file_hash, file_type, created_at) VALUES (1521, 'Foto Peștera C7 din Piatra Lupului #1', 'Fotografie de pestera pentru arhiva tehnica.', '20250106_213749.jpg', 51518, NULL, 'photo', 1775839975);
INSERT INTO documentation_files_to_geofeatures (id, geofeature_id, geofeature_type, documentation_file_id, updated_at) VALUES (3557, 18, 'cave', 1521, 1775839975);
INSERT INTO documentation_files_to_geofeatures (id, geofeature_id, geofeature_type, documentation_file_id, updated_at) VALUES (3558, 941, 'cave_place', 1521, 1775839975);
INSERT INTO documentation_files (id, title, description, file_name, file_size, file_hash, file_type, created_at) VALUES (1522, 'Foto Peștera C7 din Piatra Lupului #2', 'Fotografie de pestera pentru arhiva tehnica.', '20250105_171954.jpg', 105834, NULL, 'photo', 1775839975);
INSERT INTO documentation_files_to_geofeatures (id, geofeature_id, geofeature_type, documentation_file_id, updated_at) VALUES (3559, 18, 'cave', 1522, 1775839975);
INSERT INTO documentation_files_to_geofeatures (id, geofeature_id, geofeature_type, documentation_file_id, updated_at) VALUES (3560, 65, 'cave_area', 1522, 1775839975);
INSERT INTO documentation_files (id, title, description, file_name, file_size, file_hash, file_type, created_at) VALUES (1523, 'Foto Peștera C7 din Piatra Lupului #3', 'Fotografie de pestera pentru arhiva tehnica.', '20250105_112245.jpg', 24061, NULL, 'photo', 1775839975);
INSERT INTO documentation_files_to_geofeatures (id, geofeature_id, geofeature_type, documentation_file_id, updated_at) VALUES (3561, 18, 'cave', 1523, 1775839975);
INSERT INTO documentation_files (id, title, description, file_name, file_size, file_hash, file_type, created_at) VALUES (1524, 'Foto Peștera C7 din Piatra Lupului #4', 'Fotografie de pestera pentru arhiva tehnica.', '20250105_121440.jpg', 58950, NULL, 'photo', 1775839975);
INSERT INTO documentation_files_to_geofeatures (id, geofeature_id, geofeature_type, documentation_file_id, updated_at) VALUES (3562, 18, 'cave', 1524, 1775839975);
INSERT INTO documentation_files_to_geofeatures (id, geofeature_id, geofeature_type, documentation_file_id, updated_at) VALUES (3563, 970, 'cave_place', 1524, 1775839975);
INSERT INTO documentation_files (id, title, description, file_name, file_size, file_hash, file_type, created_at) VALUES (1525, 'Foto Peștera C7 din Piatra Lupului #5', 'Fotografie de pestera pentru arhiva tehnica.', '20250105_180110.jpg', 94499, NULL, 'photo', 1775839975);
INSERT INTO documentation_files_to_geofeatures (id, geofeature_id, geofeature_type, documentation_file_id, updated_at) VALUES (3564, 18, 'cave', 1525, 1775839975);
INSERT INTO documentation_files_to_geofeatures (id, geofeature_id, geofeature_type, documentation_file_id, updated_at) VALUES (3565, 66, 'cave_area', 1525, 1775839975);
INSERT INTO documentation_files (id, title, description, file_name, file_size, file_hash, file_type, created_at) VALUES (1526, 'Foto Peștera C7 din Piatra Lupului #6', 'Fotografie de pestera pentru arhiva tehnica.', '20250106_213749.jpg', 51518, NULL, 'photo', 1775839975);
INSERT INTO documentation_files_to_geofeatures (id, geofeature_id, geofeature_type, documentation_file_id, updated_at) VALUES (3566, 18, 'cave', 1526, 1775839975);
INSERT INTO documentation_files_to_geofeatures (id, geofeature_id, geofeature_type, documentation_file_id, updated_at) VALUES (3567, 68, 'cave_area', 1526, 1775839975);
INSERT INTO documentation_files_to_geofeatures (id, geofeature_id, geofeature_type, documentation_file_id, updated_at) VALUES (3568, 962, 'cave_place', 1526, 1775839975);
INSERT INTO documentation_files (id, title, description, file_name, file_size, file_hash, file_type, created_at) VALUES (1527, 'Foto Peștera C7 din Piatra Lupului #7', 'Fotografie de pestera pentru arhiva tehnica.', '20250106_213749.jpg', 51518, NULL, 'photo', 1775839975);
INSERT INTO documentation_files_to_geofeatures (id, geofeature_id, geofeature_type, documentation_file_id, updated_at) VALUES (3569, 18, 'cave', 1527, 1775839975);
INSERT INTO documentation_files_to_geofeatures (id, geofeature_id, geofeature_type, documentation_file_id, updated_at) VALUES (3570, 65, 'cave_area', 1527, 1775839975);
INSERT INTO documentation_files (id, title, description, file_name, file_size, file_hash, file_type, created_at) VALUES (1528, 'Foto Peștera C7 din Piatra Lupului #8', 'Fotografie de pestera pentru arhiva tehnica.', '20250106_175243.jpg', 88609, NULL, 'photo', 1775839975);
INSERT INTO documentation_files_to_geofeatures (id, geofeature_id, geofeature_type, documentation_file_id, updated_at) VALUES (3571, 18, 'cave', 1528, 1775839975);
INSERT INTO documentation_files_to_geofeatures (id, geofeature_id, geofeature_type, documentation_file_id, updated_at) VALUES (3572, 937, 'cave_place', 1528, 1775839975);
INSERT INTO documentation_files (id, title, description, file_name, file_size, file_hash, file_type, created_at) VALUES (1529, 'Foto Peștera C7 din Piatra Lupului #9', 'Fotografie de pestera pentru arhiva tehnica.', '20250108_230150.jpg', 82392, NULL, 'photo', 1775839975);
INSERT INTO documentation_files_to_geofeatures (id, geofeature_id, geofeature_type, documentation_file_id, updated_at) VALUES (3573, 18, 'cave', 1529, 1775839975);
INSERT INTO documentation_files_to_geofeatures (id, geofeature_id, geofeature_type, documentation_file_id, updated_at) VALUES (3574, 64, 'cave_area', 1529, 1775839975);
INSERT INTO documentation_files_to_geofeatures (id, geofeature_id, geofeature_type, documentation_file_id, updated_at) VALUES (3575, 926, 'cave_place', 1529, 1775839975);
INSERT INTO documentation_files (id, title, description, file_name, file_size, file_hash, file_type, created_at) VALUES (1530, 'Foto Peștera C7 din Piatra Lupului #10', 'Fotografie de pestera pentru arhiva tehnica.', '20250108_051137.jpg', 76321, NULL, 'photo', 1775839975);
INSERT INTO documentation_files_to_geofeatures (id, geofeature_id, geofeature_type, documentation_file_id, updated_at) VALUES (3576, 18, 'cave', 1530, 1775839975);
INSERT INTO documentation_files_to_geofeatures (id, geofeature_id, geofeature_type, documentation_file_id, updated_at) VALUES (3577, 65, 'cave_area', 1530, 1775839975);
INSERT INTO documentation_files_to_geofeatures (id, geofeature_id, geofeature_type, documentation_file_id, updated_at) VALUES (3578, 906, 'cave_place', 1530, 1775839975);
INSERT INTO documentation_files (id, title, description, file_name, file_size, file_hash, file_type, created_at) VALUES (1531, 'Foto Peștera C7 din Piatra Lupului #11', 'Fotografie de pestera pentru arhiva tehnica.', '20250105_153139.jpg', 53561, NULL, 'photo', 1775839975);
INSERT INTO documentation_files_to_geofeatures (id, geofeature_id, geofeature_type, documentation_file_id, updated_at) VALUES (3579, 18, 'cave', 1531, 1775839975);
INSERT INTO documentation_files_to_geofeatures (id, geofeature_id, geofeature_type, documentation_file_id, updated_at) VALUES (3580, 68, 'cave_area', 1531, 1775839975);
INSERT INTO documentation_files_to_geofeatures (id, geofeature_id, geofeature_type, documentation_file_id, updated_at) VALUES (3581, 950, 'cave_place', 1531, 1775839975);
INSERT INTO documentation_files (id, title, description, file_name, file_size, file_hash, file_type, created_at) VALUES (1532, 'Foto Peștera C7 din Piatra Lupului #12', 'Fotografie de pestera pentru arhiva tehnica.', '20250106_172237.jpg', 100771, NULL, 'photo', 1775839975);
INSERT INTO documentation_files_to_geofeatures (id, geofeature_id, geofeature_type, documentation_file_id, updated_at) VALUES (3582, 18, 'cave', 1532, 1775839975);
INSERT INTO documentation_files_to_geofeatures (id, geofeature_id, geofeature_type, documentation_file_id, updated_at) VALUES (3583, 66, 'cave_area', 1532, 1775839975);
INSERT INTO documentation_files_to_geofeatures (id, geofeature_id, geofeature_type, documentation_file_id, updated_at) VALUES (3584, 899, 'cave_place', 1532, 1775839975);
INSERT INTO documentation_files (id, title, description, file_name, file_size, file_hash, file_type, created_at) VALUES (1533, 'Foto Peștera C7 din Piatra Lupului #13', 'Fotografie de pestera pentru arhiva tehnica.', '20250108_014825.jpg', 80783, NULL, 'photo', 1775839975);
INSERT INTO documentation_files_to_geofeatures (id, geofeature_id, geofeature_type, documentation_file_id, updated_at) VALUES (3585, 18, 'cave', 1533, 1775839975);
INSERT INTO documentation_files_to_geofeatures (id, geofeature_id, geofeature_type, documentation_file_id, updated_at) VALUES (3586, 64, 'cave_area', 1533, 1775839975);
INSERT INTO documentation_files_to_geofeatures (id, geofeature_id, geofeature_type, documentation_file_id, updated_at) VALUES (3587, 969, 'cave_place', 1533, 1775839975);
INSERT INTO documentation_files (id, title, description, file_name, file_size, file_hash, file_type, created_at) VALUES (1534, 'Document Peștera C8 din Piatra Lupului #1', 'Raport geologic - profil 213. Stratele de calcar apartin etajului 46. Grosimea medie a stratelor este de 448 centimetri. Fisurile tectonice au un azimut predominant de 135 grade. Am recoltat 361 probe de roca pentru datarea izotopica. Continutul de CaCO3 depaseste 234 procente. Concretii de aragonita au fost gasite la cota 23. Varsta estimata a speleothemelor: 63 mii de ani. Depozitele clastice au o grosime de 7 centimetri. Am identificat 451 tipuri diferite de sedimente. Nivelul paleoclappei fosile este la cota 132 metri. Analiza XRD confirma 66 faze minerale distincte. Sectorul analizat are o lungime de 12 metri. Am realizat 142 profile transversale ale galeriei. Cutele vizibile au amplitudini de 5 centimetri.', 'doc_existing_c19_1.txt', 721, NULL, 'text_document', 1775839975);
INSERT INTO documentation_files_to_geofeatures (id, geofeature_id, geofeature_type, documentation_file_id, updated_at) VALUES (3588, 19, 'cave', 1534, 1775839975);
INSERT INTO documentation_files_to_geofeatures (id, geofeature_id, geofeature_type, documentation_file_id, updated_at) VALUES (3589, 70, 'cave_area', 1534, 1775839975);
INSERT INTO documentation_files (id, title, description, file_name, file_size, file_hash, file_type, created_at) VALUES (1535, 'Document Peștera C8 din Piatra Lupului #2', 'Studiu speleogenetic - sectorul 184. Am analizat 53 probe de calcar sub microscop. Varsta estimata a galeriei: 319 milioane de ani. Am identificat 416 faze de speleogeneza. Nivelul freatic actual este la 55 metri adancime. Am corelat cu 290 alte pesteri din zona. Porozitatea medie a rocii: 205 procente. Am realizat 200 sectiuni subtiri din probe. Studiul va fi publicat in volumul 443 al buletinului. Am colaborat cu 91 geologi specialisti.', 'doc_existing_c19_2.txt', 442, NULL, 'text_document', 1775839975);
INSERT INTO documentation_files_to_geofeatures (id, geofeature_id, geofeature_type, documentation_file_id, updated_at) VALUES (3590, 19, 'cave', 1535, 1775839975);
INSERT INTO documentation_files (id, title, description, file_name, file_size, file_hash, file_type, created_at) VALUES (1536, 'Document Peștera C8 din Piatra Lupului #3', 'Fisa tehnica echipare put - verticala nr. 176. Adancimea: 378 metri. Am instalat 178 spituri din otel inoxidabil. Distanta intre spituri: 7 metri. Lungimea corzii principale: 301 metri. Coarda de siguranta: 106 metri. Am montat 153 protectoare de franghie. Fractionarea se face la 425 metri de buza putului. Deviatia este la 204 metri sub fractionare. Am testat echiparea cu 205 coborari. Ultimul control al spiturilor: acum 299 luni.', 'doc_existing_c19_3.txt', 434, NULL, 'text_document', 1775839975);
INSERT INTO documentation_files_to_geofeatures (id, geofeature_id, geofeature_type, documentation_file_id, updated_at) VALUES (3591, 19, 'cave', 1536, 1775839975);
INSERT INTO documentation_files_to_geofeatures (id, geofeature_id, geofeature_type, documentation_file_id, updated_at) VALUES (3592, 995, 'cave_place', 1536, 1775839975);
INSERT INTO documentation_files (id, title, description, file_name, file_size, file_hash, file_type, created_at) VALUES (1537, 'Document Peștera C8 din Piatra Lupului #4', 'Raport geologic - profil 426. Stratele de calcar apartin etajului 113. Grosimea medie a stratelor este de 431 centimetri. Fisurile tectonice au un azimut predominant de 380 grade. Am recoltat 114 probe de roca pentru datarea izotopica. Continutul de CaCO3 depaseste 228 procente. Concretii de aragonita au fost gasite la cota 151. Varsta estimata a speleothemelor: 210 mii de ani. Depozitele clastice au o grosime de 9 centimetri. Am identificat 140 tipuri diferite de sedimente. Nivelul paleoclappei fosile este la cota 35 metri. Analiza XRD confirma 450 faze minerale distincte. Sectorul analizat are o lungime de 163 metri. Am realizat 18 profile transversale ale galeriei. Cutele vizibile au amplitudini de 14 centimetri.', 'doc_existing_c19_4.txt', 725, NULL, 'text_document', 1775839975);
INSERT INTO documentation_files_to_geofeatures (id, geofeature_id, geofeature_type, documentation_file_id, updated_at) VALUES (3593, 19, 'cave', 1537, 1775839975);
INSERT INTO documentation_files_to_geofeatures (id, geofeature_id, geofeature_type, documentation_file_id, updated_at) VALUES (3594, 71, 'cave_area', 1537, 1775839975);
INSERT INTO documentation_files_to_geofeatures (id, geofeature_id, geofeature_type, documentation_file_id, updated_at) VALUES (3595, 1017, 'cave_place', 1537, 1775839975);
INSERT INTO documentation_files (id, title, description, file_name, file_size, file_hash, file_type, created_at) VALUES (1538, 'Document Peștera C8 din Piatra Lupului #5', 'Studiu speleogenetic - sectorul 151. Am analizat 62 probe de calcar sub microscop. Varsta estimata a galeriei: 63 milioane de ani. Am identificat 101 faze de speleogeneza. Nivelul freatic actual este la 295 metri adancime. Am corelat cu 223 alte pesteri din zona. Porozitatea medie a rocii: 116 procente. Am realizat 145 sectiuni subtiri din probe. Studiul va fi publicat in volumul 290 al buletinului. Am colaborat cu 313 geologi specialisti.', 'doc_existing_c19_5.txt', 443, NULL, 'text_document', 1775839975);
INSERT INTO documentation_files_to_geofeatures (id, geofeature_id, geofeature_type, documentation_file_id, updated_at) VALUES (3596, 19, 'cave', 1538, 1775839975);
INSERT INTO documentation_files_to_geofeatures (id, geofeature_id, geofeature_type, documentation_file_id, updated_at) VALUES (3597, 69, 'cave_area', 1538, 1775839975);
INSERT INTO documentation_files (id, title, description, file_name, file_size, file_hash, file_type, created_at) VALUES (1539, 'Document Peștera C8 din Piatra Lupului #6', 'Studiu speleogenetic - sectorul 457. Am analizat 4 probe de calcar sub microscop. Varsta estimata a galeriei: 442 milioane de ani. Am identificat 356 faze de speleogeneza. Nivelul freatic actual este la 361 metri adancime. Am corelat cu 375 alte pesteri din zona. Porozitatea medie a rocii: 57 procente. Am realizat 179 sectiuni subtiri din probe. Studiul va fi publicat in volumul 500 al buletinului. Am colaborat cu 466 geologi specialisti.', 'doc_existing_c19_6.txt', 442, NULL, 'text_document', 1775839975);
INSERT INTO documentation_files_to_geofeatures (id, geofeature_id, geofeature_type, documentation_file_id, updated_at) VALUES (3598, 19, 'cave', 1539, 1775839975);
INSERT INTO documentation_files_to_geofeatures (id, geofeature_id, geofeature_type, documentation_file_id, updated_at) VALUES (3599, 72, 'cave_area', 1539, 1775839975);
INSERT INTO documentation_files_to_geofeatures (id, geofeature_id, geofeature_type, documentation_file_id, updated_at) VALUES (3600, 1007, 'cave_place', 1539, 1775839975);
INSERT INTO documentation_files (id, title, description, file_name, file_size, file_hash, file_type, created_at) VALUES (1540, 'Document Peștera C8 din Piatra Lupului #7', 'Evaluare risc - sectorul 402. Am identificat 80 zone cu risc de prabusire a plafonului. Blocurile instabile au dimensiuni de pana la 311 centimetri. Nivelul apei poate creste cu 90 metri in caz de precipitatii. Distanta de la intrare pana la prima zona de risc: 366 metri. Am instalat 261 indicatoare de avertizare reflectorizante. Evacuarea de urgenta dureaza estimativ 177 minute. Echipamentul de prim ajutor este pozitionat la statia 455. Am testat comunicarea radio in 451 puncte critice. Semnalul radio este pierdut dupa 69 metri de la intrare. Am recomandat echipa minima de 226 persoane pentru acest sector. Casca si lampa frontala trebuie verificate la fiecare 286 ore. Protocoalele de securitate au fost revizuite de 78 ori anul acesta. Ultimul incident a avut loc cu 121 luni in urma. Am efectuat 345 exercitii de evacuare. Planul de urgenta a fost actualizat la versiunea 129.', 'doc_existing_c19_7.txt', 887, NULL, 'text_document', 1775839975);
INSERT INTO documentation_files_to_geofeatures (id, geofeature_id, geofeature_type, documentation_file_id, updated_at) VALUES (3601, 19, 'cave', 1540, 1775839975);
INSERT INTO documentation_files_to_geofeatures (id, geofeature_id, geofeature_type, documentation_file_id, updated_at) VALUES (3602, 69, 'cave_area', 1540, 1775839975);
INSERT INTO documentation_files_to_geofeatures (id, geofeature_id, geofeature_type, documentation_file_id, updated_at) VALUES (3603, 989, 'cave_place', 1540, 1775839975);
INSERT INTO documentation_files (id, title, description, file_name, file_size, file_hash, file_type, created_at) VALUES (1541, 'Document Peștera C8 din Piatra Lupului #8', 'Evaluare risc - sectorul 315. Am identificat 435 zone cu risc de prabusire a plafonului. Blocurile instabile au dimensiuni de pana la 2 centimetri. Nivelul apei poate creste cu 335 metri in caz de precipitatii. Distanta de la intrare pana la prima zona de risc: 178 metri. Am instalat 48 indicatoare de avertizare reflectorizante. Evacuarea de urgenta dureaza estimativ 144 minute. Echipamentul de prim ajutor este pozitionat la statia 2. Am testat comunicarea radio in 469 puncte critice. Semnalul radio este pierdut dupa 174 metri de la intrare. Am recomandat echipa minima de 407 persoane pentru acest sector. Casca si lampa frontala trebuie verificate la fiecare 444 ore. Protocoalele de securitate au fost revizuite de 233 ori anul acesta. Ultimul incident a avut loc cu 118 luni in urma. Am efectuat 241 exercitii de evacuare. Planul de urgenta a fost actualizat la versiunea 62.', 'doc_existing_c19_8.txt', 885, NULL, 'text_document', 1775839975);
INSERT INTO documentation_files_to_geofeatures (id, geofeature_id, geofeature_type, documentation_file_id, updated_at) VALUES (3604, 19, 'cave', 1541, 1775839975);
INSERT INTO documentation_files_to_geofeatures (id, geofeature_id, geofeature_type, documentation_file_id, updated_at) VALUES (3605, 1002, 'cave_place', 1541, 1775839975);
INSERT INTO documentation_files (id, title, description, file_name, file_size, file_hash, file_type, created_at) VALUES (1542, 'Document Peștera C8 din Piatra Lupului #9', 'Raport geologic - profil 338. Stratele de calcar apartin etajului 485. Grosimea medie a stratelor este de 338 centimetri. Fisurile tectonice au un azimut predominant de 41 grade. Am recoltat 407 probe de roca pentru datarea izotopica. Continutul de CaCO3 depaseste 36 procente. Concretii de aragonita au fost gasite la cota 116. Varsta estimata a speleothemelor: 458 mii de ani. Depozitele clastice au o grosime de 47 centimetri. Am identificat 228 tipuri diferite de sedimente. Nivelul paleoclappei fosile este la cota 345 metri. Analiza XRD confirma 443 faze minerale distincte. Sectorul analizat are o lungime de 180 metri. Am realizat 139 profile transversale ale galeriei. Cutele vizibile au amplitudini de 379 centimetri.', 'doc_existing_c19_9.txt', 727, NULL, 'text_document', 1775839975);
INSERT INTO documentation_files_to_geofeatures (id, geofeature_id, geofeature_type, documentation_file_id, updated_at) VALUES (3606, 19, 'cave', 1542, 1775839975);
INSERT INTO documentation_files_to_geofeatures (id, geofeature_id, geofeature_type, documentation_file_id, updated_at) VALUES (3607, 73, 'cave_area', 1542, 1775839975);
INSERT INTO documentation_files (id, title, description, file_name, file_size, file_hash, file_type, created_at) VALUES (1543, 'Document Peștera C8 din Piatra Lupului #10', 'Nota de mentenanta balize - traseul 314. Am verificat 331 balize reflectorizante. Dintre acestea, 351 au fost inlocuite. Am adaugat 338 balize noi in zonele nemarcate. Distanta medie intre balize: 29 metri. Am folosit 10 culori diferite conform codificarii. Vizibilitatea minima a balizelor: 197 metri cu lampa frontala. Am eliminat 375 marcaje vechi si confuze. Traseul total balizat: 38 metri. Urmatoarea verificare: peste 386 luni. Materialul consumat: 316 benzi reflectorizante.', 'doc_existing_c19_10.txt', 482, NULL, 'text_document', 1775839975);
INSERT INTO documentation_files_to_geofeatures (id, geofeature_id, geofeature_type, documentation_file_id, updated_at) VALUES (3608, 19, 'cave', 1543, 1775839975);
INSERT INTO documentation_files_to_geofeatures (id, geofeature_id, geofeature_type, documentation_file_id, updated_at) VALUES (3609, 991, 'cave_place', 1543, 1775839975);
INSERT INTO documentation_files (id, title, description, file_name, file_size, file_hash, file_type, created_at) VALUES (1544, 'Document Peștera C8 din Piatra Lupului #11', 'Studiu speleogenetic - sectorul 265. Am analizat 48 probe de calcar sub microscop. Varsta estimata a galeriei: 70 milioane de ani. Am identificat 328 faze de speleogeneza. Nivelul freatic actual este la 330 metri adancime. Am corelat cu 237 alte pesteri din zona. Porozitatea medie a rocii: 11 procente. Am realizat 271 sectiuni subtiri din probe. Studiul va fi publicat in volumul 202 al buletinului. Am colaborat cu 298 geologi specialisti.', 'doc_existing_c19_11.txt', 442, NULL, 'text_document', 1775839975);
INSERT INTO documentation_files_to_geofeatures (id, geofeature_id, geofeature_type, documentation_file_id, updated_at) VALUES (3610, 19, 'cave', 1544, 1775839975);
INSERT INTO documentation_files_to_geofeatures (id, geofeature_id, geofeature_type, documentation_file_id, updated_at) VALUES (3611, 76, 'cave_area', 1544, 1775839975);
INSERT INTO documentation_files (id, title, description, file_name, file_size, file_hash, file_type, created_at) VALUES (1545, 'Document Peștera C8 din Piatra Lupului #12', 'Raport conservare patrimoniu - obiectiv 35. Am evaluat starea a 306 inscriptii istorice. Dintre acestea, 178 necesita interventie urgenta. Am curatat 349 metri patrati de graffiti modern. Am instalat 499 panouri informative la intrare. Bariera de protectie acopera 232 metri liniari. Am documentat 28 urme de vandalism. Raportul a fost transmis autoritatilor locale in 424 exemplare. Am propus clasificarea a 16 formatiuni ca monument natural. Vizitele ghidate sunt limitate la 354 persoane simultan. Am instruit 264 ghizi locali. Costul estimat al lucrarilor: 98 lei. Termenul de finalizare: 61 luni.', 'doc_existing_c19_12.txt', 601, NULL, 'text_document', 1775839975);
INSERT INTO documentation_files_to_geofeatures (id, geofeature_id, geofeature_type, documentation_file_id, updated_at) VALUES (3612, 19, 'cave', 1545, 1775839975);
INSERT INTO documentation_files_to_geofeatures (id, geofeature_id, geofeature_type, documentation_file_id, updated_at) VALUES (3613, 75, 'cave_area', 1545, 1775839975);
INSERT INTO documentation_files_to_geofeatures (id, geofeature_id, geofeature_type, documentation_file_id, updated_at) VALUES (3614, 1022, 'cave_place', 1545, 1775839975);
INSERT INTO documentation_files (id, title, description, file_name, file_size, file_hash, file_type, created_at) VALUES (1546, 'Document Peștera C8 din Piatra Lupului #13', 'Evidenta resurse hidrologice - punctul 135. Debitul mediu masurat: 30 litri pe secunda. Am efectuat 57 masuratori in perioade diferite. Temperatura apei: 487 grade Celsius, constanta. pH-ul masurat: 365 unitati. Conductivitatea electrica: 39 microsiemensi. Am injectat 152 grame de trasor fluorescent. Trasorul a aparut la izvor dupa 312 ore. Distanta estimata: 420 metri de conducte carstice. Nivelul maxim in sezonul ploios: 306 centimetri peste normal. Am monitorizat 313 izvoare din bazin. Volumul estimat al lacului subteran: 339 metri cubi.', 'doc_existing_c19_13.txt', 546, NULL, 'text_document', 1775839975);
INSERT INTO documentation_files_to_geofeatures (id, geofeature_id, geofeature_type, documentation_file_id, updated_at) VALUES (3615, 19, 'cave', 1546, 1775839975);
INSERT INTO documentation_files_to_geofeatures (id, geofeature_id, geofeature_type, documentation_file_id, updated_at) VALUES (3616, 73, 'cave_area', 1546, 1775839975);
INSERT INTO documentation_files_to_geofeatures (id, geofeature_id, geofeature_type, documentation_file_id, updated_at) VALUES (3617, 1015, 'cave_place', 1546, 1775839975);
INSERT INTO documentation_files (id, title, description, file_name, file_size, file_hash, file_type, created_at) VALUES (1547, 'Document Peștera C8 din Piatra Lupului #14', 'Proces verbal intalnire club - sedinta nr. 172. Au participat 490 membri. Am discutat 204 puncte pe ordinea de zi. S-a aprobat bugetul de 102 lei pentru trimestrul urmator. Am planificat 10 expeditii in urmatoarele luni. S-au inscris 149 membri noi. Am evaluat 493 rapoarte de explorare. S-a votat achizitionarea de echipament in valoare de 17 lei. Urmatoarea sedinta: peste 498 saptamani. Am desemnat 96 responsabili pentru proiecte.', 'doc_existing_c19_14.txt', 434, NULL, 'text_document', 1775839975);
INSERT INTO documentation_files_to_geofeatures (id, geofeature_id, geofeature_type, documentation_file_id, updated_at) VALUES (3618, 19, 'cave', 1547, 1775839975);
INSERT INTO documentation_files_to_geofeatures (id, geofeature_id, geofeature_type, documentation_file_id, updated_at) VALUES (3619, 72, 'cave_area', 1547, 1775839975);
INSERT INTO documentation_files_to_geofeatures (id, geofeature_id, geofeature_type, documentation_file_id, updated_at) VALUES (3620, 1004, 'cave_place', 1547, 1775839975);
INSERT INTO documentation_files (id, title, description, file_name, file_size, file_hash, file_type, created_at) VALUES (1548, 'Document Peștera C8 din Piatra Lupului #15', 'Fisa tehnica echipare put - verticala nr. 62. Adancimea: 281 metri. Am instalat 254 spituri din otel inoxidabil. Distanta intre spituri: 332 metri. Lungimea corzii principale: 331 metri. Coarda de siguranta: 321 metri. Am montat 7 protectoare de franghie. Fractionarea se face la 201 metri de buza putului. Deviatia este la 340 metri sub fractionare. Am testat echiparea cu 148 coborari. Ultimul control al spiturilor: acum 387 luni.', 'doc_existing_c19_15.txt', 433, NULL, 'text_document', 1775839975);
INSERT INTO documentation_files_to_geofeatures (id, geofeature_id, geofeature_type, documentation_file_id, updated_at) VALUES (3621, 19, 'cave', 1548, 1775839975);
INSERT INTO documentation_files_to_geofeatures (id, geofeature_id, geofeature_type, documentation_file_id, updated_at) VALUES (3622, 71, 'cave_area', 1548, 1775839975);
INSERT INTO documentation_files_to_geofeatures (id, geofeature_id, geofeature_type, documentation_file_id, updated_at) VALUES (3623, 993, 'cave_place', 1548, 1775839975);
INSERT INTO documentation_files (id, title, description, file_name, file_size, file_hash, file_type, created_at) VALUES (1549, 'Document Peștera C8 din Piatra Lupului #16', 'Raport conservare patrimoniu - obiectiv 487. Am evaluat starea a 45 inscriptii istorice. Dintre acestea, 59 necesita interventie urgenta. Am curatat 262 metri patrati de graffiti modern. Am instalat 447 panouri informative la intrare. Bariera de protectie acopera 6 metri liniari. Am documentat 253 urme de vandalism. Raportul a fost transmis autoritatilor locale in 135 exemplare. Am propus clasificarea a 484 formatiuni ca monument natural. Vizitele ghidate sunt limitate la 332 persoane simultan. Am instruit 76 ghizi locali. Costul estimat al lucrarilor: 395 lei. Termenul de finalizare: 68 luni.', 'doc_existing_c19_16.txt', 600, NULL, 'text_document', 1775839975);
INSERT INTO documentation_files_to_geofeatures (id, geofeature_id, geofeature_type, documentation_file_id, updated_at) VALUES (3624, 19, 'cave', 1549, 1775839975);
INSERT INTO documentation_files_to_geofeatures (id, geofeature_id, geofeature_type, documentation_file_id, updated_at) VALUES (3625, 1002, 'cave_place', 1549, 1775839975);
INSERT INTO documentation_files (id, title, description, file_name, file_size, file_hash, file_type, created_at) VALUES (1550, 'Document Peștera C8 din Piatra Lupului #17', 'Evidenta resurse hidrologice - punctul 188. Debitul mediu masurat: 250 litri pe secunda. Am efectuat 22 masuratori in perioade diferite. Temperatura apei: 261 grade Celsius, constanta. pH-ul masurat: 61 unitati. Conductivitatea electrica: 429 microsiemensi. Am injectat 188 grame de trasor fluorescent. Trasorul a aparut la izvor dupa 135 ore. Distanta estimata: 299 metri de conducte carstice. Nivelul maxim in sezonul ploios: 483 centimetri peste normal. Am monitorizat 24 izvoare din bazin. Volumul estimat al lacului subteran: 488 metri cubi.', 'doc_existing_c19_17.txt', 546, NULL, 'text_document', 1775839975);
INSERT INTO documentation_files_to_geofeatures (id, geofeature_id, geofeature_type, documentation_file_id, updated_at) VALUES (3626, 19, 'cave', 1550, 1775839975);
INSERT INTO documentation_files_to_geofeatures (id, geofeature_id, geofeature_type, documentation_file_id, updated_at) VALUES (3627, 69, 'cave_area', 1550, 1775839975);
INSERT INTO documentation_files_to_geofeatures (id, geofeature_id, geofeature_type, documentation_file_id, updated_at) VALUES (3628, 1014, 'cave_place', 1550, 1775839975);
INSERT INTO documentation_files (id, title, description, file_name, file_size, file_hash, file_type, created_at) VALUES (1551, 'Foto Peștera C8 din Piatra Lupului #1', 'Fotografie de pestera pentru arhiva tehnica.', '20250108_230150.jpg', 82392, NULL, 'photo', 1775839975);
INSERT INTO documentation_files_to_geofeatures (id, geofeature_id, geofeature_type, documentation_file_id, updated_at) VALUES (3629, 19, 'cave', 1551, 1775839975);
INSERT INTO documentation_files (id, title, description, file_name, file_size, file_hash, file_type, created_at) VALUES (1552, 'Foto Peștera C8 din Piatra Lupului #2', 'Fotografie de pestera pentru arhiva tehnica.', '20250106_213733.jpg', 76066, NULL, 'photo', 1775839975);
INSERT INTO documentation_files_to_geofeatures (id, geofeature_id, geofeature_type, documentation_file_id, updated_at) VALUES (3630, 19, 'cave', 1552, 1775839975);
INSERT INTO documentation_files_to_geofeatures (id, geofeature_id, geofeature_type, documentation_file_id, updated_at) VALUES (3631, 985, 'cave_place', 1552, 1775839975);
INSERT INTO documentation_files (id, title, description, file_name, file_size, file_hash, file_type, created_at) VALUES (1553, 'Foto Peștera C8 din Piatra Lupului #3', 'Fotografie de pestera pentru arhiva tehnica.', '20250105_153139.jpg', 53561, NULL, 'photo', 1775839975);
INSERT INTO documentation_files_to_geofeatures (id, geofeature_id, geofeature_type, documentation_file_id, updated_at) VALUES (3632, 19, 'cave', 1553, 1775839975);
INSERT INTO documentation_files_to_geofeatures (id, geofeature_id, geofeature_type, documentation_file_id, updated_at) VALUES (3633, 73, 'cave_area', 1553, 1775839975);
INSERT INTO documentation_files_to_geofeatures (id, geofeature_id, geofeature_type, documentation_file_id, updated_at) VALUES (3634, 987, 'cave_place', 1553, 1775839975);
INSERT INTO documentation_files (id, title, description, file_name, file_size, file_hash, file_type, created_at) VALUES (1554, 'Foto Peștera C8 din Piatra Lupului #4', 'Fotografie de pestera pentru arhiva tehnica.', '20250105_171938.jpg', 83405, NULL, 'photo', 1775839975);
INSERT INTO documentation_files_to_geofeatures (id, geofeature_id, geofeature_type, documentation_file_id, updated_at) VALUES (3635, 19, 'cave', 1554, 1775839975);
INSERT INTO documentation_files_to_geofeatures (id, geofeature_id, geofeature_type, documentation_file_id, updated_at) VALUES (3636, 75, 'cave_area', 1554, 1775839975);
INSERT INTO documentation_files_to_geofeatures (id, geofeature_id, geofeature_type, documentation_file_id, updated_at) VALUES (3637, 1019, 'cave_place', 1554, 1775839975);
INSERT INTO documentation_files (id, title, description, file_name, file_size, file_hash, file_type, created_at) VALUES (1555, 'Foto Peștera C8 din Piatra Lupului #5', 'Fotografie de pestera pentru arhiva tehnica.', '20250107_221844.jpg', 64154, NULL, 'photo', 1775839975);
INSERT INTO documentation_files_to_geofeatures (id, geofeature_id, geofeature_type, documentation_file_id, updated_at) VALUES (3638, 19, 'cave', 1555, 1775839975);
INSERT INTO documentation_files_to_geofeatures (id, geofeature_id, geofeature_type, documentation_file_id, updated_at) VALUES (3639, 76, 'cave_area', 1555, 1775839975);
INSERT INTO documentation_files_to_geofeatures (id, geofeature_id, geofeature_type, documentation_file_id, updated_at) VALUES (3640, 1014, 'cave_place', 1555, 1775839975);
INSERT INTO documentation_files (id, title, description, file_name, file_size, file_hash, file_type, created_at) VALUES (1556, 'Foto Peștera C8 din Piatra Lupului #6', 'Fotografie de pestera pentru arhiva tehnica.', '20250107_221844.jpg', 64154, NULL, 'photo', 1775839975);
INSERT INTO documentation_files_to_geofeatures (id, geofeature_id, geofeature_type, documentation_file_id, updated_at) VALUES (3641, 19, 'cave', 1556, 1775839975);
INSERT INTO documentation_files_to_geofeatures (id, geofeature_id, geofeature_type, documentation_file_id, updated_at) VALUES (3642, 73, 'cave_area', 1556, 1775839975);
INSERT INTO documentation_files_to_geofeatures (id, geofeature_id, geofeature_type, documentation_file_id, updated_at) VALUES (3643, 1000, 'cave_place', 1556, 1775839975);
INSERT INTO documentation_files (id, title, description, file_name, file_size, file_hash, file_type, created_at) VALUES (1557, 'Document Peștera C9 din Piatra Lupului #1', 'Nota de mentenanta balize - traseul 190. Am verificat 99 balize reflectorizante. Dintre acestea, 337 au fost inlocuite. Am adaugat 469 balize noi in zonele nemarcate. Distanta medie intre balize: 361 metri. Am folosit 494 culori diferite conform codificarii. Vizibilitatea minima a balizelor: 4 metri cu lampa frontala. Am eliminat 55 marcaje vechi si confuze. Traseul total balizat: 232 metri. Urmatoarea verificare: peste 384 luni. Materialul consumat: 40 benzi reflectorizante.', 'doc_existing_c20_1.txt', 480, NULL, 'text_document', 1775839975);
INSERT INTO documentation_files_to_geofeatures (id, geofeature_id, geofeature_type, documentation_file_id, updated_at) VALUES (3644, 20, 'cave', 1557, 1775839975);
INSERT INTO documentation_files_to_geofeatures (id, geofeature_id, geofeature_type, documentation_file_id, updated_at) VALUES (3645, 81, 'cave_area', 1557, 1775839975);
INSERT INTO documentation_files (id, title, description, file_name, file_size, file_hash, file_type, created_at) VALUES (1558, 'Document Peștera C9 din Piatra Lupului #2', 'Studiu speleogenetic - sectorul 108. Am analizat 246 probe de calcar sub microscop. Varsta estimata a galeriei: 170 milioane de ani. Am identificat 274 faze de speleogeneza. Nivelul freatic actual este la 130 metri adancime. Am corelat cu 392 alte pesteri din zona. Porozitatea medie a rocii: 386 procente. Am realizat 51 sectiuni subtiri din probe. Studiul va fi publicat in volumul 243 al buletinului. Am colaborat cu 423 geologi specialisti.', 'doc_existing_c20_2.txt', 444, NULL, 'text_document', 1775839975);
INSERT INTO documentation_files_to_geofeatures (id, geofeature_id, geofeature_type, documentation_file_id, updated_at) VALUES (3646, 20, 'cave', 1558, 1775839975);
INSERT INTO documentation_files_to_geofeatures (id, geofeature_id, geofeature_type, documentation_file_id, updated_at) VALUES (3647, 80, 'cave_area', 1558, 1775839975);
INSERT INTO documentation_files_to_geofeatures (id, geofeature_id, geofeature_type, documentation_file_id, updated_at) VALUES (3648, 1026, 'cave_place', 1558, 1775839975);
INSERT INTO documentation_files (id, title, description, file_name, file_size, file_hash, file_type, created_at) VALUES (1559, 'Document Peștera C9 din Piatra Lupului #3', 'Studiu speleogenetic - sectorul 225. Am analizat 69 probe de calcar sub microscop. Varsta estimata a galeriei: 287 milioane de ani. Am identificat 360 faze de speleogeneza. Nivelul freatic actual este la 320 metri adancime. Am corelat cu 451 alte pesteri din zona. Porozitatea medie a rocii: 485 procente. Am realizat 234 sectiuni subtiri din probe. Studiul va fi publicat in volumul 1 al buletinului. Am colaborat cu 387 geologi specialisti.', 'doc_existing_c20_3.txt', 442, NULL, 'text_document', 1775839975);
INSERT INTO documentation_files_to_geofeatures (id, geofeature_id, geofeature_type, documentation_file_id, updated_at) VALUES (3649, 20, 'cave', 1559, 1775839975);
INSERT INTO documentation_files_to_geofeatures (id, geofeature_id, geofeature_type, documentation_file_id, updated_at) VALUES (3650, 1052, 'cave_place', 1559, 1775839975);
INSERT INTO documentation_files (id, title, description, file_name, file_size, file_hash, file_type, created_at) VALUES (1560, 'Document Peștera C9 din Piatra Lupului #4', 'Raport climatologic subteran - statia 275. Senzorul a inregistrat 422 cicluri complete de temperatura. Temperatura medie anuala: 165 grade Celsius. Amplitudinea termica maxima: 446 grade. Umiditatea relativa medie: 285 procente. Concentratia de CO2: 17 ppm. Curentul de aer maxim masurat: 402 metri pe secunda. Directia predominanta a curentului: sector 122. Datalogerul a functionat 356 zile fara intrerupere. Am descarcat 456 megabytes de date brute. Presiunea barometrica la intrare: 112 mbar. Evaporarea masurata: 126 milimetri pe luna. Am comparat datele cu 57 statii meteorologice de suprafata. Raportul complet include 323 grafice si tabele. Monitorizarea continua de 250 luni confirma stabilitatea climatica.', 'doc_existing_c20_4.txt', 716, NULL, 'text_document', 1775839975);
INSERT INTO documentation_files_to_geofeatures (id, geofeature_id, geofeature_type, documentation_file_id, updated_at) VALUES (3651, 20, 'cave', 1560, 1775839975);
INSERT INTO documentation_files_to_geofeatures (id, geofeature_id, geofeature_type, documentation_file_id, updated_at) VALUES (3652, 77, 'cave_area', 1560, 1775839975);
INSERT INTO documentation_files_to_geofeatures (id, geofeature_id, geofeature_type, documentation_file_id, updated_at) VALUES (3653, 1078, 'cave_place', 1560, 1775839975);
INSERT INTO documentation_files (id, title, description, file_name, file_size, file_hash, file_type, created_at) VALUES (1561, 'Document Peștera C9 din Piatra Lupului #5', 'Studiu speleogenetic - sectorul 278. Am analizat 345 probe de calcar sub microscop. Varsta estimata a galeriei: 490 milioane de ani. Am identificat 113 faze de speleogeneza. Nivelul freatic actual este la 5 metri adancime. Am corelat cu 468 alte pesteri din zona. Porozitatea medie a rocii: 224 procente. Am realizat 383 sectiuni subtiri din probe. Studiul va fi publicat in volumul 332 al buletinului. Am colaborat cu 146 geologi specialisti.', 'doc_existing_c20_5.txt', 443, NULL, 'text_document', 1775839975);
INSERT INTO documentation_files_to_geofeatures (id, geofeature_id, geofeature_type, documentation_file_id, updated_at) VALUES (3654, 20, 'cave', 1561, 1775839975);
INSERT INTO documentation_files_to_geofeatures (id, geofeature_id, geofeature_type, documentation_file_id, updated_at) VALUES (3655, 80, 'cave_area', 1561, 1775839975);
INSERT INTO documentation_files_to_geofeatures (id, geofeature_id, geofeature_type, documentation_file_id, updated_at) VALUES (3656, 1066, 'cave_place', 1561, 1775839975);
INSERT INTO documentation_files (id, title, description, file_name, file_size, file_hash, file_type, created_at) VALUES (1562, 'Document Peștera C9 din Piatra Lupului #6', 'Proces verbal intalnire club - sedinta nr. 34. Au participat 484 membri. Am discutat 425 puncte pe ordinea de zi. S-a aprobat bugetul de 246 lei pentru trimestrul urmator. Am planificat 386 expeditii in urmatoarele luni. S-au inscris 316 membri noi. Am evaluat 30 rapoarte de explorare. S-a votat achizitionarea de echipament in valoare de 137 lei. Urmatoarea sedinta: peste 208 saptamani. Am desemnat 252 responsabili pentru proiecte.', 'doc_existing_c20_6.txt', 435, NULL, 'text_document', 1775839975);
INSERT INTO documentation_files_to_geofeatures (id, geofeature_id, geofeature_type, documentation_file_id, updated_at) VALUES (3657, 20, 'cave', 1562, 1775839975);
INSERT INTO documentation_files_to_geofeatures (id, geofeature_id, geofeature_type, documentation_file_id, updated_at) VALUES (3658, 78, 'cave_area', 1562, 1775839975);
INSERT INTO documentation_files_to_geofeatures (id, geofeature_id, geofeature_type, documentation_file_id, updated_at) VALUES (3659, 1056, 'cave_place', 1562, 1775839975);
INSERT INTO documentation_files (id, title, description, file_name, file_size, file_hash, file_type, created_at) VALUES (1563, 'Document Peștera C9 din Piatra Lupului #7', 'Studiu speleogenetic - sectorul 381. Am analizat 349 probe de calcar sub microscop. Varsta estimata a galeriei: 128 milioane de ani. Am identificat 51 faze de speleogeneza. Nivelul freatic actual este la 269 metri adancime. Am corelat cu 98 alte pesteri din zona. Porozitatea medie a rocii: 65 procente. Am realizat 286 sectiuni subtiri din probe. Studiul va fi publicat in volumul 410 al buletinului. Am colaborat cu 297 geologi specialisti.', 'doc_existing_c20_7.txt', 442, NULL, 'text_document', 1775839975);
INSERT INTO documentation_files_to_geofeatures (id, geofeature_id, geofeature_type, documentation_file_id, updated_at) VALUES (3660, 20, 'cave', 1563, 1775839975);
INSERT INTO documentation_files_to_geofeatures (id, geofeature_id, geofeature_type, documentation_file_id, updated_at) VALUES (3661, 1080, 'cave_place', 1563, 1775839975);
INSERT INTO documentation_files (id, title, description, file_name, file_size, file_hash, file_type, created_at) VALUES (1564, 'Document Peștera C9 din Piatra Lupului #8', 'Raport geologic - profil 388. Stratele de calcar apartin etajului 22. Grosimea medie a stratelor este de 72 centimetri. Fisurile tectonice au un azimut predominant de 277 grade. Am recoltat 197 probe de roca pentru datarea izotopica. Continutul de CaCO3 depaseste 94 procente. Concretii de aragonita au fost gasite la cota 89. Varsta estimata a speleothemelor: 172 mii de ani. Depozitele clastice au o grosime de 171 centimetri. Am identificat 232 tipuri diferite de sedimente. Nivelul paleoclappei fosile este la cota 143 metri. Analiza XRD confirma 146 faze minerale distincte. Sectorul analizat are o lungime de 65 metri. Am realizat 135 profile transversale ale galeriei. Cutele vizibile au amplitudini de 326 centimetri.', 'doc_existing_c20_8.txt', 725, NULL, 'text_document', 1775839975);
INSERT INTO documentation_files_to_geofeatures (id, geofeature_id, geofeature_type, documentation_file_id, updated_at) VALUES (3662, 20, 'cave', 1564, 1775839975);
INSERT INTO documentation_files_to_geofeatures (id, geofeature_id, geofeature_type, documentation_file_id, updated_at) VALUES (3663, 78, 'cave_area', 1564, 1775839975);
INSERT INTO documentation_files_to_geofeatures (id, geofeature_id, geofeature_type, documentation_file_id, updated_at) VALUES (3664, 1067, 'cave_place', 1564, 1775839975);
INSERT INTO documentation_files (id, title, description, file_name, file_size, file_hash, file_type, created_at) VALUES (1565, 'Document Peștera C9 din Piatra Lupului #9', 'Proces verbal intalnire club - sedinta nr. 406. Au participat 63 membri. Am discutat 184 puncte pe ordinea de zi. S-a aprobat bugetul de 350 lei pentru trimestrul urmator. Am planificat 314 expeditii in urmatoarele luni. S-au inscris 107 membri noi. Am evaluat 375 rapoarte de explorare. S-a votat achizitionarea de echipament in valoare de 392 lei. Urmatoarea sedinta: peste 312 saptamani. Am desemnat 473 responsabili pentru proiecte.', 'doc_existing_c20_9.txt', 436, NULL, 'text_document', 1775839975);
INSERT INTO documentation_files_to_geofeatures (id, geofeature_id, geofeature_type, documentation_file_id, updated_at) VALUES (3665, 20, 'cave', 1565, 1775839975);
INSERT INTO documentation_files (id, title, description, file_name, file_size, file_hash, file_type, created_at) VALUES (1566, 'Document Peștera C9 din Piatra Lupului #10', 'Nota de mentenanta balize - traseul 8. Am verificat 219 balize reflectorizante. Dintre acestea, 3 au fost inlocuite. Am adaugat 210 balize noi in zonele nemarcate. Distanta medie intre balize: 414 metri. Am folosit 142 culori diferite conform codificarii. Vizibilitatea minima a balizelor: 324 metri cu lampa frontala. Am eliminat 10 marcaje vechi si confuze. Traseul total balizat: 132 metri. Urmatoarea verificare: peste 196 luni. Materialul consumat: 74 benzi reflectorizante.', 'doc_existing_c20_10.txt', 479, NULL, 'text_document', 1775839975);
INSERT INTO documentation_files_to_geofeatures (id, geofeature_id, geofeature_type, documentation_file_id, updated_at) VALUES (3666, 20, 'cave', 1566, 1775839975);
INSERT INTO documentation_files_to_geofeatures (id, geofeature_id, geofeature_type, documentation_file_id, updated_at) VALUES (3667, 77, 'cave_area', 1566, 1775839975);
INSERT INTO documentation_files_to_geofeatures (id, geofeature_id, geofeature_type, documentation_file_id, updated_at) VALUES (3668, 1059, 'cave_place', 1566, 1775839975);
INSERT INTO documentation_files (id, title, description, file_name, file_size, file_hash, file_type, created_at) VALUES (1567, 'Document Peștera C9 din Piatra Lupului #11', 'Evaluare risc - sectorul 76. Am identificat 219 zone cu risc de prabusire a plafonului. Blocurile instabile au dimensiuni de pana la 114 centimetri. Nivelul apei poate creste cu 333 metri in caz de precipitatii. Distanta de la intrare pana la prima zona de risc: 476 metri. Am instalat 135 indicatoare de avertizare reflectorizante. Evacuarea de urgenta dureaza estimativ 178 minute. Echipamentul de prim ajutor este pozitionat la statia 171. Am testat comunicarea radio in 15 puncte critice. Semnalul radio este pierdut dupa 125 metri de la intrare. Am recomandat echipa minima de 279 persoane pentru acest sector. Casca si lampa frontala trebuie verificate la fiecare 86 ore. Protocoalele de securitate au fost revizuite de 7 ori anul acesta. Ultimul incident a avut loc cu 428 luni in urma. Am efectuat 99 exercitii de evacuare. Planul de urgenta a fost actualizat la versiunea 291.', 'doc_existing_c20_11.txt', 885, NULL, 'text_document', 1775839975);
INSERT INTO documentation_files_to_geofeatures (id, geofeature_id, geofeature_type, documentation_file_id, updated_at) VALUES (3669, 20, 'cave', 1567, 1775839975);
INSERT INTO documentation_files_to_geofeatures (id, geofeature_id, geofeature_type, documentation_file_id, updated_at) VALUES (3670, 78, 'cave_area', 1567, 1775839975);
INSERT INTO documentation_files (id, title, description, file_name, file_size, file_hash, file_type, created_at) VALUES (1568, 'Document Peștera C9 din Piatra Lupului #12', 'Raport conservare patrimoniu - obiectiv 326. Am evaluat starea a 225 inscriptii istorice. Dintre acestea, 379 necesita interventie urgenta. Am curatat 59 metri patrati de graffiti modern. Am instalat 5 panouri informative la intrare. Bariera de protectie acopera 174 metri liniari. Am documentat 489 urme de vandalism. Raportul a fost transmis autoritatilor locale in 30 exemplare. Am propus clasificarea a 333 formatiuni ca monument natural. Vizitele ghidate sunt limitate la 389 persoane simultan. Am instruit 477 ghizi locali. Costul estimat al lucrarilor: 412 lei. Termenul de finalizare: 326 luni.', 'doc_existing_c20_12.txt', 602, NULL, 'text_document', 1775839975);
INSERT INTO documentation_files_to_geofeatures (id, geofeature_id, geofeature_type, documentation_file_id, updated_at) VALUES (3671, 20, 'cave', 1568, 1775839975);
INSERT INTO documentation_files_to_geofeatures (id, geofeature_id, geofeature_type, documentation_file_id, updated_at) VALUES (3672, 79, 'cave_area', 1568, 1775839975);
INSERT INTO documentation_files_to_geofeatures (id, geofeature_id, geofeature_type, documentation_file_id, updated_at) VALUES (3673, 1054, 'cave_place', 1568, 1775839975);
INSERT INTO documentation_files (id, title, description, file_name, file_size, file_hash, file_type, created_at) VALUES (1569, 'Foto Peștera C9 din Piatra Lupului #1', 'Fotografie de pestera pentru arhiva tehnica.', '20250109_011630.jpg', 92323, NULL, 'photo', 1775839975);
INSERT INTO documentation_files_to_geofeatures (id, geofeature_id, geofeature_type, documentation_file_id, updated_at) VALUES (3674, 20, 'cave', 1569, 1775839975);
INSERT INTO documentation_files_to_geofeatures (id, geofeature_id, geofeature_type, documentation_file_id, updated_at) VALUES (3675, 81, 'cave_area', 1569, 1775839975);
INSERT INTO documentation_files (id, title, description, file_name, file_size, file_hash, file_type, created_at) VALUES (1570, 'Document Peștera C9 din Piatra Lupului (Gaura cu Vâjagău) #1', 'Evidenta resurse hidrologice - punctul 216. Debitul mediu masurat: 266 litri pe secunda. Am efectuat 273 masuratori in perioade diferite. Temperatura apei: 204 grade Celsius, constanta. pH-ul masurat: 500 unitati. Conductivitatea electrica: 269 microsiemensi. Am injectat 83 grame de trasor fluorescent. Trasorul a aparut la izvor dupa 208 ore. Distanta estimata: 92 metri de conducte carstice. Nivelul maxim in sezonul ploios: 323 centimetri peste normal. Am monitorizat 496 izvoare din bazin. Volumul estimat al lacului subteran: 171 metri cubi.', 'doc_existing_c21_1.txt', 547, NULL, 'text_document', 1775839975);
INSERT INTO documentation_files_to_geofeatures (id, geofeature_id, geofeature_type, documentation_file_id, updated_at) VALUES (3676, 21, 'cave', 1570, 1775839975);
INSERT INTO documentation_files_to_geofeatures (id, geofeature_id, geofeature_type, documentation_file_id, updated_at) VALUES (3677, 1102, 'cave_place', 1570, 1775839975);
INSERT INTO documentation_files (id, title, description, file_name, file_size, file_hash, file_type, created_at) VALUES (1571, 'Document Peștera C9 din Piatra Lupului (Gaura cu Vâjagău) #2', 'Studiu speleogenetic - sectorul 297. Am analizat 17 probe de calcar sub microscop. Varsta estimata a galeriei: 485 milioane de ani. Am identificat 118 faze de speleogeneza. Nivelul freatic actual este la 246 metri adancime. Am corelat cu 96 alte pesteri din zona. Porozitatea medie a rocii: 202 procente. Am realizat 106 sectiuni subtiri din probe. Studiul va fi publicat in volumul 24 al buletinului. Am colaborat cu 51 geologi specialisti.', 'doc_existing_c21_2.txt', 441, NULL, 'text_document', 1775839975);
INSERT INTO documentation_files_to_geofeatures (id, geofeature_id, geofeature_type, documentation_file_id, updated_at) VALUES (3678, 21, 'cave', 1571, 1775839975);
INSERT INTO documentation_files (id, title, description, file_name, file_size, file_hash, file_type, created_at) VALUES (1572, 'Document Peștera C9 din Piatra Lupului (Gaura cu Vâjagău) #3', 'Raport conservare patrimoniu - obiectiv 72. Am evaluat starea a 197 inscriptii istorice. Dintre acestea, 388 necesita interventie urgenta. Am curatat 263 metri patrati de graffiti modern. Am instalat 107 panouri informative la intrare. Bariera de protectie acopera 257 metri liniari. Am documentat 142 urme de vandalism. Raportul a fost transmis autoritatilor locale in 199 exemplare. Am propus clasificarea a 326 formatiuni ca monument natural. Vizitele ghidate sunt limitate la 395 persoane simultan. Am instruit 270 ghizi locali. Costul estimat al lucrarilor: 477 lei. Termenul de finalizare: 280 luni.', 'doc_existing_c21_3.txt', 605, NULL, 'text_document', 1775839975);
INSERT INTO documentation_files_to_geofeatures (id, geofeature_id, geofeature_type, documentation_file_id, updated_at) VALUES (3679, 21, 'cave', 1572, 1775839975);
INSERT INTO documentation_files (id, title, description, file_name, file_size, file_hash, file_type, created_at) VALUES (1573, 'Document Peștera C9 din Piatra Lupului (Gaura cu Vâjagău) #4', 'Evidenta resurse hidrologice - punctul 486. Debitul mediu masurat: 407 litri pe secunda. Am efectuat 447 masuratori in perioade diferite. Temperatura apei: 442 grade Celsius, constanta. pH-ul masurat: 120 unitati. Conductivitatea electrica: 500 microsiemensi. Am injectat 80 grame de trasor fluorescent. Trasorul a aparut la izvor dupa 40 ore. Distanta estimata: 88 metri de conducte carstice. Nivelul maxim in sezonul ploios: 41 centimetri peste normal. Am monitorizat 184 izvoare din bazin. Volumul estimat al lacului subteran: 92 metri cubi.', 'doc_existing_c21_4.txt', 544, NULL, 'text_document', 1775839975);
INSERT INTO documentation_files_to_geofeatures (id, geofeature_id, geofeature_type, documentation_file_id, updated_at) VALUES (3680, 21, 'cave', 1573, 1775839975);
INSERT INTO documentation_files (id, title, description, file_name, file_size, file_hash, file_type, created_at) VALUES (1574, 'Document Peștera C9 din Piatra Lupului (Gaura cu Vâjagău) #5', 'Fisa tehnica echipare put - verticala nr. 34. Adancimea: 184 metri. Am instalat 169 spituri din otel inoxidabil. Distanta intre spituri: 110 metri. Lungimea corzii principale: 450 metri. Coarda de siguranta: 384 metri. Am montat 112 protectoare de franghie. Fractionarea se face la 26 metri de buza putului. Deviatia este la 473 metri sub fractionare. Am testat echiparea cu 188 coborari. Ultimul control al spiturilor: acum 320 luni.', 'doc_existing_c21_5.txt', 434, NULL, 'text_document', 1775839975);
INSERT INTO documentation_files_to_geofeatures (id, geofeature_id, geofeature_type, documentation_file_id, updated_at) VALUES (3681, 21, 'cave', 1574, 1775839975);
INSERT INTO documentation_files_to_geofeatures (id, geofeature_id, geofeature_type, documentation_file_id, updated_at) VALUES (3682, 85, 'cave_area', 1574, 1775839975);
INSERT INTO documentation_files_to_geofeatures (id, geofeature_id, geofeature_type, documentation_file_id, updated_at) VALUES (3683, 1133, 'cave_place', 1574, 1775839975);
INSERT INTO documentation_files (id, title, description, file_name, file_size, file_hash, file_type, created_at) VALUES (1575, 'Document Peștera C9 din Piatra Lupului (Gaura cu Vâjagău) #6', 'Studiu speleogenetic - sectorul 40. Am analizat 413 probe de calcar sub microscop. Varsta estimata a galeriei: 448 milioane de ani. Am identificat 144 faze de speleogeneza. Nivelul freatic actual este la 439 metri adancime. Am corelat cu 233 alte pesteri din zona. Porozitatea medie a rocii: 396 procente. Am realizat 123 sectiuni subtiri din probe. Studiul va fi publicat in volumul 209 al buletinului. Am colaborat cu 375 geologi specialisti.', 'doc_existing_c21_6.txt', 444, NULL, 'text_document', 1775839975);
INSERT INTO documentation_files_to_geofeatures (id, geofeature_id, geofeature_type, documentation_file_id, updated_at) VALUES (3684, 21, 'cave', 1575, 1775839975);
INSERT INTO documentation_files_to_geofeatures (id, geofeature_id, geofeature_type, documentation_file_id, updated_at) VALUES (3685, 90, 'cave_area', 1575, 1775839975);
INSERT INTO documentation_files (id, title, description, file_name, file_size, file_hash, file_type, created_at) VALUES (1576, 'Foto Peștera C9 din Piatra Lupului (Gaura cu Vâjagău) #1', 'Fotografie de pestera pentru arhiva tehnica.', '20250105_181113.jpg', 110223, NULL, 'photo', 1775839975);
INSERT INTO documentation_files_to_geofeatures (id, geofeature_id, geofeature_type, documentation_file_id, updated_at) VALUES (3686, 21, 'cave', 1576, 1775839975);
INSERT INTO documentation_files_to_geofeatures (id, geofeature_id, geofeature_type, documentation_file_id, updated_at) VALUES (3687, 86, 'cave_area', 1576, 1775839975);
INSERT INTO documentation_files_to_geofeatures (id, geofeature_id, geofeature_type, documentation_file_id, updated_at) VALUES (3688, 1105, 'cave_place', 1576, 1775839975);
INSERT INTO documentation_files (id, title, description, file_name, file_size, file_hash, file_type, created_at) VALUES (1577, 'Foto Peștera C9 din Piatra Lupului (Gaura cu Vâjagău) #2', 'Fotografie de pestera pentru arhiva tehnica.', '20250106_213733.jpg', 76066, NULL, 'photo', 1775839975);
INSERT INTO documentation_files_to_geofeatures (id, geofeature_id, geofeature_type, documentation_file_id, updated_at) VALUES (3689, 21, 'cave', 1577, 1775839975);
INSERT INTO documentation_files_to_geofeatures (id, geofeature_id, geofeature_type, documentation_file_id, updated_at) VALUES (3690, 90, 'cave_area', 1577, 1775839975);
INSERT INTO documentation_files_to_geofeatures (id, geofeature_id, geofeature_type, documentation_file_id, updated_at) VALUES (3691, 1142, 'cave_place', 1577, 1775839975);
INSERT INTO documentation_files (id, title, description, file_name, file_size, file_hash, file_type, created_at) VALUES (1578, 'Document Peștera D1 din Piatra Lupului #1', 'Raport geologic - profil 340. Stratele de calcar apartin etajului 288. Grosimea medie a stratelor este de 194 centimetri. Fisurile tectonice au un azimut predominant de 74 grade. Am recoltat 103 probe de roca pentru datarea izotopica. Continutul de CaCO3 depaseste 242 procente. Concretii de aragonita au fost gasite la cota 129. Varsta estimata a speleothemelor: 296 mii de ani. Depozitele clastice au o grosime de 128 centimetri. Am identificat 274 tipuri diferite de sedimente. Nivelul paleoclappei fosile este la cota 437 metri. Analiza XRD confirma 22 faze minerale distincte. Sectorul analizat are o lungime de 205 metri. Am realizat 192 profile transversale ale galeriei. Cutele vizibile au amplitudini de 16 centimetri.', 'doc_existing_c22_1.txt', 727, NULL, 'text_document', 1775839975);
INSERT INTO documentation_files_to_geofeatures (id, geofeature_id, geofeature_type, documentation_file_id, updated_at) VALUES (3692, 22, 'cave', 1578, 1775839975);
INSERT INTO documentation_files (id, title, description, file_name, file_size, file_hash, file_type, created_at) VALUES (1579, 'Document Peștera D1 din Piatra Lupului #2', 'Proces verbal intalnire club - sedinta nr. 472. Au participat 273 membri. Am discutat 10 puncte pe ordinea de zi. S-a aprobat bugetul de 236 lei pentru trimestrul urmator. Am planificat 371 expeditii in urmatoarele luni. S-au inscris 125 membri noi. Am evaluat 80 rapoarte de explorare. S-a votat achizitionarea de echipament in valoare de 488 lei. Urmatoarea sedinta: peste 43 saptamani. Am desemnat 454 responsabili pentru proiecte.', 'doc_existing_c22_2.txt', 434, NULL, 'text_document', 1775839975);
INSERT INTO documentation_files_to_geofeatures (id, geofeature_id, geofeature_type, documentation_file_id, updated_at) VALUES (3693, 22, 'cave', 1579, 1775839975);
INSERT INTO documentation_files_to_geofeatures (id, geofeature_id, geofeature_type, documentation_file_id, updated_at) VALUES (3694, 91, 'cave_area', 1579, 1775839975);
INSERT INTO documentation_files_to_geofeatures (id, geofeature_id, geofeature_type, documentation_file_id, updated_at) VALUES (3695, 1212, 'cave_place', 1579, 1775839975);
INSERT INTO documentation_files (id, title, description, file_name, file_size, file_hash, file_type, created_at) VALUES (1580, 'Document Peștera D1 din Piatra Lupului #3', 'Raport geologic - profil 224. Stratele de calcar apartin etajului 294. Grosimea medie a stratelor este de 474 centimetri. Fisurile tectonice au un azimut predominant de 496 grade. Am recoltat 127 probe de roca pentru datarea izotopica. Continutul de CaCO3 depaseste 114 procente. Concretii de aragonita au fost gasite la cota 119. Varsta estimata a speleothemelor: 462 mii de ani. Depozitele clastice au o grosime de 468 centimetri. Am identificat 169 tipuri diferite de sedimente. Nivelul paleoclappei fosile este la cota 500 metri. Analiza XRD confirma 306 faze minerale distincte. Sectorul analizat are o lungime de 36 metri. Am realizat 218 profile transversale ale galeriei. Cutele vizibile au amplitudini de 81 centimetri.', 'doc_existing_c22_3.txt', 728, NULL, 'text_document', 1775839975);
INSERT INTO documentation_files_to_geofeatures (id, geofeature_id, geofeature_type, documentation_file_id, updated_at) VALUES (3696, 22, 'cave', 1580, 1775839975);
INSERT INTO documentation_files_to_geofeatures (id, geofeature_id, geofeature_type, documentation_file_id, updated_at) VALUES (3697, 1169, 'cave_place', 1580, 1775839975);
INSERT INTO documentation_files (id, title, description, file_name, file_size, file_hash, file_type, created_at) VALUES (1581, 'Document Peștera D1 din Piatra Lupului #4', 'Evidenta resurse hidrologice - punctul 325. Debitul mediu masurat: 148 litri pe secunda. Am efectuat 423 masuratori in perioade diferite. Temperatura apei: 348 grade Celsius, constanta. pH-ul masurat: 336 unitati. Conductivitatea electrica: 44 microsiemensi. Am injectat 351 grame de trasor fluorescent. Trasorul a aparut la izvor dupa 173 ore. Distanta estimata: 329 metri de conducte carstice. Nivelul maxim in sezonul ploios: 25 centimetri peste normal. Am monitorizat 286 izvoare din bazin. Volumul estimat al lacului subteran: 349 metri cubi.', 'doc_existing_c22_4.txt', 547, NULL, 'text_document', 1775839975);
INSERT INTO documentation_files_to_geofeatures (id, geofeature_id, geofeature_type, documentation_file_id, updated_at) VALUES (3698, 22, 'cave', 1581, 1775839975);
INSERT INTO documentation_files (id, title, description, file_name, file_size, file_hash, file_type, created_at) VALUES (1582, 'Document Peștera D1 din Piatra Lupului #5', 'Studiu speleogenetic - sectorul 21. Am analizat 110 probe de calcar sub microscop. Varsta estimata a galeriei: 197 milioane de ani. Am identificat 8 faze de speleogeneza. Nivelul freatic actual este la 113 metri adancime. Am corelat cu 426 alte pesteri din zona. Porozitatea medie a rocii: 122 procente. Am realizat 457 sectiuni subtiri din probe. Studiul va fi publicat in volumul 243 al buletinului. Am colaborat cu 225 geologi specialisti.', 'doc_existing_c22_5.txt', 442, NULL, 'text_document', 1775839975);
INSERT INTO documentation_files_to_geofeatures (id, geofeature_id, geofeature_type, documentation_file_id, updated_at) VALUES (3699, 22, 'cave', 1582, 1775839975);
INSERT INTO documentation_files_to_geofeatures (id, geofeature_id, geofeature_type, documentation_file_id, updated_at) VALUES (3700, 91, 'cave_area', 1582, 1775839975);
INSERT INTO documentation_files_to_geofeatures (id, geofeature_id, geofeature_type, documentation_file_id, updated_at) VALUES (3701, 1167, 'cave_place', 1582, 1775839975);
INSERT INTO documentation_files (id, title, description, file_name, file_size, file_hash, file_type, created_at) VALUES (1583, 'Document Peștera D1 din Piatra Lupului #6', 'Raport geologic - profil 433. Stratele de calcar apartin etajului 262. Grosimea medie a stratelor este de 317 centimetri. Fisurile tectonice au un azimut predominant de 435 grade. Am recoltat 45 probe de roca pentru datarea izotopica. Continutul de CaCO3 depaseste 161 procente. Concretii de aragonita au fost gasite la cota 288. Varsta estimata a speleothemelor: 141 mii de ani. Depozitele clastice au o grosime de 298 centimetri. Am identificat 26 tipuri diferite de sedimente. Nivelul paleoclappei fosile este la cota 353 metri. Analiza XRD confirma 280 faze minerale distincte. Sectorul analizat are o lungime de 494 metri. Am realizat 227 profile transversale ale galeriei. Cutele vizibile au amplitudini de 433 centimetri.', 'doc_existing_c22_6.txt', 728, NULL, 'text_document', 1775839975);
INSERT INTO documentation_files_to_geofeatures (id, geofeature_id, geofeature_type, documentation_file_id, updated_at) VALUES (3702, 22, 'cave', 1583, 1775839975);
INSERT INTO documentation_files_to_geofeatures (id, geofeature_id, geofeature_type, documentation_file_id, updated_at) VALUES (3703, 91, 'cave_area', 1583, 1775839975);
INSERT INTO documentation_files_to_geofeatures (id, geofeature_id, geofeature_type, documentation_file_id, updated_at) VALUES (3704, 1186, 'cave_place', 1583, 1775839975);
INSERT INTO documentation_files (id, title, description, file_name, file_size, file_hash, file_type, created_at) VALUES (1584, 'Document Peștera D1 din Piatra Lupului #7', 'Proces verbal intalnire club - sedinta nr. 200. Au participat 339 membri. Am discutat 15 puncte pe ordinea de zi. S-a aprobat bugetul de 67 lei pentru trimestrul urmator. Am planificat 108 expeditii in urmatoarele luni. S-au inscris 347 membri noi. Am evaluat 467 rapoarte de explorare. S-a votat achizitionarea de echipament in valoare de 196 lei. Urmatoarea sedinta: peste 123 saptamani. Am desemnat 191 responsabili pentru proiecte.', 'doc_existing_c22_7.txt', 435, NULL, 'text_document', 1775839975);
INSERT INTO documentation_files_to_geofeatures (id, geofeature_id, geofeature_type, documentation_file_id, updated_at) VALUES (3705, 22, 'cave', 1584, 1775839975);
INSERT INTO documentation_files_to_geofeatures (id, geofeature_id, geofeature_type, documentation_file_id, updated_at) VALUES (3706, 91, 'cave_area', 1584, 1775839975);
INSERT INTO documentation_files (id, title, description, file_name, file_size, file_hash, file_type, created_at) VALUES (1585, 'Document Peștera D1 din Piatra Lupului #8', 'Proces verbal intalnire club - sedinta nr. 229. Au participat 259 membri. Am discutat 293 puncte pe ordinea de zi. S-a aprobat bugetul de 298 lei pentru trimestrul urmator. Am planificat 142 expeditii in urmatoarele luni. S-au inscris 206 membri noi. Am evaluat 57 rapoarte de explorare. S-a votat achizitionarea de echipament in valoare de 184 lei. Urmatoarea sedinta: peste 118 saptamani. Am desemnat 20 responsabili pentru proiecte.', 'doc_existing_c22_8.txt', 435, NULL, 'text_document', 1775839975);
INSERT INTO documentation_files_to_geofeatures (id, geofeature_id, geofeature_type, documentation_file_id, updated_at) VALUES (3707, 22, 'cave', 1585, 1775839975);
INSERT INTO documentation_files_to_geofeatures (id, geofeature_id, geofeature_type, documentation_file_id, updated_at) VALUES (3708, 91, 'cave_area', 1585, 1775839975);
INSERT INTO documentation_files_to_geofeatures (id, geofeature_id, geofeature_type, documentation_file_id, updated_at) VALUES (3709, 1199, 'cave_place', 1585, 1775839975);
INSERT INTO documentation_files (id, title, description, file_name, file_size, file_hash, file_type, created_at) VALUES (1586, 'Document Peștera D1 din Piatra Lupului #9', 'Raport climatologic subteran - statia 371. Senzorul a inregistrat 67 cicluri complete de temperatura. Temperatura medie anuala: 140 grade Celsius. Amplitudinea termica maxima: 254 grade. Umiditatea relativa medie: 38 procente. Concentratia de CO2: 325 ppm. Curentul de aer maxim masurat: 143 metri pe secunda. Directia predominanta a curentului: sector 115. Datalogerul a functionat 57 zile fara intrerupere. Am descarcat 473 megabytes de date brute. Presiunea barometrica la intrare: 326 mbar. Evaporarea masurata: 309 milimetri pe luna. Am comparat datele cu 398 statii meteorologice de suprafata. Raportul complet include 86 grafice si tabele. Monitorizarea continua de 372 luni confirma stabilitatea climatica.', 'doc_existing_c22_9.txt', 714, NULL, 'text_document', 1775839975);
INSERT INTO documentation_files_to_geofeatures (id, geofeature_id, geofeature_type, documentation_file_id, updated_at) VALUES (3710, 22, 'cave', 1586, 1775839975);
INSERT INTO documentation_files (id, title, description, file_name, file_size, file_hash, file_type, created_at) VALUES (1587, 'Foto Peștera D1 din Piatra Lupului #1', 'Fotografie de pestera pentru arhiva tehnica.', '20250109_010113.jpg', 100347, NULL, 'photo', 1775839975);
INSERT INTO documentation_files_to_geofeatures (id, geofeature_id, geofeature_type, documentation_file_id, updated_at) VALUES (3711, 22, 'cave', 1587, 1775839975);
INSERT INTO documentation_files_to_geofeatures (id, geofeature_id, geofeature_type, documentation_file_id, updated_at) VALUES (3712, 91, 'cave_area', 1587, 1775839975);
INSERT INTO documentation_files (id, title, description, file_name, file_size, file_hash, file_type, created_at) VALUES (1588, 'Foto Peștera D1 din Piatra Lupului #2', 'Fotografie de pestera pentru arhiva tehnica.', '20250107_221844.jpg', 64154, NULL, 'photo', 1775839975);
INSERT INTO documentation_files_to_geofeatures (id, geofeature_id, geofeature_type, documentation_file_id, updated_at) VALUES (3713, 22, 'cave', 1588, 1775839975);
INSERT INTO documentation_files_to_geofeatures (id, geofeature_id, geofeature_type, documentation_file_id, updated_at) VALUES (3714, 91, 'cave_area', 1588, 1775839975);
INSERT INTO documentation_files_to_geofeatures (id, geofeature_id, geofeature_type, documentation_file_id, updated_at) VALUES (3715, 1149, 'cave_place', 1588, 1775839975);
INSERT INTO documentation_files (id, title, description, file_name, file_size, file_hash, file_type, created_at) VALUES (1589, 'Foto Peștera D1 din Piatra Lupului #3', 'Fotografie de pestera pentru arhiva tehnica.', '20250105_112245.jpg', 24061, NULL, 'photo', 1775839975);
INSERT INTO documentation_files_to_geofeatures (id, geofeature_id, geofeature_type, documentation_file_id, updated_at) VALUES (3716, 22, 'cave', 1589, 1775839975);
INSERT INTO documentation_files_to_geofeatures (id, geofeature_id, geofeature_type, documentation_file_id, updated_at) VALUES (3717, 91, 'cave_area', 1589, 1775839975);
INSERT INTO documentation_files_to_geofeatures (id, geofeature_id, geofeature_type, documentation_file_id, updated_at) VALUES (3718, 1232, 'cave_place', 1589, 1775839975);
INSERT INTO documentation_files (id, title, description, file_name, file_size, file_hash, file_type, created_at) VALUES (1590, 'Document Peștera D2 din Piatra Lupului #1', 'Evidenta resurse hidrologice - punctul 168. Debitul mediu masurat: 489 litri pe secunda. Am efectuat 165 masuratori in perioade diferite. Temperatura apei: 240 grade Celsius, constanta. pH-ul masurat: 6 unitati. Conductivitatea electrica: 246 microsiemensi. Am injectat 188 grame de trasor fluorescent. Trasorul a aparut la izvor dupa 342 ore. Distanta estimata: 280 metri de conducte carstice. Nivelul maxim in sezonul ploios: 65 centimetri peste normal. Am monitorizat 459 izvoare din bazin. Volumul estimat al lacului subteran: 207 metri cubi.', 'doc_existing_c23_1.txt', 546, NULL, 'text_document', 1775839975);
INSERT INTO documentation_files_to_geofeatures (id, geofeature_id, geofeature_type, documentation_file_id, updated_at) VALUES (3719, 23, 'cave', 1590, 1775839975);
INSERT INTO documentation_files (id, title, description, file_name, file_size, file_hash, file_type, created_at) VALUES (1591, 'Document Peștera D2 din Piatra Lupului #2', 'Evaluare risc - sectorul 214. Am identificat 81 zone cu risc de prabusire a plafonului. Blocurile instabile au dimensiuni de pana la 111 centimetri. Nivelul apei poate creste cu 403 metri in caz de precipitatii. Distanta de la intrare pana la prima zona de risc: 177 metri. Am instalat 381 indicatoare de avertizare reflectorizante. Evacuarea de urgenta dureaza estimativ 416 minute. Echipamentul de prim ajutor este pozitionat la statia 276. Am testat comunicarea radio in 4 puncte critice. Semnalul radio este pierdut dupa 440 metri de la intrare. Am recomandat echipa minima de 259 persoane pentru acest sector. Casca si lampa frontala trebuie verificate la fiecare 168 ore. Protocoalele de securitate au fost revizuite de 153 ori anul acesta. Ultimul incident a avut loc cu 109 luni in urma. Am efectuat 66 exercitii de evacuare. Planul de urgenta a fost actualizat la versiunea 26.', 'doc_existing_c23_2.txt', 886, NULL, 'text_document', 1775839975);
INSERT INTO documentation_files_to_geofeatures (id, geofeature_id, geofeature_type, documentation_file_id, updated_at) VALUES (3720, 23, 'cave', 1591, 1775839975);
INSERT INTO documentation_files_to_geofeatures (id, geofeature_id, geofeature_type, documentation_file_id, updated_at) VALUES (3721, 93, 'cave_area', 1591, 1775839975);
INSERT INTO documentation_files (id, title, description, file_name, file_size, file_hash, file_type, created_at) VALUES (1592, 'Document Peștera D2 din Piatra Lupului #3', 'Fisa tehnica echipare put - verticala nr. 346. Adancimea: 183 metri. Am instalat 106 spituri din otel inoxidabil. Distanta intre spituri: 402 metri. Lungimea corzii principale: 124 metri. Coarda de siguranta: 278 metri. Am montat 148 protectoare de franghie. Fractionarea se face la 432 metri de buza putului. Deviatia este la 264 metri sub fractionare. Am testat echiparea cu 221 coborari. Ultimul control al spiturilor: acum 310 luni.', 'doc_existing_c23_3.txt', 436, NULL, 'text_document', 1775839975);
INSERT INTO documentation_files_to_geofeatures (id, geofeature_id, geofeature_type, documentation_file_id, updated_at) VALUES (3722, 23, 'cave', 1592, 1775839975);
INSERT INTO documentation_files_to_geofeatures (id, geofeature_id, geofeature_type, documentation_file_id, updated_at) VALUES (3723, 96, 'cave_area', 1592, 1775839975);
INSERT INTO documentation_files_to_geofeatures (id, geofeature_id, geofeature_type, documentation_file_id, updated_at) VALUES (3724, 1274, 'cave_place', 1592, 1775839975);
INSERT INTO documentation_files (id, title, description, file_name, file_size, file_hash, file_type, created_at) VALUES (1593, 'Document Peștera D2 din Piatra Lupului #4', 'Raport conservare patrimoniu - obiectiv 423. Am evaluat starea a 410 inscriptii istorice. Dintre acestea, 98 necesita interventie urgenta. Am curatat 273 metri patrati de graffiti modern. Am instalat 416 panouri informative la intrare. Bariera de protectie acopera 245 metri liniari. Am documentat 179 urme de vandalism. Raportul a fost transmis autoritatilor locale in 264 exemplare. Am propus clasificarea a 320 formatiuni ca monument natural. Vizitele ghidate sunt limitate la 265 persoane simultan. Am instruit 341 ghizi locali. Costul estimat al lucrarilor: 361 lei. Termenul de finalizare: 428 luni.', 'doc_existing_c23_4.txt', 605, NULL, 'text_document', 1775839975);
INSERT INTO documentation_files_to_geofeatures (id, geofeature_id, geofeature_type, documentation_file_id, updated_at) VALUES (3725, 23, 'cave', 1593, 1775839975);
INSERT INTO documentation_files_to_geofeatures (id, geofeature_id, geofeature_type, documentation_file_id, updated_at) VALUES (3726, 99, 'cave_area', 1593, 1775839975);
INSERT INTO documentation_files_to_geofeatures (id, geofeature_id, geofeature_type, documentation_file_id, updated_at) VALUES (3727, 1267, 'cave_place', 1593, 1775839975);
INSERT INTO documentation_files (id, title, description, file_name, file_size, file_hash, file_type, created_at) VALUES (1594, 'Document Peștera D2 din Piatra Lupului #5', 'Studiu speleogenetic - sectorul 122. Am analizat 210 probe de calcar sub microscop. Varsta estimata a galeriei: 29 milioane de ani. Am identificat 484 faze de speleogeneza. Nivelul freatic actual este la 364 metri adancime. Am corelat cu 289 alte pesteri din zona. Porozitatea medie a rocii: 361 procente. Am realizat 363 sectiuni subtiri din probe. Studiul va fi publicat in volumul 383 al buletinului. Am colaborat cu 486 geologi specialisti.', 'doc_existing_c23_5.txt', 444, NULL, 'text_document', 1775839975);
INSERT INTO documentation_files_to_geofeatures (id, geofeature_id, geofeature_type, documentation_file_id, updated_at) VALUES (3728, 23, 'cave', 1594, 1775839975);
INSERT INTO documentation_files_to_geofeatures (id, geofeature_id, geofeature_type, documentation_file_id, updated_at) VALUES (3729, 95, 'cave_area', 1594, 1775839975);
INSERT INTO documentation_files (id, title, description, file_name, file_size, file_hash, file_type, created_at) VALUES (1595, 'Document Peștera D2 din Piatra Lupului #6', 'Proces verbal intalnire club - sedinta nr. 472. Au participat 427 membri. Am discutat 270 puncte pe ordinea de zi. S-a aprobat bugetul de 489 lei pentru trimestrul urmator. Am planificat 174 expeditii in urmatoarele luni. S-au inscris 57 membri noi. Am evaluat 383 rapoarte de explorare. S-a votat achizitionarea de echipament in valoare de 329 lei. Urmatoarea sedinta: peste 168 saptamani. Am desemnat 305 responsabili pentru proiecte.', 'doc_existing_c23_6.txt', 436, NULL, 'text_document', 1775839975);
INSERT INTO documentation_files_to_geofeatures (id, geofeature_id, geofeature_type, documentation_file_id, updated_at) VALUES (3730, 23, 'cave', 1595, 1775839975);
INSERT INTO documentation_files (id, title, description, file_name, file_size, file_hash, file_type, created_at) VALUES (1596, 'Document Peștera D2 din Piatra Lupului #7', 'Proces verbal intalnire club - sedinta nr. 299. Au participat 464 membri. Am discutat 14 puncte pe ordinea de zi. S-a aprobat bugetul de 145 lei pentru trimestrul urmator. Am planificat 34 expeditii in urmatoarele luni. S-au inscris 70 membri noi. Am evaluat 30 rapoarte de explorare. S-a votat achizitionarea de echipament in valoare de 403 lei. Urmatoarea sedinta: peste 370 saptamani. Am desemnat 181 responsabili pentru proiecte.', 'doc_existing_c23_7.txt', 433, NULL, 'text_document', 1775839975);
INSERT INTO documentation_files_to_geofeatures (id, geofeature_id, geofeature_type, documentation_file_id, updated_at) VALUES (3731, 23, 'cave', 1596, 1775839975);
INSERT INTO documentation_files_to_geofeatures (id, geofeature_id, geofeature_type, documentation_file_id, updated_at) VALUES (3732, 1241, 'cave_place', 1596, 1775839975);
INSERT INTO documentation_files (id, title, description, file_name, file_size, file_hash, file_type, created_at) VALUES (1597, 'Document Peștera D2 din Piatra Lupului #8', 'Proces verbal intalnire club - sedinta nr. 343. Au participat 146 membri. Am discutat 187 puncte pe ordinea de zi. S-a aprobat bugetul de 189 lei pentru trimestrul urmator. Am planificat 386 expeditii in urmatoarele luni. S-au inscris 131 membri noi. Am evaluat 302 rapoarte de explorare. S-a votat achizitionarea de echipament in valoare de 11 lei. Urmatoarea sedinta: peste 16 saptamani. Am desemnat 325 responsabili pentru proiecte.', 'doc_existing_c23_8.txt', 435, NULL, 'text_document', 1775839975);
INSERT INTO documentation_files_to_geofeatures (id, geofeature_id, geofeature_type, documentation_file_id, updated_at) VALUES (3733, 23, 'cave', 1597, 1775839975);
INSERT INTO documentation_files_to_geofeatures (id, geofeature_id, geofeature_type, documentation_file_id, updated_at) VALUES (3734, 94, 'cave_area', 1597, 1775839975);
INSERT INTO documentation_files_to_geofeatures (id, geofeature_id, geofeature_type, documentation_file_id, updated_at) VALUES (3735, 1260, 'cave_place', 1597, 1775839975);
INSERT INTO documentation_files (id, title, description, file_name, file_size, file_hash, file_type, created_at) VALUES (1598, 'Document Peștera D2 din Piatra Lupului #9', 'Raport geologic - profil 340. Stratele de calcar apartin etajului 160. Grosimea medie a stratelor este de 265 centimetri. Fisurile tectonice au un azimut predominant de 422 grade. Am recoltat 225 probe de roca pentru datarea izotopica. Continutul de CaCO3 depaseste 492 procente. Concretii de aragonita au fost gasite la cota 230. Varsta estimata a speleothemelor: 373 mii de ani. Depozitele clastice au o grosime de 165 centimetri. Am identificat 70 tipuri diferite de sedimente. Nivelul paleoclappei fosile este la cota 267 metri. Analiza XRD confirma 133 faze minerale distincte. Sectorul analizat are o lungime de 57 metri. Am realizat 422 profile transversale ale galeriei. Cutele vizibile au amplitudini de 22 centimetri.', 'doc_existing_c23_9.txt', 727, NULL, 'text_document', 1775839975);
INSERT INTO documentation_files_to_geofeatures (id, geofeature_id, geofeature_type, documentation_file_id, updated_at) VALUES (3736, 23, 'cave', 1598, 1775839975);
INSERT INTO documentation_files (id, title, description, file_name, file_size, file_hash, file_type, created_at) VALUES (1599, 'Document Peștera D2 din Piatra Lupului #10', 'Evidenta resurse hidrologice - punctul 455. Debitul mediu masurat: 60 litri pe secunda. Am efectuat 156 masuratori in perioade diferite. Temperatura apei: 259 grade Celsius, constanta. pH-ul masurat: 224 unitati. Conductivitatea electrica: 156 microsiemensi. Am injectat 250 grame de trasor fluorescent. Trasorul a aparut la izvor dupa 500 ore. Distanta estimata: 333 metri de conducte carstice. Nivelul maxim in sezonul ploios: 440 centimetri peste normal. Am monitorizat 87 izvoare din bazin. Volumul estimat al lacului subteran: 367 metri cubi.', 'doc_existing_c23_10.txt', 547, NULL, 'text_document', 1775839975);
INSERT INTO documentation_files_to_geofeatures (id, geofeature_id, geofeature_type, documentation_file_id, updated_at) VALUES (3737, 23, 'cave', 1599, 1775839975);
INSERT INTO documentation_files_to_geofeatures (id, geofeature_id, geofeature_type, documentation_file_id, updated_at) VALUES (3738, 93, 'cave_area', 1599, 1775839975);
INSERT INTO documentation_files_to_geofeatures (id, geofeature_id, geofeature_type, documentation_file_id, updated_at) VALUES (3739, 1249, 'cave_place', 1599, 1775839975);
INSERT INTO documentation_files (id, title, description, file_name, file_size, file_hash, file_type, created_at) VALUES (1600, 'Document Peștera D2 din Piatra Lupului #11', 'Raport climatologic subteran - statia 389. Senzorul a inregistrat 42 cicluri complete de temperatura. Temperatura medie anuala: 102 grade Celsius. Amplitudinea termica maxima: 317 grade. Umiditatea relativa medie: 281 procente. Concentratia de CO2: 396 ppm. Curentul de aer maxim masurat: 70 metri pe secunda. Directia predominanta a curentului: sector 96. Datalogerul a functionat 321 zile fara intrerupere. Am descarcat 304 megabytes de date brute. Presiunea barometrica la intrare: 310 mbar. Evaporarea masurata: 466 milimetri pe luna. Am comparat datele cu 423 statii meteorologice de suprafata. Raportul complet include 73 grafice si tabele. Monitorizarea continua de 21 luni confirma stabilitatea climatica.', 'doc_existing_c23_11.txt', 713, NULL, 'text_document', 1775839975);
INSERT INTO documentation_files_to_geofeatures (id, geofeature_id, geofeature_type, documentation_file_id, updated_at) VALUES (3740, 23, 'cave', 1600, 1775839975);
INSERT INTO documentation_files_to_geofeatures (id, geofeature_id, geofeature_type, documentation_file_id, updated_at) VALUES (3741, 1271, 'cave_place', 1600, 1775839975);
INSERT INTO documentation_files (id, title, description, file_name, file_size, file_hash, file_type, created_at) VALUES (1601, 'Document Peștera D2 din Piatra Lupului #12', 'Studiu speleogenetic - sectorul 349. Am analizat 117 probe de calcar sub microscop. Varsta estimata a galeriei: 312 milioane de ani. Am identificat 476 faze de speleogeneza. Nivelul freatic actual este la 112 metri adancime. Am corelat cu 430 alte pesteri din zona. Porozitatea medie a rocii: 472 procente. Am realizat 153 sectiuni subtiri din probe. Studiul va fi publicat in volumul 453 al buletinului. Am colaborat cu 423 geologi specialisti.', 'doc_existing_c23_12.txt', 445, NULL, 'text_document', 1775839975);
INSERT INTO documentation_files_to_geofeatures (id, geofeature_id, geofeature_type, documentation_file_id, updated_at) VALUES (3742, 23, 'cave', 1601, 1775839975);
INSERT INTO documentation_files_to_geofeatures (id, geofeature_id, geofeature_type, documentation_file_id, updated_at) VALUES (3743, 1274, 'cave_place', 1601, 1775839975);
INSERT INTO documentation_files (id, title, description, file_name, file_size, file_hash, file_type, created_at) VALUES (1602, 'Document Peștera D2 din Piatra Lupului #13', 'Raport climatologic subteran - statia 463. Senzorul a inregistrat 440 cicluri complete de temperatura. Temperatura medie anuala: 172 grade Celsius. Amplitudinea termica maxima: 203 grade. Umiditatea relativa medie: 406 procente. Concentratia de CO2: 4 ppm. Curentul de aer maxim masurat: 60 metri pe secunda. Directia predominanta a curentului: sector 98. Datalogerul a functionat 155 zile fara intrerupere. Am descarcat 247 megabytes de date brute. Presiunea barometrica la intrare: 406 mbar. Evaporarea masurata: 145 milimetri pe luna. Am comparat datele cu 19 statii meteorologice de suprafata. Raportul complet include 132 grafice si tabele. Monitorizarea continua de 244 luni confirma stabilitatea climatica.', 'doc_existing_c23_13.txt', 713, NULL, 'text_document', 1775839975);
INSERT INTO documentation_files_to_geofeatures (id, geofeature_id, geofeature_type, documentation_file_id, updated_at) VALUES (3744, 23, 'cave', 1602, 1775839975);
INSERT INTO documentation_files_to_geofeatures (id, geofeature_id, geofeature_type, documentation_file_id, updated_at) VALUES (3745, 94, 'cave_area', 1602, 1775839975);
INSERT INTO documentation_files_to_geofeatures (id, geofeature_id, geofeature_type, documentation_file_id, updated_at) VALUES (3746, 1258, 'cave_place', 1602, 1775839975);
INSERT INTO documentation_files (id, title, description, file_name, file_size, file_hash, file_type, created_at) VALUES (1603, 'Document Peștera D2 din Piatra Lupului #14', 'Proces verbal intalnire club - sedinta nr. 350. Au participat 230 membri. Am discutat 281 puncte pe ordinea de zi. S-a aprobat bugetul de 382 lei pentru trimestrul urmator. Am planificat 287 expeditii in urmatoarele luni. S-au inscris 478 membri noi. Am evaluat 198 rapoarte de explorare. S-a votat achizitionarea de echipament in valoare de 76 lei. Urmatoarea sedinta: peste 254 saptamani. Am desemnat 368 responsabili pentru proiecte.', 'doc_existing_c23_14.txt', 436, NULL, 'text_document', 1775839975);
INSERT INTO documentation_files_to_geofeatures (id, geofeature_id, geofeature_type, documentation_file_id, updated_at) VALUES (3747, 23, 'cave', 1603, 1775839975);
INSERT INTO documentation_files (id, title, description, file_name, file_size, file_hash, file_type, created_at) VALUES (1604, 'Document Peștera D2 din Piatra Lupului #15', 'Nota de mentenanta balize - traseul 337. Am verificat 295 balize reflectorizante. Dintre acestea, 267 au fost inlocuite. Am adaugat 407 balize noi in zonele nemarcate. Distanta medie intre balize: 254 metri. Am folosit 33 culori diferite conform codificarii. Vizibilitatea minima a balizelor: 362 metri cu lampa frontala. Am eliminat 13 marcaje vechi si confuze. Traseul total balizat: 58 metri. Urmatoarea verificare: peste 294 luni. Materialul consumat: 494 benzi reflectorizante.', 'doc_existing_c23_15.txt', 482, NULL, 'text_document', 1775839975);
INSERT INTO documentation_files_to_geofeatures (id, geofeature_id, geofeature_type, documentation_file_id, updated_at) VALUES (3748, 23, 'cave', 1604, 1775839975);
INSERT INTO documentation_files_to_geofeatures (id, geofeature_id, geofeature_type, documentation_file_id, updated_at) VALUES (3749, 1273, 'cave_place', 1604, 1775839975);
INSERT INTO documentation_files (id, title, description, file_name, file_size, file_hash, file_type, created_at) VALUES (1605, 'Document Peștera D2 din Piatra Lupului #16', 'Raport geologic - profil 75. Stratele de calcar apartin etajului 391. Grosimea medie a stratelor este de 228 centimetri. Fisurile tectonice au un azimut predominant de 89 grade. Am recoltat 47 probe de roca pentru datarea izotopica. Continutul de CaCO3 depaseste 54 procente. Concretii de aragonita au fost gasite la cota 162. Varsta estimata a speleothemelor: 172 mii de ani. Depozitele clastice au o grosime de 227 centimetri. Am identificat 147 tipuri diferite de sedimente. Nivelul paleoclappei fosile este la cota 291 metri. Analiza XRD confirma 47 faze minerale distincte. Sectorul analizat are o lungime de 142 metri. Am realizat 301 profile transversale ale galeriei. Cutele vizibile au amplitudini de 359 centimetri.', 'doc_existing_c23_16.txt', 725, NULL, 'text_document', 1775839975);
INSERT INTO documentation_files_to_geofeatures (id, geofeature_id, geofeature_type, documentation_file_id, updated_at) VALUES (3750, 23, 'cave', 1605, 1775839975);
INSERT INTO documentation_files_to_geofeatures (id, geofeature_id, geofeature_type, documentation_file_id, updated_at) VALUES (3751, 99, 'cave_area', 1605, 1775839975);
INSERT INTO documentation_files (id, title, description, file_name, file_size, file_hash, file_type, created_at) VALUES (1606, 'Document Peștera D2 din Piatra Lupului #17', 'Proces verbal intalnire club - sedinta nr. 245. Au participat 385 membri. Am discutat 85 puncte pe ordinea de zi. S-a aprobat bugetul de 39 lei pentru trimestrul urmator. Am planificat 177 expeditii in urmatoarele luni. S-au inscris 223 membri noi. Am evaluat 91 rapoarte de explorare. S-a votat achizitionarea de echipament in valoare de 137 lei. Urmatoarea sedinta: peste 337 saptamani. Am desemnat 492 responsabili pentru proiecte.', 'doc_existing_c23_17.txt', 434, NULL, 'text_document', 1775839975);
INSERT INTO documentation_files_to_geofeatures (id, geofeature_id, geofeature_type, documentation_file_id, updated_at) VALUES (3752, 23, 'cave', 1606, 1775839975);
INSERT INTO documentation_files_to_geofeatures (id, geofeature_id, geofeature_type, documentation_file_id, updated_at) VALUES (3753, 100, 'cave_area', 1606, 1775839975);
INSERT INTO documentation_files_to_geofeatures (id, geofeature_id, geofeature_type, documentation_file_id, updated_at) VALUES (3754, 1251, 'cave_place', 1606, 1775839975);
INSERT INTO documentation_files (id, title, description, file_name, file_size, file_hash, file_type, created_at) VALUES (1607, 'Foto Peștera D2 din Piatra Lupului #1', 'Fotografie de pestera pentru arhiva tehnica.', '20250105_121005.jpg', 102925, NULL, 'photo', 1775839975);
INSERT INTO documentation_files_to_geofeatures (id, geofeature_id, geofeature_type, documentation_file_id, updated_at) VALUES (3755, 23, 'cave', 1607, 1775839975);
INSERT INTO documentation_files_to_geofeatures (id, geofeature_id, geofeature_type, documentation_file_id, updated_at) VALUES (3756, 98, 'cave_area', 1607, 1775839975);
INSERT INTO documentation_files_to_geofeatures (id, geofeature_id, geofeature_type, documentation_file_id, updated_at) VALUES (3757, 1274, 'cave_place', 1607, 1775839975);
INSERT INTO documentation_files (id, title, description, file_name, file_size, file_hash, file_type, created_at) VALUES (1608, 'Foto Peștera D2 din Piatra Lupului #2', 'Fotografie de pestera pentru arhiva tehnica.', '20250109_010113.jpg', 100347, NULL, 'photo', 1775839975);
INSERT INTO documentation_files_to_geofeatures (id, geofeature_id, geofeature_type, documentation_file_id, updated_at) VALUES (3758, 23, 'cave', 1608, 1775839975);
INSERT INTO documentation_files_to_geofeatures (id, geofeature_id, geofeature_type, documentation_file_id, updated_at) VALUES (3759, 93, 'cave_area', 1608, 1775839975);
INSERT INTO documentation_files_to_geofeatures (id, geofeature_id, geofeature_type, documentation_file_id, updated_at) VALUES (3760, 1240, 'cave_place', 1608, 1775839975);
INSERT INTO documentation_files (id, title, description, file_name, file_size, file_hash, file_type, created_at) VALUES (1609, 'Foto Peștera D2 din Piatra Lupului #3', 'Fotografie de pestera pentru arhiva tehnica.', '20250107_221844.jpg', 64154, NULL, 'photo', 1775839975);
INSERT INTO documentation_files_to_geofeatures (id, geofeature_id, geofeature_type, documentation_file_id, updated_at) VALUES (3761, 23, 'cave', 1609, 1775839975);
INSERT INTO documentation_files_to_geofeatures (id, geofeature_id, geofeature_type, documentation_file_id, updated_at) VALUES (3762, 93, 'cave_area', 1609, 1775839975);
INSERT INTO documentation_files (id, title, description, file_name, file_size, file_hash, file_type, created_at) VALUES (1610, 'Foto Peștera D2 din Piatra Lupului #4', 'Fotografie de pestera pentru arhiva tehnica.', '20250108_070400.jpg', 71580, NULL, 'photo', 1775839975);
INSERT INTO documentation_files_to_geofeatures (id, geofeature_id, geofeature_type, documentation_file_id, updated_at) VALUES (3763, 23, 'cave', 1610, 1775839975);
INSERT INTO documentation_files_to_geofeatures (id, geofeature_id, geofeature_type, documentation_file_id, updated_at) VALUES (3764, 94, 'cave_area', 1610, 1775839975);
INSERT INTO documentation_files (id, title, description, file_name, file_size, file_hash, file_type, created_at) VALUES (1611, 'Foto Peștera D2 din Piatra Lupului #5', 'Fotografie de pestera pentru arhiva tehnica.', '20250105_153139.jpg', 53561, NULL, 'photo', 1775839975);
INSERT INTO documentation_files_to_geofeatures (id, geofeature_id, geofeature_type, documentation_file_id, updated_at) VALUES (3765, 23, 'cave', 1611, 1775839975);
INSERT INTO documentation_files_to_geofeatures (id, geofeature_id, geofeature_type, documentation_file_id, updated_at) VALUES (3766, 96, 'cave_area', 1611, 1775839975);
INSERT INTO documentation_files_to_geofeatures (id, geofeature_id, geofeature_type, documentation_file_id, updated_at) VALUES (3767, 1275, 'cave_place', 1611, 1775839975);
INSERT INTO documentation_files (id, title, description, file_name, file_size, file_hash, file_type, created_at) VALUES (1612, 'Foto Peștera D2 din Piatra Lupului #6', 'Fotografie de pestera pentru arhiva tehnica.', '20250105_120229.jpg', 85744, NULL, 'photo', 1775839975);
INSERT INTO documentation_files_to_geofeatures (id, geofeature_id, geofeature_type, documentation_file_id, updated_at) VALUES (3768, 23, 'cave', 1612, 1775839975);
INSERT INTO documentation_files_to_geofeatures (id, geofeature_id, geofeature_type, documentation_file_id, updated_at) VALUES (3769, 1273, 'cave_place', 1612, 1775839975);
INSERT INTO documentation_files (id, title, description, file_name, file_size, file_hash, file_type, created_at) VALUES (1613, 'Foto Peștera D2 din Piatra Lupului #7', 'Fotografie de pestera pentru arhiva tehnica.', '20250108_070400.jpg', 71580, NULL, 'photo', 1775839975);
INSERT INTO documentation_files_to_geofeatures (id, geofeature_id, geofeature_type, documentation_file_id, updated_at) VALUES (3770, 23, 'cave', 1613, 1775839975);
INSERT INTO documentation_files_to_geofeatures (id, geofeature_id, geofeature_type, documentation_file_id, updated_at) VALUES (3771, 1252, 'cave_place', 1613, 1775839975);
INSERT INTO documentation_files (id, title, description, file_name, file_size, file_hash, file_type, created_at) VALUES (1614, 'Foto Peștera D2 din Piatra Lupului #8', 'Fotografie de pestera pentru arhiva tehnica.', '20250105_153139.jpg', 53561, NULL, 'photo', 1775839975);
INSERT INTO documentation_files_to_geofeatures (id, geofeature_id, geofeature_type, documentation_file_id, updated_at) VALUES (3772, 23, 'cave', 1614, 1775839975);
INSERT INTO documentation_files_to_geofeatures (id, geofeature_id, geofeature_type, documentation_file_id, updated_at) VALUES (3773, 97, 'cave_area', 1614, 1775839975);
INSERT INTO documentation_files_to_geofeatures (id, geofeature_id, geofeature_type, documentation_file_id, updated_at) VALUES (3774, 1253, 'cave_place', 1614, 1775839975);
INSERT INTO documentation_files (id, title, description, file_name, file_size, file_hash, file_type, created_at) VALUES (1615, 'Foto Peștera D2 din Piatra Lupului #9', 'Fotografie de pestera pentru arhiva tehnica.', '20250106_213749.jpg', 51518, NULL, 'photo', 1775839975);
INSERT INTO documentation_files_to_geofeatures (id, geofeature_id, geofeature_type, documentation_file_id, updated_at) VALUES (3775, 23, 'cave', 1615, 1775839975);
INSERT INTO documentation_files_to_geofeatures (id, geofeature_id, geofeature_type, documentation_file_id, updated_at) VALUES (3776, 1268, 'cave_place', 1615, 1775839975);
INSERT INTO documentation_files (id, title, description, file_name, file_size, file_hash, file_type, created_at) VALUES (1616, 'Document Peștera D3 din Piatra Lupului #1', 'Fisa tehnica echipare put - verticala nr. 492. Adancimea: 19 metri. Am instalat 1 spituri din otel inoxidabil. Distanta intre spituri: 212 metri. Lungimea corzii principale: 337 metri. Coarda de siguranta: 470 metri. Am montat 29 protectoare de franghie. Fractionarea se face la 193 metri de buza putului. Deviatia este la 153 metri sub fractionare. Am testat echiparea cu 200 coborari. Ultimul control al spiturilor: acum 82 luni.', 'doc_existing_c24_1.txt', 431, NULL, 'text_document', 1775839975);
INSERT INTO documentation_files_to_geofeatures (id, geofeature_id, geofeature_type, documentation_file_id, updated_at) VALUES (3777, 24, 'cave', 1616, 1775839975);
INSERT INTO documentation_files_to_geofeatures (id, geofeature_id, geofeature_type, documentation_file_id, updated_at) VALUES (3778, 105, 'cave_area', 1616, 1775839975);
INSERT INTO documentation_files_to_geofeatures (id, geofeature_id, geofeature_type, documentation_file_id, updated_at) VALUES (3779, 1309, 'cave_place', 1616, 1775839975);
INSERT INTO documentation_files (id, title, description, file_name, file_size, file_hash, file_type, created_at) VALUES (1617, 'Document Peștera D3 din Piatra Lupului #2', 'Evaluare risc - sectorul 272. Am identificat 234 zone cu risc de prabusire a plafonului. Blocurile instabile au dimensiuni de pana la 423 centimetri. Nivelul apei poate creste cu 397 metri in caz de precipitatii. Distanta de la intrare pana la prima zona de risc: 393 metri. Am instalat 180 indicatoare de avertizare reflectorizante. Evacuarea de urgenta dureaza estimativ 170 minute. Echipamentul de prim ajutor este pozitionat la statia 283. Am testat comunicarea radio in 318 puncte critice. Semnalul radio este pierdut dupa 157 metri de la intrare. Am recomandat echipa minima de 24 persoane pentru acest sector. Casca si lampa frontala trebuie verificate la fiecare 412 ore. Protocoalele de securitate au fost revizuite de 463 ori anul acesta. Ultimul incident a avut loc cu 189 luni in urma. Am efectuat 485 exercitii de evacuare. Planul de urgenta a fost actualizat la versiunea 389.', 'doc_existing_c24_2.txt', 890, NULL, 'text_document', 1775839975);
INSERT INTO documentation_files_to_geofeatures (id, geofeature_id, geofeature_type, documentation_file_id, updated_at) VALUES (3780, 24, 'cave', 1617, 1775839975);
INSERT INTO documentation_files (id, title, description, file_name, file_size, file_hash, file_type, created_at) VALUES (1618, 'Document Peștera D3 din Piatra Lupului #3', 'Studiu speleogenetic - sectorul 218. Am analizat 60 probe de calcar sub microscop. Varsta estimata a galeriei: 74 milioane de ani. Am identificat 154 faze de speleogeneza. Nivelul freatic actual este la 168 metri adancime. Am corelat cu 448 alte pesteri din zona. Porozitatea medie a rocii: 408 procente. Am realizat 438 sectiuni subtiri din probe. Studiul va fi publicat in volumul 288 al buletinului. Am colaborat cu 362 geologi specialisti.', 'doc_existing_c24_3.txt', 443, NULL, 'text_document', 1775839975);
INSERT INTO documentation_files_to_geofeatures (id, geofeature_id, geofeature_type, documentation_file_id, updated_at) VALUES (3781, 24, 'cave', 1618, 1775839975);
INSERT INTO documentation_files_to_geofeatures (id, geofeature_id, geofeature_type, documentation_file_id, updated_at) VALUES (3782, 1300, 'cave_place', 1618, 1775839975);
INSERT INTO documentation_files (id, title, description, file_name, file_size, file_hash, file_type, created_at) VALUES (1619, 'Document Peștera D3 din Piatra Lupului #4', 'Evaluare risc - sectorul 458. Am identificat 431 zone cu risc de prabusire a plafonului. Blocurile instabile au dimensiuni de pana la 12 centimetri. Nivelul apei poate creste cu 101 metri in caz de precipitatii. Distanta de la intrare pana la prima zona de risc: 234 metri. Am instalat 350 indicatoare de avertizare reflectorizante. Evacuarea de urgenta dureaza estimativ 77 minute. Echipamentul de prim ajutor este pozitionat la statia 207. Am testat comunicarea radio in 51 puncte critice. Semnalul radio este pierdut dupa 18 metri de la intrare. Am recomandat echipa minima de 43 persoane pentru acest sector. Casca si lampa frontala trebuie verificate la fiecare 396 ore. Protocoalele de securitate au fost revizuite de 417 ori anul acesta. Ultimul incident a avut loc cu 420 luni in urma. Am efectuat 481 exercitii de evacuare. Planul de urgenta a fost actualizat la versiunea 316.', 'doc_existing_c24_4.txt', 886, NULL, 'text_document', 1775839975);
INSERT INTO documentation_files_to_geofeatures (id, geofeature_id, geofeature_type, documentation_file_id, updated_at) VALUES (3783, 24, 'cave', 1619, 1775839975);
INSERT INTO documentation_files_to_geofeatures (id, geofeature_id, geofeature_type, documentation_file_id, updated_at) VALUES (3784, 102, 'cave_area', 1619, 1775839975);
INSERT INTO documentation_files_to_geofeatures (id, geofeature_id, geofeature_type, documentation_file_id, updated_at) VALUES (3785, 1323, 'cave_place', 1619, 1775839975);
INSERT INTO documentation_files (id, title, description, file_name, file_size, file_hash, file_type, created_at) VALUES (1620, 'Document Peștera D3 din Piatra Lupului #5', 'Raport climatologic subteran - statia 128. Senzorul a inregistrat 356 cicluri complete de temperatura. Temperatura medie anuala: 393 grade Celsius. Amplitudinea termica maxima: 304 grade. Umiditatea relativa medie: 114 procente. Concentratia de CO2: 436 ppm. Curentul de aer maxim masurat: 240 metri pe secunda. Directia predominanta a curentului: sector 36. Datalogerul a functionat 220 zile fara intrerupere. Am descarcat 284 megabytes de date brute. Presiunea barometrica la intrare: 469 mbar. Evaporarea masurata: 94 milimetri pe luna. Am comparat datele cu 425 statii meteorologice de suprafata. Raportul complet include 197 grafice si tabele. Monitorizarea continua de 398 luni confirma stabilitatea climatica.', 'doc_existing_c24_5.txt', 716, NULL, 'text_document', 1775839975);
INSERT INTO documentation_files_to_geofeatures (id, geofeature_id, geofeature_type, documentation_file_id, updated_at) VALUES (3786, 24, 'cave', 1620, 1775839975);
INSERT INTO documentation_files_to_geofeatures (id, geofeature_id, geofeature_type, documentation_file_id, updated_at) VALUES (3787, 102, 'cave_area', 1620, 1775839975);
INSERT INTO documentation_files_to_geofeatures (id, geofeature_id, geofeature_type, documentation_file_id, updated_at) VALUES (3788, 1330, 'cave_place', 1620, 1775839975);
INSERT INTO documentation_files (id, title, description, file_name, file_size, file_hash, file_type, created_at) VALUES (1621, 'Document Peștera D3 din Piatra Lupului #6', 'Raport conservare patrimoniu - obiectiv 254. Am evaluat starea a 161 inscriptii istorice. Dintre acestea, 273 necesita interventie urgenta. Am curatat 405 metri patrati de graffiti modern. Am instalat 135 panouri informative la intrare. Bariera de protectie acopera 55 metri liniari. Am documentat 85 urme de vandalism. Raportul a fost transmis autoritatilor locale in 61 exemplare. Am propus clasificarea a 102 formatiuni ca monument natural. Vizitele ghidate sunt limitate la 90 persoane simultan. Am instruit 15 ghizi locali. Costul estimat al lucrarilor: 115 lei. Termenul de finalizare: 51 luni.', 'doc_existing_c24_6.txt', 600, NULL, 'text_document', 1775839975);
INSERT INTO documentation_files_to_geofeatures (id, geofeature_id, geofeature_type, documentation_file_id, updated_at) VALUES (3789, 24, 'cave', 1621, 1775839975);
INSERT INTO documentation_files_to_geofeatures (id, geofeature_id, geofeature_type, documentation_file_id, updated_at) VALUES (3790, 106, 'cave_area', 1621, 1775839975);
INSERT INTO documentation_files_to_geofeatures (id, geofeature_id, geofeature_type, documentation_file_id, updated_at) VALUES (3791, 1305, 'cave_place', 1621, 1775839975);
INSERT INTO documentation_files (id, title, description, file_name, file_size, file_hash, file_type, created_at) VALUES (1622, 'Document Peștera D3 din Piatra Lupului #7', 'Studiu speleogenetic - sectorul 322. Am analizat 68 probe de calcar sub microscop. Varsta estimata a galeriei: 421 milioane de ani. Am identificat 453 faze de speleogeneza. Nivelul freatic actual este la 1 metri adancime. Am corelat cu 314 alte pesteri din zona. Porozitatea medie a rocii: 58 procente. Am realizat 3 sectiuni subtiri din probe. Studiul va fi publicat in volumul 62 al buletinului. Am colaborat cu 461 geologi specialisti.', 'doc_existing_c24_7.txt', 438, NULL, 'text_document', 1775839975);
INSERT INTO documentation_files_to_geofeatures (id, geofeature_id, geofeature_type, documentation_file_id, updated_at) VALUES (3792, 24, 'cave', 1622, 1775839975);
INSERT INTO documentation_files_to_geofeatures (id, geofeature_id, geofeature_type, documentation_file_id, updated_at) VALUES (3793, 106, 'cave_area', 1622, 1775839975);
INSERT INTO documentation_files_to_geofeatures (id, geofeature_id, geofeature_type, documentation_file_id, updated_at) VALUES (3794, 1290, 'cave_place', 1622, 1775839975);
INSERT INTO documentation_files (id, title, description, file_name, file_size, file_hash, file_type, created_at) VALUES (1623, 'Document Peștera D3 din Piatra Lupului #8', 'Raport conservare patrimoniu - obiectiv 477. Am evaluat starea a 251 inscriptii istorice. Dintre acestea, 247 necesita interventie urgenta. Am curatat 116 metri patrati de graffiti modern. Am instalat 186 panouri informative la intrare. Bariera de protectie acopera 482 metri liniari. Am documentat 379 urme de vandalism. Raportul a fost transmis autoritatilor locale in 111 exemplare. Am propus clasificarea a 467 formatiuni ca monument natural. Vizitele ghidate sunt limitate la 55 persoane simultan. Am instruit 206 ghizi locali. Costul estimat al lucrarilor: 112 lei. Termenul de finalizare: 172 luni.', 'doc_existing_c24_8.txt', 605, NULL, 'text_document', 1775839975);
INSERT INTO documentation_files_to_geofeatures (id, geofeature_id, geofeature_type, documentation_file_id, updated_at) VALUES (3795, 24, 'cave', 1623, 1775839975);
INSERT INTO documentation_files_to_geofeatures (id, geofeature_id, geofeature_type, documentation_file_id, updated_at) VALUES (3796, 102, 'cave_area', 1623, 1775839975);
INSERT INTO documentation_files_to_geofeatures (id, geofeature_id, geofeature_type, documentation_file_id, updated_at) VALUES (3797, 1323, 'cave_place', 1623, 1775839975);
INSERT INTO documentation_files (id, title, description, file_name, file_size, file_hash, file_type, created_at) VALUES (1624, 'Document Peștera D3 din Piatra Lupului #9', 'Studiu speleogenetic - sectorul 300. Am analizat 182 probe de calcar sub microscop. Varsta estimata a galeriei: 287 milioane de ani. Am identificat 172 faze de speleogeneza. Nivelul freatic actual este la 267 metri adancime. Am corelat cu 409 alte pesteri din zona. Porozitatea medie a rocii: 254 procente. Am realizat 342 sectiuni subtiri din probe. Studiul va fi publicat in volumul 456 al buletinului. Am colaborat cu 418 geologi specialisti.', 'doc_existing_c24_9.txt', 445, NULL, 'text_document', 1775839975);
INSERT INTO documentation_files_to_geofeatures (id, geofeature_id, geofeature_type, documentation_file_id, updated_at) VALUES (3798, 24, 'cave', 1624, 1775839975);
INSERT INTO documentation_files_to_geofeatures (id, geofeature_id, geofeature_type, documentation_file_id, updated_at) VALUES (3799, 108, 'cave_area', 1624, 1775839975);
INSERT INTO documentation_files_to_geofeatures (id, geofeature_id, geofeature_type, documentation_file_id, updated_at) VALUES (3800, 1291, 'cave_place', 1624, 1775839975);
INSERT INTO documentation_files (id, title, description, file_name, file_size, file_hash, file_type, created_at) VALUES (1625, 'Document Peștera D3 din Piatra Lupului #10', 'Studiu speleogenetic - sectorul 399. Am analizat 221 probe de calcar sub microscop. Varsta estimata a galeriei: 270 milioane de ani. Am identificat 494 faze de speleogeneza. Nivelul freatic actual este la 388 metri adancime. Am corelat cu 393 alte pesteri din zona. Porozitatea medie a rocii: 255 procente. Am realizat 56 sectiuni subtiri din probe. Studiul va fi publicat in volumul 363 al buletinului. Am colaborat cu 19 geologi specialisti.', 'doc_existing_c24_10.txt', 443, NULL, 'text_document', 1775839975);
INSERT INTO documentation_files_to_geofeatures (id, geofeature_id, geofeature_type, documentation_file_id, updated_at) VALUES (3801, 24, 'cave', 1625, 1775839975);
INSERT INTO documentation_files_to_geofeatures (id, geofeature_id, geofeature_type, documentation_file_id, updated_at) VALUES (3802, 1315, 'cave_place', 1625, 1775839975);
INSERT INTO documentation_files (id, title, description, file_name, file_size, file_hash, file_type, created_at) VALUES (1626, 'Document Peștera D3 din Piatra Lupului #11', 'Evidenta resurse hidrologice - punctul 410. Debitul mediu masurat: 425 litri pe secunda. Am efectuat 172 masuratori in perioade diferite. Temperatura apei: 98 grade Celsius, constanta. pH-ul masurat: 334 unitati. Conductivitatea electrica: 21 microsiemensi. Am injectat 159 grame de trasor fluorescent. Trasorul a aparut la izvor dupa 40 ore. Distanta estimata: 458 metri de conducte carstice. Nivelul maxim in sezonul ploios: 50 centimetri peste normal. Am monitorizat 85 izvoare din bazin. Volumul estimat al lacului subteran: 8 metri cubi.', 'doc_existing_c24_11.txt', 542, NULL, 'text_document', 1775839975);
INSERT INTO documentation_files_to_geofeatures (id, geofeature_id, geofeature_type, documentation_file_id, updated_at) VALUES (3803, 24, 'cave', 1626, 1775839975);
INSERT INTO documentation_files_to_geofeatures (id, geofeature_id, geofeature_type, documentation_file_id, updated_at) VALUES (3804, 107, 'cave_area', 1626, 1775839975);
INSERT INTO documentation_files_to_geofeatures (id, geofeature_id, geofeature_type, documentation_file_id, updated_at) VALUES (3805, 1308, 'cave_place', 1626, 1775839975);
INSERT INTO documentation_files (id, title, description, file_name, file_size, file_hash, file_type, created_at) VALUES (1627, 'Document Peștera D3 din Piatra Lupului #12', 'Evidenta resurse hidrologice - punctul 12. Debitul mediu masurat: 314 litri pe secunda. Am efectuat 413 masuratori in perioade diferite. Temperatura apei: 191 grade Celsius, constanta. pH-ul masurat: 259 unitati. Conductivitatea electrica: 280 microsiemensi. Am injectat 372 grame de trasor fluorescent. Trasorul a aparut la izvor dupa 88 ore. Distanta estimata: 45 metri de conducte carstice. Nivelul maxim in sezonul ploios: 41 centimetri peste normal. Am monitorizat 91 izvoare din bazin. Volumul estimat al lacului subteran: 209 metri cubi.', 'doc_existing_c24_12.txt', 544, NULL, 'text_document', 1775839975);
INSERT INTO documentation_files_to_geofeatures (id, geofeature_id, geofeature_type, documentation_file_id, updated_at) VALUES (3806, 24, 'cave', 1627, 1775839975);
INSERT INTO documentation_files_to_geofeatures (id, geofeature_id, geofeature_type, documentation_file_id, updated_at) VALUES (3807, 103, 'cave_area', 1627, 1775839975);
INSERT INTO documentation_files_to_geofeatures (id, geofeature_id, geofeature_type, documentation_file_id, updated_at) VALUES (3808, 1286, 'cave_place', 1627, 1775839975);
INSERT INTO documentation_files (id, title, description, file_name, file_size, file_hash, file_type, created_at) VALUES (1628, 'Document Peștera D3 din Piatra Lupului #13', 'Evidenta resurse hidrologice - punctul 211. Debitul mediu masurat: 109 litri pe secunda. Am efectuat 208 masuratori in perioade diferite. Temperatura apei: 46 grade Celsius, constanta. pH-ul masurat: 482 unitati. Conductivitatea electrica: 305 microsiemensi. Am injectat 389 grame de trasor fluorescent. Trasorul a aparut la izvor dupa 415 ore. Distanta estimata: 179 metri de conducte carstice. Nivelul maxim in sezonul ploios: 171 centimetri peste normal. Am monitorizat 26 izvoare din bazin. Volumul estimat al lacului subteran: 320 metri cubi.', 'doc_existing_c24_13.txt', 547, NULL, 'text_document', 1775839975);
INSERT INTO documentation_files_to_geofeatures (id, geofeature_id, geofeature_type, documentation_file_id, updated_at) VALUES (3809, 24, 'cave', 1628, 1775839975);
INSERT INTO documentation_files_to_geofeatures (id, geofeature_id, geofeature_type, documentation_file_id, updated_at) VALUES (3810, 108, 'cave_area', 1628, 1775839975);
INSERT INTO documentation_files (id, title, description, file_name, file_size, file_hash, file_type, created_at) VALUES (1629, 'Document Peștera D3 din Piatra Lupului #14', 'Proces verbal intalnire club - sedinta nr. 357. Au participat 29 membri. Am discutat 38 puncte pe ordinea de zi. S-a aprobat bugetul de 288 lei pentru trimestrul urmator. Am planificat 491 expeditii in urmatoarele luni. S-au inscris 296 membri noi. Am evaluat 426 rapoarte de explorare. S-a votat achizitionarea de echipament in valoare de 381 lei. Urmatoarea sedinta: peste 446 saptamani. Am desemnat 349 responsabili pentru proiecte.', 'doc_existing_c24_14.txt', 435, NULL, 'text_document', 1775839975);
INSERT INTO documentation_files_to_geofeatures (id, geofeature_id, geofeature_type, documentation_file_id, updated_at) VALUES (3811, 24, 'cave', 1629, 1775839975);
INSERT INTO documentation_files_to_geofeatures (id, geofeature_id, geofeature_type, documentation_file_id, updated_at) VALUES (3812, 101, 'cave_area', 1629, 1775839975);
INSERT INTO documentation_files_to_geofeatures (id, geofeature_id, geofeature_type, documentation_file_id, updated_at) VALUES (3813, 1281, 'cave_place', 1629, 1775839975);
INSERT INTO documentation_files (id, title, description, file_name, file_size, file_hash, file_type, created_at) VALUES (1630, 'Document Peștera D3 din Piatra Lupului #15', 'Raport climatologic subteran - statia 358. Senzorul a inregistrat 230 cicluri complete de temperatura. Temperatura medie anuala: 116 grade Celsius. Amplitudinea termica maxima: 476 grade. Umiditatea relativa medie: 144 procente. Concentratia de CO2: 241 ppm. Curentul de aer maxim masurat: 263 metri pe secunda. Directia predominanta a curentului: sector 117. Datalogerul a functionat 212 zile fara intrerupere. Am descarcat 418 megabytes de date brute. Presiunea barometrica la intrare: 499 mbar. Evaporarea masurata: 410 milimetri pe luna. Am comparat datele cu 471 statii meteorologice de suprafata. Raportul complet include 255 grafice si tabele. Monitorizarea continua de 86 luni confirma stabilitatea climatica.', 'doc_existing_c24_15.txt', 717, NULL, 'text_document', 1775839975);
INSERT INTO documentation_files_to_geofeatures (id, geofeature_id, geofeature_type, documentation_file_id, updated_at) VALUES (3814, 24, 'cave', 1630, 1775839975);
INSERT INTO documentation_files_to_geofeatures (id, geofeature_id, geofeature_type, documentation_file_id, updated_at) VALUES (3815, 1314, 'cave_place', 1630, 1775839975);
INSERT INTO documentation_files (id, title, description, file_name, file_size, file_hash, file_type, created_at) VALUES (1631, 'Document Peștera D3 din Piatra Lupului #16', 'Evidenta resurse hidrologice - punctul 2. Debitul mediu masurat: 421 litri pe secunda. Am efectuat 314 masuratori in perioade diferite. Temperatura apei: 335 grade Celsius, constanta. pH-ul masurat: 49 unitati. Conductivitatea electrica: 329 microsiemensi. Am injectat 14 grame de trasor fluorescent. Trasorul a aparut la izvor dupa 112 ore. Distanta estimata: 359 metri de conducte carstice. Nivelul maxim in sezonul ploios: 47 centimetri peste normal. Am monitorizat 458 izvoare din bazin. Volumul estimat al lacului subteran: 459 metri cubi.', 'doc_existing_c24_16.txt', 544, NULL, 'text_document', 1775839975);
INSERT INTO documentation_files_to_geofeatures (id, geofeature_id, geofeature_type, documentation_file_id, updated_at) VALUES (3816, 24, 'cave', 1631, 1775839975);
INSERT INTO documentation_files_to_geofeatures (id, geofeature_id, geofeature_type, documentation_file_id, updated_at) VALUES (3817, 1325, 'cave_place', 1631, 1775839975);
INSERT INTO documentation_files (id, title, description, file_name, file_size, file_hash, file_type, created_at) VALUES (1632, 'Document Peștera D3 din Piatra Lupului #17', 'Raport geologic - profil 346. Stratele de calcar apartin etajului 146. Grosimea medie a stratelor este de 445 centimetri. Fisurile tectonice au un azimut predominant de 90 grade. Am recoltat 70 probe de roca pentru datarea izotopica. Continutul de CaCO3 depaseste 430 procente. Concretii de aragonita au fost gasite la cota 343. Varsta estimata a speleothemelor: 247 mii de ani. Depozitele clastice au o grosime de 238 centimetri. Am identificat 285 tipuri diferite de sedimente. Nivelul paleoclappei fosile este la cota 145 metri. Analiza XRD confirma 136 faze minerale distincte. Sectorul analizat are o lungime de 39 metri. Am realizat 312 profile transversale ale galeriei. Cutele vizibile au amplitudini de 472 centimetri.', 'doc_existing_c24_17.txt', 727, NULL, 'text_document', 1775839975);
INSERT INTO documentation_files_to_geofeatures (id, geofeature_id, geofeature_type, documentation_file_id, updated_at) VALUES (3818, 24, 'cave', 1632, 1775839975);
INSERT INTO documentation_files_to_geofeatures (id, geofeature_id, geofeature_type, documentation_file_id, updated_at) VALUES (3819, 101, 'cave_area', 1632, 1775839975);
INSERT INTO documentation_files_to_geofeatures (id, geofeature_id, geofeature_type, documentation_file_id, updated_at) VALUES (3820, 1282, 'cave_place', 1632, 1775839975);
INSERT INTO documentation_files (id, title, description, file_name, file_size, file_hash, file_type, created_at) VALUES (1633, 'Document Peștera D3 din Piatra Lupului #18', 'Raport climatologic subteran - statia 139. Senzorul a inregistrat 311 cicluri complete de temperatura. Temperatura medie anuala: 266 grade Celsius. Amplitudinea termica maxima: 169 grade. Umiditatea relativa medie: 291 procente. Concentratia de CO2: 78 ppm. Curentul de aer maxim masurat: 99 metri pe secunda. Directia predominanta a curentului: sector 191. Datalogerul a functionat 500 zile fara intrerupere. Am descarcat 285 megabytes de date brute. Presiunea barometrica la intrare: 284 mbar. Evaporarea masurata: 404 milimetri pe luna. Am comparat datele cu 367 statii meteorologice de suprafata. Raportul complet include 355 grafice si tabele. Monitorizarea continua de 494 luni confirma stabilitatea climatica.', 'doc_existing_c24_18.txt', 716, NULL, 'text_document', 1775839975);
INSERT INTO documentation_files_to_geofeatures (id, geofeature_id, geofeature_type, documentation_file_id, updated_at) VALUES (3821, 24, 'cave', 1633, 1775839975);
INSERT INTO documentation_files_to_geofeatures (id, geofeature_id, geofeature_type, documentation_file_id, updated_at) VALUES (3822, 101, 'cave_area', 1633, 1775839975);
INSERT INTO documentation_files_to_geofeatures (id, geofeature_id, geofeature_type, documentation_file_id, updated_at) VALUES (3823, 1325, 'cave_place', 1633, 1775839975);
INSERT INTO documentation_files (id, title, description, file_name, file_size, file_hash, file_type, created_at) VALUES (1634, 'Foto Peștera D3 din Piatra Lupului #1', 'Fotografie de pestera pentru arhiva tehnica.', '20250108_051137.jpg', 76321, NULL, 'photo', 1775839975);
INSERT INTO documentation_files_to_geofeatures (id, geofeature_id, geofeature_type, documentation_file_id, updated_at) VALUES (3824, 24, 'cave', 1634, 1775839975);
INSERT INTO documentation_files_to_geofeatures (id, geofeature_id, geofeature_type, documentation_file_id, updated_at) VALUES (3825, 104, 'cave_area', 1634, 1775839975);
INSERT INTO documentation_files_to_geofeatures (id, geofeature_id, geofeature_type, documentation_file_id, updated_at) VALUES (3826, 1330, 'cave_place', 1634, 1775839975);
INSERT INTO documentation_files (id, title, description, file_name, file_size, file_hash, file_type, created_at) VALUES (1635, 'Foto Peștera D3 din Piatra Lupului #2', 'Fotografie de pestera pentru arhiva tehnica.', '20250108_014122.jpg', 95561, NULL, 'photo', 1775839975);
INSERT INTO documentation_files_to_geofeatures (id, geofeature_id, geofeature_type, documentation_file_id, updated_at) VALUES (3827, 24, 'cave', 1635, 1775839975);
INSERT INTO documentation_files_to_geofeatures (id, geofeature_id, geofeature_type, documentation_file_id, updated_at) VALUES (3828, 101, 'cave_area', 1635, 1775839975);
INSERT INTO documentation_files_to_geofeatures (id, geofeature_id, geofeature_type, documentation_file_id, updated_at) VALUES (3829, 1279, 'cave_place', 1635, 1775839975);
INSERT INTO documentation_files (id, title, description, file_name, file_size, file_hash, file_type, created_at) VALUES (1636, 'Foto Peștera D3 din Piatra Lupului #3', 'Fotografie de pestera pentru arhiva tehnica.', '20250108_015331.jpg', 90733, NULL, 'photo', 1775839975);
INSERT INTO documentation_files_to_geofeatures (id, geofeature_id, geofeature_type, documentation_file_id, updated_at) VALUES (3830, 24, 'cave', 1636, 1775839975);
INSERT INTO documentation_files_to_geofeatures (id, geofeature_id, geofeature_type, documentation_file_id, updated_at) VALUES (3831, 102, 'cave_area', 1636, 1775839975);
INSERT INTO documentation_files_to_geofeatures (id, geofeature_id, geofeature_type, documentation_file_id, updated_at) VALUES (3832, 1287, 'cave_place', 1636, 1775839975);
INSERT INTO documentation_files (id, title, description, file_name, file_size, file_hash, file_type, created_at) VALUES (1637, 'Foto Peștera D3 din Piatra Lupului #4', 'Fotografie de pestera pentru arhiva tehnica.', '20250105_171954.jpg', 105834, NULL, 'photo', 1775839975);
INSERT INTO documentation_files_to_geofeatures (id, geofeature_id, geofeature_type, documentation_file_id, updated_at) VALUES (3833, 24, 'cave', 1637, 1775839975);
INSERT INTO documentation_files_to_geofeatures (id, geofeature_id, geofeature_type, documentation_file_id, updated_at) VALUES (3834, 1330, 'cave_place', 1637, 1775839975);
INSERT INTO documentation_files (id, title, description, file_name, file_size, file_hash, file_type, created_at) VALUES (1638, 'Foto Peștera D3 din Piatra Lupului #5', 'Fotografie de pestera pentru arhiva tehnica.', '20250108_070400.jpg', 71580, NULL, 'photo', 1775839975);
INSERT INTO documentation_files_to_geofeatures (id, geofeature_id, geofeature_type, documentation_file_id, updated_at) VALUES (3835, 24, 'cave', 1638, 1775839975);
INSERT INTO documentation_files (id, title, description, file_name, file_size, file_hash, file_type, created_at) VALUES (1639, 'Foto Peștera D3 din Piatra Lupului #6', 'Fotografie de pestera pentru arhiva tehnica.', '20250108_014122.jpg', 95561, NULL, 'photo', 1775839975);
INSERT INTO documentation_files_to_geofeatures (id, geofeature_id, geofeature_type, documentation_file_id, updated_at) VALUES (3836, 24, 'cave', 1639, 1775839975);
INSERT INTO documentation_files (id, title, description, file_name, file_size, file_hash, file_type, created_at) VALUES (1640, 'Foto Peștera D3 din Piatra Lupului #7', 'Fotografie de pestera pentru arhiva tehnica.', '20250106_213733.jpg', 76066, NULL, 'photo', 1775839975);
INSERT INTO documentation_files_to_geofeatures (id, geofeature_id, geofeature_type, documentation_file_id, updated_at) VALUES (3837, 24, 'cave', 1640, 1775839975);
INSERT INTO documentation_files_to_geofeatures (id, geofeature_id, geofeature_type, documentation_file_id, updated_at) VALUES (3838, 102, 'cave_area', 1640, 1775839975);
INSERT INTO documentation_files_to_geofeatures (id, geofeature_id, geofeature_type, documentation_file_id, updated_at) VALUES (3839, 1328, 'cave_place', 1640, 1775839975);
INSERT INTO documentation_files (id, title, description, file_name, file_size, file_hash, file_type, created_at) VALUES (1641, 'Foto Peștera D3 din Piatra Lupului #8', 'Fotografie de pestera pentru arhiva tehnica.', '20250108_051137.jpg', 76321, NULL, 'photo', 1775839975);
INSERT INTO documentation_files_to_geofeatures (id, geofeature_id, geofeature_type, documentation_file_id, updated_at) VALUES (3840, 24, 'cave', 1641, 1775839975);
INSERT INTO documentation_files_to_geofeatures (id, geofeature_id, geofeature_type, documentation_file_id, updated_at) VALUES (3841, 1306, 'cave_place', 1641, 1775839975);
INSERT INTO documentation_files (id, title, description, file_name, file_size, file_hash, file_type, created_at) VALUES (1642, 'Foto Peștera D3 din Piatra Lupului #9', 'Fotografie de pestera pentru arhiva tehnica.', '20250108_055732.jpg', 99069, NULL, 'photo', 1775839975);
INSERT INTO documentation_files_to_geofeatures (id, geofeature_id, geofeature_type, documentation_file_id, updated_at) VALUES (3842, 24, 'cave', 1642, 1775839975);
INSERT INTO documentation_files_to_geofeatures (id, geofeature_id, geofeature_type, documentation_file_id, updated_at) VALUES (3843, 1308, 'cave_place', 1642, 1775839975);
INSERT INTO documentation_files (id, title, description, file_name, file_size, file_hash, file_type, created_at) VALUES (1643, 'Foto Peștera D3 din Piatra Lupului #10', 'Fotografie de pestera pentru arhiva tehnica.', '20250105_112245.jpg', 24061, NULL, 'photo', 1775839975);
INSERT INTO documentation_files_to_geofeatures (id, geofeature_id, geofeature_type, documentation_file_id, updated_at) VALUES (3844, 24, 'cave', 1643, 1775839975);
INSERT INTO documentation_files_to_geofeatures (id, geofeature_id, geofeature_type, documentation_file_id, updated_at) VALUES (3845, 107, 'cave_area', 1643, 1775839975);
INSERT INTO documentation_files_to_geofeatures (id, geofeature_id, geofeature_type, documentation_file_id, updated_at) VALUES (3846, 1320, 'cave_place', 1643, 1775839975);
INSERT INTO documentation_files (id, title, description, file_name, file_size, file_hash, file_type, created_at) VALUES (1644, 'Foto Peștera D3 din Piatra Lupului #11', 'Fotografie de pestera pentru arhiva tehnica.', '20250105_153139.jpg', 53561, NULL, 'photo', 1775839975);
INSERT INTO documentation_files_to_geofeatures (id, geofeature_id, geofeature_type, documentation_file_id, updated_at) VALUES (3847, 24, 'cave', 1644, 1775839975);
INSERT INTO documentation_files_to_geofeatures (id, geofeature_id, geofeature_type, documentation_file_id, updated_at) VALUES (3848, 1327, 'cave_place', 1644, 1775839975);
INSERT INTO documentation_files (id, title, description, file_name, file_size, file_hash, file_type, created_at) VALUES (1645, 'Foto Peștera D3 din Piatra Lupului #12', 'Fotografie de pestera pentru arhiva tehnica.', '20250109_010113.jpg', 100347, NULL, 'photo', 1775839975);
INSERT INTO documentation_files_to_geofeatures (id, geofeature_id, geofeature_type, documentation_file_id, updated_at) VALUES (3849, 24, 'cave', 1645, 1775839975);
INSERT INTO documentation_files_to_geofeatures (id, geofeature_id, geofeature_type, documentation_file_id, updated_at) VALUES (3850, 1287, 'cave_place', 1645, 1775839975);
INSERT INTO documentation_files (id, title, description, file_name, file_size, file_hash, file_type, created_at) VALUES (1646, 'Foto Peștera D3 din Piatra Lupului #13', 'Fotografie de pestera pentru arhiva tehnica.', '20250109_010113.jpg', 100347, NULL, 'photo', 1775839975);
INSERT INTO documentation_files_to_geofeatures (id, geofeature_id, geofeature_type, documentation_file_id, updated_at) VALUES (3851, 24, 'cave', 1646, 1775839975);
INSERT INTO documentation_files_to_geofeatures (id, geofeature_id, geofeature_type, documentation_file_id, updated_at) VALUES (3852, 1312, 'cave_place', 1646, 1775839975);
INSERT INTO documentation_files (id, title, description, file_name, file_size, file_hash, file_type, created_at) VALUES (1647, 'Foto Peștera D3 din Piatra Lupului #14', 'Fotografie de pestera pentru arhiva tehnica.', '20250108_070400.jpg', 71580, NULL, 'photo', 1775839975);
INSERT INTO documentation_files_to_geofeatures (id, geofeature_id, geofeature_type, documentation_file_id, updated_at) VALUES (3853, 24, 'cave', 1647, 1775839975);
INSERT INTO documentation_files_to_geofeatures (id, geofeature_id, geofeature_type, documentation_file_id, updated_at) VALUES (3854, 102, 'cave_area', 1647, 1775839975);
INSERT INTO documentation_files_to_geofeatures (id, geofeature_id, geofeature_type, documentation_file_id, updated_at) VALUES (3855, 1286, 'cave_place', 1647, 1775839975);
INSERT INTO documentation_files (id, title, description, file_name, file_size, file_hash, file_type, created_at) VALUES (1648, 'Document Peștera M1 din Piatra Lupului #1', 'Evaluare risc - sectorul 76. Am identificat 408 zone cu risc de prabusire a plafonului. Blocurile instabile au dimensiuni de pana la 161 centimetri. Nivelul apei poate creste cu 189 metri in caz de precipitatii. Distanta de la intrare pana la prima zona de risc: 170 metri. Am instalat 203 indicatoare de avertizare reflectorizante. Evacuarea de urgenta dureaza estimativ 222 minute. Echipamentul de prim ajutor este pozitionat la statia 37. Am testat comunicarea radio in 395 puncte critice. Semnalul radio este pierdut dupa 96 metri de la intrare. Am recomandat echipa minima de 444 persoane pentru acest sector. Casca si lampa frontala trebuie verificate la fiecare 389 ore. Protocoalele de securitate au fost revizuite de 271 ori anul acesta. Ultimul incident a avut loc cu 128 luni in urma. Am efectuat 440 exercitii de evacuare. Planul de urgenta a fost actualizat la versiunea 156.', 'doc_existing_c25_1.txt', 888, NULL, 'text_document', 1775839975);
INSERT INTO documentation_files_to_geofeatures (id, geofeature_id, geofeature_type, documentation_file_id, updated_at) VALUES (3856, 25, 'cave', 1648, 1775839975);
INSERT INTO documentation_files_to_geofeatures (id, geofeature_id, geofeature_type, documentation_file_id, updated_at) VALUES (3857, 110, 'cave_area', 1648, 1775839975);
INSERT INTO documentation_files_to_geofeatures (id, geofeature_id, geofeature_type, documentation_file_id, updated_at) VALUES (3858, 1370, 'cave_place', 1648, 1775839975);
INSERT INTO documentation_files (id, title, description, file_name, file_size, file_hash, file_type, created_at) VALUES (1649, 'Document Peștera M1 din Piatra Lupului #2', 'Studiu speleogenetic - sectorul 73. Am analizat 203 probe de calcar sub microscop. Varsta estimata a galeriei: 199 milioane de ani. Am identificat 445 faze de speleogeneza. Nivelul freatic actual este la 118 metri adancime. Am corelat cu 481 alte pesteri din zona. Porozitatea medie a rocii: 303 procente. Am realizat 230 sectiuni subtiri din probe. Studiul va fi publicat in volumul 377 al buletinului. Am colaborat cu 18 geologi specialisti.', 'doc_existing_c25_2.txt', 443, NULL, 'text_document', 1775839975);
INSERT INTO documentation_files_to_geofeatures (id, geofeature_id, geofeature_type, documentation_file_id, updated_at) VALUES (3859, 25, 'cave', 1649, 1775839975);
INSERT INTO documentation_files_to_geofeatures (id, geofeature_id, geofeature_type, documentation_file_id, updated_at) VALUES (3860, 1343, 'cave_place', 1649, 1775839975);
INSERT INTO documentation_files (id, title, description, file_name, file_size, file_hash, file_type, created_at) VALUES (1650, 'Foto Peștera M1 din Piatra Lupului #1', 'Fotografie de pestera pentru arhiva tehnica.', '20250108_230150.jpg', 82392, NULL, 'photo', 1775839975);
INSERT INTO documentation_files_to_geofeatures (id, geofeature_id, geofeature_type, documentation_file_id, updated_at) VALUES (3861, 25, 'cave', 1650, 1775839975);
INSERT INTO documentation_files_to_geofeatures (id, geofeature_id, geofeature_type, documentation_file_id, updated_at) VALUES (3862, 1351, 'cave_place', 1650, 1775839975);
INSERT INTO documentation_files (id, title, description, file_name, file_size, file_hash, file_type, created_at) VALUES (1651, 'Foto Peștera M1 din Piatra Lupului #2', 'Fotografie de pestera pentru arhiva tehnica.', '20250105_145407.jpg', 85562, NULL, 'photo', 1775839975);
INSERT INTO documentation_files_to_geofeatures (id, geofeature_id, geofeature_type, documentation_file_id, updated_at) VALUES (3863, 25, 'cave', 1651, 1775839975);
INSERT INTO documentation_files_to_geofeatures (id, geofeature_id, geofeature_type, documentation_file_id, updated_at) VALUES (3864, 1390, 'cave_place', 1651, 1775839975);
INSERT INTO documentation_files (id, title, description, file_name, file_size, file_hash, file_type, created_at) VALUES (1652, 'Foto Peștera M1 din Piatra Lupului #3', 'Fotografie de pestera pentru arhiva tehnica.', '20250105_112245.jpg', 24061, NULL, 'photo', 1775839975);
INSERT INTO documentation_files_to_geofeatures (id, geofeature_id, geofeature_type, documentation_file_id, updated_at) VALUES (3865, 25, 'cave', 1652, 1775839975);
INSERT INTO documentation_files_to_geofeatures (id, geofeature_id, geofeature_type, documentation_file_id, updated_at) VALUES (3866, 110, 'cave_area', 1652, 1775839975);
INSERT INTO documentation_files_to_geofeatures (id, geofeature_id, geofeature_type, documentation_file_id, updated_at) VALUES (3867, 1389, 'cave_place', 1652, 1775839975);
INSERT INTO documentation_files (id, title, description, file_name, file_size, file_hash, file_type, created_at) VALUES (1653, 'Foto Peștera M1 din Piatra Lupului #4', 'Fotografie de pestera pentru arhiva tehnica.', '20250109_011630.jpg', 92323, NULL, 'photo', 1775839975);
INSERT INTO documentation_files_to_geofeatures (id, geofeature_id, geofeature_type, documentation_file_id, updated_at) VALUES (3868, 25, 'cave', 1653, 1775839975);
INSERT INTO documentation_files_to_geofeatures (id, geofeature_id, geofeature_type, documentation_file_id, updated_at) VALUES (3869, 1358, 'cave_place', 1653, 1775839975);
INSERT INTO documentation_files (id, title, description, file_name, file_size, file_hash, file_type, created_at) VALUES (1654, 'Document Peștera M2 din Piatra Lupului #1', 'Fisa tehnica echipare put - verticala nr. 471. Adancimea: 186 metri. Am instalat 49 spituri din otel inoxidabil. Distanta intre spituri: 464 metri. Lungimea corzii principale: 482 metri. Coarda de siguranta: 370 metri. Am montat 364 protectoare de franghie. Fractionarea se face la 421 metri de buza putului. Deviatia este la 25 metri sub fractionare. Am testat echiparea cu 385 coborari. Ultimul control al spiturilor: acum 39 luni.', 'doc_existing_c26_1.txt', 433, NULL, 'text_document', 1775839975);
INSERT INTO documentation_files_to_geofeatures (id, geofeature_id, geofeature_type, documentation_file_id, updated_at) VALUES (3870, 26, 'cave', 1654, 1775839975);
INSERT INTO documentation_files_to_geofeatures (id, geofeature_id, geofeature_type, documentation_file_id, updated_at) VALUES (3871, 114, 'cave_area', 1654, 1775839975);
INSERT INTO documentation_files (id, title, description, file_name, file_size, file_hash, file_type, created_at) VALUES (1655, 'Document Peștera M2 din Piatra Lupului #2', 'Proces verbal intalnire club - sedinta nr. 326. Au participat 424 membri. Am discutat 204 puncte pe ordinea de zi. S-a aprobat bugetul de 115 lei pentru trimestrul urmator. Am planificat 357 expeditii in urmatoarele luni. S-au inscris 51 membri noi. Am evaluat 498 rapoarte de explorare. S-a votat achizitionarea de echipament in valoare de 113 lei. Urmatoarea sedinta: peste 103 saptamani. Am desemnat 211 responsabili pentru proiecte.', 'doc_existing_c26_2.txt', 436, NULL, 'text_document', 1775839975);
INSERT INTO documentation_files_to_geofeatures (id, geofeature_id, geofeature_type, documentation_file_id, updated_at) VALUES (3872, 26, 'cave', 1655, 1775839975);
INSERT INTO documentation_files_to_geofeatures (id, geofeature_id, geofeature_type, documentation_file_id, updated_at) VALUES (3873, 111, 'cave_area', 1655, 1775839975);
INSERT INTO documentation_files_to_geofeatures (id, geofeature_id, geofeature_type, documentation_file_id, updated_at) VALUES (3874, 1424, 'cave_place', 1655, 1775839975);
INSERT INTO documentation_files (id, title, description, file_name, file_size, file_hash, file_type, created_at) VALUES (1656, 'Document Peștera M2 din Piatra Lupului #3', 'Raport geologic - profil 435. Stratele de calcar apartin etajului 278. Grosimea medie a stratelor este de 359 centimetri. Fisurile tectonice au un azimut predominant de 206 grade. Am recoltat 478 probe de roca pentru datarea izotopica. Continutul de CaCO3 depaseste 388 procente. Concretii de aragonita au fost gasite la cota 114. Varsta estimata a speleothemelor: 492 mii de ani. Depozitele clastice au o grosime de 39 centimetri. Am identificat 373 tipuri diferite de sedimente. Nivelul paleoclappei fosile este la cota 33 metri. Analiza XRD confirma 424 faze minerale distincte. Sectorul analizat are o lungime de 129 metri. Am realizat 356 profile transversale ale galeriei. Cutele vizibile au amplitudini de 243 centimetri.', 'doc_existing_c26_3.txt', 728, NULL, 'text_document', 1775839975);
INSERT INTO documentation_files_to_geofeatures (id, geofeature_id, geofeature_type, documentation_file_id, updated_at) VALUES (3875, 26, 'cave', 1656, 1775839975);
INSERT INTO documentation_files_to_geofeatures (id, geofeature_id, geofeature_type, documentation_file_id, updated_at) VALUES (3876, 113, 'cave_area', 1656, 1775839975);
INSERT INTO documentation_files_to_geofeatures (id, geofeature_id, geofeature_type, documentation_file_id, updated_at) VALUES (3877, 1429, 'cave_place', 1656, 1775839975);
INSERT INTO documentation_files (id, title, description, file_name, file_size, file_hash, file_type, created_at) VALUES (1657, 'Document Peștera M2 din Piatra Lupului #4', 'Studiu speleogenetic - sectorul 177. Am analizat 375 probe de calcar sub microscop. Varsta estimata a galeriei: 276 milioane de ani. Am identificat 165 faze de speleogeneza. Nivelul freatic actual este la 153 metri adancime. Am corelat cu 316 alte pesteri din zona. Porozitatea medie a rocii: 412 procente. Am realizat 65 sectiuni subtiri din probe. Studiul va fi publicat in volumul 358 al buletinului. Am colaborat cu 404 geologi specialisti.', 'doc_existing_c26_4.txt', 444, NULL, 'text_document', 1775839975);
INSERT INTO documentation_files_to_geofeatures (id, geofeature_id, geofeature_type, documentation_file_id, updated_at) VALUES (3878, 26, 'cave', 1657, 1775839975);
INSERT INTO documentation_files_to_geofeatures (id, geofeature_id, geofeature_type, documentation_file_id, updated_at) VALUES (3879, 1456, 'cave_place', 1657, 1775839975);
INSERT INTO documentation_files (id, title, description, file_name, file_size, file_hash, file_type, created_at) VALUES (1658, 'Document Peștera M2 din Piatra Lupului #5', 'Studiu speleogenetic - sectorul 128. Am analizat 147 probe de calcar sub microscop. Varsta estimata a galeriei: 221 milioane de ani. Am identificat 433 faze de speleogeneza. Nivelul freatic actual este la 25 metri adancime. Am corelat cu 178 alte pesteri din zona. Porozitatea medie a rocii: 157 procente. Am realizat 413 sectiuni subtiri din probe. Studiul va fi publicat in volumul 52 al buletinului. Am colaborat cu 262 geologi specialisti.', 'doc_existing_c26_5.txt', 443, NULL, 'text_document', 1775839975);
INSERT INTO documentation_files_to_geofeatures (id, geofeature_id, geofeature_type, documentation_file_id, updated_at) VALUES (3880, 26, 'cave', 1658, 1775839975);
INSERT INTO documentation_files_to_geofeatures (id, geofeature_id, geofeature_type, documentation_file_id, updated_at) VALUES (3881, 111, 'cave_area', 1658, 1775839975);
INSERT INTO documentation_files (id, title, description, file_name, file_size, file_hash, file_type, created_at) VALUES (1659, 'Document Peștera M2 din Piatra Lupului #6', 'Studiu speleogenetic - sectorul 201. Am analizat 180 probe de calcar sub microscop. Varsta estimata a galeriei: 421 milioane de ani. Am identificat 399 faze de speleogeneza. Nivelul freatic actual este la 51 metri adancime. Am corelat cu 481 alte pesteri din zona. Porozitatea medie a rocii: 61 procente. Am realizat 99 sectiuni subtiri din probe. Studiul va fi publicat in volumul 453 al buletinului. Am colaborat cu 294 geologi specialisti.', 'doc_existing_c26_6.txt', 442, NULL, 'text_document', 1775839975);
INSERT INTO documentation_files_to_geofeatures (id, geofeature_id, geofeature_type, documentation_file_id, updated_at) VALUES (3882, 26, 'cave', 1659, 1775839975);
INSERT INTO documentation_files (id, title, description, file_name, file_size, file_hash, file_type, created_at) VALUES (1660, 'Document Peștera M2 din Piatra Lupului #7', 'Evaluare risc - sectorul 493. Am identificat 469 zone cu risc de prabusire a plafonului. Blocurile instabile au dimensiuni de pana la 95 centimetri. Nivelul apei poate creste cu 186 metri in caz de precipitatii. Distanta de la intrare pana la prima zona de risc: 107 metri. Am instalat 369 indicatoare de avertizare reflectorizante. Evacuarea de urgenta dureaza estimativ 216 minute. Echipamentul de prim ajutor este pozitionat la statia 49. Am testat comunicarea radio in 181 puncte critice. Semnalul radio este pierdut dupa 6 metri de la intrare. Am recomandat echipa minima de 170 persoane pentru acest sector. Casca si lampa frontala trebuie verificate la fiecare 350 ore. Protocoalele de securitate au fost revizuite de 380 ori anul acesta. Ultimul incident a avut loc cu 461 luni in urma. Am efectuat 271 exercitii de evacuare. Planul de urgenta a fost actualizat la versiunea 243.', 'doc_existing_c26_7.txt', 887, NULL, 'text_document', 1775839975);
INSERT INTO documentation_files_to_geofeatures (id, geofeature_id, geofeature_type, documentation_file_id, updated_at) VALUES (3883, 26, 'cave', 1660, 1775839975);
INSERT INTO documentation_files (id, title, description, file_name, file_size, file_hash, file_type, created_at) VALUES (1661, 'Document Peștera M2 din Piatra Lupului #8', 'Proces verbal intalnire club - sedinta nr. 455. Au participat 47 membri. Am discutat 412 puncte pe ordinea de zi. S-a aprobat bugetul de 327 lei pentru trimestrul urmator. Am planificat 314 expeditii in urmatoarele luni. S-au inscris 85 membri noi. Am evaluat 491 rapoarte de explorare. S-a votat achizitionarea de echipament in valoare de 202 lei. Urmatoarea sedinta: peste 155 saptamani. Am desemnat 183 responsabili pentru proiecte.', 'doc_existing_c26_8.txt', 435, NULL, 'text_document', 1775839975);
INSERT INTO documentation_files_to_geofeatures (id, geofeature_id, geofeature_type, documentation_file_id, updated_at) VALUES (3884, 26, 'cave', 1661, 1775839975);
INSERT INTO documentation_files_to_geofeatures (id, geofeature_id, geofeature_type, documentation_file_id, updated_at) VALUES (3885, 1448, 'cave_place', 1661, 1775839975);
INSERT INTO documentation_files (id, title, description, file_name, file_size, file_hash, file_type, created_at) VALUES (1662, 'Document Peștera M2 din Piatra Lupului #9', 'Raport geologic - profil 350. Stratele de calcar apartin etajului 172. Grosimea medie a stratelor este de 7 centimetri. Fisurile tectonice au un azimut predominant de 138 grade. Am recoltat 81 probe de roca pentru datarea izotopica. Continutul de CaCO3 depaseste 409 procente. Concretii de aragonita au fost gasite la cota 394. Varsta estimata a speleothemelor: 113 mii de ani. Depozitele clastice au o grosime de 323 centimetri. Am identificat 414 tipuri diferite de sedimente. Nivelul paleoclappei fosile este la cota 485 metri. Analiza XRD confirma 53 faze minerale distincte. Sectorul analizat are o lungime de 476 metri. Am realizat 85 profile transversale ale galeriei. Cutele vizibile au amplitudini de 77 centimetri.', 'doc_existing_c26_9.txt', 724, NULL, 'text_document', 1775839975);
INSERT INTO documentation_files_to_geofeatures (id, geofeature_id, geofeature_type, documentation_file_id, updated_at) VALUES (3886, 26, 'cave', 1662, 1775839975);
INSERT INTO documentation_files_to_geofeatures (id, geofeature_id, geofeature_type, documentation_file_id, updated_at) VALUES (3887, 1441, 'cave_place', 1662, 1775839975);
INSERT INTO documentation_files (id, title, description, file_name, file_size, file_hash, file_type, created_at) VALUES (1663, 'Document Peștera M2 din Piatra Lupului #10', 'Evidenta resurse hidrologice - punctul 348. Debitul mediu masurat: 497 litri pe secunda. Am efectuat 340 masuratori in perioade diferite. Temperatura apei: 61 grade Celsius, constanta. pH-ul masurat: 356 unitati. Conductivitatea electrica: 90 microsiemensi. Am injectat 215 grame de trasor fluorescent. Trasorul a aparut la izvor dupa 209 ore. Distanta estimata: 345 metri de conducte carstice. Nivelul maxim in sezonul ploios: 137 centimetri peste normal. Am monitorizat 475 izvoare din bazin. Volumul estimat al lacului subteran: 219 metri cubi.', 'doc_existing_c26_10.txt', 547, NULL, 'text_document', 1775839975);
INSERT INTO documentation_files_to_geofeatures (id, geofeature_id, geofeature_type, documentation_file_id, updated_at) VALUES (3888, 26, 'cave', 1663, 1775839975);
INSERT INTO documentation_files_to_geofeatures (id, geofeature_id, geofeature_type, documentation_file_id, updated_at) VALUES (3889, 113, 'cave_area', 1663, 1775839975);
INSERT INTO documentation_files_to_geofeatures (id, geofeature_id, geofeature_type, documentation_file_id, updated_at) VALUES (3890, 1457, 'cave_place', 1663, 1775839975);
INSERT INTO documentation_files (id, title, description, file_name, file_size, file_hash, file_type, created_at) VALUES (1664, 'Document Peștera M2 din Piatra Lupului #11', 'Raport conservare patrimoniu - obiectiv 458. Am evaluat starea a 327 inscriptii istorice. Dintre acestea, 28 necesita interventie urgenta. Am curatat 182 metri patrati de graffiti modern. Am instalat 69 panouri informative la intrare. Bariera de protectie acopera 228 metri liniari. Am documentat 226 urme de vandalism. Raportul a fost transmis autoritatilor locale in 35 exemplare. Am propus clasificarea a 60 formatiuni ca monument natural. Vizitele ghidate sunt limitate la 438 persoane simultan. Am instruit 331 ghizi locali. Costul estimat al lucrarilor: 334 lei. Termenul de finalizare: 38 luni.', 'doc_existing_c26_11.txt', 601, NULL, 'text_document', 1775839975);
INSERT INTO documentation_files_to_geofeatures (id, geofeature_id, geofeature_type, documentation_file_id, updated_at) VALUES (3891, 26, 'cave', 1664, 1775839975);
INSERT INTO documentation_files_to_geofeatures (id, geofeature_id, geofeature_type, documentation_file_id, updated_at) VALUES (3892, 111, 'cave_area', 1664, 1775839975);
INSERT INTO documentation_files (id, title, description, file_name, file_size, file_hash, file_type, created_at) VALUES (1665, 'Document Peștera M2 din Piatra Lupului #12', 'Raport conservare patrimoniu - obiectiv 105. Am evaluat starea a 179 inscriptii istorice. Dintre acestea, 212 necesita interventie urgenta. Am curatat 246 metri patrati de graffiti modern. Am instalat 175 panouri informative la intrare. Bariera de protectie acopera 387 metri liniari. Am documentat 308 urme de vandalism. Raportul a fost transmis autoritatilor locale in 48 exemplare. Am propus clasificarea a 489 formatiuni ca monument natural. Vizitele ghidate sunt limitate la 388 persoane simultan. Am instruit 191 ghizi locali. Costul estimat al lucrarilor: 283 lei. Termenul de finalizare: 353 luni.', 'doc_existing_c26_12.txt', 605, NULL, 'text_document', 1775839975);
INSERT INTO documentation_files_to_geofeatures (id, geofeature_id, geofeature_type, documentation_file_id, updated_at) VALUES (3893, 26, 'cave', 1665, 1775839975);
INSERT INTO documentation_files_to_geofeatures (id, geofeature_id, geofeature_type, documentation_file_id, updated_at) VALUES (3894, 113, 'cave_area', 1665, 1775839975);
INSERT INTO documentation_files_to_geofeatures (id, geofeature_id, geofeature_type, documentation_file_id, updated_at) VALUES (3895, 1479, 'cave_place', 1665, 1775839975);
INSERT INTO documentation_files (id, title, description, file_name, file_size, file_hash, file_type, created_at) VALUES (1666, 'Document Peștera M2 din Piatra Lupului #13', 'Proces verbal intalnire club - sedinta nr. 58. Au participat 340 membri. Am discutat 340 puncte pe ordinea de zi. S-a aprobat bugetul de 245 lei pentru trimestrul urmator. Am planificat 119 expeditii in urmatoarele luni. S-au inscris 179 membri noi. Am evaluat 231 rapoarte de explorare. S-a votat achizitionarea de echipament in valoare de 96 lei. Urmatoarea sedinta: peste 107 saptamani. Am desemnat 486 responsabili pentru proiecte.', 'doc_existing_c26_13.txt', 435, NULL, 'text_document', 1775839975);
INSERT INTO documentation_files_to_geofeatures (id, geofeature_id, geofeature_type, documentation_file_id, updated_at) VALUES (3896, 26, 'cave', 1666, 1775839975);
INSERT INTO documentation_files_to_geofeatures (id, geofeature_id, geofeature_type, documentation_file_id, updated_at) VALUES (3897, 112, 'cave_area', 1666, 1775839975);
INSERT INTO documentation_files_to_geofeatures (id, geofeature_id, geofeature_type, documentation_file_id, updated_at) VALUES (3898, 1465, 'cave_place', 1666, 1775839975);
INSERT INTO documentation_files (id, title, description, file_name, file_size, file_hash, file_type, created_at) VALUES (1667, 'Document Peștera M2 din Piatra Lupului #14', 'Evidenta resurse hidrologice - punctul 66. Debitul mediu masurat: 146 litri pe secunda. Am efectuat 33 masuratori in perioade diferite. Temperatura apei: 121 grade Celsius, constanta. pH-ul masurat: 119 unitati. Conductivitatea electrica: 267 microsiemensi. Am injectat 280 grame de trasor fluorescent. Trasorul a aparut la izvor dupa 163 ore. Distanta estimata: 416 metri de conducte carstice. Nivelul maxim in sezonul ploios: 66 centimetri peste normal. Am monitorizat 462 izvoare din bazin. Volumul estimat al lacului subteran: 263 metri cubi.', 'doc_existing_c26_14.txt', 546, NULL, 'text_document', 1775839975);
INSERT INTO documentation_files_to_geofeatures (id, geofeature_id, geofeature_type, documentation_file_id, updated_at) VALUES (3899, 26, 'cave', 1667, 1775839975);
INSERT INTO documentation_files_to_geofeatures (id, geofeature_id, geofeature_type, documentation_file_id, updated_at) VALUES (3900, 112, 'cave_area', 1667, 1775839975);
INSERT INTO documentation_files_to_geofeatures (id, geofeature_id, geofeature_type, documentation_file_id, updated_at) VALUES (3901, 1431, 'cave_place', 1667, 1775839975);
INSERT INTO documentation_files (id, title, description, file_name, file_size, file_hash, file_type, created_at) VALUES (1668, 'Foto Peștera M2 din Piatra Lupului #1', 'Fotografie de pestera pentru arhiva tehnica.', '20250108_015331.jpg', 90733, NULL, 'photo', 1775839975);
INSERT INTO documentation_files_to_geofeatures (id, geofeature_id, geofeature_type, documentation_file_id, updated_at) VALUES (3902, 26, 'cave', 1668, 1775839975);
INSERT INTO documentation_files_to_geofeatures (id, geofeature_id, geofeature_type, documentation_file_id, updated_at) VALUES (3903, 113, 'cave_area', 1668, 1775839975);
INSERT INTO documentation_files_to_geofeatures (id, geofeature_id, geofeature_type, documentation_file_id, updated_at) VALUES (3904, 1452, 'cave_place', 1668, 1775839975);
INSERT INTO documentation_files (id, title, description, file_name, file_size, file_hash, file_type, created_at) VALUES (1669, 'Foto Peștera M2 din Piatra Lupului #2', 'Fotografie de pestera pentru arhiva tehnica.', '20250108_051137.jpg', 76321, NULL, 'photo', 1775839975);
INSERT INTO documentation_files_to_geofeatures (id, geofeature_id, geofeature_type, documentation_file_id, updated_at) VALUES (3905, 26, 'cave', 1669, 1775839975);
INSERT INTO documentation_files_to_geofeatures (id, geofeature_id, geofeature_type, documentation_file_id, updated_at) VALUES (3906, 113, 'cave_area', 1669, 1775839975);
INSERT INTO documentation_files_to_geofeatures (id, geofeature_id, geofeature_type, documentation_file_id, updated_at) VALUES (3907, 1431, 'cave_place', 1669, 1775839975);
INSERT INTO documentation_files (id, title, description, file_name, file_size, file_hash, file_type, created_at) VALUES (1670, 'Foto Peștera M2 din Piatra Lupului #3', 'Fotografie de pestera pentru arhiva tehnica.', '20250108_015331.jpg', 90733, NULL, 'photo', 1775839975);
INSERT INTO documentation_files_to_geofeatures (id, geofeature_id, geofeature_type, documentation_file_id, updated_at) VALUES (3908, 26, 'cave', 1670, 1775839975);
INSERT INTO documentation_files_to_geofeatures (id, geofeature_id, geofeature_type, documentation_file_id, updated_at) VALUES (3909, 111, 'cave_area', 1670, 1775839975);
INSERT INTO documentation_files_to_geofeatures (id, geofeature_id, geofeature_type, documentation_file_id, updated_at) VALUES (3910, 1479, 'cave_place', 1670, 1775839975);
INSERT INTO documentation_files (id, title, description, file_name, file_size, file_hash, file_type, created_at) VALUES (1671, 'Foto Peștera M2 din Piatra Lupului #4', 'Fotografie de pestera pentru arhiva tehnica.', '20250105_171938.jpg', 83405, NULL, 'photo', 1775839975);
INSERT INTO documentation_files_to_geofeatures (id, geofeature_id, geofeature_type, documentation_file_id, updated_at) VALUES (3911, 26, 'cave', 1671, 1775839975);
INSERT INTO documentation_files_to_geofeatures (id, geofeature_id, geofeature_type, documentation_file_id, updated_at) VALUES (3912, 112, 'cave_area', 1671, 1775839975);
INSERT INTO documentation_files (id, title, description, file_name, file_size, file_hash, file_type, created_at) VALUES (1672, 'Foto Peștera M2 din Piatra Lupului #5', 'Fotografie de pestera pentru arhiva tehnica.', '20250105_181113.jpg', 110223, NULL, 'photo', 1775839975);
INSERT INTO documentation_files_to_geofeatures (id, geofeature_id, geofeature_type, documentation_file_id, updated_at) VALUES (3913, 26, 'cave', 1672, 1775839975);
INSERT INTO documentation_files (id, title, description, file_name, file_size, file_hash, file_type, created_at) VALUES (1673, 'Document Peștera M3 din Piatra Lupului #1', 'Evidenta resurse hidrologice - punctul 293. Debitul mediu masurat: 26 litri pe secunda. Am efectuat 292 masuratori in perioade diferite. Temperatura apei: 276 grade Celsius, constanta. pH-ul masurat: 75 unitati. Conductivitatea electrica: 7 microsiemensi. Am injectat 199 grame de trasor fluorescent. Trasorul a aparut la izvor dupa 400 ore. Distanta estimata: 34 metri de conducte carstice. Nivelul maxim in sezonul ploios: 152 centimetri peste normal. Am monitorizat 456 izvoare din bazin. Volumul estimat al lacului subteran: 485 metri cubi.', 'doc_existing_c27_1.txt', 544, NULL, 'text_document', 1775839975);
INSERT INTO documentation_files_to_geofeatures (id, geofeature_id, geofeature_type, documentation_file_id, updated_at) VALUES (3914, 27, 'cave', 1673, 1775839975);
INSERT INTO documentation_files_to_geofeatures (id, geofeature_id, geofeature_type, documentation_file_id, updated_at) VALUES (3915, 116, 'cave_area', 1673, 1775839975);
INSERT INTO documentation_files (id, title, description, file_name, file_size, file_hash, file_type, created_at) VALUES (1674, 'Document Peștera M3 din Piatra Lupului #2', 'Raport geologic - profil 242. Stratele de calcar apartin etajului 442. Grosimea medie a stratelor este de 96 centimetri. Fisurile tectonice au un azimut predominant de 215 grade. Am recoltat 2 probe de roca pentru datarea izotopica. Continutul de CaCO3 depaseste 326 procente. Concretii de aragonita au fost gasite la cota 211. Varsta estimata a speleothemelor: 268 mii de ani. Depozitele clastice au o grosime de 461 centimetri. Am identificat 272 tipuri diferite de sedimente. Nivelul paleoclappei fosile este la cota 22 metri. Analiza XRD confirma 31 faze minerale distincte. Sectorul analizat are o lungime de 358 metri. Am realizat 35 profile transversale ale galeriei. Cutele vizibile au amplitudini de 405 centimetri.', 'doc_existing_c27_2.txt', 724, NULL, 'text_document', 1775839975);
INSERT INTO documentation_files_to_geofeatures (id, geofeature_id, geofeature_type, documentation_file_id, updated_at) VALUES (3916, 27, 'cave', 1674, 1775839975);
INSERT INTO documentation_files_to_geofeatures (id, geofeature_id, geofeature_type, documentation_file_id, updated_at) VALUES (3917, 1509, 'cave_place', 1674, 1775839975);
INSERT INTO documentation_files (id, title, description, file_name, file_size, file_hash, file_type, created_at) VALUES (1675, 'Document Peștera M3 din Piatra Lupului #3', 'Evidenta resurse hidrologice - punctul 478. Debitul mediu masurat: 13 litri pe secunda. Am efectuat 116 masuratori in perioade diferite. Temperatura apei: 441 grade Celsius, constanta. pH-ul masurat: 445 unitati. Conductivitatea electrica: 269 microsiemensi. Am injectat 131 grame de trasor fluorescent. Trasorul a aparut la izvor dupa 309 ore. Distanta estimata: 477 metri de conducte carstice. Nivelul maxim in sezonul ploios: 447 centimetri peste normal. Am monitorizat 52 izvoare din bazin. Volumul estimat al lacului subteran: 389 metri cubi.', 'doc_existing_c27_3.txt', 547, NULL, 'text_document', 1775839975);
INSERT INTO documentation_files_to_geofeatures (id, geofeature_id, geofeature_type, documentation_file_id, updated_at) VALUES (3918, 27, 'cave', 1675, 1775839975);
INSERT INTO documentation_files_to_geofeatures (id, geofeature_id, geofeature_type, documentation_file_id, updated_at) VALUES (3919, 1549, 'cave_place', 1675, 1775839975);
INSERT INTO documentation_files (id, title, description, file_name, file_size, file_hash, file_type, created_at) VALUES (1676, 'Document Peștera M3 din Piatra Lupului #4', 'Raport climatologic subteran - statia 297. Senzorul a inregistrat 410 cicluri complete de temperatura. Temperatura medie anuala: 96 grade Celsius. Amplitudinea termica maxima: 443 grade. Umiditatea relativa medie: 386 procente. Concentratia de CO2: 70 ppm. Curentul de aer maxim masurat: 211 metri pe secunda. Directia predominanta a curentului: sector 328. Datalogerul a functionat 329 zile fara intrerupere. Am descarcat 87 megabytes de date brute. Presiunea barometrica la intrare: 70 mbar. Evaporarea masurata: 23 milimetri pe luna. Am comparat datele cu 151 statii meteorologice de suprafata. Raportul complet include 442 grafice si tabele. Monitorizarea continua de 449 luni confirma stabilitatea climatica.', 'doc_existing_c27_4.txt', 713, NULL, 'text_document', 1775839975);
INSERT INTO documentation_files_to_geofeatures (id, geofeature_id, geofeature_type, documentation_file_id, updated_at) VALUES (3920, 27, 'cave', 1676, 1775839975);
INSERT INTO documentation_files (id, title, description, file_name, file_size, file_hash, file_type, created_at) VALUES (1677, 'Document Peștera M3 din Piatra Lupului #5', 'Raport conservare patrimoniu - obiectiv 175. Am evaluat starea a 373 inscriptii istorice. Dintre acestea, 310 necesita interventie urgenta. Am curatat 408 metri patrati de graffiti modern. Am instalat 181 panouri informative la intrare. Bariera de protectie acopera 262 metri liniari. Am documentat 492 urme de vandalism. Raportul a fost transmis autoritatilor locale in 315 exemplare. Am propus clasificarea a 280 formatiuni ca monument natural. Vizitele ghidate sunt limitate la 147 persoane simultan. Am instruit 37 ghizi locali. Costul estimat al lucrarilor: 73 lei. Termenul de finalizare: 405 luni.', 'doc_existing_c27_5.txt', 604, NULL, 'text_document', 1775839975);
INSERT INTO documentation_files_to_geofeatures (id, geofeature_id, geofeature_type, documentation_file_id, updated_at) VALUES (3921, 27, 'cave', 1677, 1775839975);
INSERT INTO documentation_files (id, title, description, file_name, file_size, file_hash, file_type, created_at) VALUES (1678, 'Document Peștera M3 din Piatra Lupului #6', 'Proces verbal intalnire club - sedinta nr. 159. Au participat 421 membri. Am discutat 257 puncte pe ordinea de zi. S-a aprobat bugetul de 300 lei pentru trimestrul urmator. Am planificat 152 expeditii in urmatoarele luni. S-au inscris 170 membri noi. Am evaluat 479 rapoarte de explorare. S-a votat achizitionarea de echipament in valoare de 297 lei. Urmatoarea sedinta: peste 109 saptamani. Am desemnat 324 responsabili pentru proiecte.', 'doc_existing_c27_6.txt', 437, NULL, 'text_document', 1775839975);
INSERT INTO documentation_files_to_geofeatures (id, geofeature_id, geofeature_type, documentation_file_id, updated_at) VALUES (3922, 27, 'cave', 1678, 1775839975);
INSERT INTO documentation_files_to_geofeatures (id, geofeature_id, geofeature_type, documentation_file_id, updated_at) VALUES (3923, 1524, 'cave_place', 1678, 1775839975);
INSERT INTO documentation_files (id, title, description, file_name, file_size, file_hash, file_type, created_at) VALUES (1679, 'Document Peștera M3 din Piatra Lupului #7', 'Raport climatologic subteran - statia 343. Senzorul a inregistrat 294 cicluri complete de temperatura. Temperatura medie anuala: 160 grade Celsius. Amplitudinea termica maxima: 184 grade. Umiditatea relativa medie: 478 procente. Concentratia de CO2: 55 ppm. Curentul de aer maxim masurat: 350 metri pe secunda. Directia predominanta a curentului: sector 138. Datalogerul a functionat 243 zile fara intrerupere. Am descarcat 301 megabytes de date brute. Presiunea barometrica la intrare: 486 mbar. Evaporarea masurata: 266 milimetri pe luna. Am comparat datele cu 117 statii meteorologice de suprafata. Raportul complet include 305 grafice si tabele. Monitorizarea continua de 246 luni confirma stabilitatea climatica.', 'doc_existing_c27_7.txt', 717, NULL, 'text_document', 1775839975);
INSERT INTO documentation_files_to_geofeatures (id, geofeature_id, geofeature_type, documentation_file_id, updated_at) VALUES (3924, 27, 'cave', 1679, 1775839975);
INSERT INTO documentation_files_to_geofeatures (id, geofeature_id, geofeature_type, documentation_file_id, updated_at) VALUES (3925, 116, 'cave_area', 1679, 1775839975);
INSERT INTO documentation_files_to_geofeatures (id, geofeature_id, geofeature_type, documentation_file_id, updated_at) VALUES (3926, 1547, 'cave_place', 1679, 1775839975);
INSERT INTO documentation_files (id, title, description, file_name, file_size, file_hash, file_type, created_at) VALUES (1680, 'Document Peștera M3 din Piatra Lupului #8', 'Evidenta resurse hidrologice - punctul 20. Debitul mediu masurat: 409 litri pe secunda. Am efectuat 226 masuratori in perioade diferite. Temperatura apei: 126 grade Celsius, constanta. pH-ul masurat: 215 unitati. Conductivitatea electrica: 489 microsiemensi. Am injectat 166 grame de trasor fluorescent. Trasorul a aparut la izvor dupa 304 ore. Distanta estimata: 472 metri de conducte carstice. Nivelul maxim in sezonul ploios: 341 centimetri peste normal. Am monitorizat 13 izvoare din bazin. Volumul estimat al lacului subteran: 445 metri cubi.', 'doc_existing_c27_8.txt', 547, NULL, 'text_document', 1775839975);
INSERT INTO documentation_files_to_geofeatures (id, geofeature_id, geofeature_type, documentation_file_id, updated_at) VALUES (3927, 27, 'cave', 1680, 1775839975);
INSERT INTO documentation_files_to_geofeatures (id, geofeature_id, geofeature_type, documentation_file_id, updated_at) VALUES (3928, 116, 'cave_area', 1680, 1775839975);
INSERT INTO documentation_files_to_geofeatures (id, geofeature_id, geofeature_type, documentation_file_id, updated_at) VALUES (3929, 1499, 'cave_place', 1680, 1775839975);
INSERT INTO documentation_files (id, title, description, file_name, file_size, file_hash, file_type, created_at) VALUES (1681, 'Document Peștera M3 din Piatra Lupului #9', 'Evaluare risc - sectorul 62. Am identificat 164 zone cu risc de prabusire a plafonului. Blocurile instabile au dimensiuni de pana la 322 centimetri. Nivelul apei poate creste cu 440 metri in caz de precipitatii. Distanta de la intrare pana la prima zona de risc: 65 metri. Am instalat 32 indicatoare de avertizare reflectorizante. Evacuarea de urgenta dureaza estimativ 114 minute. Echipamentul de prim ajutor este pozitionat la statia 223. Am testat comunicarea radio in 220 puncte critice. Semnalul radio este pierdut dupa 245 metri de la intrare. Am recomandat echipa minima de 261 persoane pentru acest sector. Casca si lampa frontala trebuie verificate la fiecare 15 ore. Protocoalele de securitate au fost revizuite de 310 ori anul acesta. Ultimul incident a avut loc cu 58 luni in urma. Am efectuat 450 exercitii de evacuare. Planul de urgenta a fost actualizat la versiunea 184.', 'doc_existing_c27_9.txt', 886, NULL, 'text_document', 1775839975);
INSERT INTO documentation_files_to_geofeatures (id, geofeature_id, geofeature_type, documentation_file_id, updated_at) VALUES (3930, 27, 'cave', 1681, 1775839975);
INSERT INTO documentation_files_to_geofeatures (id, geofeature_id, geofeature_type, documentation_file_id, updated_at) VALUES (3931, 115, 'cave_area', 1681, 1775839975);
INSERT INTO documentation_files_to_geofeatures (id, geofeature_id, geofeature_type, documentation_file_id, updated_at) VALUES (3932, 1511, 'cave_place', 1681, 1775839975);
INSERT INTO documentation_files (id, title, description, file_name, file_size, file_hash, file_type, created_at) VALUES (1682, 'Document Peștera M3 din Piatra Lupului #10', 'Raport conservare patrimoniu - obiectiv 157. Am evaluat starea a 1 inscriptii istorice. Dintre acestea, 316 necesita interventie urgenta. Am curatat 337 metri patrati de graffiti modern. Am instalat 54 panouri informative la intrare. Bariera de protectie acopera 202 metri liniari. Am documentat 35 urme de vandalism. Raportul a fost transmis autoritatilor locale in 423 exemplare. Am propus clasificarea a 193 formatiuni ca monument natural. Vizitele ghidate sunt limitate la 53 persoane simultan. Am instruit 435 ghizi locali. Costul estimat al lucrarilor: 368 lei. Termenul de finalizare: 349 luni.', 'doc_existing_c27_10.txt', 601, NULL, 'text_document', 1775839975);
INSERT INTO documentation_files_to_geofeatures (id, geofeature_id, geofeature_type, documentation_file_id, updated_at) VALUES (3933, 27, 'cave', 1682, 1775839975);
INSERT INTO documentation_files_to_geofeatures (id, geofeature_id, geofeature_type, documentation_file_id, updated_at) VALUES (3934, 115, 'cave_area', 1682, 1775839975);
INSERT INTO documentation_files (id, title, description, file_name, file_size, file_hash, file_type, created_at) VALUES (1683, 'Document Peștera M3 din Piatra Lupului #11', 'Raport climatologic subteran - statia 415. Senzorul a inregistrat 362 cicluri complete de temperatura. Temperatura medie anuala: 210 grade Celsius. Amplitudinea termica maxima: 210 grade. Umiditatea relativa medie: 9 procente. Concentratia de CO2: 432 ppm. Curentul de aer maxim masurat: 67 metri pe secunda. Directia predominanta a curentului: sector 67. Datalogerul a functionat 177 zile fara intrerupere. Am descarcat 315 megabytes de date brute. Presiunea barometrica la intrare: 324 mbar. Evaporarea masurata: 340 milimetri pe luna. Am comparat datele cu 292 statii meteorologice de suprafata. Raportul complet include 85 grafice si tabele. Monitorizarea continua de 2 luni confirma stabilitatea climatica.', 'doc_existing_c27_11.txt', 711, NULL, 'text_document', 1775839975);
INSERT INTO documentation_files_to_geofeatures (id, geofeature_id, geofeature_type, documentation_file_id, updated_at) VALUES (3935, 27, 'cave', 1683, 1775839975);
INSERT INTO documentation_files_to_geofeatures (id, geofeature_id, geofeature_type, documentation_file_id, updated_at) VALUES (3936, 1487, 'cave_place', 1683, 1775839975);
INSERT INTO documentation_files (id, title, description, file_name, file_size, file_hash, file_type, created_at) VALUES (1684, 'Document Peștera M3 din Piatra Lupului #12', 'Nota de mentenanta balize - traseul 177. Am verificat 104 balize reflectorizante. Dintre acestea, 18 au fost inlocuite. Am adaugat 175 balize noi in zonele nemarcate. Distanta medie intre balize: 81 metri. Am folosit 236 culori diferite conform codificarii. Vizibilitatea minima a balizelor: 296 metri cu lampa frontala. Am eliminat 436 marcaje vechi si confuze. Traseul total balizat: 71 metri. Urmatoarea verificare: peste 287 luni. Materialul consumat: 432 benzi reflectorizante.', 'doc_existing_c27_12.txt', 482, NULL, 'text_document', 1775839975);
INSERT INTO documentation_files_to_geofeatures (id, geofeature_id, geofeature_type, documentation_file_id, updated_at) VALUES (3937, 27, 'cave', 1684, 1775839975);
INSERT INTO documentation_files_to_geofeatures (id, geofeature_id, geofeature_type, documentation_file_id, updated_at) VALUES (3938, 1483, 'cave_place', 1684, 1775839975);
INSERT INTO documentation_files (id, title, description, file_name, file_size, file_hash, file_type, created_at) VALUES (1685, 'Foto Peștera M3 din Piatra Lupului #1', 'Fotografie de pestera pentru arhiva tehnica.', '20250108_055732.jpg', 99069, NULL, 'photo', 1775839975);
INSERT INTO documentation_files_to_geofeatures (id, geofeature_id, geofeature_type, documentation_file_id, updated_at) VALUES (3939, 27, 'cave', 1685, 1775839975);
INSERT INTO documentation_files_to_geofeatures (id, geofeature_id, geofeature_type, documentation_file_id, updated_at) VALUES (3940, 1543, 'cave_place', 1685, 1775839975);
INSERT INTO documentation_files (id, title, description, file_name, file_size, file_hash, file_type, created_at) VALUES (1686, 'Document Peștera M4 din Piatra Lupului #1', 'Evaluare risc - sectorul 304. Am identificat 96 zone cu risc de prabusire a plafonului. Blocurile instabile au dimensiuni de pana la 194 centimetri. Nivelul apei poate creste cu 250 metri in caz de precipitatii. Distanta de la intrare pana la prima zona de risc: 182 metri. Am instalat 454 indicatoare de avertizare reflectorizante. Evacuarea de urgenta dureaza estimativ 41 minute. Echipamentul de prim ajutor este pozitionat la statia 60. Am testat comunicarea radio in 379 puncte critice. Semnalul radio este pierdut dupa 394 metri de la intrare. Am recomandat echipa minima de 242 persoane pentru acest sector. Casca si lampa frontala trebuie verificate la fiecare 445 ore. Protocoalele de securitate au fost revizuite de 283 ori anul acesta. Ultimul incident a avut loc cu 114 luni in urma. Am efectuat 307 exercitii de evacuare. Planul de urgenta a fost actualizat la versiunea 270.', 'doc_existing_c28_1.txt', 888, NULL, 'text_document', 1775839975);
INSERT INTO documentation_files_to_geofeatures (id, geofeature_id, geofeature_type, documentation_file_id, updated_at) VALUES (3941, 28, 'cave', 1686, 1775839975);
INSERT INTO documentation_files_to_geofeatures (id, geofeature_id, geofeature_type, documentation_file_id, updated_at) VALUES (3942, 118, 'cave_area', 1686, 1775839975);
INSERT INTO documentation_files_to_geofeatures (id, geofeature_id, geofeature_type, documentation_file_id, updated_at) VALUES (3943, 1645, 'cave_place', 1686, 1775839975);
INSERT INTO documentation_files (id, title, description, file_name, file_size, file_hash, file_type, created_at) VALUES (1687, 'Document Peștera M4 din Piatra Lupului #2', 'Evidenta resurse hidrologice - punctul 347. Debitul mediu masurat: 436 litri pe secunda. Am efectuat 182 masuratori in perioade diferite. Temperatura apei: 107 grade Celsius, constanta. pH-ul masurat: 204 unitati. Conductivitatea electrica: 281 microsiemensi. Am injectat 382 grame de trasor fluorescent. Trasorul a aparut la izvor dupa 192 ore. Distanta estimata: 431 metri de conducte carstice. Nivelul maxim in sezonul ploios: 254 centimetri peste normal. Am monitorizat 486 izvoare din bazin. Volumul estimat al lacului subteran: 160 metri cubi.', 'doc_existing_c28_2.txt', 549, NULL, 'text_document', 1775839975);
INSERT INTO documentation_files_to_geofeatures (id, geofeature_id, geofeature_type, documentation_file_id, updated_at) VALUES (3944, 28, 'cave', 1687, 1775839975);
INSERT INTO documentation_files_to_geofeatures (id, geofeature_id, geofeature_type, documentation_file_id, updated_at) VALUES (3945, 119, 'cave_area', 1687, 1775839975);
INSERT INTO documentation_files_to_geofeatures (id, geofeature_id, geofeature_type, documentation_file_id, updated_at) VALUES (3946, 1624, 'cave_place', 1687, 1775839975);
INSERT INTO documentation_files (id, title, description, file_name, file_size, file_hash, file_type, created_at) VALUES (1688, 'Document Peștera M4 din Piatra Lupului #3', 'Raport geologic - profil 317. Stratele de calcar apartin etajului 56. Grosimea medie a stratelor este de 427 centimetri. Fisurile tectonice au un azimut predominant de 14 grade. Am recoltat 57 probe de roca pentru datarea izotopica. Continutul de CaCO3 depaseste 217 procente. Concretii de aragonita au fost gasite la cota 490. Varsta estimata a speleothemelor: 450 mii de ani. Depozitele clastice au o grosime de 449 centimetri. Am identificat 376 tipuri diferite de sedimente. Nivelul paleoclappei fosile este la cota 123 metri. Analiza XRD confirma 189 faze minerale distincte. Sectorul analizat are o lungime de 92 metri. Am realizat 139 profile transversale ale galeriei. Cutele vizibile au amplitudini de 106 centimetri.', 'doc_existing_c28_3.txt', 726, NULL, 'text_document', 1775839975);
INSERT INTO documentation_files_to_geofeatures (id, geofeature_id, geofeature_type, documentation_file_id, updated_at) VALUES (3947, 28, 'cave', 1688, 1775839975);
INSERT INTO documentation_files_to_geofeatures (id, geofeature_id, geofeature_type, documentation_file_id, updated_at) VALUES (3948, 117, 'cave_area', 1688, 1775839975);
INSERT INTO documentation_files_to_geofeatures (id, geofeature_id, geofeature_type, documentation_file_id, updated_at) VALUES (3949, 1616, 'cave_place', 1688, 1775839975);
INSERT INTO documentation_files (id, title, description, file_name, file_size, file_hash, file_type, created_at) VALUES (1689, 'Document Peștera M4 din Piatra Lupului #4', 'Raport geologic - profil 142. Stratele de calcar apartin etajului 37. Grosimea medie a stratelor este de 476 centimetri. Fisurile tectonice au un azimut predominant de 228 grade. Am recoltat 94 probe de roca pentru datarea izotopica. Continutul de CaCO3 depaseste 277 procente. Concretii de aragonita au fost gasite la cota 407. Varsta estimata a speleothemelor: 402 mii de ani. Depozitele clastice au o grosime de 316 centimetri. Am identificat 50 tipuri diferite de sedimente. Nivelul paleoclappei fosile este la cota 445 metri. Analiza XRD confirma 389 faze minerale distincte. Sectorul analizat are o lungime de 227 metri. Am realizat 37 profile transversale ale galeriei. Cutele vizibile au amplitudini de 332 centimetri.', 'doc_existing_c28_4.txt', 726, NULL, 'text_document', 1775839975);
INSERT INTO documentation_files_to_geofeatures (id, geofeature_id, geofeature_type, documentation_file_id, updated_at) VALUES (3950, 28, 'cave', 1689, 1775839975);
INSERT INTO documentation_files_to_geofeatures (id, geofeature_id, geofeature_type, documentation_file_id, updated_at) VALUES (3951, 1607, 'cave_place', 1689, 1775839975);
INSERT INTO documentation_files (id, title, description, file_name, file_size, file_hash, file_type, created_at) VALUES (1690, 'Document Peștera M4 din Piatra Lupului #5', 'Nota de mentenanta balize - traseul 4. Am verificat 19 balize reflectorizante. Dintre acestea, 223 au fost inlocuite. Am adaugat 411 balize noi in zonele nemarcate. Distanta medie intre balize: 106 metri. Am folosit 300 culori diferite conform codificarii. Vizibilitatea minima a balizelor: 172 metri cu lampa frontala. Am eliminat 135 marcaje vechi si confuze. Traseul total balizat: 417 metri. Urmatoarea verificare: peste 338 luni. Materialul consumat: 80 benzi reflectorizante.', 'doc_existing_c28_5.txt', 481, NULL, 'text_document', 1775839975);
INSERT INTO documentation_files_to_geofeatures (id, geofeature_id, geofeature_type, documentation_file_id, updated_at) VALUES (3952, 28, 'cave', 1690, 1775839975);
INSERT INTO documentation_files_to_geofeatures (id, geofeature_id, geofeature_type, documentation_file_id, updated_at) VALUES (3953, 117, 'cave_area', 1690, 1775839975);
INSERT INTO documentation_files (id, title, description, file_name, file_size, file_hash, file_type, created_at) VALUES (1691, 'Document Peștera M4 din Piatra Lupului #6', 'Evidenta resurse hidrologice - punctul 195. Debitul mediu masurat: 449 litri pe secunda. Am efectuat 178 masuratori in perioade diferite. Temperatura apei: 447 grade Celsius, constanta. pH-ul masurat: 275 unitati. Conductivitatea electrica: 323 microsiemensi. Am injectat 18 grame de trasor fluorescent. Trasorul a aparut la izvor dupa 207 ore. Distanta estimata: 155 metri de conducte carstice. Nivelul maxim in sezonul ploios: 414 centimetri peste normal. Am monitorizat 47 izvoare din bazin. Volumul estimat al lacului subteran: 268 metri cubi.', 'doc_existing_c28_6.txt', 547, NULL, 'text_document', 1775839975);
INSERT INTO documentation_files_to_geofeatures (id, geofeature_id, geofeature_type, documentation_file_id, updated_at) VALUES (3954, 28, 'cave', 1691, 1775839975);
INSERT INTO documentation_files_to_geofeatures (id, geofeature_id, geofeature_type, documentation_file_id, updated_at) VALUES (3955, 1596, 'cave_place', 1691, 1775839975);
INSERT INTO documentation_files (id, title, description, file_name, file_size, file_hash, file_type, created_at) VALUES (1692, 'Document Peștera M4 din Piatra Lupului #7', 'Evidenta resurse hidrologice - punctul 258. Debitul mediu masurat: 174 litri pe secunda. Am efectuat 313 masuratori in perioade diferite. Temperatura apei: 23 grade Celsius, constanta. pH-ul masurat: 186 unitati. Conductivitatea electrica: 228 microsiemensi. Am injectat 373 grame de trasor fluorescent. Trasorul a aparut la izvor dupa 28 ore. Distanta estimata: 414 metri de conducte carstice. Nivelul maxim in sezonul ploios: 322 centimetri peste normal. Am monitorizat 345 izvoare din bazin. Volumul estimat al lacului subteran: 205 metri cubi.', 'doc_existing_c28_7.txt', 547, NULL, 'text_document', 1775839975);
INSERT INTO documentation_files_to_geofeatures (id, geofeature_id, geofeature_type, documentation_file_id, updated_at) VALUES (3956, 28, 'cave', 1692, 1775839975);
INSERT INTO documentation_files_to_geofeatures (id, geofeature_id, geofeature_type, documentation_file_id, updated_at) VALUES (3957, 1573, 'cave_place', 1692, 1775839975);
INSERT INTO documentation_files (id, title, description, file_name, file_size, file_hash, file_type, created_at) VALUES (1693, 'Foto Peștera M4 din Piatra Lupului #1', 'Fotografie de pestera pentru arhiva tehnica.', '20250105_145407.jpg', 85562, NULL, 'photo', 1775839975);
INSERT INTO documentation_files_to_geofeatures (id, geofeature_id, geofeature_type, documentation_file_id, updated_at) VALUES (3958, 28, 'cave', 1693, 1775839975);
INSERT INTO documentation_files_to_geofeatures (id, geofeature_id, geofeature_type, documentation_file_id, updated_at) VALUES (3959, 120, 'cave_area', 1693, 1775839975);
INSERT INTO documentation_files (id, title, description, file_name, file_size, file_hash, file_type, created_at) VALUES (1694, 'Foto Peștera M4 din Piatra Lupului #2', 'Fotografie de pestera pentru arhiva tehnica.', '20250109_010113.jpg', 100347, NULL, 'photo', 1775839975);
INSERT INTO documentation_files_to_geofeatures (id, geofeature_id, geofeature_type, documentation_file_id, updated_at) VALUES (3960, 28, 'cave', 1694, 1775839975);
INSERT INTO documentation_files_to_geofeatures (id, geofeature_id, geofeature_type, documentation_file_id, updated_at) VALUES (3961, 120, 'cave_area', 1694, 1775839975);
INSERT INTO documentation_files_to_geofeatures (id, geofeature_id, geofeature_type, documentation_file_id, updated_at) VALUES (3962, 1613, 'cave_place', 1694, 1775839975);
INSERT INTO documentation_files (id, title, description, file_name, file_size, file_hash, file_type, created_at) VALUES (1695, 'Foto Peștera M4 din Piatra Lupului #3', 'Fotografie de pestera pentru arhiva tehnica.', '20250105_121005.jpg', 102925, NULL, 'photo', 1775839975);
INSERT INTO documentation_files_to_geofeatures (id, geofeature_id, geofeature_type, documentation_file_id, updated_at) VALUES (3963, 28, 'cave', 1695, 1775839975);
INSERT INTO documentation_files_to_geofeatures (id, geofeature_id, geofeature_type, documentation_file_id, updated_at) VALUES (3964, 117, 'cave_area', 1695, 1775839975);
INSERT INTO documentation_files_to_geofeatures (id, geofeature_id, geofeature_type, documentation_file_id, updated_at) VALUES (3965, 1589, 'cave_place', 1695, 1775839975);
INSERT INTO documentation_files (id, title, description, file_name, file_size, file_hash, file_type, created_at) VALUES (1696, 'Foto Peștera M4 din Piatra Lupului #4', 'Fotografie de pestera pentru arhiva tehnica.', '20250106_213733.jpg', 76066, NULL, 'photo', 1775839975);
INSERT INTO documentation_files_to_geofeatures (id, geofeature_id, geofeature_type, documentation_file_id, updated_at) VALUES (3966, 28, 'cave', 1696, 1775839975);
INSERT INTO documentation_files_to_geofeatures (id, geofeature_id, geofeature_type, documentation_file_id, updated_at) VALUES (3967, 117, 'cave_area', 1696, 1775839975);
INSERT INTO documentation_files_to_geofeatures (id, geofeature_id, geofeature_type, documentation_file_id, updated_at) VALUES (3968, 1625, 'cave_place', 1696, 1775839975);
INSERT INTO documentation_files (id, title, description, file_name, file_size, file_hash, file_type, created_at) VALUES (1697, 'Foto Peștera M4 din Piatra Lupului #5', 'Fotografie de pestera pentru arhiva tehnica.', '20250108_015331.jpg', 90733, NULL, 'photo', 1775839975);
INSERT INTO documentation_files_to_geofeatures (id, geofeature_id, geofeature_type, documentation_file_id, updated_at) VALUES (3969, 28, 'cave', 1697, 1775839975);
INSERT INTO documentation_files_to_geofeatures (id, geofeature_id, geofeature_type, documentation_file_id, updated_at) VALUES (3970, 1628, 'cave_place', 1697, 1775839975);
INSERT INTO documentation_files (id, title, description, file_name, file_size, file_hash, file_type, created_at) VALUES (1698, 'Foto Peștera M4 din Piatra Lupului #6', 'Fotografie de pestera pentru arhiva tehnica.', '20250108_070400.jpg', 71580, NULL, 'photo', 1775839975);
INSERT INTO documentation_files_to_geofeatures (id, geofeature_id, geofeature_type, documentation_file_id, updated_at) VALUES (3971, 28, 'cave', 1698, 1775839975);
INSERT INTO documentation_files (id, title, description, file_name, file_size, file_hash, file_type, created_at) VALUES (1699, 'Foto Peștera M4 din Piatra Lupului #7', 'Fotografie de pestera pentru arhiva tehnica.', '20250109_011630.jpg', 92323, NULL, 'photo', 1775839975);
INSERT INTO documentation_files_to_geofeatures (id, geofeature_id, geofeature_type, documentation_file_id, updated_at) VALUES (3972, 28, 'cave', 1699, 1775839975);
INSERT INTO documentation_files_to_geofeatures (id, geofeature_id, geofeature_type, documentation_file_id, updated_at) VALUES (3973, 117, 'cave_area', 1699, 1775839975);
INSERT INTO documentation_files_to_geofeatures (id, geofeature_id, geofeature_type, documentation_file_id, updated_at) VALUES (3974, 1559, 'cave_place', 1699, 1775839975);
INSERT INTO documentation_files (id, title, description, file_name, file_size, file_hash, file_type, created_at) VALUES (1700, 'Foto Peștera M4 din Piatra Lupului #8', 'Fotografie de pestera pentru arhiva tehnica.', '20250106_172237.jpg', 100771, NULL, 'photo', 1775839975);
INSERT INTO documentation_files_to_geofeatures (id, geofeature_id, geofeature_type, documentation_file_id, updated_at) VALUES (3975, 28, 'cave', 1700, 1775839975);
INSERT INTO documentation_files_to_geofeatures (id, geofeature_id, geofeature_type, documentation_file_id, updated_at) VALUES (3976, 119, 'cave_area', 1700, 1775839975);
INSERT INTO documentation_files (id, title, description, file_name, file_size, file_hash, file_type, created_at) VALUES (1701, 'Foto Peștera M4 din Piatra Lupului #9', 'Fotografie de pestera pentru arhiva tehnica.', '20250105_180110.jpg', 94499, NULL, 'photo', 1775839975);
INSERT INTO documentation_files_to_geofeatures (id, geofeature_id, geofeature_type, documentation_file_id, updated_at) VALUES (3977, 28, 'cave', 1701, 1775839975);
INSERT INTO documentation_files_to_geofeatures (id, geofeature_id, geofeature_type, documentation_file_id, updated_at) VALUES (3978, 117, 'cave_area', 1701, 1775839975);
INSERT INTO documentation_files (id, title, description, file_name, file_size, file_hash, file_type, created_at) VALUES (1702, 'Document Avenul M5 din Piatra Lupului #1', 'Raport conservare patrimoniu - obiectiv 37. Am evaluat starea a 289 inscriptii istorice. Dintre acestea, 47 necesita interventie urgenta. Am curatat 183 metri patrati de graffiti modern. Am instalat 184 panouri informative la intrare. Bariera de protectie acopera 229 metri liniari. Am documentat 125 urme de vandalism. Raportul a fost transmis autoritatilor locale in 475 exemplare. Am propus clasificarea a 36 formatiuni ca monument natural. Vizitele ghidate sunt limitate la 152 persoane simultan. Am instruit 423 ghizi locali. Costul estimat al lucrarilor: 219 lei. Termenul de finalizare: 455 luni.', 'doc_existing_c29_1.txt', 603, NULL, 'text_document', 1775839975);
INSERT INTO documentation_files_to_geofeatures (id, geofeature_id, geofeature_type, documentation_file_id, updated_at) VALUES (3979, 29, 'cave', 1702, 1775839975);
INSERT INTO documentation_files_to_geofeatures (id, geofeature_id, geofeature_type, documentation_file_id, updated_at) VALUES (3980, 123, 'cave_area', 1702, 1775839975);
INSERT INTO documentation_files (id, title, description, file_name, file_size, file_hash, file_type, created_at) VALUES (1703, 'Document Avenul M5 din Piatra Lupului #2', 'Raport climatologic subteran - statia 297. Senzorul a inregistrat 242 cicluri complete de temperatura. Temperatura medie anuala: 2 grade Celsius. Amplitudinea termica maxima: 473 grade. Umiditatea relativa medie: 3 procente. Concentratia de CO2: 284 ppm. Curentul de aer maxim masurat: 378 metri pe secunda. Directia predominanta a curentului: sector 461. Datalogerul a functionat 139 zile fara intrerupere. Am descarcat 430 megabytes de date brute. Presiunea barometrica la intrare: 57 mbar. Evaporarea masurata: 40 milimetri pe luna. Am comparat datele cu 148 statii meteorologice de suprafata. Raportul complet include 121 grafice si tabele. Monitorizarea continua de 320 luni confirma stabilitatea climatica.', 'doc_existing_c29_2.txt', 712, NULL, 'text_document', 1775839975);
INSERT INTO documentation_files_to_geofeatures (id, geofeature_id, geofeature_type, documentation_file_id, updated_at) VALUES (3981, 29, 'cave', 1703, 1775839975);
INSERT INTO documentation_files_to_geofeatures (id, geofeature_id, geofeature_type, documentation_file_id, updated_at) VALUES (3982, 124, 'cave_area', 1703, 1775839975);
INSERT INTO documentation_files_to_geofeatures (id, geofeature_id, geofeature_type, documentation_file_id, updated_at) VALUES (3983, 1664, 'cave_place', 1703, 1775839975);
INSERT INTO documentation_files (id, title, description, file_name, file_size, file_hash, file_type, created_at) VALUES (1704, 'Document Avenul M5 din Piatra Lupului #3', 'Evidenta resurse hidrologice - punctul 127. Debitul mediu masurat: 68 litri pe secunda. Am efectuat 276 masuratori in perioade diferite. Temperatura apei: 183 grade Celsius, constanta. pH-ul masurat: 315 unitati. Conductivitatea electrica: 184 microsiemensi. Am injectat 111 grame de trasor fluorescent. Trasorul a aparut la izvor dupa 246 ore. Distanta estimata: 439 metri de conducte carstice. Nivelul maxim in sezonul ploios: 84 centimetri peste normal. Am monitorizat 436 izvoare din bazin. Volumul estimat al lacului subteran: 133 metri cubi.', 'doc_existing_c29_3.txt', 547, NULL, 'text_document', 1775839975);
INSERT INTO documentation_files_to_geofeatures (id, geofeature_id, geofeature_type, documentation_file_id, updated_at) VALUES (3984, 29, 'cave', 1704, 1775839975);
INSERT INTO documentation_files_to_geofeatures (id, geofeature_id, geofeature_type, documentation_file_id, updated_at) VALUES (3985, 121, 'cave_area', 1704, 1775839975);
INSERT INTO documentation_files_to_geofeatures (id, geofeature_id, geofeature_type, documentation_file_id, updated_at) VALUES (3986, 1649, 'cave_place', 1704, 1775839975);
INSERT INTO documentation_files (id, title, description, file_name, file_size, file_hash, file_type, created_at) VALUES (1705, 'Document Avenul M5 din Piatra Lupului #4', 'Studiu speleogenetic - sectorul 169. Am analizat 434 probe de calcar sub microscop. Varsta estimata a galeriei: 446 milioane de ani. Am identificat 92 faze de speleogeneza. Nivelul freatic actual este la 286 metri adancime. Am corelat cu 113 alte pesteri din zona. Porozitatea medie a rocii: 183 procente. Am realizat 340 sectiuni subtiri din probe. Studiul va fi publicat in volumul 86 al buletinului. Am colaborat cu 105 geologi specialisti.', 'doc_existing_c29_4.txt', 443, NULL, 'text_document', 1775839975);
INSERT INTO documentation_files_to_geofeatures (id, geofeature_id, geofeature_type, documentation_file_id, updated_at) VALUES (3987, 29, 'cave', 1705, 1775839975);
INSERT INTO documentation_files_to_geofeatures (id, geofeature_id, geofeature_type, documentation_file_id, updated_at) VALUES (3988, 125, 'cave_area', 1705, 1775839975);
INSERT INTO documentation_files_to_geofeatures (id, geofeature_id, geofeature_type, documentation_file_id, updated_at) VALUES (3989, 1704, 'cave_place', 1705, 1775839975);
INSERT INTO documentation_files (id, title, description, file_name, file_size, file_hash, file_type, created_at) VALUES (1706, 'Document Avenul M5 din Piatra Lupului #5', 'Raport geologic - profil 216. Stratele de calcar apartin etajului 438. Grosimea medie a stratelor este de 216 centimetri. Fisurile tectonice au un azimut predominant de 451 grade. Am recoltat 471 probe de roca pentru datarea izotopica. Continutul de CaCO3 depaseste 20 procente. Concretii de aragonita au fost gasite la cota 2. Varsta estimata a speleothemelor: 350 mii de ani. Depozitele clastice au o grosime de 421 centimetri. Am identificat 231 tipuri diferite de sedimente. Nivelul paleoclappei fosile este la cota 12 metri. Analiza XRD confirma 454 faze minerale distincte. Sectorul analizat are o lungime de 4 metri. Am realizat 259 profile transversale ale galeriei. Cutele vizibile au amplitudini de 230 centimetri.', 'doc_existing_c29_5.txt', 724, NULL, 'text_document', 1775839975);
INSERT INTO documentation_files_to_geofeatures (id, geofeature_id, geofeature_type, documentation_file_id, updated_at) VALUES (3990, 29, 'cave', 1706, 1775839975);
INSERT INTO documentation_files_to_geofeatures (id, geofeature_id, geofeature_type, documentation_file_id, updated_at) VALUES (3991, 124, 'cave_area', 1706, 1775839975);
INSERT INTO documentation_files_to_geofeatures (id, geofeature_id, geofeature_type, documentation_file_id, updated_at) VALUES (3992, 1670, 'cave_place', 1706, 1775839975);
INSERT INTO documentation_files (id, title, description, file_name, file_size, file_hash, file_type, created_at) VALUES (1707, 'Document Avenul M5 din Piatra Lupului #6', 'Nota de mentenanta balize - traseul 231. Am verificat 498 balize reflectorizante. Dintre acestea, 178 au fost inlocuite. Am adaugat 64 balize noi in zonele nemarcate. Distanta medie intre balize: 14 metri. Am folosit 278 culori diferite conform codificarii. Vizibilitatea minima a balizelor: 262 metri cu lampa frontala. Am eliminat 448 marcaje vechi si confuze. Traseul total balizat: 71 metri. Urmatoarea verificare: peste 64 luni. Materialul consumat: 239 benzi reflectorizante.', 'doc_existing_c29_6.txt', 481, NULL, 'text_document', 1775839975);
INSERT INTO documentation_files_to_geofeatures (id, geofeature_id, geofeature_type, documentation_file_id, updated_at) VALUES (3993, 29, 'cave', 1707, 1775839975);
INSERT INTO documentation_files_to_geofeatures (id, geofeature_id, geofeature_type, documentation_file_id, updated_at) VALUES (3994, 125, 'cave_area', 1707, 1775839975);
INSERT INTO documentation_files_to_geofeatures (id, geofeature_id, geofeature_type, documentation_file_id, updated_at) VALUES (3995, 1654, 'cave_place', 1707, 1775839975);
INSERT INTO documentation_files (id, title, description, file_name, file_size, file_hash, file_type, created_at) VALUES (1708, 'Document Avenul M5 din Piatra Lupului #7', 'Raport conservare patrimoniu - obiectiv 119. Am evaluat starea a 102 inscriptii istorice. Dintre acestea, 409 necesita interventie urgenta. Am curatat 470 metri patrati de graffiti modern. Am instalat 144 panouri informative la intrare. Bariera de protectie acopera 23 metri liniari. Am documentat 407 urme de vandalism. Raportul a fost transmis autoritatilor locale in 315 exemplare. Am propus clasificarea a 366 formatiuni ca monument natural. Vizitele ghidate sunt limitate la 245 persoane simultan. Am instruit 482 ghizi locali. Costul estimat al lucrarilor: 485 lei. Termenul de finalizare: 257 luni.', 'doc_existing_c29_7.txt', 605, NULL, 'text_document', 1775839975);
INSERT INTO documentation_files_to_geofeatures (id, geofeature_id, geofeature_type, documentation_file_id, updated_at) VALUES (3996, 29, 'cave', 1708, 1775839975);
INSERT INTO documentation_files_to_geofeatures (id, geofeature_id, geofeature_type, documentation_file_id, updated_at) VALUES (3997, 1709, 'cave_place', 1708, 1775839975);
INSERT INTO documentation_files (id, title, description, file_name, file_size, file_hash, file_type, created_at) VALUES (1709, 'Document Avenul M5 din Piatra Lupului #8', 'Nota de mentenanta balize - traseul 366. Am verificat 275 balize reflectorizante. Dintre acestea, 446 au fost inlocuite. Am adaugat 7 balize noi in zonele nemarcate. Distanta medie intre balize: 326 metri. Am folosit 483 culori diferite conform codificarii. Vizibilitatea minima a balizelor: 399 metri cu lampa frontala. Am eliminat 165 marcaje vechi si confuze. Traseul total balizat: 127 metri. Urmatoarea verificare: peste 388 luni. Materialul consumat: 317 benzi reflectorizante.', 'doc_existing_c29_8.txt', 483, NULL, 'text_document', 1775839975);
INSERT INTO documentation_files_to_geofeatures (id, geofeature_id, geofeature_type, documentation_file_id, updated_at) VALUES (3998, 29, 'cave', 1709, 1775839975);
INSERT INTO documentation_files_to_geofeatures (id, geofeature_id, geofeature_type, documentation_file_id, updated_at) VALUES (3999, 1651, 'cave_place', 1709, 1775839975);
INSERT INTO documentation_files (id, title, description, file_name, file_size, file_hash, file_type, created_at) VALUES (1710, 'Document Avenul M5 din Piatra Lupului #9', 'Nota de mentenanta balize - traseul 59. Am verificat 483 balize reflectorizante. Dintre acestea, 96 au fost inlocuite. Am adaugat 363 balize noi in zonele nemarcate. Distanta medie intre balize: 404 metri. Am folosit 169 culori diferite conform codificarii. Vizibilitatea minima a balizelor: 432 metri cu lampa frontala. Am eliminat 174 marcaje vechi si confuze. Traseul total balizat: 53 metri. Urmatoarea verificare: peste 330 luni. Materialul consumat: 70 benzi reflectorizante.', 'doc_existing_c29_9.txt', 481, NULL, 'text_document', 1775839975);
INSERT INTO documentation_files_to_geofeatures (id, geofeature_id, geofeature_type, documentation_file_id, updated_at) VALUES (4000, 29, 'cave', 1710, 1775839975);
INSERT INTO documentation_files_to_geofeatures (id, geofeature_id, geofeature_type, documentation_file_id, updated_at) VALUES (4001, 1667, 'cave_place', 1710, 1775839975);
INSERT INTO documentation_files (id, title, description, file_name, file_size, file_hash, file_type, created_at) VALUES (1711, 'Document Avenul M5 din Piatra Lupului #10', 'Fisa tehnica echipare put - verticala nr. 339. Adancimea: 451 metri. Am instalat 376 spituri din otel inoxidabil. Distanta intre spituri: 21 metri. Lungimea corzii principale: 338 metri. Coarda de siguranta: 454 metri. Am montat 218 protectoare de franghie. Fractionarea se face la 204 metri de buza putului. Deviatia este la 398 metri sub fractionare. Am testat echiparea cu 166 coborari. Ultimul control al spiturilor: acum 37 luni.', 'doc_existing_c29_10.txt', 434, NULL, 'text_document', 1775839975);
INSERT INTO documentation_files_to_geofeatures (id, geofeature_id, geofeature_type, documentation_file_id, updated_at) VALUES (4002, 29, 'cave', 1711, 1775839975);
INSERT INTO documentation_files_to_geofeatures (id, geofeature_id, geofeature_type, documentation_file_id, updated_at) VALUES (4003, 124, 'cave_area', 1711, 1775839975);
INSERT INTO documentation_files_to_geofeatures (id, geofeature_id, geofeature_type, documentation_file_id, updated_at) VALUES (4004, 1698, 'cave_place', 1711, 1775839975);
INSERT INTO documentation_files (id, title, description, file_name, file_size, file_hash, file_type, created_at) VALUES (1712, 'Document Avenul M5 din Piatra Lupului #11', 'Proces verbal intalnire club - sedinta nr. 297. Au participat 320 membri. Am discutat 310 puncte pe ordinea de zi. S-a aprobat bugetul de 235 lei pentru trimestrul urmator. Am planificat 460 expeditii in urmatoarele luni. S-au inscris 255 membri noi. Am evaluat 474 rapoarte de explorare. S-a votat achizitionarea de echipament in valoare de 156 lei. Urmatoarea sedinta: peste 301 saptamani. Am desemnat 128 responsabili pentru proiecte.', 'doc_existing_c29_11.txt', 437, NULL, 'text_document', 1775839975);
INSERT INTO documentation_files_to_geofeatures (id, geofeature_id, geofeature_type, documentation_file_id, updated_at) VALUES (4005, 29, 'cave', 1712, 1775839975);
INSERT INTO documentation_files_to_geofeatures (id, geofeature_id, geofeature_type, documentation_file_id, updated_at) VALUES (4006, 1710, 'cave_place', 1712, 1775839975);
INSERT INTO documentation_files (id, title, description, file_name, file_size, file_hash, file_type, created_at) VALUES (1713, 'Document Avenul M5 din Piatra Lupului #12', 'Proces verbal intalnire club - sedinta nr. 363. Au participat 40 membri. Am discutat 396 puncte pe ordinea de zi. S-a aprobat bugetul de 142 lei pentru trimestrul urmator. Am planificat 224 expeditii in urmatoarele luni. S-au inscris 55 membri noi. Am evaluat 223 rapoarte de explorare. S-a votat achizitionarea de echipament in valoare de 206 lei. Urmatoarea sedinta: peste 266 saptamani. Am desemnat 150 responsabili pentru proiecte.', 'doc_existing_c29_12.txt', 435, NULL, 'text_document', 1775839975);
INSERT INTO documentation_files_to_geofeatures (id, geofeature_id, geofeature_type, documentation_file_id, updated_at) VALUES (4007, 29, 'cave', 1713, 1775839975);
INSERT INTO documentation_files (id, title, description, file_name, file_size, file_hash, file_type, created_at) VALUES (1714, 'Foto Avenul M5 din Piatra Lupului #1', 'Fotografie de pestera pentru arhiva tehnica.', '20250105_211239.jpg', 111085, NULL, 'photo', 1775839975);
INSERT INTO documentation_files_to_geofeatures (id, geofeature_id, geofeature_type, documentation_file_id, updated_at) VALUES (4008, 29, 'cave', 1714, 1775839975);
INSERT INTO documentation_files_to_geofeatures (id, geofeature_id, geofeature_type, documentation_file_id, updated_at) VALUES (4009, 121, 'cave_area', 1714, 1775839975);
INSERT INTO documentation_files_to_geofeatures (id, geofeature_id, geofeature_type, documentation_file_id, updated_at) VALUES (4010, 1696, 'cave_place', 1714, 1775839975);
INSERT INTO documentation_files (id, title, description, file_name, file_size, file_hash, file_type, created_at) VALUES (1715, 'Foto Avenul M5 din Piatra Lupului #2', 'Fotografie de pestera pentru arhiva tehnica.', '20250109_010113.jpg', 100347, NULL, 'photo', 1775839975);
INSERT INTO documentation_files_to_geofeatures (id, geofeature_id, geofeature_type, documentation_file_id, updated_at) VALUES (4011, 29, 'cave', 1715, 1775839975);
INSERT INTO documentation_files_to_geofeatures (id, geofeature_id, geofeature_type, documentation_file_id, updated_at) VALUES (4012, 1689, 'cave_place', 1715, 1775839975);
INSERT INTO documentation_files (id, title, description, file_name, file_size, file_hash, file_type, created_at) VALUES (1716, 'Foto Avenul M5 din Piatra Lupului #3', 'Fotografie de pestera pentru arhiva tehnica.', '20250105_181113.jpg', 110223, NULL, 'photo', 1775839975);
INSERT INTO documentation_files_to_geofeatures (id, geofeature_id, geofeature_type, documentation_file_id, updated_at) VALUES (4013, 29, 'cave', 1716, 1775839975);
INSERT INTO documentation_files_to_geofeatures (id, geofeature_id, geofeature_type, documentation_file_id, updated_at) VALUES (4014, 125, 'cave_area', 1716, 1775839975);
INSERT INTO documentation_files_to_geofeatures (id, geofeature_id, geofeature_type, documentation_file_id, updated_at) VALUES (4015, 1693, 'cave_place', 1716, 1775839975);
INSERT INTO documentation_files (id, title, description, file_name, file_size, file_hash, file_type, created_at) VALUES (1717, 'Foto Avenul M5 din Piatra Lupului #4', 'Fotografie de pestera pentru arhiva tehnica.', '20250108_070400.jpg', 71580, NULL, 'photo', 1775839975);
INSERT INTO documentation_files_to_geofeatures (id, geofeature_id, geofeature_type, documentation_file_id, updated_at) VALUES (4016, 29, 'cave', 1717, 1775839975);
INSERT INTO documentation_files_to_geofeatures (id, geofeature_id, geofeature_type, documentation_file_id, updated_at) VALUES (4017, 125, 'cave_area', 1717, 1775839975);
INSERT INTO documentation_files_to_geofeatures (id, geofeature_id, geofeature_type, documentation_file_id, updated_at) VALUES (4018, 1667, 'cave_place', 1717, 1775839975);
INSERT INTO documentation_files (id, title, description, file_name, file_size, file_hash, file_type, created_at) VALUES (1718, 'Foto Avenul M5 din Piatra Lupului #5', 'Fotografie de pestera pentru arhiva tehnica.', '20250108_070400.jpg', 71580, NULL, 'photo', 1775839975);
INSERT INTO documentation_files_to_geofeatures (id, geofeature_id, geofeature_type, documentation_file_id, updated_at) VALUES (4019, 29, 'cave', 1718, 1775839975);
INSERT INTO documentation_files_to_geofeatures (id, geofeature_id, geofeature_type, documentation_file_id, updated_at) VALUES (4020, 124, 'cave_area', 1718, 1775839975);
INSERT INTO documentation_files_to_geofeatures (id, geofeature_id, geofeature_type, documentation_file_id, updated_at) VALUES (4021, 1681, 'cave_place', 1718, 1775839975);
INSERT INTO documentation_files (id, title, description, file_name, file_size, file_hash, file_type, created_at) VALUES (1719, 'Foto Avenul M5 din Piatra Lupului #6', 'Fotografie de pestera pentru arhiva tehnica.', '20250105_112245.jpg', 24061, NULL, 'photo', 1775839975);
INSERT INTO documentation_files_to_geofeatures (id, geofeature_id, geofeature_type, documentation_file_id, updated_at) VALUES (4022, 29, 'cave', 1719, 1775839975);
INSERT INTO documentation_files_to_geofeatures (id, geofeature_id, geofeature_type, documentation_file_id, updated_at) VALUES (4023, 1684, 'cave_place', 1719, 1775839975);
INSERT INTO documentation_files (id, title, description, file_name, file_size, file_hash, file_type, created_at) VALUES (1720, 'Foto Avenul M5 din Piatra Lupului #7', 'Fotografie de pestera pentru arhiva tehnica.', '20250106_172237.jpg', 100771, NULL, 'photo', 1775839975);
INSERT INTO documentation_files_to_geofeatures (id, geofeature_id, geofeature_type, documentation_file_id, updated_at) VALUES (4024, 29, 'cave', 1720, 1775839975);
INSERT INTO documentation_files_to_geofeatures (id, geofeature_id, geofeature_type, documentation_file_id, updated_at) VALUES (4025, 1653, 'cave_place', 1720, 1775839975);
INSERT INTO documentation_files (id, title, description, file_name, file_size, file_hash, file_type, created_at) VALUES (1721, 'Foto Avenul M5 din Piatra Lupului #8', 'Fotografie de pestera pentru arhiva tehnica.', '20250105_175952.jpg', 82206, NULL, 'photo', 1775839975);
INSERT INTO documentation_files_to_geofeatures (id, geofeature_id, geofeature_type, documentation_file_id, updated_at) VALUES (4026, 29, 'cave', 1721, 1775839975);
INSERT INTO documentation_files_to_geofeatures (id, geofeature_id, geofeature_type, documentation_file_id, updated_at) VALUES (4027, 121, 'cave_area', 1721, 1775839975);
INSERT INTO documentation_files_to_geofeatures (id, geofeature_id, geofeature_type, documentation_file_id, updated_at) VALUES (4028, 1708, 'cave_place', 1721, 1775839975);
INSERT INTO documentation_files (id, title, description, file_name, file_size, file_hash, file_type, created_at) VALUES (1722, 'Foto Avenul M5 din Piatra Lupului #9', 'Fotografie de pestera pentru arhiva tehnica.', '20250107_045319.jpg', 70367, NULL, 'photo', 1775839975);
INSERT INTO documentation_files_to_geofeatures (id, geofeature_id, geofeature_type, documentation_file_id, updated_at) VALUES (4029, 29, 'cave', 1722, 1775839975);
INSERT INTO documentation_files_to_geofeatures (id, geofeature_id, geofeature_type, documentation_file_id, updated_at) VALUES (4030, 124, 'cave_area', 1722, 1775839975);
INSERT INTO documentation_files_to_geofeatures (id, geofeature_id, geofeature_type, documentation_file_id, updated_at) VALUES (4031, 1712, 'cave_place', 1722, 1775839975);
INSERT INTO documentation_files (id, title, description, file_name, file_size, file_hash, file_type, created_at) VALUES (1723, 'Foto Avenul M5 din Piatra Lupului #10', 'Fotografie de pestera pentru arhiva tehnica.', '20250105_171938.jpg', 83405, NULL, 'photo', 1775839975);
INSERT INTO documentation_files_to_geofeatures (id, geofeature_id, geofeature_type, documentation_file_id, updated_at) VALUES (4032, 29, 'cave', 1723, 1775839975);
INSERT INTO documentation_files_to_geofeatures (id, geofeature_id, geofeature_type, documentation_file_id, updated_at) VALUES (4033, 122, 'cave_area', 1723, 1775839975);
INSERT INTO documentation_files_to_geofeatures (id, geofeature_id, geofeature_type, documentation_file_id, updated_at) VALUES (4034, 1707, 'cave_place', 1723, 1775839975);
INSERT INTO documentation_files (id, title, description, file_name, file_size, file_hash, file_type, created_at) VALUES (1724, 'Foto Avenul M5 din Piatra Lupului #11', 'Fotografie de pestera pentru arhiva tehnica.', '20250106_172237.jpg', 100771, NULL, 'photo', 1775839975);
INSERT INTO documentation_files_to_geofeatures (id, geofeature_id, geofeature_type, documentation_file_id, updated_at) VALUES (4035, 29, 'cave', 1724, 1775839975);
INSERT INTO documentation_files_to_geofeatures (id, geofeature_id, geofeature_type, documentation_file_id, updated_at) VALUES (4036, 123, 'cave_area', 1724, 1775839975);
INSERT INTO documentation_files_to_geofeatures (id, geofeature_id, geofeature_type, documentation_file_id, updated_at) VALUES (4037, 1707, 'cave_place', 1724, 1775839975);
INSERT INTO documentation_files (id, title, description, file_name, file_size, file_hash, file_type, created_at) VALUES (1725, 'Foto Avenul M5 din Piatra Lupului #12', 'Fotografie de pestera pentru arhiva tehnica.', '20250105_112245.jpg', 24061, NULL, 'photo', 1775839975);
INSERT INTO documentation_files_to_geofeatures (id, geofeature_id, geofeature_type, documentation_file_id, updated_at) VALUES (4038, 29, 'cave', 1725, 1775839975);
INSERT INTO documentation_files_to_geofeatures (id, geofeature_id, geofeature_type, documentation_file_id, updated_at) VALUES (4039, 122, 'cave_area', 1725, 1775839975);
INSERT INTO documentation_files_to_geofeatures (id, geofeature_id, geofeature_type, documentation_file_id, updated_at) VALUES (4040, 1662, 'cave_place', 1725, 1775839975);
INSERT INTO documentation_files (id, title, description, file_name, file_size, file_hash, file_type, created_at) VALUES (1726, 'Foto Avenul M5 din Piatra Lupului #13', 'Fotografie de pestera pentru arhiva tehnica.', '20250105_211239.jpg', 111085, NULL, 'photo', 1775839975);
INSERT INTO documentation_files_to_geofeatures (id, geofeature_id, geofeature_type, documentation_file_id, updated_at) VALUES (4041, 29, 'cave', 1726, 1775839975);
INSERT INTO documentation_files_to_geofeatures (id, geofeature_id, geofeature_type, documentation_file_id, updated_at) VALUES (4042, 124, 'cave_area', 1726, 1775839975);
INSERT INTO documentation_files (id, title, description, file_name, file_size, file_hash, file_type, created_at) VALUES (1727, 'Foto Avenul M5 din Piatra Lupului #14', 'Fotografie de pestera pentru arhiva tehnica.', '20250107_045319.jpg', 70367, NULL, 'photo', 1775839975);
INSERT INTO documentation_files_to_geofeatures (id, geofeature_id, geofeature_type, documentation_file_id, updated_at) VALUES (4043, 29, 'cave', 1727, 1775839975);
INSERT INTO documentation_files_to_geofeatures (id, geofeature_id, geofeature_type, documentation_file_id, updated_at) VALUES (4044, 124, 'cave_area', 1727, 1775839975);
INSERT INTO documentation_files_to_geofeatures (id, geofeature_id, geofeature_type, documentation_file_id, updated_at) VALUES (4045, 1689, 'cave_place', 1727, 1775839975);
INSERT INTO documentation_files (id, title, description, file_name, file_size, file_hash, file_type, created_at) VALUES (1728, 'Document Avenul X2 din Piatra Lupului #1', 'Nota de mentenanta balize - traseul 207. Am verificat 117 balize reflectorizante. Dintre acestea, 161 au fost inlocuite. Am adaugat 217 balize noi in zonele nemarcate. Distanta medie intre balize: 143 metri. Am folosit 358 culori diferite conform codificarii. Vizibilitatea minima a balizelor: 178 metri cu lampa frontala. Am eliminat 320 marcaje vechi si confuze. Traseul total balizat: 113 metri. Urmatoarea verificare: peste 307 luni. Materialul consumat: 240 benzi reflectorizante.', 'doc_existing_c30_1.txt', 485, NULL, 'text_document', 1775839975);
INSERT INTO documentation_files_to_geofeatures (id, geofeature_id, geofeature_type, documentation_file_id, updated_at) VALUES (4046, 30, 'cave', 1728, 1775839975);
INSERT INTO documentation_files_to_geofeatures (id, geofeature_id, geofeature_type, documentation_file_id, updated_at) VALUES (4047, 1738, 'cave_place', 1728, 1775839975);
INSERT INTO documentation_files (id, title, description, file_name, file_size, file_hash, file_type, created_at) VALUES (1729, 'Document Avenul X2 din Piatra Lupului #2', 'Studiu speleogenetic - sectorul 68. Am analizat 482 probe de calcar sub microscop. Varsta estimata a galeriei: 325 milioane de ani. Am identificat 375 faze de speleogeneza. Nivelul freatic actual este la 413 metri adancime. Am corelat cu 370 alte pesteri din zona. Porozitatea medie a rocii: 302 procente. Am realizat 93 sectiuni subtiri din probe. Studiul va fi publicat in volumul 456 al buletinului. Am colaborat cu 191 geologi specialisti.', 'doc_existing_c30_2.txt', 443, NULL, 'text_document', 1775839975);
INSERT INTO documentation_files_to_geofeatures (id, geofeature_id, geofeature_type, documentation_file_id, updated_at) VALUES (4048, 30, 'cave', 1729, 1775839975);
INSERT INTO documentation_files_to_geofeatures (id, geofeature_id, geofeature_type, documentation_file_id, updated_at) VALUES (4049, 127, 'cave_area', 1729, 1775839975);
INSERT INTO documentation_files_to_geofeatures (id, geofeature_id, geofeature_type, documentation_file_id, updated_at) VALUES (4050, 1721, 'cave_place', 1729, 1775839975);
INSERT INTO documentation_files (id, title, description, file_name, file_size, file_hash, file_type, created_at) VALUES (1730, 'Document Avenul X2 din Piatra Lupului #3', 'Nota de mentenanta balize - traseul 148. Am verificat 341 balize reflectorizante. Dintre acestea, 455 au fost inlocuite. Am adaugat 235 balize noi in zonele nemarcate. Distanta medie intre balize: 211 metri. Am folosit 370 culori diferite conform codificarii. Vizibilitatea minima a balizelor: 468 metri cu lampa frontala. Am eliminat 63 marcaje vechi si confuze. Traseul total balizat: 242 metri. Urmatoarea verificare: peste 331 luni. Materialul consumat: 304 benzi reflectorizante.', 'doc_existing_c30_3.txt', 484, NULL, 'text_document', 1775839975);
INSERT INTO documentation_files_to_geofeatures (id, geofeature_id, geofeature_type, documentation_file_id, updated_at) VALUES (4051, 30, 'cave', 1730, 1775839975);
INSERT INTO documentation_files_to_geofeatures (id, geofeature_id, geofeature_type, documentation_file_id, updated_at) VALUES (4052, 130, 'cave_area', 1730, 1775839975);
INSERT INTO documentation_files_to_geofeatures (id, geofeature_id, geofeature_type, documentation_file_id, updated_at) VALUES (4053, 1779, 'cave_place', 1730, 1775839975);
INSERT INTO documentation_files (id, title, description, file_name, file_size, file_hash, file_type, created_at) VALUES (1731, 'Document Avenul X2 din Piatra Lupului #4', 'Studiu speleogenetic - sectorul 248. Am analizat 475 probe de calcar sub microscop. Varsta estimata a galeriei: 454 milioane de ani. Am identificat 56 faze de speleogeneza. Nivelul freatic actual este la 278 metri adancime. Am corelat cu 5 alte pesteri din zona. Porozitatea medie a rocii: 160 procente. Am realizat 42 sectiuni subtiri din probe. Studiul va fi publicat in volumul 455 al buletinului. Am colaborat cu 384 geologi specialisti.', 'doc_existing_c30_4.txt', 441, NULL, 'text_document', 1775839975);
INSERT INTO documentation_files_to_geofeatures (id, geofeature_id, geofeature_type, documentation_file_id, updated_at) VALUES (4054, 30, 'cave', 1731, 1775839975);
INSERT INTO documentation_files_to_geofeatures (id, geofeature_id, geofeature_type, documentation_file_id, updated_at) VALUES (4055, 128, 'cave_area', 1731, 1775839975);
INSERT INTO documentation_files_to_geofeatures (id, geofeature_id, geofeature_type, documentation_file_id, updated_at) VALUES (4056, 1767, 'cave_place', 1731, 1775839975);
INSERT INTO documentation_files (id, title, description, file_name, file_size, file_hash, file_type, created_at) VALUES (1732, 'Document Avenul X2 din Piatra Lupului #5', 'Raport climatologic subteran - statia 12. Senzorul a inregistrat 177 cicluri complete de temperatura. Temperatura medie anuala: 374 grade Celsius. Amplitudinea termica maxima: 477 grade. Umiditatea relativa medie: 461 procente. Concentratia de CO2: 85 ppm. Curentul de aer maxim masurat: 47 metri pe secunda. Directia predominanta a curentului: sector 269. Datalogerul a functionat 185 zile fara intrerupere. Am descarcat 177 megabytes de date brute. Presiunea barometrica la intrare: 347 mbar. Evaporarea masurata: 292 milimetri pe luna. Am comparat datele cu 24 statii meteorologice de suprafata. Raportul complet include 471 grafice si tabele. Monitorizarea continua de 69 luni confirma stabilitatea climatica.', 'doc_existing_c30_5.txt', 713, NULL, 'text_document', 1775839975);
INSERT INTO documentation_files_to_geofeatures (id, geofeature_id, geofeature_type, documentation_file_id, updated_at) VALUES (4057, 30, 'cave', 1732, 1775839975);
INSERT INTO documentation_files_to_geofeatures (id, geofeature_id, geofeature_type, documentation_file_id, updated_at) VALUES (4058, 1755, 'cave_place', 1732, 1775839975);
INSERT INTO documentation_files (id, title, description, file_name, file_size, file_hash, file_type, created_at) VALUES (1733, 'Document Avenul X2 din Piatra Lupului #6', 'Proces verbal intalnire club - sedinta nr. 444. Au participat 405 membri. Am discutat 221 puncte pe ordinea de zi. S-a aprobat bugetul de 148 lei pentru trimestrul urmator. Am planificat 358 expeditii in urmatoarele luni. S-au inscris 237 membri noi. Am evaluat 107 rapoarte de explorare. S-a votat achizitionarea de echipament in valoare de 382 lei. Urmatoarea sedinta: peste 487 saptamani. Am desemnat 274 responsabili pentru proiecte.', 'doc_existing_c30_6.txt', 437, NULL, 'text_document', 1775839975);
INSERT INTO documentation_files_to_geofeatures (id, geofeature_id, geofeature_type, documentation_file_id, updated_at) VALUES (4059, 30, 'cave', 1733, 1775839975);
INSERT INTO documentation_files_to_geofeatures (id, geofeature_id, geofeature_type, documentation_file_id, updated_at) VALUES (4060, 126, 'cave_area', 1733, 1775839975);
INSERT INTO documentation_files_to_geofeatures (id, geofeature_id, geofeature_type, documentation_file_id, updated_at) VALUES (4061, 1768, 'cave_place', 1733, 1775839975);
INSERT INTO documentation_files (id, title, description, file_name, file_size, file_hash, file_type, created_at) VALUES (1734, 'Document Avenul X2 din Piatra Lupului #7', 'Nota de mentenanta balize - traseul 90. Am verificat 375 balize reflectorizante. Dintre acestea, 443 au fost inlocuite. Am adaugat 434 balize noi in zonele nemarcate. Distanta medie intre balize: 96 metri. Am folosit 102 culori diferite conform codificarii. Vizibilitatea minima a balizelor: 122 metri cu lampa frontala. Am eliminat 123 marcaje vechi si confuze. Traseul total balizat: 62 metri. Urmatoarea verificare: peste 254 luni. Materialul consumat: 61 benzi reflectorizante.', 'doc_existing_c30_7.txt', 481, NULL, 'text_document', 1775839975);
INSERT INTO documentation_files_to_geofeatures (id, geofeature_id, geofeature_type, documentation_file_id, updated_at) VALUES (4062, 30, 'cave', 1734, 1775839975);
INSERT INTO documentation_files_to_geofeatures (id, geofeature_id, geofeature_type, documentation_file_id, updated_at) VALUES (4063, 127, 'cave_area', 1734, 1775839975);
INSERT INTO documentation_files_to_geofeatures (id, geofeature_id, geofeature_type, documentation_file_id, updated_at) VALUES (4064, 1743, 'cave_place', 1734, 1775839975);
INSERT INTO documentation_files (id, title, description, file_name, file_size, file_hash, file_type, created_at) VALUES (1735, 'Foto Avenul X2 din Piatra Lupului #1', 'Fotografie de pestera pentru arhiva tehnica.', '20250105_211239.jpg', 111085, NULL, 'photo', 1775839975);
INSERT INTO documentation_files_to_geofeatures (id, geofeature_id, geofeature_type, documentation_file_id, updated_at) VALUES (4065, 30, 'cave', 1735, 1775839975);
INSERT INTO documentation_files_to_geofeatures (id, geofeature_id, geofeature_type, documentation_file_id, updated_at) VALUES (4066, 127, 'cave_area', 1735, 1775839975);
INSERT INTO documentation_files_to_geofeatures (id, geofeature_id, geofeature_type, documentation_file_id, updated_at) VALUES (4067, 1733, 'cave_place', 1735, 1775839975);
INSERT INTO documentation_files (id, title, description, file_name, file_size, file_hash, file_type, created_at) VALUES (1736, 'Foto Avenul X2 din Piatra Lupului #2', 'Fotografie de pestera pentru arhiva tehnica.', '20250108_051137.jpg', 76321, NULL, 'photo', 1775839975);
INSERT INTO documentation_files_to_geofeatures (id, geofeature_id, geofeature_type, documentation_file_id, updated_at) VALUES (4068, 30, 'cave', 1736, 1775839975);
INSERT INTO documentation_files_to_geofeatures (id, geofeature_id, geofeature_type, documentation_file_id, updated_at) VALUES (4069, 132, 'cave_area', 1736, 1775839975);
INSERT INTO documentation_files_to_geofeatures (id, geofeature_id, geofeature_type, documentation_file_id, updated_at) VALUES (4070, 1769, 'cave_place', 1736, 1775839975);
INSERT INTO documentation_files (id, title, description, file_name, file_size, file_hash, file_type, created_at) VALUES (1737, 'Foto Avenul X2 din Piatra Lupului #3', 'Fotografie de pestera pentru arhiva tehnica.', '20250105_112245.jpg', 24061, NULL, 'photo', 1775839975);
INSERT INTO documentation_files_to_geofeatures (id, geofeature_id, geofeature_type, documentation_file_id, updated_at) VALUES (4071, 30, 'cave', 1737, 1775839975);
INSERT INTO documentation_files_to_geofeatures (id, geofeature_id, geofeature_type, documentation_file_id, updated_at) VALUES (4072, 126, 'cave_area', 1737, 1775839975);
INSERT INTO documentation_files (id, title, description, file_name, file_size, file_hash, file_type, created_at) VALUES (1738, 'Foto Avenul X2 din Piatra Lupului #4', 'Fotografie de pestera pentru arhiva tehnica.', '20250105_120229.jpg', 85744, NULL, 'photo', 1775839975);
INSERT INTO documentation_files_to_geofeatures (id, geofeature_id, geofeature_type, documentation_file_id, updated_at) VALUES (4073, 30, 'cave', 1738, 1775839975);
INSERT INTO documentation_files_to_geofeatures (id, geofeature_id, geofeature_type, documentation_file_id, updated_at) VALUES (4074, 1765, 'cave_place', 1738, 1775839975);
INSERT INTO documentation_files (id, title, description, file_name, file_size, file_hash, file_type, created_at) VALUES (1739, 'Document Peștera X3 din Piatra Lupului #1', 'Evaluare risc - sectorul 364. Am identificat 131 zone cu risc de prabusire a plafonului. Blocurile instabile au dimensiuni de pana la 492 centimetri. Nivelul apei poate creste cu 240 metri in caz de precipitatii. Distanta de la intrare pana la prima zona de risc: 335 metri. Am instalat 476 indicatoare de avertizare reflectorizante. Evacuarea de urgenta dureaza estimativ 267 minute. Echipamentul de prim ajutor este pozitionat la statia 434. Am testat comunicarea radio in 266 puncte critice. Semnalul radio este pierdut dupa 473 metri de la intrare. Am recomandat echipa minima de 269 persoane pentru acest sector. Casca si lampa frontala trebuie verificate la fiecare 229 ore. Protocoalele de securitate au fost revizuite de 460 ori anul acesta. Ultimul incident a avut loc cu 186 luni in urma. Am efectuat 190 exercitii de evacuare. Planul de urgenta a fost actualizat la versiunea 236.', 'doc_existing_c31_1.txt', 891, NULL, 'text_document', 1775839976);
INSERT INTO documentation_files_to_geofeatures (id, geofeature_id, geofeature_type, documentation_file_id, updated_at) VALUES (4075, 31, 'cave', 1739, 1775839976);
INSERT INTO documentation_files_to_geofeatures (id, geofeature_id, geofeature_type, documentation_file_id, updated_at) VALUES (4076, 134, 'cave_area', 1739, 1775839976);
INSERT INTO documentation_files_to_geofeatures (id, geofeature_id, geofeature_type, documentation_file_id, updated_at) VALUES (4077, 1831, 'cave_place', 1739, 1775839976);
INSERT INTO documentation_files (id, title, description, file_name, file_size, file_hash, file_type, created_at) VALUES (1740, 'Document Peștera X3 din Piatra Lupului #2', 'Evaluare risc - sectorul 309. Am identificat 165 zone cu risc de prabusire a plafonului. Blocurile instabile au dimensiuni de pana la 239 centimetri. Nivelul apei poate creste cu 481 metri in caz de precipitatii. Distanta de la intrare pana la prima zona de risc: 454 metri. Am instalat 394 indicatoare de avertizare reflectorizante. Evacuarea de urgenta dureaza estimativ 324 minute. Echipamentul de prim ajutor este pozitionat la statia 359. Am testat comunicarea radio in 272 puncte critice. Semnalul radio este pierdut dupa 92 metri de la intrare. Am recomandat echipa minima de 464 persoane pentru acest sector. Casca si lampa frontala trebuie verificate la fiecare 308 ore. Protocoalele de securitate au fost revizuite de 431 ori anul acesta. Ultimul incident a avut loc cu 319 luni in urma. Am efectuat 256 exercitii de evacuare. Planul de urgenta a fost actualizat la versiunea 59.', 'doc_existing_c31_2.txt', 889, NULL, 'text_document', 1775839976);
INSERT INTO documentation_files_to_geofeatures (id, geofeature_id, geofeature_type, documentation_file_id, updated_at) VALUES (4078, 31, 'cave', 1740, 1775839976);
INSERT INTO documentation_files_to_geofeatures (id, geofeature_id, geofeature_type, documentation_file_id, updated_at) VALUES (4079, 136, 'cave_area', 1740, 1775839976);
INSERT INTO documentation_files_to_geofeatures (id, geofeature_id, geofeature_type, documentation_file_id, updated_at) VALUES (4080, 1844, 'cave_place', 1740, 1775839976);
INSERT INTO documentation_files (id, title, description, file_name, file_size, file_hash, file_type, created_at) VALUES (1741, 'Document Peștera X3 din Piatra Lupului #3', 'Nota de mentenanta balize - traseul 411. Am verificat 99 balize reflectorizante. Dintre acestea, 455 au fost inlocuite. Am adaugat 10 balize noi in zonele nemarcate. Distanta medie intre balize: 361 metri. Am folosit 488 culori diferite conform codificarii. Vizibilitatea minima a balizelor: 249 metri cu lampa frontala. Am eliminat 262 marcaje vechi si confuze. Traseul total balizat: 246 metri. Urmatoarea verificare: peste 494 luni. Materialul consumat: 476 benzi reflectorizante.', 'doc_existing_c31_3.txt', 483, NULL, 'text_document', 1775839976);
INSERT INTO documentation_files_to_geofeatures (id, geofeature_id, geofeature_type, documentation_file_id, updated_at) VALUES (4081, 31, 'cave', 1741, 1775839976);
INSERT INTO documentation_files_to_geofeatures (id, geofeature_id, geofeature_type, documentation_file_id, updated_at) VALUES (4082, 1819, 'cave_place', 1741, 1775839976);
INSERT INTO documentation_files (id, title, description, file_name, file_size, file_hash, file_type, created_at) VALUES (1742, 'Document Peștera X3 din Piatra Lupului #4', 'Studiu speleogenetic - sectorul 134. Am analizat 56 probe de calcar sub microscop. Varsta estimata a galeriei: 253 milioane de ani. Am identificat 175 faze de speleogeneza. Nivelul freatic actual este la 476 metri adancime. Am corelat cu 254 alte pesteri din zona. Porozitatea medie a rocii: 415 procente. Am realizat 261 sectiuni subtiri din probe. Studiul va fi publicat in volumul 34 al buletinului. Am colaborat cu 271 geologi specialisti.', 'doc_existing_c31_4.txt', 443, NULL, 'text_document', 1775839976);
INSERT INTO documentation_files_to_geofeatures (id, geofeature_id, geofeature_type, documentation_file_id, updated_at) VALUES (4083, 31, 'cave', 1742, 1775839976);
INSERT INTO documentation_files_to_geofeatures (id, geofeature_id, geofeature_type, documentation_file_id, updated_at) VALUES (4084, 134, 'cave_area', 1742, 1775839976);
INSERT INTO documentation_files_to_geofeatures (id, geofeature_id, geofeature_type, documentation_file_id, updated_at) VALUES (4085, 1837, 'cave_place', 1742, 1775839976);
INSERT INTO documentation_files (id, title, description, file_name, file_size, file_hash, file_type, created_at) VALUES (1743, 'Document Peștera X3 din Piatra Lupului #5', 'Evaluare risc - sectorul 35. Am identificat 436 zone cu risc de prabusire a plafonului. Blocurile instabile au dimensiuni de pana la 186 centimetri. Nivelul apei poate creste cu 432 metri in caz de precipitatii. Distanta de la intrare pana la prima zona de risc: 134 metri. Am instalat 428 indicatoare de avertizare reflectorizante. Evacuarea de urgenta dureaza estimativ 9 minute. Echipamentul de prim ajutor este pozitionat la statia 327. Am testat comunicarea radio in 34 puncte critice. Semnalul radio este pierdut dupa 153 metri de la intrare. Am recomandat echipa minima de 42 persoane pentru acest sector. Casca si lampa frontala trebuie verificate la fiecare 9 ore. Protocoalele de securitate au fost revizuite de 468 ori anul acesta. Ultimul incident a avut loc cu 409 luni in urma. Am efectuat 297 exercitii de evacuare. Planul de urgenta a fost actualizat la versiunea 213.', 'doc_existing_c31_5.txt', 884, NULL, 'text_document', 1775839976);
INSERT INTO documentation_files_to_geofeatures (id, geofeature_id, geofeature_type, documentation_file_id, updated_at) VALUES (4086, 31, 'cave', 1743, 1775839976);
INSERT INTO documentation_files_to_geofeatures (id, geofeature_id, geofeature_type, documentation_file_id, updated_at) VALUES (4087, 1829, 'cave_place', 1743, 1775839976);
INSERT INTO documentation_files (id, title, description, file_name, file_size, file_hash, file_type, created_at) VALUES (1744, 'Document Peștera X3 din Piatra Lupului #6', 'Fisa tehnica echipare put - verticala nr. 407. Adancimea: 434 metri. Am instalat 489 spituri din otel inoxidabil. Distanta intre spituri: 273 metri. Lungimea corzii principale: 368 metri. Coarda de siguranta: 445 metri. Am montat 388 protectoare de franghie. Fractionarea se face la 202 metri de buza putului. Deviatia este la 345 metri sub fractionare. Am testat echiparea cu 250 coborari. Ultimul control al spiturilor: acum 380 luni.', 'doc_existing_c31_6.txt', 436, NULL, 'text_document', 1775839976);
INSERT INTO documentation_files_to_geofeatures (id, geofeature_id, geofeature_type, documentation_file_id, updated_at) VALUES (4088, 31, 'cave', 1744, 1775839976);
INSERT INTO documentation_files_to_geofeatures (id, geofeature_id, geofeature_type, documentation_file_id, updated_at) VALUES (4089, 1808, 'cave_place', 1744, 1775839976);
INSERT INTO documentation_files (id, title, description, file_name, file_size, file_hash, file_type, created_at) VALUES (1745, 'Document Peștera X3 din Piatra Lupului #7', 'Raport climatologic subteran - statia 60. Senzorul a inregistrat 492 cicluri complete de temperatura. Temperatura medie anuala: 392 grade Celsius. Amplitudinea termica maxima: 43 grade. Umiditatea relativa medie: 25 procente. Concentratia de CO2: 424 ppm. Curentul de aer maxim masurat: 21 metri pe secunda. Directia predominanta a curentului: sector 198. Datalogerul a functionat 254 zile fara intrerupere. Am descarcat 446 megabytes de date brute. Presiunea barometrica la intrare: 231 mbar. Evaporarea masurata: 293 milimetri pe luna. Am comparat datele cu 465 statii meteorologice de suprafata. Raportul complet include 420 grafice si tabele. Monitorizarea continua de 96 luni confirma stabilitatea climatica.', 'doc_existing_c31_7.txt', 713, NULL, 'text_document', 1775839976);
INSERT INTO documentation_files_to_geofeatures (id, geofeature_id, geofeature_type, documentation_file_id, updated_at) VALUES (4090, 31, 'cave', 1745, 1775839976);
INSERT INTO documentation_files_to_geofeatures (id, geofeature_id, geofeature_type, documentation_file_id, updated_at) VALUES (4091, 137, 'cave_area', 1745, 1775839976);
INSERT INTO documentation_files_to_geofeatures (id, geofeature_id, geofeature_type, documentation_file_id, updated_at) VALUES (4092, 1811, 'cave_place', 1745, 1775839976);
INSERT INTO documentation_files (id, title, description, file_name, file_size, file_hash, file_type, created_at) VALUES (1746, 'Document Peștera X3 din Piatra Lupului #8', 'Raport climatologic subteran - statia 388. Senzorul a inregistrat 29 cicluri complete de temperatura. Temperatura medie anuala: 33 grade Celsius. Amplitudinea termica maxima: 357 grade. Umiditatea relativa medie: 281 procente. Concentratia de CO2: 231 ppm. Curentul de aer maxim masurat: 205 metri pe secunda. Directia predominanta a curentului: sector 188. Datalogerul a functionat 311 zile fara intrerupere. Am descarcat 214 megabytes de date brute. Presiunea barometrica la intrare: 178 mbar. Evaporarea masurata: 328 milimetri pe luna. Am comparat datele cu 7 statii meteorologice de suprafata. Raportul complet include 347 grafice si tabele. Monitorizarea continua de 476 luni confirma stabilitatea climatica.', 'doc_existing_c31_8.txt', 714, NULL, 'text_document', 1775839976);
INSERT INTO documentation_files_to_geofeatures (id, geofeature_id, geofeature_type, documentation_file_id, updated_at) VALUES (4093, 31, 'cave', 1746, 1775839976);
INSERT INTO documentation_files_to_geofeatures (id, geofeature_id, geofeature_type, documentation_file_id, updated_at) VALUES (4094, 135, 'cave_area', 1746, 1775839976);
INSERT INTO documentation_files_to_geofeatures (id, geofeature_id, geofeature_type, documentation_file_id, updated_at) VALUES (4095, 1845, 'cave_place', 1746, 1775839976);
INSERT INTO documentation_files (id, title, description, file_name, file_size, file_hash, file_type, created_at) VALUES (1747, 'Document Peștera X3 din Piatra Lupului #9', 'Raport conservare patrimoniu - obiectiv 380. Am evaluat starea a 283 inscriptii istorice. Dintre acestea, 370 necesita interventie urgenta. Am curatat 149 metri patrati de graffiti modern. Am instalat 143 panouri informative la intrare. Bariera de protectie acopera 138 metri liniari. Am documentat 398 urme de vandalism. Raportul a fost transmis autoritatilor locale in 301 exemplare. Am propus clasificarea a 494 formatiuni ca monument natural. Vizitele ghidate sunt limitate la 200 persoane simultan. Am instruit 403 ghizi locali. Costul estimat al lucrarilor: 470 lei. Termenul de finalizare: 86 luni.', 'doc_existing_c31_9.txt', 605, NULL, 'text_document', 1775839976);
INSERT INTO documentation_files_to_geofeatures (id, geofeature_id, geofeature_type, documentation_file_id, updated_at) VALUES (4096, 31, 'cave', 1747, 1775839976);
INSERT INTO documentation_files_to_geofeatures (id, geofeature_id, geofeature_type, documentation_file_id, updated_at) VALUES (4097, 134, 'cave_area', 1747, 1775839976);
INSERT INTO documentation_files_to_geofeatures (id, geofeature_id, geofeature_type, documentation_file_id, updated_at) VALUES (4098, 1809, 'cave_place', 1747, 1775839976);
INSERT INTO documentation_files (id, title, description, file_name, file_size, file_hash, file_type, created_at) VALUES (1748, 'Document Peștera X3 din Piatra Lupului #10', 'Nota de mentenanta balize - traseul 66. Am verificat 18 balize reflectorizante. Dintre acestea, 57 au fost inlocuite. Am adaugat 204 balize noi in zonele nemarcate. Distanta medie intre balize: 88 metri. Am folosit 90 culori diferite conform codificarii. Vizibilitatea minima a balizelor: 449 metri cu lampa frontala. Am eliminat 418 marcaje vechi si confuze. Traseul total balizat: 12 metri. Urmatoarea verificare: peste 427 luni. Materialul consumat: 398 benzi reflectorizante.', 'doc_existing_c31_10.txt', 479, NULL, 'text_document', 1775839976);
INSERT INTO documentation_files_to_geofeatures (id, geofeature_id, geofeature_type, documentation_file_id, updated_at) VALUES (4099, 31, 'cave', 1748, 1775839976);
INSERT INTO documentation_files_to_geofeatures (id, geofeature_id, geofeature_type, documentation_file_id, updated_at) VALUES (4100, 1801, 'cave_place', 1748, 1775839976);
INSERT INTO documentation_files (id, title, description, file_name, file_size, file_hash, file_type, created_at) VALUES (1749, 'Document Peștera X3 din Piatra Lupului #11', 'Raport geologic - profil 264. Stratele de calcar apartin etajului 134. Grosimea medie a stratelor este de 169 centimetri. Fisurile tectonice au un azimut predominant de 79 grade. Am recoltat 440 probe de roca pentru datarea izotopica. Continutul de CaCO3 depaseste 220 procente. Concretii de aragonita au fost gasite la cota 285. Varsta estimata a speleothemelor: 212 mii de ani. Depozitele clastice au o grosime de 264 centimetri. Am identificat 17 tipuri diferite de sedimente. Nivelul paleoclappei fosile este la cota 320 metri. Analiza XRD confirma 462 faze minerale distincte. Sectorul analizat are o lungime de 340 metri. Am realizat 430 profile transversale ale galeriei. Cutele vizibile au amplitudini de 149 centimetri.', 'doc_existing_c31_11.txt', 728, NULL, 'text_document', 1775839976);
INSERT INTO documentation_files_to_geofeatures (id, geofeature_id, geofeature_type, documentation_file_id, updated_at) VALUES (4101, 31, 'cave', 1749, 1775839976);
INSERT INTO documentation_files_to_geofeatures (id, geofeature_id, geofeature_type, documentation_file_id, updated_at) VALUES (4102, 1803, 'cave_place', 1749, 1775839976);
INSERT INTO documentation_files (id, title, description, file_name, file_size, file_hash, file_type, created_at) VALUES (1750, 'Document Peștera X3 din Piatra Lupului #12', 'Evaluare risc - sectorul 275. Am identificat 6 zone cu risc de prabusire a plafonului. Blocurile instabile au dimensiuni de pana la 100 centimetri. Nivelul apei poate creste cu 342 metri in caz de precipitatii. Distanta de la intrare pana la prima zona de risc: 298 metri. Am instalat 235 indicatoare de avertizare reflectorizante. Evacuarea de urgenta dureaza estimativ 118 minute. Echipamentul de prim ajutor este pozitionat la statia 180. Am testat comunicarea radio in 110 puncte critice. Semnalul radio este pierdut dupa 214 metri de la intrare. Am recomandat echipa minima de 153 persoane pentru acest sector. Casca si lampa frontala trebuie verificate la fiecare 297 ore. Protocoalele de securitate au fost revizuite de 128 ori anul acesta. Ultimul incident a avut loc cu 338 luni in urma. Am efectuat 477 exercitii de evacuare. Planul de urgenta a fost actualizat la versiunea 437.', 'doc_existing_c31_12.txt', 889, NULL, 'text_document', 1775839976);
INSERT INTO documentation_files_to_geofeatures (id, geofeature_id, geofeature_type, documentation_file_id, updated_at) VALUES (4103, 31, 'cave', 1750, 1775839976);
INSERT INTO documentation_files_to_geofeatures (id, geofeature_id, geofeature_type, documentation_file_id, updated_at) VALUES (4104, 135, 'cave_area', 1750, 1775839976);
INSERT INTO documentation_files_to_geofeatures (id, geofeature_id, geofeature_type, documentation_file_id, updated_at) VALUES (4105, 1844, 'cave_place', 1750, 1775839976);
INSERT INTO documentation_files (id, title, description, file_name, file_size, file_hash, file_type, created_at) VALUES (1751, 'Document Peștera X3 din Piatra Lupului #13', 'Raport geologic - profil 299. Stratele de calcar apartin etajului 56. Grosimea medie a stratelor este de 462 centimetri. Fisurile tectonice au un azimut predominant de 421 grade. Am recoltat 83 probe de roca pentru datarea izotopica. Continutul de CaCO3 depaseste 227 procente. Concretii de aragonita au fost gasite la cota 336. Varsta estimata a speleothemelor: 32 mii de ani. Depozitele clastice au o grosime de 330 centimetri. Am identificat 295 tipuri diferite de sedimente. Nivelul paleoclappei fosile este la cota 362 metri. Analiza XRD confirma 204 faze minerale distincte. Sectorul analizat are o lungime de 453 metri. Am realizat 24 profile transversale ale galeriei. Cutele vizibile au amplitudini de 442 centimetri.', 'doc_existing_c31_13.txt', 726, NULL, 'text_document', 1775839976);
INSERT INTO documentation_files_to_geofeatures (id, geofeature_id, geofeature_type, documentation_file_id, updated_at) VALUES (4106, 31, 'cave', 1751, 1775839976);
INSERT INTO documentation_files_to_geofeatures (id, geofeature_id, geofeature_type, documentation_file_id, updated_at) VALUES (4107, 1794, 'cave_place', 1751, 1775839976);
INSERT INTO documentation_files (id, title, description, file_name, file_size, file_hash, file_type, created_at) VALUES (1752, 'Document Peștera X3 din Piatra Lupului #14', 'Evidenta resurse hidrologice - punctul 75. Debitul mediu masurat: 277 litri pe secunda. Am efectuat 387 masuratori in perioade diferite. Temperatura apei: 255 grade Celsius, constanta. pH-ul masurat: 223 unitati. Conductivitatea electrica: 73 microsiemensi. Am injectat 488 grame de trasor fluorescent. Trasorul a aparut la izvor dupa 347 ore. Distanta estimata: 66 metri de conducte carstice. Nivelul maxim in sezonul ploios: 330 centimetri peste normal. Am monitorizat 90 izvoare din bazin. Volumul estimat al lacului subteran: 142 metri cubi.', 'doc_existing_c31_14.txt', 545, NULL, 'text_document', 1775839976);
INSERT INTO documentation_files_to_geofeatures (id, geofeature_id, geofeature_type, documentation_file_id, updated_at) VALUES (4108, 31, 'cave', 1752, 1775839976);
INSERT INTO documentation_files (id, title, description, file_name, file_size, file_hash, file_type, created_at) VALUES (1753, 'Document Peștera X3 din Piatra Lupului #15', 'Raport geologic - profil 142. Stratele de calcar apartin etajului 50. Grosimea medie a stratelor este de 227 centimetri. Fisurile tectonice au un azimut predominant de 150 grade. Am recoltat 289 probe de roca pentru datarea izotopica. Continutul de CaCO3 depaseste 95 procente. Concretii de aragonita au fost gasite la cota 437. Varsta estimata a speleothemelor: 108 mii de ani. Depozitele clastice au o grosime de 231 centimetri. Am identificat 282 tipuri diferite de sedimente. Nivelul paleoclappei fosile este la cota 415 metri. Analiza XRD confirma 154 faze minerale distincte. Sectorul analizat are o lungime de 81 metri. Am realizat 366 profile transversale ale galeriei. Cutele vizibile au amplitudini de 343 centimetri.', 'doc_existing_c31_15.txt', 727, NULL, 'text_document', 1775839976);
INSERT INTO documentation_files_to_geofeatures (id, geofeature_id, geofeature_type, documentation_file_id, updated_at) VALUES (4109, 31, 'cave', 1753, 1775839976);
INSERT INTO documentation_files_to_geofeatures (id, geofeature_id, geofeature_type, documentation_file_id, updated_at) VALUES (4110, 1843, 'cave_place', 1753, 1775839976);
INSERT INTO documentation_files (id, title, description, file_name, file_size, file_hash, file_type, created_at) VALUES (1754, 'Document Peștera X3 din Piatra Lupului #16', 'Raport geologic - profil 414. Stratele de calcar apartin etajului 383. Grosimea medie a stratelor este de 132 centimetri. Fisurile tectonice au un azimut predominant de 499 grade. Am recoltat 409 probe de roca pentru datarea izotopica. Continutul de CaCO3 depaseste 197 procente. Concretii de aragonita au fost gasite la cota 23. Varsta estimata a speleothemelor: 461 mii de ani. Depozitele clastice au o grosime de 491 centimetri. Am identificat 478 tipuri diferite de sedimente. Nivelul paleoclappei fosile este la cota 337 metri. Analiza XRD confirma 479 faze minerale distincte. Sectorul analizat are o lungime de 235 metri. Am realizat 299 profile transversale ale galeriei. Cutele vizibile au amplitudini de 390 centimetri.', 'doc_existing_c31_16.txt', 729, NULL, 'text_document', 1775839976);
INSERT INTO documentation_files_to_geofeatures (id, geofeature_id, geofeature_type, documentation_file_id, updated_at) VALUES (4111, 31, 'cave', 1754, 1775839976);
INSERT INTO documentation_files_to_geofeatures (id, geofeature_id, geofeature_type, documentation_file_id, updated_at) VALUES (4112, 133, 'cave_area', 1754, 1775839976);
INSERT INTO documentation_files_to_geofeatures (id, geofeature_id, geofeature_type, documentation_file_id, updated_at) VALUES (4113, 1813, 'cave_place', 1754, 1775839976);
INSERT INTO documentation_files (id, title, description, file_name, file_size, file_hash, file_type, created_at) VALUES (1755, 'Document Peștera X3 din Piatra Lupului #17', 'Raport geologic - profil 408. Stratele de calcar apartin etajului 497. Grosimea medie a stratelor este de 427 centimetri. Fisurile tectonice au un azimut predominant de 89 grade. Am recoltat 247 probe de roca pentru datarea izotopica. Continutul de CaCO3 depaseste 373 procente. Concretii de aragonita au fost gasite la cota 160. Varsta estimata a speleothemelor: 23 mii de ani. Depozitele clastice au o grosime de 446 centimetri. Am identificat 137 tipuri diferite de sedimente. Nivelul paleoclappei fosile este la cota 108 metri. Analiza XRD confirma 381 faze minerale distincte. Sectorul analizat are o lungime de 178 metri. Am realizat 320 profile transversale ale galeriei. Cutele vizibile au amplitudini de 370 centimetri.', 'doc_existing_c31_17.txt', 728, NULL, 'text_document', 1775839976);
INSERT INTO documentation_files_to_geofeatures (id, geofeature_id, geofeature_type, documentation_file_id, updated_at) VALUES (4114, 31, 'cave', 1755, 1775839976);
INSERT INTO documentation_files_to_geofeatures (id, geofeature_id, geofeature_type, documentation_file_id, updated_at) VALUES (4115, 136, 'cave_area', 1755, 1775839976);
INSERT INTO documentation_files_to_geofeatures (id, geofeature_id, geofeature_type, documentation_file_id, updated_at) VALUES (4116, 1822, 'cave_place', 1755, 1775839976);
INSERT INTO documentation_files (id, title, description, file_name, file_size, file_hash, file_type, created_at) VALUES (1756, 'Document Peștera X3 din Piatra Lupului #18', 'Raport climatologic subteran - statia 198. Senzorul a inregistrat 324 cicluri complete de temperatura. Temperatura medie anuala: 416 grade Celsius. Amplitudinea termica maxima: 427 grade. Umiditatea relativa medie: 211 procente. Concentratia de CO2: 215 ppm. Curentul de aer maxim masurat: 473 metri pe secunda. Directia predominanta a curentului: sector 416. Datalogerul a functionat 482 zile fara intrerupere. Am descarcat 31 megabytes de date brute. Presiunea barometrica la intrare: 61 mbar. Evaporarea masurata: 59 milimetri pe luna. Am comparat datele cu 122 statii meteorologice de suprafata. Raportul complet include 17 grafice si tabele. Monitorizarea continua de 22 luni confirma stabilitatea climatica.', 'doc_existing_c31_18.txt', 713, NULL, 'text_document', 1775839976);
INSERT INTO documentation_files_to_geofeatures (id, geofeature_id, geofeature_type, documentation_file_id, updated_at) VALUES (4117, 31, 'cave', 1756, 1775839976);
INSERT INTO documentation_files_to_geofeatures (id, geofeature_id, geofeature_type, documentation_file_id, updated_at) VALUES (4118, 136, 'cave_area', 1756, 1775839976);
INSERT INTO documentation_files_to_geofeatures (id, geofeature_id, geofeature_type, documentation_file_id, updated_at) VALUES (4119, 1798, 'cave_place', 1756, 1775839976);
INSERT INTO documentation_files (id, title, description, file_name, file_size, file_hash, file_type, created_at) VALUES (1757, 'Foto Peștera X3 din Piatra Lupului #1', 'Fotografie de pestera pentru arhiva tehnica.', '20250108_015243.jpg', 89809, NULL, 'photo', 1775839976);
INSERT INTO documentation_files_to_geofeatures (id, geofeature_id, geofeature_type, documentation_file_id, updated_at) VALUES (4120, 31, 'cave', 1757, 1775839976);
INSERT INTO documentation_files_to_geofeatures (id, geofeature_id, geofeature_type, documentation_file_id, updated_at) VALUES (4121, 1834, 'cave_place', 1757, 1775839976);
INSERT INTO documentation_files (id, title, description, file_name, file_size, file_hash, file_type, created_at) VALUES (1758, 'Foto Peștera X3 din Piatra Lupului #2', 'Fotografie de pestera pentru arhiva tehnica.', '20250109_010113.jpg', 100347, NULL, 'photo', 1775839976);
INSERT INTO documentation_files_to_geofeatures (id, geofeature_id, geofeature_type, documentation_file_id, updated_at) VALUES (4122, 31, 'cave', 1758, 1775839976);
INSERT INTO documentation_files_to_geofeatures (id, geofeature_id, geofeature_type, documentation_file_id, updated_at) VALUES (4123, 1794, 'cave_place', 1758, 1775839976);
INSERT INTO documentation_files (id, title, description, file_name, file_size, file_hash, file_type, created_at) VALUES (1759, 'Foto Peștera X3 din Piatra Lupului #3', 'Fotografie de pestera pentru arhiva tehnica.', '20250105_181113.jpg', 110223, NULL, 'photo', 1775839976);
INSERT INTO documentation_files_to_geofeatures (id, geofeature_id, geofeature_type, documentation_file_id, updated_at) VALUES (4124, 31, 'cave', 1759, 1775839976);
INSERT INTO documentation_files_to_geofeatures (id, geofeature_id, geofeature_type, documentation_file_id, updated_at) VALUES (4125, 133, 'cave_area', 1759, 1775839976);
INSERT INTO documentation_files_to_geofeatures (id, geofeature_id, geofeature_type, documentation_file_id, updated_at) VALUES (4126, 1833, 'cave_place', 1759, 1775839976);
INSERT INTO documentation_files (id, title, description, file_name, file_size, file_hash, file_type, created_at) VALUES (1760, 'Foto Peștera X3 din Piatra Lupului #4', 'Fotografie de pestera pentru arhiva tehnica.', '20250105_165436.jpg', 73847, NULL, 'photo', 1775839976);
INSERT INTO documentation_files_to_geofeatures (id, geofeature_id, geofeature_type, documentation_file_id, updated_at) VALUES (4127, 31, 'cave', 1760, 1775839976);
INSERT INTO documentation_files (id, title, description, file_name, file_size, file_hash, file_type, created_at) VALUES (1761, 'Foto Peștera X3 din Piatra Lupului #5', 'Fotografie de pestera pentru arhiva tehnica.', '20250105_181113.jpg', 110223, NULL, 'photo', 1775839976);
INSERT INTO documentation_files_to_geofeatures (id, geofeature_id, geofeature_type, documentation_file_id, updated_at) VALUES (4128, 31, 'cave', 1761, 1775839976);
INSERT INTO documentation_files_to_geofeatures (id, geofeature_id, geofeature_type, documentation_file_id, updated_at) VALUES (4129, 133, 'cave_area', 1761, 1775839976);
INSERT INTO documentation_files_to_geofeatures (id, geofeature_id, geofeature_type, documentation_file_id, updated_at) VALUES (4130, 1841, 'cave_place', 1761, 1775839976);
INSERT INTO documentation_files (id, title, description, file_name, file_size, file_hash, file_type, created_at) VALUES (1762, 'Foto Peștera X3 din Piatra Lupului #6', 'Fotografie de pestera pentru arhiva tehnica.', '20250108_230150.jpg', 82392, NULL, 'photo', 1775839976);
INSERT INTO documentation_files_to_geofeatures (id, geofeature_id, geofeature_type, documentation_file_id, updated_at) VALUES (4131, 31, 'cave', 1762, 1775839976);
INSERT INTO documentation_files_to_geofeatures (id, geofeature_id, geofeature_type, documentation_file_id, updated_at) VALUES (4132, 136, 'cave_area', 1762, 1775839976);
INSERT INTO documentation_files_to_geofeatures (id, geofeature_id, geofeature_type, documentation_file_id, updated_at) VALUES (4133, 1835, 'cave_place', 1762, 1775839976);
INSERT INTO documentation_files (id, title, description, file_name, file_size, file_hash, file_type, created_at) VALUES (1763, 'Foto Peștera X3 din Piatra Lupului #7', 'Fotografie de pestera pentru arhiva tehnica.', '20250109_010113.jpg', 100347, NULL, 'photo', 1775839976);
INSERT INTO documentation_files_to_geofeatures (id, geofeature_id, geofeature_type, documentation_file_id, updated_at) VALUES (4134, 31, 'cave', 1763, 1775839976);
INSERT INTO documentation_files_to_geofeatures (id, geofeature_id, geofeature_type, documentation_file_id, updated_at) VALUES (4135, 133, 'cave_area', 1763, 1775839976);
INSERT INTO documentation_files_to_geofeatures (id, geofeature_id, geofeature_type, documentation_file_id, updated_at) VALUES (4136, 1800, 'cave_place', 1763, 1775839976);
INSERT INTO documentation_files (id, title, description, file_name, file_size, file_hash, file_type, created_at) VALUES (1764, 'Document Peștera X4 din Piatra Lupului #1', 'Evaluare risc - sectorul 332. Am identificat 398 zone cu risc de prabusire a plafonului. Blocurile instabile au dimensiuni de pana la 173 centimetri. Nivelul apei poate creste cu 197 metri in caz de precipitatii. Distanta de la intrare pana la prima zona de risc: 77 metri. Am instalat 117 indicatoare de avertizare reflectorizante. Evacuarea de urgenta dureaza estimativ 238 minute. Echipamentul de prim ajutor este pozitionat la statia 42. Am testat comunicarea radio in 423 puncte critice. Semnalul radio este pierdut dupa 354 metri de la intrare. Am recomandat echipa minima de 79 persoane pentru acest sector. Casca si lampa frontala trebuie verificate la fiecare 12 ore. Protocoalele de securitate au fost revizuite de 50 ori anul acesta. Ultimul incident a avut loc cu 232 luni in urma. Am efectuat 498 exercitii de evacuare. Planul de urgenta a fost actualizat la versiunea 406.', 'doc_existing_c32_1.txt', 886, NULL, 'text_document', 1775839976);
INSERT INTO documentation_files_to_geofeatures (id, geofeature_id, geofeature_type, documentation_file_id, updated_at) VALUES (4137, 32, 'cave', 1764, 1775839976);
INSERT INTO documentation_files_to_geofeatures (id, geofeature_id, geofeature_type, documentation_file_id, updated_at) VALUES (4138, 138, 'cave_area', 1764, 1775839976);
INSERT INTO documentation_files (id, title, description, file_name, file_size, file_hash, file_type, created_at) VALUES (1765, 'Document Peștera X4 din Piatra Lupului #2', 'Proces verbal intalnire club - sedinta nr. 337. Au participat 407 membri. Am discutat 305 puncte pe ordinea de zi. S-a aprobat bugetul de 11 lei pentru trimestrul urmator. Am planificat 132 expeditii in urmatoarele luni. S-au inscris 433 membri noi. Am evaluat 108 rapoarte de explorare. S-a votat achizitionarea de echipament in valoare de 474 lei. Urmatoarea sedinta: peste 383 saptamani. Am desemnat 268 responsabili pentru proiecte.', 'doc_existing_c32_2.txt', 436, NULL, 'text_document', 1775839976);
INSERT INTO documentation_files_to_geofeatures (id, geofeature_id, geofeature_type, documentation_file_id, updated_at) VALUES (4139, 32, 'cave', 1765, 1775839976);
INSERT INTO documentation_files_to_geofeatures (id, geofeature_id, geofeature_type, documentation_file_id, updated_at) VALUES (4140, 1847, 'cave_place', 1765, 1775839976);
INSERT INTO documentation_files (id, title, description, file_name, file_size, file_hash, file_type, created_at) VALUES (1766, 'Document Peștera X4 din Piatra Lupului #3', 'Raport conservare patrimoniu - obiectiv 125. Am evaluat starea a 210 inscriptii istorice. Dintre acestea, 321 necesita interventie urgenta. Am curatat 23 metri patrati de graffiti modern. Am instalat 303 panouri informative la intrare. Bariera de protectie acopera 448 metri liniari. Am documentat 433 urme de vandalism. Raportul a fost transmis autoritatilor locale in 301 exemplare. Am propus clasificarea a 336 formatiuni ca monument natural. Vizitele ghidate sunt limitate la 191 persoane simultan. Am instruit 438 ghizi locali. Costul estimat al lucrarilor: 275 lei. Termenul de finalizare: 194 luni.', 'doc_existing_c32_3.txt', 605, NULL, 'text_document', 1775839976);
INSERT INTO documentation_files_to_geofeatures (id, geofeature_id, geofeature_type, documentation_file_id, updated_at) VALUES (4141, 32, 'cave', 1766, 1775839976);
INSERT INTO documentation_files_to_geofeatures (id, geofeature_id, geofeature_type, documentation_file_id, updated_at) VALUES (4142, 1893, 'cave_place', 1766, 1775839976);
INSERT INTO documentation_files (id, title, description, file_name, file_size, file_hash, file_type, created_at) VALUES (1767, 'Document Peștera X4 din Piatra Lupului #4', 'Studiu speleogenetic - sectorul 261. Am analizat 114 probe de calcar sub microscop. Varsta estimata a galeriei: 222 milioane de ani. Am identificat 468 faze de speleogeneza. Nivelul freatic actual este la 236 metri adancime. Am corelat cu 321 alte pesteri din zona. Porozitatea medie a rocii: 409 procente. Am realizat 196 sectiuni subtiri din probe. Studiul va fi publicat in volumul 500 al buletinului. Am colaborat cu 175 geologi specialisti.', 'doc_existing_c32_4.txt', 445, NULL, 'text_document', 1775839976);
INSERT INTO documentation_files_to_geofeatures (id, geofeature_id, geofeature_type, documentation_file_id, updated_at) VALUES (4143, 32, 'cave', 1767, 1775839976);
INSERT INTO documentation_files_to_geofeatures (id, geofeature_id, geofeature_type, documentation_file_id, updated_at) VALUES (4144, 143, 'cave_area', 1767, 1775839976);
INSERT INTO documentation_files (id, title, description, file_name, file_size, file_hash, file_type, created_at) VALUES (1768, 'Document Peștera X4 din Piatra Lupului #5', 'Proces verbal intalnire club - sedinta nr. 13. Au participat 384 membri. Am discutat 276 puncte pe ordinea de zi. S-a aprobat bugetul de 195 lei pentru trimestrul urmator. Am planificat 352 expeditii in urmatoarele luni. S-au inscris 229 membri noi. Am evaluat 358 rapoarte de explorare. S-a votat achizitionarea de echipament in valoare de 31 lei. Urmatoarea sedinta: peste 275 saptamani. Am desemnat 93 responsabili pentru proiecte.', 'doc_existing_c32_5.txt', 434, NULL, 'text_document', 1775839976);
INSERT INTO documentation_files_to_geofeatures (id, geofeature_id, geofeature_type, documentation_file_id, updated_at) VALUES (4145, 32, 'cave', 1768, 1775839976);
INSERT INTO documentation_files_to_geofeatures (id, geofeature_id, geofeature_type, documentation_file_id, updated_at) VALUES (4146, 139, 'cave_area', 1768, 1775839976);
INSERT INTO documentation_files_to_geofeatures (id, geofeature_id, geofeature_type, documentation_file_id, updated_at) VALUES (4147, 1869, 'cave_place', 1768, 1775839976);
INSERT INTO documentation_files (id, title, description, file_name, file_size, file_hash, file_type, created_at) VALUES (1769, 'Document Peștera X4 din Piatra Lupului #6', 'Studiu speleogenetic - sectorul 133. Am analizat 138 probe de calcar sub microscop. Varsta estimata a galeriei: 305 milioane de ani. Am identificat 196 faze de speleogeneza. Nivelul freatic actual este la 158 metri adancime. Am corelat cu 25 alte pesteri din zona. Porozitatea medie a rocii: 77 procente. Am realizat 375 sectiuni subtiri din probe. Studiul va fi publicat in volumul 480 al buletinului. Am colaborat cu 144 geologi specialisti.', 'doc_existing_c32_6.txt', 443, NULL, 'text_document', 1775839976);
INSERT INTO documentation_files_to_geofeatures (id, geofeature_id, geofeature_type, documentation_file_id, updated_at) VALUES (4148, 32, 'cave', 1769, 1775839976);
INSERT INTO documentation_files_to_geofeatures (id, geofeature_id, geofeature_type, documentation_file_id, updated_at) VALUES (4149, 140, 'cave_area', 1769, 1775839976);
INSERT INTO documentation_files_to_geofeatures (id, geofeature_id, geofeature_type, documentation_file_id, updated_at) VALUES (4150, 1846, 'cave_place', 1769, 1775839976);
INSERT INTO documentation_files (id, title, description, file_name, file_size, file_hash, file_type, created_at) VALUES (1770, 'Document Peștera X4 din Piatra Lupului #7', 'Raport climatologic subteran - statia 10. Senzorul a inregistrat 391 cicluri complete de temperatura. Temperatura medie anuala: 325 grade Celsius. Amplitudinea termica maxima: 72 grade. Umiditatea relativa medie: 213 procente. Concentratia de CO2: 313 ppm. Curentul de aer maxim masurat: 107 metri pe secunda. Directia predominanta a curentului: sector 114. Datalogerul a functionat 362 zile fara intrerupere. Am descarcat 479 megabytes de date brute. Presiunea barometrica la intrare: 114 mbar. Evaporarea masurata: 332 milimetri pe luna. Am comparat datele cu 440 statii meteorologice de suprafata. Raportul complet include 2 grafice si tabele. Monitorizarea continua de 262 luni confirma stabilitatea climatica.', 'doc_existing_c32_7.txt', 714, NULL, 'text_document', 1775839976);
INSERT INTO documentation_files_to_geofeatures (id, geofeature_id, geofeature_type, documentation_file_id, updated_at) VALUES (4151, 32, 'cave', 1770, 1775839976);
INSERT INTO documentation_files_to_geofeatures (id, geofeature_id, geofeature_type, documentation_file_id, updated_at) VALUES (4152, 141, 'cave_area', 1770, 1775839976);
INSERT INTO documentation_files_to_geofeatures (id, geofeature_id, geofeature_type, documentation_file_id, updated_at) VALUES (4153, 1906, 'cave_place', 1770, 1775839976);
INSERT INTO documentation_files (id, title, description, file_name, file_size, file_hash, file_type, created_at) VALUES (1771, 'Document Peștera X4 din Piatra Lupului #8', 'Studiu speleogenetic - sectorul 135. Am analizat 122 probe de calcar sub microscop. Varsta estimata a galeriei: 221 milioane de ani. Am identificat 276 faze de speleogeneza. Nivelul freatic actual este la 90 metri adancime. Am corelat cu 308 alte pesteri din zona. Porozitatea medie a rocii: 135 procente. Am realizat 143 sectiuni subtiri din probe. Studiul va fi publicat in volumul 278 al buletinului. Am colaborat cu 338 geologi specialisti.', 'doc_existing_c32_8.txt', 444, NULL, 'text_document', 1775839976);
INSERT INTO documentation_files_to_geofeatures (id, geofeature_id, geofeature_type, documentation_file_id, updated_at) VALUES (4154, 32, 'cave', 1771, 1775839976);
INSERT INTO documentation_files_to_geofeatures (id, geofeature_id, geofeature_type, documentation_file_id, updated_at) VALUES (4155, 140, 'cave_area', 1771, 1775839976);
INSERT INTO documentation_files_to_geofeatures (id, geofeature_id, geofeature_type, documentation_file_id, updated_at) VALUES (4156, 1867, 'cave_place', 1771, 1775839976);
INSERT INTO documentation_files (id, title, description, file_name, file_size, file_hash, file_type, created_at) VALUES (1772, 'Document Peștera X4 din Piatra Lupului #9', 'Proces verbal intalnire club - sedinta nr. 326. Au participat 23 membri. Am discutat 143 puncte pe ordinea de zi. S-a aprobat bugetul de 194 lei pentru trimestrul urmator. Am planificat 157 expeditii in urmatoarele luni. S-au inscris 472 membri noi. Am evaluat 245 rapoarte de explorare. S-a votat achizitionarea de echipament in valoare de 120 lei. Urmatoarea sedinta: peste 204 saptamani. Am desemnat 33 responsabili pentru proiecte.', 'doc_existing_c32_9.txt', 435, NULL, 'text_document', 1775839976);
INSERT INTO documentation_files_to_geofeatures (id, geofeature_id, geofeature_type, documentation_file_id, updated_at) VALUES (4157, 32, 'cave', 1772, 1775839976);
INSERT INTO documentation_files_to_geofeatures (id, geofeature_id, geofeature_type, documentation_file_id, updated_at) VALUES (4158, 140, 'cave_area', 1772, 1775839976);
INSERT INTO documentation_files_to_geofeatures (id, geofeature_id, geofeature_type, documentation_file_id, updated_at) VALUES (4159, 1903, 'cave_place', 1772, 1775839976);
INSERT INTO documentation_files (id, title, description, file_name, file_size, file_hash, file_type, created_at) VALUES (1773, 'Document Peștera X4 din Piatra Lupului #10', 'Studiu speleogenetic - sectorul 363. Am analizat 399 probe de calcar sub microscop. Varsta estimata a galeriei: 173 milioane de ani. Am identificat 327 faze de speleogeneza. Nivelul freatic actual este la 308 metri adancime. Am corelat cu 395 alte pesteri din zona. Porozitatea medie a rocii: 6 procente. Am realizat 252 sectiuni subtiri din probe. Studiul va fi publicat in volumul 69 al buletinului. Am colaborat cu 163 geologi specialisti.', 'doc_existing_c32_10.txt', 442, NULL, 'text_document', 1775839976);
INSERT INTO documentation_files_to_geofeatures (id, geofeature_id, geofeature_type, documentation_file_id, updated_at) VALUES (4160, 32, 'cave', 1773, 1775839976);
INSERT INTO documentation_files_to_geofeatures (id, geofeature_id, geofeature_type, documentation_file_id, updated_at) VALUES (4161, 1879, 'cave_place', 1773, 1775839976);
INSERT INTO documentation_files (id, title, description, file_name, file_size, file_hash, file_type, created_at) VALUES (1774, 'Foto Peștera X4 din Piatra Lupului #1', 'Fotografie de pestera pentru arhiva tehnica.', '20250105_120229.jpg', 85744, NULL, 'photo', 1775839976);
INSERT INTO documentation_files_to_geofeatures (id, geofeature_id, geofeature_type, documentation_file_id, updated_at) VALUES (4162, 32, 'cave', 1774, 1775839976);
INSERT INTO documentation_files_to_geofeatures (id, geofeature_id, geofeature_type, documentation_file_id, updated_at) VALUES (4163, 1893, 'cave_place', 1774, 1775839976);
INSERT INTO documentation_files (id, title, description, file_name, file_size, file_hash, file_type, created_at) VALUES (1775, 'Foto Peștera X4 din Piatra Lupului #2', 'Fotografie de pestera pentru arhiva tehnica.', '20250108_014122.jpg', 95561, NULL, 'photo', 1775839976);
INSERT INTO documentation_files_to_geofeatures (id, geofeature_id, geofeature_type, documentation_file_id, updated_at) VALUES (4164, 32, 'cave', 1775, 1775839976);
INSERT INTO documentation_files_to_geofeatures (id, geofeature_id, geofeature_type, documentation_file_id, updated_at) VALUES (4165, 140, 'cave_area', 1775, 1775839976);
INSERT INTO documentation_files_to_geofeatures (id, geofeature_id, geofeature_type, documentation_file_id, updated_at) VALUES (4166, 1906, 'cave_place', 1775, 1775839976);
INSERT INTO documentation_files (id, title, description, file_name, file_size, file_hash, file_type, created_at) VALUES (1776, 'Foto Peștera X4 din Piatra Lupului #3', 'Fotografie de pestera pentru arhiva tehnica.', '20250108_070400.jpg', 71580, NULL, 'photo', 1775839976);
INSERT INTO documentation_files_to_geofeatures (id, geofeature_id, geofeature_type, documentation_file_id, updated_at) VALUES (4167, 32, 'cave', 1776, 1775839976);
INSERT INTO documentation_files_to_geofeatures (id, geofeature_id, geofeature_type, documentation_file_id, updated_at) VALUES (4168, 139, 'cave_area', 1776, 1775839976);
INSERT INTO documentation_files (id, title, description, file_name, file_size, file_hash, file_type, created_at) VALUES (1777, 'Foto Peștera X4 din Piatra Lupului #4', 'Fotografie de pestera pentru arhiva tehnica.', '20250106_172237.jpg', 100771, NULL, 'photo', 1775839976);
INSERT INTO documentation_files_to_geofeatures (id, geofeature_id, geofeature_type, documentation_file_id, updated_at) VALUES (4169, 32, 'cave', 1777, 1775839976);
INSERT INTO documentation_files_to_geofeatures (id, geofeature_id, geofeature_type, documentation_file_id, updated_at) VALUES (4170, 140, 'cave_area', 1777, 1775839976);
INSERT INTO documentation_files (id, title, description, file_name, file_size, file_hash, file_type, created_at) VALUES (1778, 'Foto Peștera X4 din Piatra Lupului #5', 'Fotografie de pestera pentru arhiva tehnica.', '20250108_051137.jpg', 76321, NULL, 'photo', 1775839976);
INSERT INTO documentation_files_to_geofeatures (id, geofeature_id, geofeature_type, documentation_file_id, updated_at) VALUES (4171, 32, 'cave', 1778, 1775839976);
INSERT INTO documentation_files (id, title, description, file_name, file_size, file_hash, file_type, created_at) VALUES (1779, 'Foto Peștera X4 din Piatra Lupului #6', 'Fotografie de pestera pentru arhiva tehnica.', '20250105_171954.jpg', 105834, NULL, 'photo', 1775839976);
INSERT INTO documentation_files_to_geofeatures (id, geofeature_id, geofeature_type, documentation_file_id, updated_at) VALUES (4172, 32, 'cave', 1779, 1775839976);
INSERT INTO documentation_files_to_geofeatures (id, geofeature_id, geofeature_type, documentation_file_id, updated_at) VALUES (4173, 142, 'cave_area', 1779, 1775839976);
INSERT INTO documentation_files (id, title, description, file_name, file_size, file_hash, file_type, created_at) VALUES (1780, 'Document Peștera X6 din Piatra Lupului #1', 'Proces verbal intalnire club - sedinta nr. 119. Au participat 77 membri. Am discutat 200 puncte pe ordinea de zi. S-a aprobat bugetul de 205 lei pentru trimestrul urmator. Am planificat 446 expeditii in urmatoarele luni. S-au inscris 461 membri noi. Am evaluat 455 rapoarte de explorare. S-a votat achizitionarea de echipament in valoare de 358 lei. Urmatoarea sedinta: peste 472 saptamani. Am desemnat 130 responsabili pentru proiecte.', 'doc_existing_c33_1.txt', 436, NULL, 'text_document', 1775839976);
INSERT INTO documentation_files_to_geofeatures (id, geofeature_id, geofeature_type, documentation_file_id, updated_at) VALUES (4174, 33, 'cave', 1780, 1775839976);
INSERT INTO documentation_files_to_geofeatures (id, geofeature_id, geofeature_type, documentation_file_id, updated_at) VALUES (4175, 147, 'cave_area', 1780, 1775839976);
INSERT INTO documentation_files (id, title, description, file_name, file_size, file_hash, file_type, created_at) VALUES (1781, 'Document Peștera X6 din Piatra Lupului #2', 'Raport conservare patrimoniu - obiectiv 376. Am evaluat starea a 142 inscriptii istorice. Dintre acestea, 276 necesita interventie urgenta. Am curatat 39 metri patrati de graffiti modern. Am instalat 47 panouri informative la intrare. Bariera de protectie acopera 160 metri liniari. Am documentat 179 urme de vandalism. Raportul a fost transmis autoritatilor locale in 123 exemplare. Am propus clasificarea a 50 formatiuni ca monument natural. Vizitele ghidate sunt limitate la 91 persoane simultan. Am instruit 65 ghizi locali. Costul estimat al lucrarilor: 336 lei. Termenul de finalizare: 222 luni.', 'doc_existing_c33_2.txt', 601, NULL, 'text_document', 1775839976);
INSERT INTO documentation_files_to_geofeatures (id, geofeature_id, geofeature_type, documentation_file_id, updated_at) VALUES (4176, 33, 'cave', 1781, 1775839976);
INSERT INTO documentation_files_to_geofeatures (id, geofeature_id, geofeature_type, documentation_file_id, updated_at) VALUES (4177, 144, 'cave_area', 1781, 1775839976);
INSERT INTO documentation_files_to_geofeatures (id, geofeature_id, geofeature_type, documentation_file_id, updated_at) VALUES (4178, 1996, 'cave_place', 1781, 1775839976);
INSERT INTO documentation_files (id, title, description, file_name, file_size, file_hash, file_type, created_at) VALUES (1782, 'Document Peștera X6 din Piatra Lupului #3', 'Raport geologic - profil 102. Stratele de calcar apartin etajului 136. Grosimea medie a stratelor este de 136 centimetri. Fisurile tectonice au un azimut predominant de 450 grade. Am recoltat 313 probe de roca pentru datarea izotopica. Continutul de CaCO3 depaseste 374 procente. Concretii de aragonita au fost gasite la cota 303. Varsta estimata a speleothemelor: 307 mii de ani. Depozitele clastice au o grosime de 326 centimetri. Am identificat 20 tipuri diferite de sedimente. Nivelul paleoclappei fosile este la cota 226 metri. Analiza XRD confirma 324 faze minerale distincte. Sectorul analizat are o lungime de 216 metri. Am realizat 226 profile transversale ale galeriei. Cutele vizibile au amplitudini de 143 centimetri.', 'doc_existing_c33_3.txt', 729, NULL, 'text_document', 1775839976);
INSERT INTO documentation_files_to_geofeatures (id, geofeature_id, geofeature_type, documentation_file_id, updated_at) VALUES (4179, 33, 'cave', 1782, 1775839976);
INSERT INTO documentation_files_to_geofeatures (id, geofeature_id, geofeature_type, documentation_file_id, updated_at) VALUES (4180, 146, 'cave_area', 1782, 1775839976);
INSERT INTO documentation_files_to_geofeatures (id, geofeature_id, geofeature_type, documentation_file_id, updated_at) VALUES (4181, 1973, 'cave_place', 1782, 1775839976);
INSERT INTO documentation_files (id, title, description, file_name, file_size, file_hash, file_type, created_at) VALUES (1783, 'Document Peștera X6 din Piatra Lupului #4', 'Raport climatologic subteran - statia 464. Senzorul a inregistrat 291 cicluri complete de temperatura. Temperatura medie anuala: 229 grade Celsius. Amplitudinea termica maxima: 217 grade. Umiditatea relativa medie: 111 procente. Concentratia de CO2: 158 ppm. Curentul de aer maxim masurat: 226 metri pe secunda. Directia predominanta a curentului: sector 424. Datalogerul a functionat 383 zile fara intrerupere. Am descarcat 88 megabytes de date brute. Presiunea barometrica la intrare: 80 mbar. Evaporarea masurata: 273 milimetri pe luna. Am comparat datele cu 224 statii meteorologice de suprafata. Raportul complet include 208 grafice si tabele. Monitorizarea continua de 374 luni confirma stabilitatea climatica.', 'doc_existing_c33_4.txt', 716, NULL, 'text_document', 1775839976);
INSERT INTO documentation_files_to_geofeatures (id, geofeature_id, geofeature_type, documentation_file_id, updated_at) VALUES (4182, 33, 'cave', 1783, 1775839976);
INSERT INTO documentation_files_to_geofeatures (id, geofeature_id, geofeature_type, documentation_file_id, updated_at) VALUES (4183, 144, 'cave_area', 1783, 1775839976);
INSERT INTO documentation_files (id, title, description, file_name, file_size, file_hash, file_type, created_at) VALUES (1784, 'Document Peștera X6 din Piatra Lupului #5', 'Evidenta resurse hidrologice - punctul 441. Debitul mediu masurat: 22 litri pe secunda. Am efectuat 148 masuratori in perioade diferite. Temperatura apei: 354 grade Celsius, constanta. pH-ul masurat: 44 unitati. Conductivitatea electrica: 422 microsiemensi. Am injectat 448 grame de trasor fluorescent. Trasorul a aparut la izvor dupa 271 ore. Distanta estimata: 496 metri de conducte carstice. Nivelul maxim in sezonul ploios: 372 centimetri peste normal. Am monitorizat 56 izvoare din bazin. Volumul estimat al lacului subteran: 329 metri cubi.', 'doc_existing_c33_5.txt', 546, NULL, 'text_document', 1775839976);
INSERT INTO documentation_files_to_geofeatures (id, geofeature_id, geofeature_type, documentation_file_id, updated_at) VALUES (4184, 33, 'cave', 1784, 1775839976);
INSERT INTO documentation_files_to_geofeatures (id, geofeature_id, geofeature_type, documentation_file_id, updated_at) VALUES (4185, 1930, 'cave_place', 1784, 1775839976);
INSERT INTO documentation_files (id, title, description, file_name, file_size, file_hash, file_type, created_at) VALUES (1785, 'Document Peștera X6 din Piatra Lupului #6', 'Nota de mentenanta balize - traseul 108. Am verificat 286 balize reflectorizante. Dintre acestea, 131 au fost inlocuite. Am adaugat 155 balize noi in zonele nemarcate. Distanta medie intre balize: 163 metri. Am folosit 415 culori diferite conform codificarii. Vizibilitatea minima a balizelor: 214 metri cu lampa frontala. Am eliminat 245 marcaje vechi si confuze. Traseul total balizat: 165 metri. Urmatoarea verificare: peste 417 luni. Materialul consumat: 433 benzi reflectorizante.', 'doc_existing_c33_6.txt', 485, NULL, 'text_document', 1775839976);
INSERT INTO documentation_files_to_geofeatures (id, geofeature_id, geofeature_type, documentation_file_id, updated_at) VALUES (4186, 33, 'cave', 1785, 1775839976);
INSERT INTO documentation_files_to_geofeatures (id, geofeature_id, geofeature_type, documentation_file_id, updated_at) VALUES (4187, 1933, 'cave_place', 1785, 1775839976);
INSERT INTO documentation_files (id, title, description, file_name, file_size, file_hash, file_type, created_at) VALUES (1786, 'Document Peștera X6 din Piatra Lupului #7', 'Studiu speleogenetic - sectorul 216. Am analizat 109 probe de calcar sub microscop. Varsta estimata a galeriei: 46 milioane de ani. Am identificat 266 faze de speleogeneza. Nivelul freatic actual este la 49 metri adancime. Am corelat cu 409 alte pesteri din zona. Porozitatea medie a rocii: 360 procente. Am realizat 447 sectiuni subtiri din probe. Studiul va fi publicat in volumul 241 al buletinului. Am colaborat cu 305 geologi specialisti.', 'doc_existing_c33_7.txt', 443, NULL, 'text_document', 1775839976);
INSERT INTO documentation_files_to_geofeatures (id, geofeature_id, geofeature_type, documentation_file_id, updated_at) VALUES (4188, 33, 'cave', 1786, 1775839976);
INSERT INTO documentation_files_to_geofeatures (id, geofeature_id, geofeature_type, documentation_file_id, updated_at) VALUES (4189, 144, 'cave_area', 1786, 1775839976);
INSERT INTO documentation_files_to_geofeatures (id, geofeature_id, geofeature_type, documentation_file_id, updated_at) VALUES (4190, 1911, 'cave_place', 1786, 1775839976);
INSERT INTO documentation_files (id, title, description, file_name, file_size, file_hash, file_type, created_at) VALUES (1787, 'Foto Peștera X6 din Piatra Lupului #1', 'Fotografie de pestera pentru arhiva tehnica.', '20250108_070400.jpg', 71580, NULL, 'photo', 1775839976);
INSERT INTO documentation_files_to_geofeatures (id, geofeature_id, geofeature_type, documentation_file_id, updated_at) VALUES (4191, 33, 'cave', 1787, 1775839976);
INSERT INTO documentation_files_to_geofeatures (id, geofeature_id, geofeature_type, documentation_file_id, updated_at) VALUES (4192, 144, 'cave_area', 1787, 1775839976);
INSERT INTO documentation_files_to_geofeatures (id, geofeature_id, geofeature_type, documentation_file_id, updated_at) VALUES (4193, 1961, 'cave_place', 1787, 1775839976);
INSERT INTO documentation_files (id, title, description, file_name, file_size, file_hash, file_type, created_at) VALUES (1788, 'Foto Peștera X6 din Piatra Lupului #2', 'Fotografie de pestera pentru arhiva tehnica.', '20250105_153139.jpg', 53561, NULL, 'photo', 1775839976);
INSERT INTO documentation_files_to_geofeatures (id, geofeature_id, geofeature_type, documentation_file_id, updated_at) VALUES (4194, 33, 'cave', 1788, 1775839976);
INSERT INTO documentation_files_to_geofeatures (id, geofeature_id, geofeature_type, documentation_file_id, updated_at) VALUES (4195, 145, 'cave_area', 1788, 1775839976);
INSERT INTO documentation_files_to_geofeatures (id, geofeature_id, geofeature_type, documentation_file_id, updated_at) VALUES (4196, 1979, 'cave_place', 1788, 1775839976);
INSERT INTO documentation_files (id, title, description, file_name, file_size, file_hash, file_type, created_at) VALUES (1789, 'Foto Peștera X6 din Piatra Lupului #3', 'Fotografie de pestera pentru arhiva tehnica.', '20250107_221844.jpg', 64154, NULL, 'photo', 1775839976);
INSERT INTO documentation_files_to_geofeatures (id, geofeature_id, geofeature_type, documentation_file_id, updated_at) VALUES (4197, 33, 'cave', 1789, 1775839976);
INSERT INTO documentation_files (id, title, description, file_name, file_size, file_hash, file_type, created_at) VALUES (1790, 'Document Peștera X7 din Piatra Lupului #1', 'Studiu speleogenetic - sectorul 171. Am analizat 227 probe de calcar sub microscop. Varsta estimata a galeriei: 19 milioane de ani. Am identificat 124 faze de speleogeneza. Nivelul freatic actual este la 441 metri adancime. Am corelat cu 150 alte pesteri din zona. Porozitatea medie a rocii: 130 procente. Am realizat 300 sectiuni subtiri din probe. Studiul va fi publicat in volumul 99 al buletinului. Am colaborat cu 474 geologi specialisti.', 'doc_existing_c34_1.txt', 443, NULL, 'text_document', 1775839976);
INSERT INTO documentation_files_to_geofeatures (id, geofeature_id, geofeature_type, documentation_file_id, updated_at) VALUES (4198, 34, 'cave', 1790, 1775839976);
INSERT INTO documentation_files_to_geofeatures (id, geofeature_id, geofeature_type, documentation_file_id, updated_at) VALUES (4199, 148, 'cave_area', 1790, 1775839976);
INSERT INTO documentation_files_to_geofeatures (id, geofeature_id, geofeature_type, documentation_file_id, updated_at) VALUES (4200, 2055, 'cave_place', 1790, 1775839976);
INSERT INTO documentation_files (id, title, description, file_name, file_size, file_hash, file_type, created_at) VALUES (1791, 'Document Peștera X7 din Piatra Lupului #2', 'Nota de mentenanta balize - traseul 468. Am verificat 104 balize reflectorizante. Dintre acestea, 335 au fost inlocuite. Am adaugat 221 balize noi in zonele nemarcate. Distanta medie intre balize: 43 metri. Am folosit 404 culori diferite conform codificarii. Vizibilitatea minima a balizelor: 7 metri cu lampa frontala. Am eliminat 300 marcaje vechi si confuze. Traseul total balizat: 241 metri. Urmatoarea verificare: peste 196 luni. Materialul consumat: 475 benzi reflectorizante.', 'doc_existing_c34_2.txt', 482, NULL, 'text_document', 1775839976);
INSERT INTO documentation_files_to_geofeatures (id, geofeature_id, geofeature_type, documentation_file_id, updated_at) VALUES (4201, 34, 'cave', 1791, 1775839976);
INSERT INTO documentation_files_to_geofeatures (id, geofeature_id, geofeature_type, documentation_file_id, updated_at) VALUES (4202, 2015, 'cave_place', 1791, 1775839976);
INSERT INTO documentation_files (id, title, description, file_name, file_size, file_hash, file_type, created_at) VALUES (1792, 'Foto Peștera X7 din Piatra Lupului #1', 'Fotografie de pestera pentru arhiva tehnica.', '20250105_121440.jpg', 58950, NULL, 'photo', 1775839976);
INSERT INTO documentation_files_to_geofeatures (id, geofeature_id, geofeature_type, documentation_file_id, updated_at) VALUES (4203, 34, 'cave', 1792, 1775839976);
INSERT INTO documentation_files (id, title, description, file_name, file_size, file_hash, file_type, created_at) VALUES (1793, 'Foto Peștera X7 din Piatra Lupului #2', 'Fotografie de pestera pentru arhiva tehnica.', '20250108_015331.jpg', 90733, NULL, 'photo', 1775839976);
INSERT INTO documentation_files_to_geofeatures (id, geofeature_id, geofeature_type, documentation_file_id, updated_at) VALUES (4204, 34, 'cave', 1793, 1775839976);
INSERT INTO documentation_files_to_geofeatures (id, geofeature_id, geofeature_type, documentation_file_id, updated_at) VALUES (4205, 148, 'cave_area', 1793, 1775839976);
INSERT INTO documentation_files_to_geofeatures (id, geofeature_id, geofeature_type, documentation_file_id, updated_at) VALUES (4206, 2005, 'cave_place', 1793, 1775839976);
INSERT INTO documentation_files (id, title, description, file_name, file_size, file_hash, file_type, created_at) VALUES (1794, 'Foto Peștera X7 din Piatra Lupului #3', 'Fotografie de pestera pentru arhiva tehnica.', '20250108_015243.jpg', 89809, NULL, 'photo', 1775839976);
INSERT INTO documentation_files_to_geofeatures (id, geofeature_id, geofeature_type, documentation_file_id, updated_at) VALUES (4207, 34, 'cave', 1794, 1775839976);
INSERT INTO documentation_files (id, title, description, file_name, file_size, file_hash, file_type, created_at) VALUES (1795, 'Foto Peștera X7 din Piatra Lupului #4', 'Fotografie de pestera pentru arhiva tehnica.', '20250105_211239.jpg', 111085, NULL, 'photo', 1775839976);
INSERT INTO documentation_files_to_geofeatures (id, geofeature_id, geofeature_type, documentation_file_id, updated_at) VALUES (4208, 34, 'cave', 1795, 1775839976);
INSERT INTO documentation_files_to_geofeatures (id, geofeature_id, geofeature_type, documentation_file_id, updated_at) VALUES (4209, 148, 'cave_area', 1795, 1775839976);
INSERT INTO documentation_files_to_geofeatures (id, geofeature_id, geofeature_type, documentation_file_id, updated_at) VALUES (4210, 2052, 'cave_place', 1795, 1775839976);
INSERT INTO documentation_files (id, title, description, file_name, file_size, file_hash, file_type, created_at) VALUES (1796, 'Foto Peștera X7 din Piatra Lupului #5', 'Fotografie de pestera pentru arhiva tehnica.', '20250108_015331.jpg', 90733, NULL, 'photo', 1775839976);
INSERT INTO documentation_files_to_geofeatures (id, geofeature_id, geofeature_type, documentation_file_id, updated_at) VALUES (4211, 34, 'cave', 1796, 1775839976);
INSERT INTO documentation_files_to_geofeatures (id, geofeature_id, geofeature_type, documentation_file_id, updated_at) VALUES (4212, 148, 'cave_area', 1796, 1775839976);
INSERT INTO documentation_files_to_geofeatures (id, geofeature_id, geofeature_type, documentation_file_id, updated_at) VALUES (4213, 2037, 'cave_place', 1796, 1775839976);
INSERT INTO documentation_files (id, title, description, file_name, file_size, file_hash, file_type, created_at) VALUES (1797, 'Document Peștera X8 din Piatra Lupului #1', 'Studiu speleogenetic - sectorul 35. Am analizat 225 probe de calcar sub microscop. Varsta estimata a galeriei: 132 milioane de ani. Am identificat 145 faze de speleogeneza. Nivelul freatic actual este la 49 metri adancime. Am corelat cu 451 alte pesteri din zona. Porozitatea medie a rocii: 208 procente. Am realizat 112 sectiuni subtiri din probe. Studiul va fi publicat in volumul 56 al buletinului. Am colaborat cu 224 geologi specialisti.', 'doc_existing_c35_1.txt', 442, NULL, 'text_document', 1775839976);
INSERT INTO documentation_files_to_geofeatures (id, geofeature_id, geofeature_type, documentation_file_id, updated_at) VALUES (4214, 35, 'cave', 1797, 1775839976);
INSERT INTO documentation_files_to_geofeatures (id, geofeature_id, geofeature_type, documentation_file_id, updated_at) VALUES (4215, 2165, 'cave_place', 1797, 1775839976);
INSERT INTO documentation_files (id, title, description, file_name, file_size, file_hash, file_type, created_at) VALUES (1798, 'Document Peștera X8 din Piatra Lupului #2', 'Nota de mentenanta balize - traseul 331. Am verificat 493 balize reflectorizante. Dintre acestea, 7 au fost inlocuite. Am adaugat 46 balize noi in zonele nemarcate. Distanta medie intre balize: 250 metri. Am folosit 442 culori diferite conform codificarii. Vizibilitatea minima a balizelor: 439 metri cu lampa frontala. Am eliminat 226 marcaje vechi si confuze. Traseul total balizat: 59 metri. Urmatoarea verificare: peste 293 luni. Materialul consumat: 320 benzi reflectorizante.', 'doc_existing_c35_2.txt', 481, NULL, 'text_document', 1775839976);
INSERT INTO documentation_files_to_geofeatures (id, geofeature_id, geofeature_type, documentation_file_id, updated_at) VALUES (4216, 35, 'cave', 1798, 1775839976);
INSERT INTO documentation_files_to_geofeatures (id, geofeature_id, geofeature_type, documentation_file_id, updated_at) VALUES (4217, 2102, 'cave_place', 1798, 1775839976);
INSERT INTO documentation_files (id, title, description, file_name, file_size, file_hash, file_type, created_at) VALUES (1799, 'Document Peștera X8 din Piatra Lupului #3', 'Evaluare risc - sectorul 322. Am identificat 110 zone cu risc de prabusire a plafonului. Blocurile instabile au dimensiuni de pana la 108 centimetri. Nivelul apei poate creste cu 209 metri in caz de precipitatii. Distanta de la intrare pana la prima zona de risc: 212 metri. Am instalat 295 indicatoare de avertizare reflectorizante. Evacuarea de urgenta dureaza estimativ 51 minute. Echipamentul de prim ajutor este pozitionat la statia 281. Am testat comunicarea radio in 392 puncte critice. Semnalul radio este pierdut dupa 148 metri de la intrare. Am recomandat echipa minima de 58 persoane pentru acest sector. Casca si lampa frontala trebuie verificate la fiecare 185 ore. Protocoalele de securitate au fost revizuite de 481 ori anul acesta. Ultimul incident a avut loc cu 241 luni in urma. Am efectuat 386 exercitii de evacuare. Planul de urgenta a fost actualizat la versiunea 290.', 'doc_existing_c35_3.txt', 889, NULL, 'text_document', 1775839976);
INSERT INTO documentation_files_to_geofeatures (id, geofeature_id, geofeature_type, documentation_file_id, updated_at) VALUES (4218, 35, 'cave', 1799, 1775839976);
INSERT INTO documentation_files_to_geofeatures (id, geofeature_id, geofeature_type, documentation_file_id, updated_at) VALUES (4219, 155, 'cave_area', 1799, 1775839976);
INSERT INTO documentation_files_to_geofeatures (id, geofeature_id, geofeature_type, documentation_file_id, updated_at) VALUES (4220, 2086, 'cave_place', 1799, 1775839976);
INSERT INTO documentation_files (id, title, description, file_name, file_size, file_hash, file_type, created_at) VALUES (1800, 'Document Peștera X8 din Piatra Lupului #4', 'Fisa tehnica echipare put - verticala nr. 9. Adancimea: 480 metri. Am instalat 448 spituri din otel inoxidabil. Distanta intre spituri: 216 metri. Lungimea corzii principale: 318 metri. Coarda de siguranta: 141 metri. Am montat 157 protectoare de franghie. Fractionarea se face la 51 metri de buza putului. Deviatia este la 158 metri sub fractionare. Am testat echiparea cu 190 coborari. Ultimul control al spiturilor: acum 191 luni.', 'doc_existing_c35_4.txt', 433, NULL, 'text_document', 1775839976);
INSERT INTO documentation_files_to_geofeatures (id, geofeature_id, geofeature_type, documentation_file_id, updated_at) VALUES (4221, 35, 'cave', 1800, 1775839976);
INSERT INTO documentation_files_to_geofeatures (id, geofeature_id, geofeature_type, documentation_file_id, updated_at) VALUES (4222, 2164, 'cave_place', 1800, 1775839976);
INSERT INTO documentation_files (id, title, description, file_name, file_size, file_hash, file_type, created_at) VALUES (1801, 'Document Peștera X8 din Piatra Lupului #5', 'Studiu speleogenetic - sectorul 321. Am analizat 67 probe de calcar sub microscop. Varsta estimata a galeriei: 113 milioane de ani. Am identificat 64 faze de speleogeneza. Nivelul freatic actual este la 105 metri adancime. Am corelat cu 48 alte pesteri din zona. Porozitatea medie a rocii: 215 procente. Am realizat 259 sectiuni subtiri din probe. Studiul va fi publicat in volumul 15 al buletinului. Am colaborat cu 117 geologi specialisti.', 'doc_existing_c35_5.txt', 441, NULL, 'text_document', 1775839976);
INSERT INTO documentation_files_to_geofeatures (id, geofeature_id, geofeature_type, documentation_file_id, updated_at) VALUES (4223, 35, 'cave', 1801, 1775839976);
INSERT INTO documentation_files_to_geofeatures (id, geofeature_id, geofeature_type, documentation_file_id, updated_at) VALUES (4224, 152, 'cave_area', 1801, 1775839976);
INSERT INTO documentation_files_to_geofeatures (id, geofeature_id, geofeature_type, documentation_file_id, updated_at) VALUES (4225, 2164, 'cave_place', 1801, 1775839976);
INSERT INTO documentation_files (id, title, description, file_name, file_size, file_hash, file_type, created_at) VALUES (1802, 'Document Peștera X8 din Piatra Lupului #6', 'Fisa tehnica echipare put - verticala nr. 83. Adancimea: 172 metri. Am instalat 147 spituri din otel inoxidabil. Distanta intre spituri: 142 metri. Lungimea corzii principale: 151 metri. Coarda de siguranta: 95 metri. Am montat 225 protectoare de franghie. Fractionarea se face la 181 metri de buza putului. Deviatia este la 288 metri sub fractionare. Am testat echiparea cu 387 coborari. Ultimul control al spiturilor: acum 440 luni.', 'doc_existing_c35_6.txt', 434, NULL, 'text_document', 1775839976);
INSERT INTO documentation_files_to_geofeatures (id, geofeature_id, geofeature_type, documentation_file_id, updated_at) VALUES (4226, 35, 'cave', 1802, 1775839976);
INSERT INTO documentation_files_to_geofeatures (id, geofeature_id, geofeature_type, documentation_file_id, updated_at) VALUES (4227, 2102, 'cave_place', 1802, 1775839976);
INSERT INTO documentation_files (id, title, description, file_name, file_size, file_hash, file_type, created_at) VALUES (1803, 'Document Peștera X8 din Piatra Lupului #7', 'Raport climatologic subteran - statia 387. Senzorul a inregistrat 117 cicluri complete de temperatura. Temperatura medie anuala: 130 grade Celsius. Amplitudinea termica maxima: 118 grade. Umiditatea relativa medie: 146 procente. Concentratia de CO2: 372 ppm. Curentul de aer maxim masurat: 100 metri pe secunda. Directia predominanta a curentului: sector 74. Datalogerul a functionat 492 zile fara intrerupere. Am descarcat 223 megabytes de date brute. Presiunea barometrica la intrare: 24 mbar. Evaporarea masurata: 77 milimetri pe luna. Am comparat datele cu 359 statii meteorologice de suprafata. Raportul complet include 200 grafice si tabele. Monitorizarea continua de 460 luni confirma stabilitatea climatica.', 'doc_existing_c35_7.txt', 715, NULL, 'text_document', 1775839976);
INSERT INTO documentation_files_to_geofeatures (id, geofeature_id, geofeature_type, documentation_file_id, updated_at) VALUES (4228, 35, 'cave', 1803, 1775839976);
INSERT INTO documentation_files_to_geofeatures (id, geofeature_id, geofeature_type, documentation_file_id, updated_at) VALUES (4229, 2157, 'cave_place', 1803, 1775839976);
INSERT INTO documentation_files (id, title, description, file_name, file_size, file_hash, file_type, created_at) VALUES (1804, 'Document Peștera X8 din Piatra Lupului #8', 'Evidenta resurse hidrologice - punctul 352. Debitul mediu masurat: 350 litri pe secunda. Am efectuat 108 masuratori in perioade diferite. Temperatura apei: 111 grade Celsius, constanta. pH-ul masurat: 489 unitati. Conductivitatea electrica: 75 microsiemensi. Am injectat 342 grame de trasor fluorescent. Trasorul a aparut la izvor dupa 220 ore. Distanta estimata: 408 metri de conducte carstice. Nivelul maxim in sezonul ploios: 437 centimetri peste normal. Am monitorizat 412 izvoare din bazin. Volumul estimat al lacului subteran: 103 metri cubi.', 'doc_existing_c35_8.txt', 548, NULL, 'text_document', 1775839976);
INSERT INTO documentation_files_to_geofeatures (id, geofeature_id, geofeature_type, documentation_file_id, updated_at) VALUES (4230, 35, 'cave', 1804, 1775839976);
INSERT INTO documentation_files_to_geofeatures (id, geofeature_id, geofeature_type, documentation_file_id, updated_at) VALUES (4231, 152, 'cave_area', 1804, 1775839976);
INSERT INTO documentation_files_to_geofeatures (id, geofeature_id, geofeature_type, documentation_file_id, updated_at) VALUES (4232, 2084, 'cave_place', 1804, 1775839976);
INSERT INTO documentation_files (id, title, description, file_name, file_size, file_hash, file_type, created_at) VALUES (1805, 'Document Peștera X8 din Piatra Lupului #9', 'Evidenta resurse hidrologice - punctul 466. Debitul mediu masurat: 64 litri pe secunda. Am efectuat 282 masuratori in perioade diferite. Temperatura apei: 288 grade Celsius, constanta. pH-ul masurat: 470 unitati. Conductivitatea electrica: 498 microsiemensi. Am injectat 33 grame de trasor fluorescent. Trasorul a aparut la izvor dupa 490 ore. Distanta estimata: 371 metri de conducte carstice. Nivelul maxim in sezonul ploios: 132 centimetri peste normal. Am monitorizat 411 izvoare din bazin. Volumul estimat al lacului subteran: 319 metri cubi.', 'doc_existing_c35_9.txt', 547, NULL, 'text_document', 1775839976);
INSERT INTO documentation_files_to_geofeatures (id, geofeature_id, geofeature_type, documentation_file_id, updated_at) VALUES (4233, 35, 'cave', 1805, 1775839976);
INSERT INTO documentation_files_to_geofeatures (id, geofeature_id, geofeature_type, documentation_file_id, updated_at) VALUES (4234, 151, 'cave_area', 1805, 1775839976);
INSERT INTO documentation_files_to_geofeatures (id, geofeature_id, geofeature_type, documentation_file_id, updated_at) VALUES (4235, 2114, 'cave_place', 1805, 1775839976);
INSERT INTO documentation_files (id, title, description, file_name, file_size, file_hash, file_type, created_at) VALUES (1806, 'Document Peștera X8 din Piatra Lupului #10', 'Raport conservare patrimoniu - obiectiv 474. Am evaluat starea a 391 inscriptii istorice. Dintre acestea, 283 necesita interventie urgenta. Am curatat 440 metri patrati de graffiti modern. Am instalat 36 panouri informative la intrare. Bariera de protectie acopera 86 metri liniari. Am documentat 336 urme de vandalism. Raportul a fost transmis autoritatilor locale in 455 exemplare. Am propus clasificarea a 77 formatiuni ca monument natural. Vizitele ghidate sunt limitate la 193 persoane simultan. Am instruit 244 ghizi locali. Costul estimat al lucrarilor: 201 lei. Termenul de finalizare: 386 luni.', 'doc_existing_c35_10.txt', 603, NULL, 'text_document', 1775839976);
INSERT INTO documentation_files_to_geofeatures (id, geofeature_id, geofeature_type, documentation_file_id, updated_at) VALUES (4236, 35, 'cave', 1806, 1775839976);
INSERT INTO documentation_files_to_geofeatures (id, geofeature_id, geofeature_type, documentation_file_id, updated_at) VALUES (4237, 151, 'cave_area', 1806, 1775839976);
INSERT INTO documentation_files_to_geofeatures (id, geofeature_id, geofeature_type, documentation_file_id, updated_at) VALUES (4238, 2116, 'cave_place', 1806, 1775839976);
INSERT INTO documentation_files (id, title, description, file_name, file_size, file_hash, file_type, created_at) VALUES (1807, 'Document Peștera X8 din Piatra Lupului #11', 'Proces verbal intalnire club - sedinta nr. 432. Au participat 491 membri. Am discutat 442 puncte pe ordinea de zi. S-a aprobat bugetul de 254 lei pentru trimestrul urmator. Am planificat 25 expeditii in urmatoarele luni. S-au inscris 396 membri noi. Am evaluat 14 rapoarte de explorare. S-a votat achizitionarea de echipament in valoare de 76 lei. Urmatoarea sedinta: peste 203 saptamani. Am desemnat 353 responsabili pentru proiecte.', 'doc_existing_c35_11.txt', 434, NULL, 'text_document', 1775839976);
INSERT INTO documentation_files_to_geofeatures (id, geofeature_id, geofeature_type, documentation_file_id, updated_at) VALUES (4239, 35, 'cave', 1807, 1775839976);
INSERT INTO documentation_files_to_geofeatures (id, geofeature_id, geofeature_type, documentation_file_id, updated_at) VALUES (4240, 155, 'cave_area', 1807, 1775839976);
INSERT INTO documentation_files_to_geofeatures (id, geofeature_id, geofeature_type, documentation_file_id, updated_at) VALUES (4241, 2147, 'cave_place', 1807, 1775839976);
INSERT INTO documentation_files (id, title, description, file_name, file_size, file_hash, file_type, created_at) VALUES (1808, 'Document Peștera X8 din Piatra Lupului #12', 'Raport climatologic subteran - statia 291. Senzorul a inregistrat 424 cicluri complete de temperatura. Temperatura medie anuala: 20 grade Celsius. Amplitudinea termica maxima: 255 grade. Umiditatea relativa medie: 415 procente. Concentratia de CO2: 225 ppm. Curentul de aer maxim masurat: 270 metri pe secunda. Directia predominanta a curentului: sector 52. Datalogerul a functionat 347 zile fara intrerupere. Am descarcat 186 megabytes de date brute. Presiunea barometrica la intrare: 58 mbar. Evaporarea masurata: 456 milimetri pe luna. Am comparat datele cu 223 statii meteorologice de suprafata. Raportul complet include 228 grafice si tabele. Monitorizarea continua de 354 luni confirma stabilitatea climatica.', 'doc_existing_c35_12.txt', 715, NULL, 'text_document', 1775839976);
INSERT INTO documentation_files_to_geofeatures (id, geofeature_id, geofeature_type, documentation_file_id, updated_at) VALUES (4242, 35, 'cave', 1808, 1775839976);
INSERT INTO documentation_files_to_geofeatures (id, geofeature_id, geofeature_type, documentation_file_id, updated_at) VALUES (4243, 2155, 'cave_place', 1808, 1775839976);
INSERT INTO documentation_files (id, title, description, file_name, file_size, file_hash, file_type, created_at) VALUES (1809, 'Document Peștera X8 din Piatra Lupului #13', 'Raport geologic - profil 436. Stratele de calcar apartin etajului 40. Grosimea medie a stratelor este de 66 centimetri. Fisurile tectonice au un azimut predominant de 123 grade. Am recoltat 141 probe de roca pentru datarea izotopica. Continutul de CaCO3 depaseste 411 procente. Concretii de aragonita au fost gasite la cota 184. Varsta estimata a speleothemelor: 386 mii de ani. Depozitele clastice au o grosime de 173 centimetri. Am identificat 37 tipuri diferite de sedimente. Nivelul paleoclappei fosile este la cota 495 metri. Analiza XRD confirma 81 faze minerale distincte. Sectorul analizat are o lungime de 461 metri. Am realizat 129 profile transversale ale galeriei. Cutele vizibile au amplitudini de 240 centimetri.', 'doc_existing_c35_13.txt', 726, NULL, 'text_document', 1775839976);
INSERT INTO documentation_files_to_geofeatures (id, geofeature_id, geofeature_type, documentation_file_id, updated_at) VALUES (4244, 35, 'cave', 1809, 1775839976);
INSERT INTO documentation_files_to_geofeatures (id, geofeature_id, geofeature_type, documentation_file_id, updated_at) VALUES (4245, 153, 'cave_area', 1809, 1775839976);
INSERT INTO documentation_files_to_geofeatures (id, geofeature_id, geofeature_type, documentation_file_id, updated_at) VALUES (4246, 2142, 'cave_place', 1809, 1775839976);
INSERT INTO documentation_files (id, title, description, file_name, file_size, file_hash, file_type, created_at) VALUES (1810, 'Foto Peștera X8 din Piatra Lupului #1', 'Fotografie de pestera pentru arhiva tehnica.', '20250108_055732.jpg', 99069, NULL, 'photo', 1775839976);
INSERT INTO documentation_files_to_geofeatures (id, geofeature_id, geofeature_type, documentation_file_id, updated_at) VALUES (4247, 35, 'cave', 1810, 1775839976);
INSERT INTO documentation_files_to_geofeatures (id, geofeature_id, geofeature_type, documentation_file_id, updated_at) VALUES (4248, 2100, 'cave_place', 1810, 1775839976);
INSERT INTO documentation_files (id, title, description, file_name, file_size, file_hash, file_type, created_at) VALUES (1811, 'Foto Peștera X8 din Piatra Lupului #2', 'Fotografie de pestera pentru arhiva tehnica.', '20250105_171954.jpg', 105834, NULL, 'photo', 1775839976);
INSERT INTO documentation_files_to_geofeatures (id, geofeature_id, geofeature_type, documentation_file_id, updated_at) VALUES (4249, 35, 'cave', 1811, 1775839976);
INSERT INTO documentation_files_to_geofeatures (id, geofeature_id, geofeature_type, documentation_file_id, updated_at) VALUES (4250, 2165, 'cave_place', 1811, 1775839976);
INSERT INTO documentation_files (id, title, description, file_name, file_size, file_hash, file_type, created_at) VALUES (1812, 'Foto Peștera X8 din Piatra Lupului #3', 'Fotografie de pestera pentru arhiva tehnica.', '20250105_120229.jpg', 85744, NULL, 'photo', 1775839976);
INSERT INTO documentation_files_to_geofeatures (id, geofeature_id, geofeature_type, documentation_file_id, updated_at) VALUES (4251, 35, 'cave', 1812, 1775839976);
INSERT INTO documentation_files_to_geofeatures (id, geofeature_id, geofeature_type, documentation_file_id, updated_at) VALUES (4252, 156, 'cave_area', 1812, 1775839976);
INSERT INTO documentation_files_to_geofeatures (id, geofeature_id, geofeature_type, documentation_file_id, updated_at) VALUES (4253, 2116, 'cave_place', 1812, 1775839976);
INSERT INTO documentation_files (id, title, description, file_name, file_size, file_hash, file_type, created_at) VALUES (1813, 'Foto Peștera X8 din Piatra Lupului #4', 'Fotografie de pestera pentru arhiva tehnica.', '20250106_213749.jpg', 51518, NULL, 'photo', 1775839976);
INSERT INTO documentation_files_to_geofeatures (id, geofeature_id, geofeature_type, documentation_file_id, updated_at) VALUES (4254, 35, 'cave', 1813, 1775839976);
INSERT INTO documentation_files_to_geofeatures (id, geofeature_id, geofeature_type, documentation_file_id, updated_at) VALUES (4255, 2081, 'cave_place', 1813, 1775839976);
INSERT INTO documentation_files (id, title, description, file_name, file_size, file_hash, file_type, created_at) VALUES (1814, 'Foto Peștera X8 din Piatra Lupului #5', 'Fotografie de pestera pentru arhiva tehnica.', '20250105_153139.jpg', 53561, NULL, 'photo', 1775839976);
INSERT INTO documentation_files_to_geofeatures (id, geofeature_id, geofeature_type, documentation_file_id, updated_at) VALUES (4256, 35, 'cave', 1814, 1775839976);
INSERT INTO documentation_files_to_geofeatures (id, geofeature_id, geofeature_type, documentation_file_id, updated_at) VALUES (4257, 151, 'cave_area', 1814, 1775839976);
INSERT INTO documentation_files (id, title, description, file_name, file_size, file_hash, file_type, created_at) VALUES (1815, 'Foto Peștera X8 din Piatra Lupului #6', 'Fotografie de pestera pentru arhiva tehnica.', '20250106_175243.jpg', 88609, NULL, 'photo', 1775839976);
INSERT INTO documentation_files_to_geofeatures (id, geofeature_id, geofeature_type, documentation_file_id, updated_at) VALUES (4258, 35, 'cave', 1815, 1775839976);
INSERT INTO documentation_files_to_geofeatures (id, geofeature_id, geofeature_type, documentation_file_id, updated_at) VALUES (4259, 149, 'cave_area', 1815, 1775839976);
INSERT INTO documentation_files_to_geofeatures (id, geofeature_id, geofeature_type, documentation_file_id, updated_at) VALUES (4260, 2167, 'cave_place', 1815, 1775839976);
INSERT INTO documentation_files (id, title, description, file_name, file_size, file_hash, file_type, created_at) VALUES (1816, 'Foto Peștera X8 din Piatra Lupului #7', 'Fotografie de pestera pentru arhiva tehnica.', '20250105_181113.jpg', 110223, NULL, 'photo', 1775839976);
INSERT INTO documentation_files_to_geofeatures (id, geofeature_id, geofeature_type, documentation_file_id, updated_at) VALUES (4261, 35, 'cave', 1816, 1775839976);
INSERT INTO documentation_files_to_geofeatures (id, geofeature_id, geofeature_type, documentation_file_id, updated_at) VALUES (4262, 2098, 'cave_place', 1816, 1775839976);
INSERT INTO documentation_files (id, title, description, file_name, file_size, file_hash, file_type, created_at) VALUES (1817, 'Foto Peștera X8 din Piatra Lupului #8', 'Fotografie de pestera pentru arhiva tehnica.', '20250106_213733.jpg', 76066, NULL, 'photo', 1775839976);
INSERT INTO documentation_files_to_geofeatures (id, geofeature_id, geofeature_type, documentation_file_id, updated_at) VALUES (4263, 35, 'cave', 1817, 1775839976);
INSERT INTO documentation_files_to_geofeatures (id, geofeature_id, geofeature_type, documentation_file_id, updated_at) VALUES (4264, 153, 'cave_area', 1817, 1775839976);
INSERT INTO documentation_files (id, title, description, file_name, file_size, file_hash, file_type, created_at) VALUES (1818, 'Foto Peștera X8 din Piatra Lupului #9', 'Fotografie de pestera pentru arhiva tehnica.', '20250105_171938.jpg', 83405, NULL, 'photo', 1775839976);
INSERT INTO documentation_files_to_geofeatures (id, geofeature_id, geofeature_type, documentation_file_id, updated_at) VALUES (4265, 35, 'cave', 1818, 1775839976);
INSERT INTO documentation_files_to_geofeatures (id, geofeature_id, geofeature_type, documentation_file_id, updated_at) VALUES (4266, 2144, 'cave_place', 1818, 1775839976);
INSERT INTO documentation_files (id, title, description, file_name, file_size, file_hash, file_type, created_at) VALUES (1819, 'Foto Peștera X8 din Piatra Lupului #10', 'Fotografie de pestera pentru arhiva tehnica.', '20250108_014825.jpg', 80783, NULL, 'photo', 1775839976);
INSERT INTO documentation_files_to_geofeatures (id, geofeature_id, geofeature_type, documentation_file_id, updated_at) VALUES (4267, 35, 'cave', 1819, 1775839976);
INSERT INTO documentation_files_to_geofeatures (id, geofeature_id, geofeature_type, documentation_file_id, updated_at) VALUES (4268, 154, 'cave_area', 1819, 1775839976);
INSERT INTO documentation_files (id, title, description, file_name, file_size, file_hash, file_type, created_at) VALUES (1820, 'Foto Peștera X8 din Piatra Lupului #11', 'Fotografie de pestera pentru arhiva tehnica.', '20250105_180110.jpg', 94499, NULL, 'photo', 1775839976);
INSERT INTO documentation_files_to_geofeatures (id, geofeature_id, geofeature_type, documentation_file_id, updated_at) VALUES (4269, 35, 'cave', 1820, 1775839976);
INSERT INTO documentation_files (id, title, description, file_name, file_size, file_hash, file_type, created_at) VALUES (1821, 'Foto Peștera X8 din Piatra Lupului #12', 'Fotografie de pestera pentru arhiva tehnica.', '20250108_014825.jpg', 80783, NULL, 'photo', 1775839976);
INSERT INTO documentation_files_to_geofeatures (id, geofeature_id, geofeature_type, documentation_file_id, updated_at) VALUES (4270, 35, 'cave', 1821, 1775839976);
INSERT INTO documentation_files (id, title, description, file_name, file_size, file_hash, file_type, created_at) VALUES (1822, 'Foto Peștera X8 din Piatra Lupului #13', 'Fotografie de pestera pentru arhiva tehnica.', '20250108_014122.jpg', 95561, NULL, 'photo', 1775839976);
INSERT INTO documentation_files_to_geofeatures (id, geofeature_id, geofeature_type, documentation_file_id, updated_at) VALUES (4271, 35, 'cave', 1822, 1775839976);
INSERT INTO documentation_files_to_geofeatures (id, geofeature_id, geofeature_type, documentation_file_id, updated_at) VALUES (4272, 154, 'cave_area', 1822, 1775839976);
INSERT INTO documentation_files_to_geofeatures (id, geofeature_id, geofeature_type, documentation_file_id, updated_at) VALUES (4273, 2162, 'cave_place', 1822, 1775839976);
INSERT INTO documentation_files (id, title, description, file_name, file_size, file_hash, file_type, created_at) VALUES (1823, 'Foto Peștera X8 din Piatra Lupului #14', 'Fotografie de pestera pentru arhiva tehnica.', '20250108_014825.jpg', 80783, NULL, 'photo', 1775839976);
INSERT INTO documentation_files_to_geofeatures (id, geofeature_id, geofeature_type, documentation_file_id, updated_at) VALUES (4274, 35, 'cave', 1823, 1775839976);
INSERT INTO documentation_files (id, title, description, file_name, file_size, file_hash, file_type, created_at) VALUES (1824, 'Foto Peștera X8 din Piatra Lupului #15', 'Fotografie de pestera pentru arhiva tehnica.', '20250105_145407.jpg', 85562, NULL, 'photo', 1775839976);
INSERT INTO documentation_files_to_geofeatures (id, geofeature_id, geofeature_type, documentation_file_id, updated_at) VALUES (4275, 35, 'cave', 1824, 1775839976);
INSERT INTO documentation_files_to_geofeatures (id, geofeature_id, geofeature_type, documentation_file_id, updated_at) VALUES (4276, 153, 'cave_area', 1824, 1775839976);
INSERT INTO documentation_files_to_geofeatures (id, geofeature_id, geofeature_type, documentation_file_id, updated_at) VALUES (4277, 2098, 'cave_place', 1824, 1775839976);
INSERT INTO documentation_files (id, title, description, file_name, file_size, file_hash, file_type, created_at) VALUES (1825, 'Foto Peștera X8 din Piatra Lupului #16', 'Fotografie de pestera pentru arhiva tehnica.', '20250106_175243.jpg', 88609, NULL, 'photo', 1775839976);
INSERT INTO documentation_files_to_geofeatures (id, geofeature_id, geofeature_type, documentation_file_id, updated_at) VALUES (4278, 35, 'cave', 1825, 1775839976);
INSERT INTO documentation_files_to_geofeatures (id, geofeature_id, geofeature_type, documentation_file_id, updated_at) VALUES (4279, 151, 'cave_area', 1825, 1775839976);
INSERT INTO documentation_files (id, title, description, file_name, file_size, file_hash, file_type, created_at) VALUES (1826, 'Foto Peștera X8 din Piatra Lupului #17', 'Fotografie de pestera pentru arhiva tehnica.', '20250106_213749.jpg', 51518, NULL, 'photo', 1775839976);
INSERT INTO documentation_files_to_geofeatures (id, geofeature_id, geofeature_type, documentation_file_id, updated_at) VALUES (4280, 35, 'cave', 1826, 1775839976);
INSERT INTO documentation_files_to_geofeatures (id, geofeature_id, geofeature_type, documentation_file_id, updated_at) VALUES (4281, 2166, 'cave_place', 1826, 1775839976);
INSERT INTO documentation_files (id, title, description, file_name, file_size, file_hash, file_type, created_at) VALUES (1827, 'Document Peștera X9 din Piatra Lupului #1', 'Evidenta resurse hidrologice - punctul 374. Debitul mediu masurat: 5 litri pe secunda. Am efectuat 445 masuratori in perioade diferite. Temperatura apei: 160 grade Celsius, constanta. pH-ul masurat: 423 unitati. Conductivitatea electrica: 43 microsiemensi. Am injectat 262 grame de trasor fluorescent. Trasorul a aparut la izvor dupa 165 ore. Distanta estimata: 358 metri de conducte carstice. Nivelul maxim in sezonul ploios: 113 centimetri peste normal. Am monitorizat 429 izvoare din bazin. Volumul estimat al lacului subteran: 222 metri cubi.', 'doc_existing_c36_1.txt', 546, NULL, 'text_document', 1775839976);
INSERT INTO documentation_files_to_geofeatures (id, geofeature_id, geofeature_type, documentation_file_id, updated_at) VALUES (4282, 36, 'cave', 1827, 1775839976);
INSERT INTO documentation_files_to_geofeatures (id, geofeature_id, geofeature_type, documentation_file_id, updated_at) VALUES (4283, 158, 'cave_area', 1827, 1775839976);
INSERT INTO documentation_files (id, title, description, file_name, file_size, file_hash, file_type, created_at) VALUES (1828, 'Document Peștera X9 din Piatra Lupului #2', 'Raport geologic - profil 102. Stratele de calcar apartin etajului 75. Grosimea medie a stratelor este de 219 centimetri. Fisurile tectonice au un azimut predominant de 445 grade. Am recoltat 53 probe de roca pentru datarea izotopica. Continutul de CaCO3 depaseste 263 procente. Concretii de aragonita au fost gasite la cota 39. Varsta estimata a speleothemelor: 472 mii de ani. Depozitele clastice au o grosime de 148 centimetri. Am identificat 290 tipuri diferite de sedimente. Nivelul paleoclappei fosile este la cota 103 metri. Analiza XRD confirma 395 faze minerale distincte. Sectorul analizat are o lungime de 104 metri. Am realizat 181 profile transversale ale galeriei. Cutele vizibile au amplitudini de 474 centimetri.', 'doc_existing_c36_2.txt', 727, NULL, 'text_document', 1775839976);
INSERT INTO documentation_files_to_geofeatures (id, geofeature_id, geofeature_type, documentation_file_id, updated_at) VALUES (4284, 36, 'cave', 1828, 1775839976);
INSERT INTO documentation_files_to_geofeatures (id, geofeature_id, geofeature_type, documentation_file_id, updated_at) VALUES (4285, 2202, 'cave_place', 1828, 1775839976);
INSERT INTO documentation_files (id, title, description, file_name, file_size, file_hash, file_type, created_at) VALUES (1829, 'Document Peștera X9 din Piatra Lupului #3', 'Raport conservare patrimoniu - obiectiv 145. Am evaluat starea a 151 inscriptii istorice. Dintre acestea, 87 necesita interventie urgenta. Am curatat 216 metri patrati de graffiti modern. Am instalat 249 panouri informative la intrare. Bariera de protectie acopera 280 metri liniari. Am documentat 215 urme de vandalism. Raportul a fost transmis autoritatilor locale in 500 exemplare. Am propus clasificarea a 114 formatiuni ca monument natural. Vizitele ghidate sunt limitate la 273 persoane simultan. Am instruit 165 ghizi locali. Costul estimat al lucrarilor: 463 lei. Termenul de finalizare: 217 luni.', 'doc_existing_c36_3.txt', 605, NULL, 'text_document', 1775839976);
INSERT INTO documentation_files_to_geofeatures (id, geofeature_id, geofeature_type, documentation_file_id, updated_at) VALUES (4286, 36, 'cave', 1829, 1775839976);
INSERT INTO documentation_files_to_geofeatures (id, geofeature_id, geofeature_type, documentation_file_id, updated_at) VALUES (4287, 2250, 'cave_place', 1829, 1775839976);
INSERT INTO documentation_files (id, title, description, file_name, file_size, file_hash, file_type, created_at) VALUES (1830, 'Foto Peștera X9 din Piatra Lupului #1', 'Fotografie de pestera pentru arhiva tehnica.', '20250106_175243.jpg', 88609, NULL, 'photo', 1775839976);
INSERT INTO documentation_files_to_geofeatures (id, geofeature_id, geofeature_type, documentation_file_id, updated_at) VALUES (4288, 36, 'cave', 1830, 1775839976);
INSERT INTO documentation_files_to_geofeatures (id, geofeature_id, geofeature_type, documentation_file_id, updated_at) VALUES (4289, 160, 'cave_area', 1830, 1775839976);
INSERT INTO documentation_files (id, title, description, file_name, file_size, file_hash, file_type, created_at) VALUES (1831, 'Foto Peștera X9 din Piatra Lupului #2', 'Fotografie de pestera pentru arhiva tehnica.', '20250106_213749.jpg', 51518, NULL, 'photo', 1775839976);
INSERT INTO documentation_files_to_geofeatures (id, geofeature_id, geofeature_type, documentation_file_id, updated_at) VALUES (4290, 36, 'cave', 1831, 1775839976);
INSERT INTO documentation_files_to_geofeatures (id, geofeature_id, geofeature_type, documentation_file_id, updated_at) VALUES (4291, 159, 'cave_area', 1831, 1775839976);
INSERT INTO documentation_files_to_geofeatures (id, geofeature_id, geofeature_type, documentation_file_id, updated_at) VALUES (4292, 2181, 'cave_place', 1831, 1775839976);
INSERT INTO documentation_files (id, title, description, file_name, file_size, file_hash, file_type, created_at) VALUES (1832, 'Foto Peștera X9 din Piatra Lupului #3', 'Fotografie de pestera pentru arhiva tehnica.', '20250105_211239.jpg', 111085, NULL, 'photo', 1775839976);
INSERT INTO documentation_files_to_geofeatures (id, geofeature_id, geofeature_type, documentation_file_id, updated_at) VALUES (4293, 36, 'cave', 1832, 1775839976);
INSERT INTO documentation_files (id, title, description, file_name, file_size, file_hash, file_type, created_at) VALUES (1833, 'Foto Peștera X9 din Piatra Lupului #4', 'Fotografie de pestera pentru arhiva tehnica.', '20250108_015331.jpg', 90733, NULL, 'photo', 1775839976);
INSERT INTO documentation_files_to_geofeatures (id, geofeature_id, geofeature_type, documentation_file_id, updated_at) VALUES (4294, 36, 'cave', 1833, 1775839976);
INSERT INTO documentation_files_to_geofeatures (id, geofeature_id, geofeature_type, documentation_file_id, updated_at) VALUES (4295, 2202, 'cave_place', 1833, 1775839976);
INSERT INTO documentation_files (id, title, description, file_name, file_size, file_hash, file_type, created_at) VALUES (1834, 'Foto Peștera X9 din Piatra Lupului #5', 'Fotografie de pestera pentru arhiva tehnica.', '20250106_175243.jpg', 88609, NULL, 'photo', 1775839976);
INSERT INTO documentation_files_to_geofeatures (id, geofeature_id, geofeature_type, documentation_file_id, updated_at) VALUES (4296, 36, 'cave', 1834, 1775839976);
INSERT INTO documentation_files_to_geofeatures (id, geofeature_id, geofeature_type, documentation_file_id, updated_at) VALUES (4297, 2231, 'cave_place', 1834, 1775839976);
INSERT INTO documentation_files (id, title, description, file_name, file_size, file_hash, file_type, created_at) VALUES (1835, 'Foto Peștera X9 din Piatra Lupului #6', 'Fotografie de pestera pentru arhiva tehnica.', '20250109_011630.jpg', 92323, NULL, 'photo', 1775839976);
INSERT INTO documentation_files_to_geofeatures (id, geofeature_id, geofeature_type, documentation_file_id, updated_at) VALUES (4298, 36, 'cave', 1835, 1775839976);
INSERT INTO documentation_files_to_geofeatures (id, geofeature_id, geofeature_type, documentation_file_id, updated_at) VALUES (4299, 2220, 'cave_place', 1835, 1775839976);
INSERT INTO documentation_files (id, title, description, file_name, file_size, file_hash, file_type, created_at) VALUES (1836, 'Foto Peștera X9 din Piatra Lupului #7', 'Fotografie de pestera pentru arhiva tehnica.', '20250105_112245.jpg', 24061, NULL, 'photo', 1775839976);
INSERT INTO documentation_files_to_geofeatures (id, geofeature_id, geofeature_type, documentation_file_id, updated_at) VALUES (4300, 36, 'cave', 1836, 1775839976);
INSERT INTO documentation_files_to_geofeatures (id, geofeature_id, geofeature_type, documentation_file_id, updated_at) VALUES (4301, 159, 'cave_area', 1836, 1775839976);
INSERT INTO documentation_files_to_geofeatures (id, geofeature_id, geofeature_type, documentation_file_id, updated_at) VALUES (4302, 2239, 'cave_place', 1836, 1775839976);
INSERT INTO documentation_files (id, title, description, file_name, file_size, file_hash, file_type, created_at) VALUES (1837, 'Foto Peștera X9 din Piatra Lupului #8', 'Fotografie de pestera pentru arhiva tehnica.', '20250106_213749.jpg', 51518, NULL, 'photo', 1775839976);
INSERT INTO documentation_files_to_geofeatures (id, geofeature_id, geofeature_type, documentation_file_id, updated_at) VALUES (4303, 36, 'cave', 1837, 1775839976);
INSERT INTO documentation_files_to_geofeatures (id, geofeature_id, geofeature_type, documentation_file_id, updated_at) VALUES (4304, 159, 'cave_area', 1837, 1775839976);
INSERT INTO documentation_files_to_geofeatures (id, geofeature_id, geofeature_type, documentation_file_id, updated_at) VALUES (4305, 2219, 'cave_place', 1837, 1775839976);
INSERT INTO documentation_files (id, title, description, file_name, file_size, file_hash, file_type, created_at) VALUES (1838, 'Foto Peștera X9 din Piatra Lupului #9', 'Fotografie de pestera pentru arhiva tehnica.', '20250105_171938.jpg', 83405, NULL, 'photo', 1775839976);
INSERT INTO documentation_files_to_geofeatures (id, geofeature_id, geofeature_type, documentation_file_id, updated_at) VALUES (4306, 36, 'cave', 1838, 1775839976);
INSERT INTO documentation_files_to_geofeatures (id, geofeature_id, geofeature_type, documentation_file_id, updated_at) VALUES (4307, 2239, 'cave_place', 1838, 1775839976);
INSERT INTO documentation_files (id, title, description, file_name, file_size, file_hash, file_type, created_at) VALUES (1839, 'Foto Peștera X9 din Piatra Lupului #10', 'Fotografie de pestera pentru arhiva tehnica.', '20250105_112245.jpg', 24061, NULL, 'photo', 1775839976);
INSERT INTO documentation_files_to_geofeatures (id, geofeature_id, geofeature_type, documentation_file_id, updated_at) VALUES (4308, 36, 'cave', 1839, 1775839976);
INSERT INTO documentation_files_to_geofeatures (id, geofeature_id, geofeature_type, documentation_file_id, updated_at) VALUES (4309, 158, 'cave_area', 1839, 1775839976);
INSERT INTO documentation_files_to_geofeatures (id, geofeature_id, geofeature_type, documentation_file_id, updated_at) VALUES (4310, 2208, 'cave_place', 1839, 1775839976);
INSERT INTO documentation_files (id, title, description, file_name, file_size, file_hash, file_type, created_at) VALUES (1840, 'Foto Peștera X9 din Piatra Lupului #11', 'Fotografie de pestera pentru arhiva tehnica.', '20250105_211239.jpg', 111085, NULL, 'photo', 1775839976);
INSERT INTO documentation_files_to_geofeatures (id, geofeature_id, geofeature_type, documentation_file_id, updated_at) VALUES (4311, 36, 'cave', 1840, 1775839976);
INSERT INTO documentation_files_to_geofeatures (id, geofeature_id, geofeature_type, documentation_file_id, updated_at) VALUES (4312, 2172, 'cave_place', 1840, 1775839976);
INSERT INTO documentation_files (id, title, description, file_name, file_size, file_hash, file_type, created_at) VALUES (1841, 'Foto Peștera X9 din Piatra Lupului #12', 'Fotografie de pestera pentru arhiva tehnica.', '20250106_175243.jpg', 88609, NULL, 'photo', 1775839976);
INSERT INTO documentation_files_to_geofeatures (id, geofeature_id, geofeature_type, documentation_file_id, updated_at) VALUES (4313, 36, 'cave', 1841, 1775839976);
INSERT INTO documentation_files_to_geofeatures (id, geofeature_id, geofeature_type, documentation_file_id, updated_at) VALUES (4314, 158, 'cave_area', 1841, 1775839976);
INSERT INTO documentation_files_to_geofeatures (id, geofeature_id, geofeature_type, documentation_file_id, updated_at) VALUES (4315, 2177, 'cave_place', 1841, 1775839976);
INSERT INTO documentation_files (id, title, description, file_name, file_size, file_hash, file_type, created_at) VALUES (1842, 'Foto Peștera X9 din Piatra Lupului #13', 'Fotografie de pestera pentru arhiva tehnica.', '20250108_015243.jpg', 89809, NULL, 'photo', 1775839976);
INSERT INTO documentation_files_to_geofeatures (id, geofeature_id, geofeature_type, documentation_file_id, updated_at) VALUES (4316, 36, 'cave', 1842, 1775839976);
INSERT INTO documentation_files_to_geofeatures (id, geofeature_id, geofeature_type, documentation_file_id, updated_at) VALUES (4317, 160, 'cave_area', 1842, 1775839976);
INSERT INTO documentation_files_to_geofeatures (id, geofeature_id, geofeature_type, documentation_file_id, updated_at) VALUES (4318, 2186, 'cave_place', 1842, 1775839976);
INSERT INTO documentation_files (id, title, description, file_name, file_size, file_hash, file_type, created_at) VALUES (1843, 'Foto Peștera X9 din Piatra Lupului #14', 'Fotografie de pestera pentru arhiva tehnica.', '20250108_070400.jpg', 71580, NULL, 'photo', 1775839976);
INSERT INTO documentation_files_to_geofeatures (id, geofeature_id, geofeature_type, documentation_file_id, updated_at) VALUES (4319, 36, 'cave', 1843, 1775839976);
INSERT INTO documentation_files_to_geofeatures (id, geofeature_id, geofeature_type, documentation_file_id, updated_at) VALUES (4320, 157, 'cave_area', 1843, 1775839976);
INSERT INTO documentation_files_to_geofeatures (id, geofeature_id, geofeature_type, documentation_file_id, updated_at) VALUES (4321, 2186, 'cave_place', 1843, 1775839976);
INSERT INTO documentation_files (id, title, description, file_name, file_size, file_hash, file_type, created_at) VALUES (1844, 'Foto Peștera X9 din Piatra Lupului #15', 'Fotografie de pestera pentru arhiva tehnica.', '20250105_112245.jpg', 24061, NULL, 'photo', 1775839976);
INSERT INTO documentation_files_to_geofeatures (id, geofeature_id, geofeature_type, documentation_file_id, updated_at) VALUES (4322, 36, 'cave', 1844, 1775839976);
INSERT INTO documentation_files_to_geofeatures (id, geofeature_id, geofeature_type, documentation_file_id, updated_at) VALUES (4323, 158, 'cave_area', 1844, 1775839976);
INSERT INTO documentation_files_to_geofeatures (id, geofeature_id, geofeature_type, documentation_file_id, updated_at) VALUES (4324, 2202, 'cave_place', 1844, 1775839976);
INSERT INTO documentation_files (id, title, description, file_name, file_size, file_hash, file_type, created_at) VALUES (1845, 'Document Peștera E1 din Piatra Lupului #1', 'Evidenta resurse hidrologice - punctul 406. Debitul mediu masurat: 309 litri pe secunda. Am efectuat 437 masuratori in perioade diferite. Temperatura apei: 246 grade Celsius, constanta. pH-ul masurat: 19 unitati. Conductivitatea electrica: 344 microsiemensi. Am injectat 381 grame de trasor fluorescent. Trasorul a aparut la izvor dupa 485 ore. Distanta estimata: 478 metri de conducte carstice. Nivelul maxim in sezonul ploios: 97 centimetri peste normal. Am monitorizat 389 izvoare din bazin. Volumul estimat al lacului subteran: 100 metri cubi.', 'doc_existing_c37_1.txt', 547, NULL, 'text_document', 1775839976);
INSERT INTO documentation_files_to_geofeatures (id, geofeature_id, geofeature_type, documentation_file_id, updated_at) VALUES (4325, 37, 'cave', 1845, 1775839976);
INSERT INTO documentation_files_to_geofeatures (id, geofeature_id, geofeature_type, documentation_file_id, updated_at) VALUES (4326, 2282, 'cave_place', 1845, 1775839976);
INSERT INTO documentation_files (id, title, description, file_name, file_size, file_hash, file_type, created_at) VALUES (1846, 'Document Peștera E1 din Piatra Lupului #2', 'Fisa tehnica echipare put - verticala nr. 305. Adancimea: 152 metri. Am instalat 45 spituri din otel inoxidabil. Distanta intre spituri: 1 metri. Lungimea corzii principale: 73 metri. Coarda de siguranta: 455 metri. Am montat 68 protectoare de franghie. Fractionarea se face la 261 metri de buza putului. Deviatia este la 240 metri sub fractionare. Am testat echiparea cu 2 coborari. Ultimul control al spiturilor: acum 351 luni.', 'doc_existing_c37_2.txt', 429, NULL, 'text_document', 1775839976);
INSERT INTO documentation_files_to_geofeatures (id, geofeature_id, geofeature_type, documentation_file_id, updated_at) VALUES (4327, 37, 'cave', 1846, 1775839976);
INSERT INTO documentation_files_to_geofeatures (id, geofeature_id, geofeature_type, documentation_file_id, updated_at) VALUES (4328, 2283, 'cave_place', 1846, 1775839976);
INSERT INTO documentation_files (id, title, description, file_name, file_size, file_hash, file_type, created_at) VALUES (1847, 'Document Peștera E1 din Piatra Lupului #3', 'Proces verbal intalnire club - sedinta nr. 159. Au participat 89 membri. Am discutat 111 puncte pe ordinea de zi. S-a aprobat bugetul de 491 lei pentru trimestrul urmator. Am planificat 477 expeditii in urmatoarele luni. S-au inscris 48 membri noi. Am evaluat 154 rapoarte de explorare. S-a votat achizitionarea de echipament in valoare de 409 lei. Urmatoarea sedinta: peste 469 saptamani. Am desemnat 249 responsabili pentru proiecte.', 'doc_existing_c37_3.txt', 435, NULL, 'text_document', 1775839976);
INSERT INTO documentation_files_to_geofeatures (id, geofeature_id, geofeature_type, documentation_file_id, updated_at) VALUES (4329, 37, 'cave', 1847, 1775839976);
INSERT INTO documentation_files_to_geofeatures (id, geofeature_id, geofeature_type, documentation_file_id, updated_at) VALUES (4330, 164, 'cave_area', 1847, 1775839976);
INSERT INTO documentation_files_to_geofeatures (id, geofeature_id, geofeature_type, documentation_file_id, updated_at) VALUES (4331, 2284, 'cave_place', 1847, 1775839976);
INSERT INTO documentation_files (id, title, description, file_name, file_size, file_hash, file_type, created_at) VALUES (1848, 'Document Peștera E1 din Piatra Lupului #4', 'Raport geologic - profil 177. Stratele de calcar apartin etajului 133. Grosimea medie a stratelor este de 332 centimetri. Fisurile tectonice au un azimut predominant de 1 grade. Am recoltat 240 probe de roca pentru datarea izotopica. Continutul de CaCO3 depaseste 373 procente. Concretii de aragonita au fost gasite la cota 90. Varsta estimata a speleothemelor: 171 mii de ani. Depozitele clastice au o grosime de 158 centimetri. Am identificat 108 tipuri diferite de sedimente. Nivelul paleoclappei fosile este la cota 468 metri. Analiza XRD confirma 85 faze minerale distincte. Sectorul analizat are o lungime de 477 metri. Am realizat 52 profile transversale ale galeriei. Cutele vizibile au amplitudini de 285 centimetri.', 'doc_existing_c37_4.txt', 725, NULL, 'text_document', 1775839976);
INSERT INTO documentation_files_to_geofeatures (id, geofeature_id, geofeature_type, documentation_file_id, updated_at) VALUES (4332, 37, 'cave', 1848, 1775839976);
INSERT INTO documentation_files_to_geofeatures (id, geofeature_id, geofeature_type, documentation_file_id, updated_at) VALUES (4333, 162, 'cave_area', 1848, 1775839976);
INSERT INTO documentation_files_to_geofeatures (id, geofeature_id, geofeature_type, documentation_file_id, updated_at) VALUES (4334, 2268, 'cave_place', 1848, 1775839976);
INSERT INTO documentation_files (id, title, description, file_name, file_size, file_hash, file_type, created_at) VALUES (1849, 'Document Peștera E1 din Piatra Lupului #5', 'Raport climatologic subteran - statia 160. Senzorul a inregistrat 64 cicluri complete de temperatura. Temperatura medie anuala: 86 grade Celsius. Amplitudinea termica maxima: 380 grade. Umiditatea relativa medie: 276 procente. Concentratia de CO2: 206 ppm. Curentul de aer maxim masurat: 487 metri pe secunda. Directia predominanta a curentului: sector 92. Datalogerul a functionat 112 zile fara intrerupere. Am descarcat 378 megabytes de date brute. Presiunea barometrica la intrare: 23 mbar. Evaporarea masurata: 11 milimetri pe luna. Am comparat datele cu 20 statii meteorologice de suprafata. Raportul complet include 447 grafice si tabele. Monitorizarea continua de 83 luni confirma stabilitatea climatica.', 'doc_existing_c37_5.txt', 711, NULL, 'text_document', 1775839976);
INSERT INTO documentation_files_to_geofeatures (id, geofeature_id, geofeature_type, documentation_file_id, updated_at) VALUES (4335, 37, 'cave', 1849, 1775839976);
INSERT INTO documentation_files_to_geofeatures (id, geofeature_id, geofeature_type, documentation_file_id, updated_at) VALUES (4336, 162, 'cave_area', 1849, 1775839976);
INSERT INTO documentation_files_to_geofeatures (id, geofeature_id, geofeature_type, documentation_file_id, updated_at) VALUES (4337, 2286, 'cave_place', 1849, 1775839976);
INSERT INTO documentation_files (id, title, description, file_name, file_size, file_hash, file_type, created_at) VALUES (1850, 'Document Peștera E1 din Piatra Lupului #6', 'Studiu speleogenetic - sectorul 388. Am analizat 420 probe de calcar sub microscop. Varsta estimata a galeriei: 304 milioane de ani. Am identificat 449 faze de speleogeneza. Nivelul freatic actual este la 228 metri adancime. Am corelat cu 12 alte pesteri din zona. Porozitatea medie a rocii: 414 procente. Am realizat 185 sectiuni subtiri din probe. Studiul va fi publicat in volumul 41 al buletinului. Am colaborat cu 481 geologi specialisti.', 'doc_existing_c37_6.txt', 443, NULL, 'text_document', 1775839976);
INSERT INTO documentation_files_to_geofeatures (id, geofeature_id, geofeature_type, documentation_file_id, updated_at) VALUES (4338, 37, 'cave', 1850, 1775839976);
INSERT INTO documentation_files_to_geofeatures (id, geofeature_id, geofeature_type, documentation_file_id, updated_at) VALUES (4339, 2263, 'cave_place', 1850, 1775839976);
INSERT INTO documentation_files (id, title, description, file_name, file_size, file_hash, file_type, created_at) VALUES (1851, 'Document Peștera E1 din Piatra Lupului #7', 'Nota de mentenanta balize - traseul 448. Am verificat 87 balize reflectorizante. Dintre acestea, 144 au fost inlocuite. Am adaugat 217 balize noi in zonele nemarcate. Distanta medie intre balize: 64 metri. Am folosit 307 culori diferite conform codificarii. Vizibilitatea minima a balizelor: 262 metri cu lampa frontala. Am eliminat 49 marcaje vechi si confuze. Traseul total balizat: 187 metri. Urmatoarea verificare: peste 87 luni. Materialul consumat: 458 benzi reflectorizante.', 'doc_existing_c37_7.txt', 481, NULL, 'text_document', 1775839976);
INSERT INTO documentation_files_to_geofeatures (id, geofeature_id, geofeature_type, documentation_file_id, updated_at) VALUES (4340, 37, 'cave', 1851, 1775839976);
INSERT INTO documentation_files_to_geofeatures (id, geofeature_id, geofeature_type, documentation_file_id, updated_at) VALUES (4341, 167, 'cave_area', 1851, 1775839976);
INSERT INTO documentation_files_to_geofeatures (id, geofeature_id, geofeature_type, documentation_file_id, updated_at) VALUES (4342, 2256, 'cave_place', 1851, 1775839976);
INSERT INTO documentation_files (id, title, description, file_name, file_size, file_hash, file_type, created_at) VALUES (1852, 'Document Peștera E1 din Piatra Lupului #8', 'Evidenta resurse hidrologice - punctul 248. Debitul mediu masurat: 100 litri pe secunda. Am efectuat 155 masuratori in perioade diferite. Temperatura apei: 246 grade Celsius, constanta. pH-ul masurat: 38 unitati. Conductivitatea electrica: 258 microsiemensi. Am injectat 191 grame de trasor fluorescent. Trasorul a aparut la izvor dupa 327 ore. Distanta estimata: 325 metri de conducte carstice. Nivelul maxim in sezonul ploios: 203 centimetri peste normal. Am monitorizat 451 izvoare din bazin. Volumul estimat al lacului subteran: 297 metri cubi.', 'doc_existing_c37_8.txt', 548, NULL, 'text_document', 1775839976);
INSERT INTO documentation_files_to_geofeatures (id, geofeature_id, geofeature_type, documentation_file_id, updated_at) VALUES (4343, 37, 'cave', 1852, 1775839976);
INSERT INTO documentation_files_to_geofeatures (id, geofeature_id, geofeature_type, documentation_file_id, updated_at) VALUES (4344, 2267, 'cave_place', 1852, 1775839976);
INSERT INTO documentation_files (id, title, description, file_name, file_size, file_hash, file_type, created_at) VALUES (1853, 'Document Peștera E1 din Piatra Lupului #9', 'Fisa tehnica echipare put - verticala nr. 378. Adancimea: 354 metri. Am instalat 53 spituri din otel inoxidabil. Distanta intre spituri: 338 metri. Lungimea corzii principale: 281 metri. Coarda de siguranta: 336 metri. Am montat 495 protectoare de franghie. Fractionarea se face la 66 metri de buza putului. Deviatia este la 441 metri sub fractionare. Am testat echiparea cu 375 coborari. Ultimul control al spiturilor: acum 194 luni.', 'doc_existing_c37_9.txt', 434, NULL, 'text_document', 1775839976);
INSERT INTO documentation_files_to_geofeatures (id, geofeature_id, geofeature_type, documentation_file_id, updated_at) VALUES (4345, 37, 'cave', 1853, 1775839976);
INSERT INTO documentation_files_to_geofeatures (id, geofeature_id, geofeature_type, documentation_file_id, updated_at) VALUES (4346, 162, 'cave_area', 1853, 1775839976);
INSERT INTO documentation_files_to_geofeatures (id, geofeature_id, geofeature_type, documentation_file_id, updated_at) VALUES (4347, 2283, 'cave_place', 1853, 1775839976);
INSERT INTO documentation_files (id, title, description, file_name, file_size, file_hash, file_type, created_at) VALUES (1854, 'Document Peștera E1 din Piatra Lupului #10', 'Raport conservare patrimoniu - obiectiv 22. Am evaluat starea a 67 inscriptii istorice. Dintre acestea, 382 necesita interventie urgenta. Am curatat 80 metri patrati de graffiti modern. Am instalat 315 panouri informative la intrare. Bariera de protectie acopera 433 metri liniari. Am documentat 419 urme de vandalism. Raportul a fost transmis autoritatilor locale in 408 exemplare. Am propus clasificarea a 104 formatiuni ca monument natural. Vizitele ghidate sunt limitate la 413 persoane simultan. Am instruit 59 ghizi locali. Costul estimat al lucrarilor: 363 lei. Termenul de finalizare: 223 luni.', 'doc_existing_c37_10.txt', 602, NULL, 'text_document', 1775839976);
INSERT INTO documentation_files_to_geofeatures (id, geofeature_id, geofeature_type, documentation_file_id, updated_at) VALUES (4348, 37, 'cave', 1854, 1775839976);
INSERT INTO documentation_files_to_geofeatures (id, geofeature_id, geofeature_type, documentation_file_id, updated_at) VALUES (4349, 2283, 'cave_place', 1854, 1775839976);
INSERT INTO documentation_files (id, title, description, file_name, file_size, file_hash, file_type, created_at) VALUES (1855, 'Document Peștera E1 din Piatra Lupului #11', 'Fisa tehnica echipare put - verticala nr. 98. Adancimea: 139 metri. Am instalat 431 spituri din otel inoxidabil. Distanta intre spituri: 153 metri. Lungimea corzii principale: 131 metri. Coarda de siguranta: 180 metri. Am montat 404 protectoare de franghie. Fractionarea se face la 410 metri de buza putului. Deviatia este la 459 metri sub fractionare. Am testat echiparea cu 343 coborari. Ultimul control al spiturilor: acum 36 luni.', 'doc_existing_c37_11.txt', 434, NULL, 'text_document', 1775839976);
INSERT INTO documentation_files_to_geofeatures (id, geofeature_id, geofeature_type, documentation_file_id, updated_at) VALUES (4350, 37, 'cave', 1855, 1775839976);
INSERT INTO documentation_files_to_geofeatures (id, geofeature_id, geofeature_type, documentation_file_id, updated_at) VALUES (4351, 162, 'cave_area', 1855, 1775839976);
INSERT INTO documentation_files_to_geofeatures (id, geofeature_id, geofeature_type, documentation_file_id, updated_at) VALUES (4352, 2276, 'cave_place', 1855, 1775839976);
INSERT INTO documentation_files (id, title, description, file_name, file_size, file_hash, file_type, created_at) VALUES (1856, 'Document Peștera E1 din Piatra Lupului #12', 'Raport geologic - profil 451. Stratele de calcar apartin etajului 152. Grosimea medie a stratelor este de 376 centimetri. Fisurile tectonice au un azimut predominant de 215 grade. Am recoltat 63 probe de roca pentru datarea izotopica. Continutul de CaCO3 depaseste 288 procente. Concretii de aragonita au fost gasite la cota 169. Varsta estimata a speleothemelor: 308 mii de ani. Depozitele clastice au o grosime de 2 centimetri. Am identificat 498 tipuri diferite de sedimente. Nivelul paleoclappei fosile este la cota 107 metri. Analiza XRD confirma 324 faze minerale distincte. Sectorul analizat are o lungime de 198 metri. Am realizat 426 profile transversale ale galeriei. Cutele vizibile au amplitudini de 437 centimetri.', 'doc_existing_c37_12.txt', 727, NULL, 'text_document', 1775839976);
INSERT INTO documentation_files_to_geofeatures (id, geofeature_id, geofeature_type, documentation_file_id, updated_at) VALUES (4353, 37, 'cave', 1856, 1775839976);
INSERT INTO documentation_files_to_geofeatures (id, geofeature_id, geofeature_type, documentation_file_id, updated_at) VALUES (4354, 168, 'cave_area', 1856, 1775839976);
INSERT INTO documentation_files_to_geofeatures (id, geofeature_id, geofeature_type, documentation_file_id, updated_at) VALUES (4355, 2262, 'cave_place', 1856, 1775839976);
INSERT INTO documentation_files (id, title, description, file_name, file_size, file_hash, file_type, created_at) VALUES (1857, 'Document Peștera E1 din Piatra Lupului #13', 'Raport geologic - profil 396. Stratele de calcar apartin etajului 370. Grosimea medie a stratelor este de 228 centimetri. Fisurile tectonice au un azimut predominant de 127 grade. Am recoltat 244 probe de roca pentru datarea izotopica. Continutul de CaCO3 depaseste 145 procente. Concretii de aragonita au fost gasite la cota 140. Varsta estimata a speleothemelor: 292 mii de ani. Depozitele clastice au o grosime de 484 centimetri. Am identificat 91 tipuri diferite de sedimente. Nivelul paleoclappei fosile este la cota 326 metri. Analiza XRD confirma 58 faze minerale distincte. Sectorul analizat are o lungime de 137 metri. Am realizat 240 profile transversale ale galeriei. Cutele vizibile au amplitudini de 435 centimetri.', 'doc_existing_c37_13.txt', 728, NULL, 'text_document', 1775839976);
INSERT INTO documentation_files_to_geofeatures (id, geofeature_id, geofeature_type, documentation_file_id, updated_at) VALUES (4356, 37, 'cave', 1857, 1775839976);
INSERT INTO documentation_files_to_geofeatures (id, geofeature_id, geofeature_type, documentation_file_id, updated_at) VALUES (4357, 161, 'cave_area', 1857, 1775839976);
INSERT INTO documentation_files_to_geofeatures (id, geofeature_id, geofeature_type, documentation_file_id, updated_at) VALUES (4358, 2262, 'cave_place', 1857, 1775839976);
INSERT INTO documentation_files (id, title, description, file_name, file_size, file_hash, file_type, created_at) VALUES (1858, 'Document Peștera E1 din Piatra Lupului #14', 'Nota de mentenanta balize - traseul 253. Am verificat 500 balize reflectorizante. Dintre acestea, 239 au fost inlocuite. Am adaugat 314 balize noi in zonele nemarcate. Distanta medie intre balize: 224 metri. Am folosit 91 culori diferite conform codificarii. Vizibilitatea minima a balizelor: 64 metri cu lampa frontala. Am eliminat 108 marcaje vechi si confuze. Traseul total balizat: 294 metri. Urmatoarea verificare: peste 230 luni. Materialul consumat: 6 benzi reflectorizante.', 'doc_existing_c37_14.txt', 481, NULL, 'text_document', 1775839976);
INSERT INTO documentation_files_to_geofeatures (id, geofeature_id, geofeature_type, documentation_file_id, updated_at) VALUES (4359, 37, 'cave', 1858, 1775839976);
INSERT INTO documentation_files_to_geofeatures (id, geofeature_id, geofeature_type, documentation_file_id, updated_at) VALUES (4360, 2272, 'cave_place', 1858, 1775839976);
INSERT INTO documentation_files (id, title, description, file_name, file_size, file_hash, file_type, created_at) VALUES (1859, 'Foto Peștera E1 din Piatra Lupului #1', 'Fotografie de pestera pentru arhiva tehnica.', '20250107_045319.jpg', 70367, NULL, 'photo', 1775839976);
INSERT INTO documentation_files_to_geofeatures (id, geofeature_id, geofeature_type, documentation_file_id, updated_at) VALUES (4361, 37, 'cave', 1859, 1775839976);
INSERT INTO documentation_files_to_geofeatures (id, geofeature_id, geofeature_type, documentation_file_id, updated_at) VALUES (4362, 166, 'cave_area', 1859, 1775839976);
INSERT INTO documentation_files_to_geofeatures (id, geofeature_id, geofeature_type, documentation_file_id, updated_at) VALUES (4363, 2277, 'cave_place', 1859, 1775839976);
INSERT INTO documentation_files (id, title, description, file_name, file_size, file_hash, file_type, created_at) VALUES (1860, 'Foto Peștera E1 din Piatra Lupului #2', 'Fotografie de pestera pentru arhiva tehnica.', '20250109_011630.jpg', 92323, NULL, 'photo', 1775839976);
INSERT INTO documentation_files_to_geofeatures (id, geofeature_id, geofeature_type, documentation_file_id, updated_at) VALUES (4364, 37, 'cave', 1860, 1775839976);
INSERT INTO documentation_files (id, title, description, file_name, file_size, file_hash, file_type, created_at) VALUES (1861, 'Foto Peștera E1 din Piatra Lupului #3', 'Fotografie de pestera pentru arhiva tehnica.', '20250107_045319.jpg', 70367, NULL, 'photo', 1775839976);
INSERT INTO documentation_files_to_geofeatures (id, geofeature_id, geofeature_type, documentation_file_id, updated_at) VALUES (4365, 37, 'cave', 1861, 1775839976);
INSERT INTO documentation_files (id, title, description, file_name, file_size, file_hash, file_type, created_at) VALUES (1862, 'Foto Peștera E1 din Piatra Lupului #4', 'Fotografie de pestera pentru arhiva tehnica.', '20250105_171938.jpg', 83405, NULL, 'photo', 1775839976);
INSERT INTO documentation_files_to_geofeatures (id, geofeature_id, geofeature_type, documentation_file_id, updated_at) VALUES (4366, 37, 'cave', 1862, 1775839976);
INSERT INTO documentation_files_to_geofeatures (id, geofeature_id, geofeature_type, documentation_file_id, updated_at) VALUES (4367, 161, 'cave_area', 1862, 1775839976);
INSERT INTO documentation_files_to_geofeatures (id, geofeature_id, geofeature_type, documentation_file_id, updated_at) VALUES (4368, 2293, 'cave_place', 1862, 1775839976);
INSERT INTO documentation_files (id, title, description, file_name, file_size, file_hash, file_type, created_at) VALUES (1863, 'Foto Peștera E1 din Piatra Lupului #5', 'Fotografie de pestera pentru arhiva tehnica.', '20250105_121005.jpg', 102925, NULL, 'photo', 1775839976);
INSERT INTO documentation_files_to_geofeatures (id, geofeature_id, geofeature_type, documentation_file_id, updated_at) VALUES (4369, 37, 'cave', 1863, 1775839976);
INSERT INTO documentation_files_to_geofeatures (id, geofeature_id, geofeature_type, documentation_file_id, updated_at) VALUES (4370, 165, 'cave_area', 1863, 1775839976);
INSERT INTO documentation_files_to_geofeatures (id, geofeature_id, geofeature_type, documentation_file_id, updated_at) VALUES (4371, 2285, 'cave_place', 1863, 1775839976);
INSERT INTO documentation_files (id, title, description, file_name, file_size, file_hash, file_type, created_at) VALUES (1864, 'Document Peștera E3 din Piatra Lupului #1', 'Raport geologic - profil 304. Stratele de calcar apartin etajului 388. Grosimea medie a stratelor este de 463 centimetri. Fisurile tectonice au un azimut predominant de 401 grade. Am recoltat 342 probe de roca pentru datarea izotopica. Continutul de CaCO3 depaseste 22 procente. Concretii de aragonita au fost gasite la cota 248. Varsta estimata a speleothemelor: 246 mii de ani. Depozitele clastice au o grosime de 8 centimetri. Am identificat 86 tipuri diferite de sedimente. Nivelul paleoclappei fosile este la cota 139 metri. Analiza XRD confirma 154 faze minerale distincte. Sectorul analizat are o lungime de 346 metri. Am realizat 362 profile transversale ale galeriei. Cutele vizibile au amplitudini de 39 centimetri.', 'doc_existing_c38_1.txt', 725, NULL, 'text_document', 1775839976);
INSERT INTO documentation_files_to_geofeatures (id, geofeature_id, geofeature_type, documentation_file_id, updated_at) VALUES (4372, 38, 'cave', 1864, 1775839976);
INSERT INTO documentation_files_to_geofeatures (id, geofeature_id, geofeature_type, documentation_file_id, updated_at) VALUES (4373, 169, 'cave_area', 1864, 1775839976);
INSERT INTO documentation_files (id, title, description, file_name, file_size, file_hash, file_type, created_at) VALUES (1865, 'Document Peștera E3 din Piatra Lupului #2', 'Studiu speleogenetic - sectorul 46. Am analizat 253 probe de calcar sub microscop. Varsta estimata a galeriei: 78 milioane de ani. Am identificat 243 faze de speleogeneza. Nivelul freatic actual este la 422 metri adancime. Am corelat cu 297 alte pesteri din zona. Porozitatea medie a rocii: 327 procente. Am realizat 237 sectiuni subtiri din probe. Studiul va fi publicat in volumul 205 al buletinului. Am colaborat cu 307 geologi specialisti.', 'doc_existing_c38_2.txt', 443, NULL, 'text_document', 1775839976);
INSERT INTO documentation_files_to_geofeatures (id, geofeature_id, geofeature_type, documentation_file_id, updated_at) VALUES (4374, 38, 'cave', 1865, 1775839976);
INSERT INTO documentation_files_to_geofeatures (id, geofeature_id, geofeature_type, documentation_file_id, updated_at) VALUES (4375, 169, 'cave_area', 1865, 1775839976);
INSERT INTO documentation_files (id, title, description, file_name, file_size, file_hash, file_type, created_at) VALUES (1866, 'Document Peștera E3 din Piatra Lupului #3', 'Raport climatologic subteran - statia 86. Senzorul a inregistrat 67 cicluri complete de temperatura. Temperatura medie anuala: 131 grade Celsius. Amplitudinea termica maxima: 455 grade. Umiditatea relativa medie: 428 procente. Concentratia de CO2: 311 ppm. Curentul de aer maxim masurat: 221 metri pe secunda. Directia predominanta a curentului: sector 302. Datalogerul a functionat 260 zile fara intrerupere. Am descarcat 247 megabytes de date brute. Presiunea barometrica la intrare: 117 mbar. Evaporarea masurata: 475 milimetri pe luna. Am comparat datele cu 87 statii meteorologice de suprafata. Raportul complet include 35 grafice si tabele. Monitorizarea continua de 488 luni confirma stabilitatea climatica.', 'doc_existing_c38_3.txt', 714, NULL, 'text_document', 1775839976);
INSERT INTO documentation_files_to_geofeatures (id, geofeature_id, geofeature_type, documentation_file_id, updated_at) VALUES (4376, 38, 'cave', 1866, 1775839976);
INSERT INTO documentation_files_to_geofeatures (id, geofeature_id, geofeature_type, documentation_file_id, updated_at) VALUES (4377, 2351, 'cave_place', 1866, 1775839976);
INSERT INTO documentation_files (id, title, description, file_name, file_size, file_hash, file_type, created_at) VALUES (1867, 'Document Peștera E3 din Piatra Lupului #4', 'Studiu speleogenetic - sectorul 286. Am analizat 34 probe de calcar sub microscop. Varsta estimata a galeriei: 408 milioane de ani. Am identificat 202 faze de speleogeneza. Nivelul freatic actual este la 199 metri adancime. Am corelat cu 25 alte pesteri din zona. Porozitatea medie a rocii: 52 procente. Am realizat 343 sectiuni subtiri din probe. Studiul va fi publicat in volumul 364 al buletinului. Am colaborat cu 338 geologi specialisti.', 'doc_existing_c38_4.txt', 442, NULL, 'text_document', 1775839976);
INSERT INTO documentation_files_to_geofeatures (id, geofeature_id, geofeature_type, documentation_file_id, updated_at) VALUES (4378, 38, 'cave', 1867, 1775839976);
INSERT INTO documentation_files_to_geofeatures (id, geofeature_id, geofeature_type, documentation_file_id, updated_at) VALUES (4379, 2308, 'cave_place', 1867, 1775839976);
INSERT INTO documentation_files (id, title, description, file_name, file_size, file_hash, file_type, created_at) VALUES (1868, 'Document Peștera E3 din Piatra Lupului #5', 'Raport conservare patrimoniu - obiectiv 407. Am evaluat starea a 294 inscriptii istorice. Dintre acestea, 298 necesita interventie urgenta. Am curatat 100 metri patrati de graffiti modern. Am instalat 181 panouri informative la intrare. Bariera de protectie acopera 295 metri liniari. Am documentat 428 urme de vandalism. Raportul a fost transmis autoritatilor locale in 4 exemplare. Am propus clasificarea a 207 formatiuni ca monument natural. Vizitele ghidate sunt limitate la 283 persoane simultan. Am instruit 365 ghizi locali. Costul estimat al lucrarilor: 472 lei. Termenul de finalizare: 199 luni.', 'doc_existing_c38_5.txt', 604, NULL, 'text_document', 1775839976);
INSERT INTO documentation_files_to_geofeatures (id, geofeature_id, geofeature_type, documentation_file_id, updated_at) VALUES (4380, 38, 'cave', 1868, 1775839976);
INSERT INTO documentation_files_to_geofeatures (id, geofeature_id, geofeature_type, documentation_file_id, updated_at) VALUES (4381, 169, 'cave_area', 1868, 1775839976);
INSERT INTO documentation_files (id, title, description, file_name, file_size, file_hash, file_type, created_at) VALUES (1869, 'Document Peștera E3 din Piatra Lupului #6', 'Nota de mentenanta balize - traseul 180. Am verificat 80 balize reflectorizante. Dintre acestea, 447 au fost inlocuite. Am adaugat 256 balize noi in zonele nemarcate. Distanta medie intre balize: 368 metri. Am folosit 63 culori diferite conform codificarii. Vizibilitatea minima a balizelor: 241 metri cu lampa frontala. Am eliminat 328 marcaje vechi si confuze. Traseul total balizat: 197 metri. Urmatoarea verificare: peste 496 luni. Materialul consumat: 334 benzi reflectorizante.', 'doc_existing_c38_6.txt', 483, NULL, 'text_document', 1775839976);
INSERT INTO documentation_files_to_geofeatures (id, geofeature_id, geofeature_type, documentation_file_id, updated_at) VALUES (4382, 38, 'cave', 1869, 1775839976);
INSERT INTO documentation_files_to_geofeatures (id, geofeature_id, geofeature_type, documentation_file_id, updated_at) VALUES (4383, 169, 'cave_area', 1869, 1775839976);
INSERT INTO documentation_files (id, title, description, file_name, file_size, file_hash, file_type, created_at) VALUES (1870, 'Document Peștera E3 din Piatra Lupului #7', 'Raport climatologic subteran - statia 108. Senzorul a inregistrat 240 cicluri complete de temperatura. Temperatura medie anuala: 118 grade Celsius. Amplitudinea termica maxima: 315 grade. Umiditatea relativa medie: 256 procente. Concentratia de CO2: 147 ppm. Curentul de aer maxim masurat: 484 metri pe secunda. Directia predominanta a curentului: sector 83. Datalogerul a functionat 32 zile fara intrerupere. Am descarcat 345 megabytes de date brute. Presiunea barometrica la intrare: 175 mbar. Evaporarea masurata: 140 milimetri pe luna. Am comparat datele cu 337 statii meteorologice de suprafata. Raportul complet include 256 grafice si tabele. Monitorizarea continua de 471 luni confirma stabilitatea climatica.', 'doc_existing_c38_7.txt', 716, NULL, 'text_document', 1775839976);
INSERT INTO documentation_files_to_geofeatures (id, geofeature_id, geofeature_type, documentation_file_id, updated_at) VALUES (4384, 38, 'cave', 1870, 1775839976);
INSERT INTO documentation_files_to_geofeatures (id, geofeature_id, geofeature_type, documentation_file_id, updated_at) VALUES (4385, 169, 'cave_area', 1870, 1775839976);
INSERT INTO documentation_files (id, title, description, file_name, file_size, file_hash, file_type, created_at) VALUES (1871, 'Document Peștera E3 din Piatra Lupului #8', 'Fisa tehnica echipare put - verticala nr. 146. Adancimea: 126 metri. Am instalat 87 spituri din otel inoxidabil. Distanta intre spituri: 409 metri. Lungimea corzii principale: 444 metri. Coarda de siguranta: 70 metri. Am montat 344 protectoare de franghie. Fractionarea se face la 306 metri de buza putului. Deviatia este la 409 metri sub fractionare. Am testat echiparea cu 108 coborari. Ultimul control al spiturilor: acum 63 luni.', 'doc_existing_c38_8.txt', 433, NULL, 'text_document', 1775839976);
INSERT INTO documentation_files_to_geofeatures (id, geofeature_id, geofeature_type, documentation_file_id, updated_at) VALUES (4386, 38, 'cave', 1871, 1775839976);
INSERT INTO documentation_files_to_geofeatures (id, geofeature_id, geofeature_type, documentation_file_id, updated_at) VALUES (4387, 2314, 'cave_place', 1871, 1775839976);
INSERT INTO documentation_files (id, title, description, file_name, file_size, file_hash, file_type, created_at) VALUES (1872, 'Document Peștera E3 din Piatra Lupului #9', 'Proces verbal intalnire club - sedinta nr. 34. Au participat 155 membri. Am discutat 433 puncte pe ordinea de zi. S-a aprobat bugetul de 160 lei pentru trimestrul urmator. Am planificat 265 expeditii in urmatoarele luni. S-au inscris 333 membri noi. Am evaluat 231 rapoarte de explorare. S-a votat achizitionarea de echipament in valoare de 55 lei. Urmatoarea sedinta: peste 290 saptamani. Am desemnat 244 responsabili pentru proiecte.', 'doc_existing_c38_9.txt', 435, NULL, 'text_document', 1775839976);
INSERT INTO documentation_files_to_geofeatures (id, geofeature_id, geofeature_type, documentation_file_id, updated_at) VALUES (4388, 38, 'cave', 1872, 1775839976);
INSERT INTO documentation_files_to_geofeatures (id, geofeature_id, geofeature_type, documentation_file_id, updated_at) VALUES (4389, 169, 'cave_area', 1872, 1775839976);
INSERT INTO documentation_files_to_geofeatures (id, geofeature_id, geofeature_type, documentation_file_id, updated_at) VALUES (4390, 2312, 'cave_place', 1872, 1775839976);
INSERT INTO documentation_files (id, title, description, file_name, file_size, file_hash, file_type, created_at) VALUES (1873, 'Document Peștera E3 din Piatra Lupului #10', 'Proces verbal intalnire club - sedinta nr. 294. Au participat 267 membri. Am discutat 305 puncte pe ordinea de zi. S-a aprobat bugetul de 50 lei pentru trimestrul urmator. Am planificat 17 expeditii in urmatoarele luni. S-au inscris 145 membri noi. Am evaluat 352 rapoarte de explorare. S-a votat achizitionarea de echipament in valoare de 339 lei. Urmatoarea sedinta: peste 476 saptamani. Am desemnat 363 responsabili pentru proiecte.', 'doc_existing_c38_10.txt', 435, NULL, 'text_document', 1775839976);
INSERT INTO documentation_files_to_geofeatures (id, geofeature_id, geofeature_type, documentation_file_id, updated_at) VALUES (4391, 38, 'cave', 1873, 1775839976);
INSERT INTO documentation_files_to_geofeatures (id, geofeature_id, geofeature_type, documentation_file_id, updated_at) VALUES (4392, 2317, 'cave_place', 1873, 1775839976);
INSERT INTO documentation_files (id, title, description, file_name, file_size, file_hash, file_type, created_at) VALUES (1874, 'Document Peștera E3 din Piatra Lupului #11', 'Proces verbal intalnire club - sedinta nr. 326. Au participat 458 membri. Am discutat 84 puncte pe ordinea de zi. S-a aprobat bugetul de 300 lei pentru trimestrul urmator. Am planificat 258 expeditii in urmatoarele luni. S-au inscris 99 membri noi. Am evaluat 244 rapoarte de explorare. S-a votat achizitionarea de echipament in valoare de 374 lei. Urmatoarea sedinta: peste 446 saptamani. Am desemnat 176 responsabili pentru proiecte.', 'doc_existing_c38_11.txt', 435, NULL, 'text_document', 1775839976);
INSERT INTO documentation_files_to_geofeatures (id, geofeature_id, geofeature_type, documentation_file_id, updated_at) VALUES (4393, 38, 'cave', 1874, 1775839976);
INSERT INTO documentation_files_to_geofeatures (id, geofeature_id, geofeature_type, documentation_file_id, updated_at) VALUES (4394, 169, 'cave_area', 1874, 1775839976);
INSERT INTO documentation_files_to_geofeatures (id, geofeature_id, geofeature_type, documentation_file_id, updated_at) VALUES (4395, 2335, 'cave_place', 1874, 1775839976);
INSERT INTO documentation_files (id, title, description, file_name, file_size, file_hash, file_type, created_at) VALUES (1875, 'Document Peștera E3 din Piatra Lupului #12', 'Nota de mentenanta balize - traseul 298. Am verificat 59 balize reflectorizante. Dintre acestea, 406 au fost inlocuite. Am adaugat 390 balize noi in zonele nemarcate. Distanta medie intre balize: 54 metri. Am folosit 294 culori diferite conform codificarii. Vizibilitatea minima a balizelor: 392 metri cu lampa frontala. Am eliminat 96 marcaje vechi si confuze. Traseul total balizat: 274 metri. Urmatoarea verificare: peste 432 luni. Materialul consumat: 372 benzi reflectorizante.', 'doc_existing_c38_12.txt', 482, NULL, 'text_document', 1775839976);
INSERT INTO documentation_files_to_geofeatures (id, geofeature_id, geofeature_type, documentation_file_id, updated_at) VALUES (4396, 38, 'cave', 1875, 1775839976);
INSERT INTO documentation_files_to_geofeatures (id, geofeature_id, geofeature_type, documentation_file_id, updated_at) VALUES (4397, 2313, 'cave_place', 1875, 1775839976);
INSERT INTO documentation_files (id, title, description, file_name, file_size, file_hash, file_type, created_at) VALUES (1876, 'Document Peștera E3 din Piatra Lupului #13', 'Studiu speleogenetic - sectorul 201. Am analizat 8 probe de calcar sub microscop. Varsta estimata a galeriei: 406 milioane de ani. Am identificat 6 faze de speleogeneza. Nivelul freatic actual este la 378 metri adancime. Am corelat cu 194 alte pesteri din zona. Porozitatea medie a rocii: 362 procente. Am realizat 317 sectiuni subtiri din probe. Studiul va fi publicat in volumul 80 al buletinului. Am colaborat cu 19 geologi specialisti.', 'doc_existing_c38_13.txt', 439, NULL, 'text_document', 1775839976);
INSERT INTO documentation_files_to_geofeatures (id, geofeature_id, geofeature_type, documentation_file_id, updated_at) VALUES (4398, 38, 'cave', 1876, 1775839976);
INSERT INTO documentation_files (id, title, description, file_name, file_size, file_hash, file_type, created_at) VALUES (1877, 'Document Peștera E3 din Piatra Lupului #14', 'Studiu speleogenetic - sectorul 9. Am analizat 309 probe de calcar sub microscop. Varsta estimata a galeriei: 38 milioane de ani. Am identificat 256 faze de speleogeneza. Nivelul freatic actual este la 204 metri adancime. Am corelat cu 394 alte pesteri din zona. Porozitatea medie a rocii: 137 procente. Am realizat 175 sectiuni subtiri din probe. Studiul va fi publicat in volumul 14 al buletinului. Am colaborat cu 139 geologi specialisti.', 'doc_existing_c38_14.txt', 441, NULL, 'text_document', 1775839976);
INSERT INTO documentation_files_to_geofeatures (id, geofeature_id, geofeature_type, documentation_file_id, updated_at) VALUES (4399, 38, 'cave', 1877, 1775839976);
INSERT INTO documentation_files_to_geofeatures (id, geofeature_id, geofeature_type, documentation_file_id, updated_at) VALUES (4400, 169, 'cave_area', 1877, 1775839976);
INSERT INTO documentation_files_to_geofeatures (id, geofeature_id, geofeature_type, documentation_file_id, updated_at) VALUES (4401, 2357, 'cave_place', 1877, 1775839976);
INSERT INTO documentation_files (id, title, description, file_name, file_size, file_hash, file_type, created_at) VALUES (1878, 'Document Peștera E3 din Piatra Lupului #15', 'Raport conservare patrimoniu - obiectiv 431. Am evaluat starea a 415 inscriptii istorice. Dintre acestea, 470 necesita interventie urgenta. Am curatat 311 metri patrati de graffiti modern. Am instalat 451 panouri informative la intrare. Bariera de protectie acopera 348 metri liniari. Am documentat 481 urme de vandalism. Raportul a fost transmis autoritatilor locale in 266 exemplare. Am propus clasificarea a 332 formatiuni ca monument natural. Vizitele ghidate sunt limitate la 258 persoane simultan. Am instruit 493 ghizi locali. Costul estimat al lucrarilor: 116 lei. Termenul de finalizare: 307 luni.', 'doc_existing_c38_15.txt', 606, NULL, 'text_document', 1775839976);
INSERT INTO documentation_files_to_geofeatures (id, geofeature_id, geofeature_type, documentation_file_id, updated_at) VALUES (4402, 38, 'cave', 1878, 1775839976);
INSERT INTO documentation_files_to_geofeatures (id, geofeature_id, geofeature_type, documentation_file_id, updated_at) VALUES (4403, 169, 'cave_area', 1878, 1775839976);
INSERT INTO documentation_files_to_geofeatures (id, geofeature_id, geofeature_type, documentation_file_id, updated_at) VALUES (4404, 2355, 'cave_place', 1878, 1775839976);
INSERT INTO documentation_files (id, title, description, file_name, file_size, file_hash, file_type, created_at) VALUES (1879, 'Document Peștera E3 din Piatra Lupului #16', 'Raport geologic - profil 343. Stratele de calcar apartin etajului 332. Grosimea medie a stratelor este de 246 centimetri. Fisurile tectonice au un azimut predominant de 80 grade. Am recoltat 224 probe de roca pentru datarea izotopica. Continutul de CaCO3 depaseste 279 procente. Concretii de aragonita au fost gasite la cota 20. Varsta estimata a speleothemelor: 7 mii de ani. Depozitele clastice au o grosime de 442 centimetri. Am identificat 282 tipuri diferite de sedimente. Nivelul paleoclappei fosile este la cota 151 metri. Analiza XRD confirma 461 faze minerale distincte. Sectorul analizat are o lungime de 285 metri. Am realizat 64 profile transversale ale galeriei. Cutele vizibile au amplitudini de 324 centimetri.', 'doc_existing_c38_16.txt', 725, NULL, 'text_document', 1775839976);
INSERT INTO documentation_files_to_geofeatures (id, geofeature_id, geofeature_type, documentation_file_id, updated_at) VALUES (4405, 38, 'cave', 1879, 1775839976);
INSERT INTO documentation_files_to_geofeatures (id, geofeature_id, geofeature_type, documentation_file_id, updated_at) VALUES (4406, 2307, 'cave_place', 1879, 1775839976);
INSERT INTO documentation_files (id, title, description, file_name, file_size, file_hash, file_type, created_at) VALUES (1880, 'Foto Peștera E3 din Piatra Lupului #1', 'Fotografie de pestera pentru arhiva tehnica.', '20250109_011630.jpg', 92323, NULL, 'photo', 1775839976);
INSERT INTO documentation_files_to_geofeatures (id, geofeature_id, geofeature_type, documentation_file_id, updated_at) VALUES (4407, 38, 'cave', 1880, 1775839976);
INSERT INTO documentation_files_to_geofeatures (id, geofeature_id, geofeature_type, documentation_file_id, updated_at) VALUES (4408, 2306, 'cave_place', 1880, 1775839976);
INSERT INTO documentation_files (id, title, description, file_name, file_size, file_hash, file_type, created_at) VALUES (1881, 'Foto Peștera E3 din Piatra Lupului #2', 'Fotografie de pestera pentru arhiva tehnica.', '20250109_011630.jpg', 92323, NULL, 'photo', 1775839976);
INSERT INTO documentation_files_to_geofeatures (id, geofeature_id, geofeature_type, documentation_file_id, updated_at) VALUES (4409, 38, 'cave', 1881, 1775839976);
INSERT INTO documentation_files (id, title, description, file_name, file_size, file_hash, file_type, created_at) VALUES (1882, 'Foto Peștera E3 din Piatra Lupului #3', 'Fotografie de pestera pentru arhiva tehnica.', '20250105_181113.jpg', 110223, NULL, 'photo', 1775839976);
INSERT INTO documentation_files_to_geofeatures (id, geofeature_id, geofeature_type, documentation_file_id, updated_at) VALUES (4410, 38, 'cave', 1882, 1775839976);
INSERT INTO documentation_files_to_geofeatures (id, geofeature_id, geofeature_type, documentation_file_id, updated_at) VALUES (4411, 169, 'cave_area', 1882, 1775839976);
INSERT INTO documentation_files_to_geofeatures (id, geofeature_id, geofeature_type, documentation_file_id, updated_at) VALUES (4412, 2322, 'cave_place', 1882, 1775839976);
INSERT INTO documentation_files (id, title, description, file_name, file_size, file_hash, file_type, created_at) VALUES (1883, 'Foto Peștera E3 din Piatra Lupului #4', 'Fotografie de pestera pentru arhiva tehnica.', '20250108_070400.jpg', 71580, NULL, 'photo', 1775839976);
INSERT INTO documentation_files_to_geofeatures (id, geofeature_id, geofeature_type, documentation_file_id, updated_at) VALUES (4413, 38, 'cave', 1883, 1775839976);
INSERT INTO documentation_files (id, title, description, file_name, file_size, file_hash, file_type, created_at) VALUES (1884, 'Foto Peștera E3 din Piatra Lupului #5', 'Fotografie de pestera pentru arhiva tehnica.', '20250105_171938.jpg', 83405, NULL, 'photo', 1775839976);
INSERT INTO documentation_files_to_geofeatures (id, geofeature_id, geofeature_type, documentation_file_id, updated_at) VALUES (4414, 38, 'cave', 1884, 1775839976);
INSERT INTO documentation_files_to_geofeatures (id, geofeature_id, geofeature_type, documentation_file_id, updated_at) VALUES (4415, 169, 'cave_area', 1884, 1775839976);
INSERT INTO documentation_files_to_geofeatures (id, geofeature_id, geofeature_type, documentation_file_id, updated_at) VALUES (4416, 2360, 'cave_place', 1884, 1775839976);
INSERT INTO documentation_files (id, title, description, file_name, file_size, file_hash, file_type, created_at) VALUES (1885, 'Foto Peștera E3 din Piatra Lupului #6', 'Fotografie de pestera pentru arhiva tehnica.', '20250105_165436.jpg', 73847, NULL, 'photo', 1775839976);
INSERT INTO documentation_files_to_geofeatures (id, geofeature_id, geofeature_type, documentation_file_id, updated_at) VALUES (4417, 38, 'cave', 1885, 1775839976);
INSERT INTO documentation_files_to_geofeatures (id, geofeature_id, geofeature_type, documentation_file_id, updated_at) VALUES (4418, 2304, 'cave_place', 1885, 1775839976);
INSERT INTO documentation_files (id, title, description, file_name, file_size, file_hash, file_type, created_at) VALUES (1886, 'Foto Peștera E3 din Piatra Lupului #7', 'Fotografie de pestera pentru arhiva tehnica.', '20250105_211239.jpg', 111085, NULL, 'photo', 1775839976);
INSERT INTO documentation_files_to_geofeatures (id, geofeature_id, geofeature_type, documentation_file_id, updated_at) VALUES (4419, 38, 'cave', 1886, 1775839976);
INSERT INTO documentation_files_to_geofeatures (id, geofeature_id, geofeature_type, documentation_file_id, updated_at) VALUES (4420, 2366, 'cave_place', 1886, 1775839976);
INSERT INTO documentation_files (id, title, description, file_name, file_size, file_hash, file_type, created_at) VALUES (1887, 'Foto Peștera E3 din Piatra Lupului #8', 'Fotografie de pestera pentru arhiva tehnica.', '20250105_121005.jpg', 102925, NULL, 'photo', 1775839976);
INSERT INTO documentation_files_to_geofeatures (id, geofeature_id, geofeature_type, documentation_file_id, updated_at) VALUES (4421, 38, 'cave', 1887, 1775839976);
INSERT INTO documentation_files_to_geofeatures (id, geofeature_id, geofeature_type, documentation_file_id, updated_at) VALUES (4422, 169, 'cave_area', 1887, 1775839976);
INSERT INTO documentation_files_to_geofeatures (id, geofeature_id, geofeature_type, documentation_file_id, updated_at) VALUES (4423, 2319, 'cave_place', 1887, 1775839976);
INSERT INTO documentation_files (id, title, description, file_name, file_size, file_hash, file_type, created_at) VALUES (1888, 'Foto Peștera E3 din Piatra Lupului #9', 'Fotografie de pestera pentru arhiva tehnica.', '20250105_153139.jpg', 53561, NULL, 'photo', 1775839976);
INSERT INTO documentation_files_to_geofeatures (id, geofeature_id, geofeature_type, documentation_file_id, updated_at) VALUES (4424, 38, 'cave', 1888, 1775839976);
INSERT INTO documentation_files_to_geofeatures (id, geofeature_id, geofeature_type, documentation_file_id, updated_at) VALUES (4425, 169, 'cave_area', 1888, 1775839976);
INSERT INTO documentation_files_to_geofeatures (id, geofeature_id, geofeature_type, documentation_file_id, updated_at) VALUES (4426, 2308, 'cave_place', 1888, 1775839976);
INSERT INTO documentation_files (id, title, description, file_name, file_size, file_hash, file_type, created_at) VALUES (1889, 'Foto Peștera E3 din Piatra Lupului #10', 'Fotografie de pestera pentru arhiva tehnica.', '20250105_181113.jpg', 110223, NULL, 'photo', 1775839976);
INSERT INTO documentation_files_to_geofeatures (id, geofeature_id, geofeature_type, documentation_file_id, updated_at) VALUES (4427, 38, 'cave', 1889, 1775839976);
INSERT INTO documentation_files (id, title, description, file_name, file_size, file_hash, file_type, created_at) VALUES (1890, 'Foto Peștera E3 din Piatra Lupului #11', 'Fotografie de pestera pentru arhiva tehnica.', '20250105_165436.jpg', 73847, NULL, 'photo', 1775839976);
INSERT INTO documentation_files_to_geofeatures (id, geofeature_id, geofeature_type, documentation_file_id, updated_at) VALUES (4428, 38, 'cave', 1890, 1775839976);
INSERT INTO documentation_files (id, title, description, file_name, file_size, file_hash, file_type, created_at) VALUES (1891, 'Foto Peștera E3 din Piatra Lupului #12', 'Fotografie de pestera pentru arhiva tehnica.', '20250108_055732.jpg', 99069, NULL, 'photo', 1775839976);
INSERT INTO documentation_files_to_geofeatures (id, geofeature_id, geofeature_type, documentation_file_id, updated_at) VALUES (4429, 38, 'cave', 1891, 1775839976);
INSERT INTO documentation_files_to_geofeatures (id, geofeature_id, geofeature_type, documentation_file_id, updated_at) VALUES (4430, 2302, 'cave_place', 1891, 1775839976);
INSERT INTO documentation_files (id, title, description, file_name, file_size, file_hash, file_type, created_at) VALUES (1892, 'Foto Peștera E3 din Piatra Lupului #13', 'Fotografie de pestera pentru arhiva tehnica.', '20250106_175243.jpg', 88609, NULL, 'photo', 1775839976);
INSERT INTO documentation_files_to_geofeatures (id, geofeature_id, geofeature_type, documentation_file_id, updated_at) VALUES (4431, 38, 'cave', 1892, 1775839976);
INSERT INTO documentation_files_to_geofeatures (id, geofeature_id, geofeature_type, documentation_file_id, updated_at) VALUES (4432, 169, 'cave_area', 1892, 1775839976);
INSERT INTO documentation_files (id, title, description, file_name, file_size, file_hash, file_type, created_at) VALUES (1893, 'Foto Peștera E3 din Piatra Lupului #14', 'Fotografie de pestera pentru arhiva tehnica.', '20250107_045319.jpg', 70367, NULL, 'photo', 1775839976);
INSERT INTO documentation_files_to_geofeatures (id, geofeature_id, geofeature_type, documentation_file_id, updated_at) VALUES (4433, 38, 'cave', 1893, 1775839976);
INSERT INTO documentation_files_to_geofeatures (id, geofeature_id, geofeature_type, documentation_file_id, updated_at) VALUES (4434, 2308, 'cave_place', 1893, 1775839976);
INSERT INTO documentation_files (id, title, description, file_name, file_size, file_hash, file_type, created_at) VALUES (1894, 'Foto Peștera E3 din Piatra Lupului #15', 'Fotografie de pestera pentru arhiva tehnica.', '20250108_015331.jpg', 90733, NULL, 'photo', 1775839976);
INSERT INTO documentation_files_to_geofeatures (id, geofeature_id, geofeature_type, documentation_file_id, updated_at) VALUES (4435, 38, 'cave', 1894, 1775839976);
INSERT INTO documentation_files_to_geofeatures (id, geofeature_id, geofeature_type, documentation_file_id, updated_at) VALUES (4436, 169, 'cave_area', 1894, 1775839976);
INSERT INTO documentation_files_to_geofeatures (id, geofeature_id, geofeature_type, documentation_file_id, updated_at) VALUES (4437, 2357, 'cave_place', 1894, 1775839976);
INSERT INTO documentation_files (id, title, description, file_name, file_size, file_hash, file_type, created_at) VALUES (1895, 'Foto Peștera E3 din Piatra Lupului #16', 'Fotografie de pestera pentru arhiva tehnica.', '20250107_221844.jpg', 64154, NULL, 'photo', 1775839976);
INSERT INTO documentation_files_to_geofeatures (id, geofeature_id, geofeature_type, documentation_file_id, updated_at) VALUES (4438, 38, 'cave', 1895, 1775839976);
INSERT INTO documentation_files_to_geofeatures (id, geofeature_id, geofeature_type, documentation_file_id, updated_at) VALUES (4439, 2322, 'cave_place', 1895, 1775839976);
INSERT INTO documentation_files (id, title, description, file_name, file_size, file_hash, file_type, created_at) VALUES (1896, 'Document Peștera E4 din Piatra Lupului #1', 'Evaluare risc - sectorul 64. Am identificat 267 zone cu risc de prabusire a plafonului. Blocurile instabile au dimensiuni de pana la 112 centimetri. Nivelul apei poate creste cu 476 metri in caz de precipitatii. Distanta de la intrare pana la prima zona de risc: 405 metri. Am instalat 38 indicatoare de avertizare reflectorizante. Evacuarea de urgenta dureaza estimativ 85 minute. Echipamentul de prim ajutor este pozitionat la statia 37. Am testat comunicarea radio in 425 puncte critice. Semnalul radio este pierdut dupa 349 metri de la intrare. Am recomandat echipa minima de 402 persoane pentru acest sector. Casca si lampa frontala trebuie verificate la fiecare 181 ore. Protocoalele de securitate au fost revizuite de 418 ori anul acesta. Ultimul incident a avut loc cu 124 luni in urma. Am efectuat 264 exercitii de evacuare. Planul de urgenta a fost actualizat la versiunea 4.', 'doc_existing_c39_1.txt', 885, NULL, 'text_document', 1775839976);
INSERT INTO documentation_files_to_geofeatures (id, geofeature_id, geofeature_type, documentation_file_id, updated_at) VALUES (4440, 39, 'cave', 1896, 1775839976);
INSERT INTO documentation_files_to_geofeatures (id, geofeature_id, geofeature_type, documentation_file_id, updated_at) VALUES (4441, 171, 'cave_area', 1896, 1775839976);
INSERT INTO documentation_files_to_geofeatures (id, geofeature_id, geofeature_type, documentation_file_id, updated_at) VALUES (4442, 2375, 'cave_place', 1896, 1775839976);
INSERT INTO documentation_files (id, title, description, file_name, file_size, file_hash, file_type, created_at) VALUES (1897, 'Document Peștera E4 din Piatra Lupului #2', 'Evidenta resurse hidrologice - punctul 310. Debitul mediu masurat: 271 litri pe secunda. Am efectuat 317 masuratori in perioade diferite. Temperatura apei: 122 grade Celsius, constanta. pH-ul masurat: 202 unitati. Conductivitatea electrica: 490 microsiemensi. Am injectat 272 grame de trasor fluorescent. Trasorul a aparut la izvor dupa 23 ore. Distanta estimata: 163 metri de conducte carstice. Nivelul maxim in sezonul ploios: 457 centimetri peste normal. Am monitorizat 348 izvoare din bazin. Volumul estimat al lacului subteran: 332 metri cubi.', 'doc_existing_c39_2.txt', 548, NULL, 'text_document', 1775839976);
INSERT INTO documentation_files_to_geofeatures (id, geofeature_id, geofeature_type, documentation_file_id, updated_at) VALUES (4443, 39, 'cave', 1897, 1775839976);
INSERT INTO documentation_files_to_geofeatures (id, geofeature_id, geofeature_type, documentation_file_id, updated_at) VALUES (4444, 172, 'cave_area', 1897, 1775839976);
INSERT INTO documentation_files_to_geofeatures (id, geofeature_id, geofeature_type, documentation_file_id, updated_at) VALUES (4445, 2387, 'cave_place', 1897, 1775839976);
INSERT INTO documentation_files (id, title, description, file_name, file_size, file_hash, file_type, created_at) VALUES (1898, 'Document Peștera E4 din Piatra Lupului #3', 'Raport conservare patrimoniu - obiectiv 328. Am evaluat starea a 347 inscriptii istorice. Dintre acestea, 276 necesita interventie urgenta. Am curatat 286 metri patrati de graffiti modern. Am instalat 346 panouri informative la intrare. Bariera de protectie acopera 166 metri liniari. Am documentat 425 urme de vandalism. Raportul a fost transmis autoritatilor locale in 342 exemplare. Am propus clasificarea a 273 formatiuni ca monument natural. Vizitele ghidate sunt limitate la 309 persoane simultan. Am instruit 228 ghizi locali. Costul estimat al lucrarilor: 432 lei. Termenul de finalizare: 450 luni.', 'doc_existing_c39_3.txt', 606, NULL, 'text_document', 1775839976);
INSERT INTO documentation_files_to_geofeatures (id, geofeature_id, geofeature_type, documentation_file_id, updated_at) VALUES (4446, 39, 'cave', 1898, 1775839976);
INSERT INTO documentation_files_to_geofeatures (id, geofeature_id, geofeature_type, documentation_file_id, updated_at) VALUES (4447, 176, 'cave_area', 1898, 1775839976);
INSERT INTO documentation_files_to_geofeatures (id, geofeature_id, geofeature_type, documentation_file_id, updated_at) VALUES (4448, 2387, 'cave_place', 1898, 1775839976);
INSERT INTO documentation_files (id, title, description, file_name, file_size, file_hash, file_type, created_at) VALUES (1899, 'Document Peștera E4 din Piatra Lupului #4', 'Raport conservare patrimoniu - obiectiv 332. Am evaluat starea a 108 inscriptii istorice. Dintre acestea, 46 necesita interventie urgenta. Am curatat 150 metri patrati de graffiti modern. Am instalat 468 panouri informative la intrare. Bariera de protectie acopera 418 metri liniari. Am documentat 28 urme de vandalism. Raportul a fost transmis autoritatilor locale in 27 exemplare. Am propus clasificarea a 459 formatiuni ca monument natural. Vizitele ghidate sunt limitate la 352 persoane simultan. Am instruit 406 ghizi locali. Costul estimat al lucrarilor: 240 lei. Termenul de finalizare: 83 luni.', 'doc_existing_c39_4.txt', 602, NULL, 'text_document', 1775839976);
INSERT INTO documentation_files_to_geofeatures (id, geofeature_id, geofeature_type, documentation_file_id, updated_at) VALUES (4449, 39, 'cave', 1899, 1775839976);
INSERT INTO documentation_files_to_geofeatures (id, geofeature_id, geofeature_type, documentation_file_id, updated_at) VALUES (4450, 2376, 'cave_place', 1899, 1775839976);
INSERT INTO documentation_files (id, title, description, file_name, file_size, file_hash, file_type, created_at) VALUES (1900, 'Document Peștera E4 din Piatra Lupului #5', 'Raport geologic - profil 90. Stratele de calcar apartin etajului 253. Grosimea medie a stratelor este de 218 centimetri. Fisurile tectonice au un azimut predominant de 80 grade. Am recoltat 2 probe de roca pentru datarea izotopica. Continutul de CaCO3 depaseste 445 procente. Concretii de aragonita au fost gasite la cota 281. Varsta estimata a speleothemelor: 384 mii de ani. Depozitele clastice au o grosime de 135 centimetri. Am identificat 376 tipuri diferite de sedimente. Nivelul paleoclappei fosile este la cota 82 metri. Analiza XRD confirma 135 faze minerale distincte. Sectorul analizat are o lungime de 122 metri. Am realizat 25 profile transversale ale galeriei. Cutele vizibile au amplitudini de 377 centimetri.', 'doc_existing_c39_5.txt', 724, NULL, 'text_document', 1775839976);
INSERT INTO documentation_files_to_geofeatures (id, geofeature_id, geofeature_type, documentation_file_id, updated_at) VALUES (4451, 39, 'cave', 1900, 1775839976);
INSERT INTO documentation_files_to_geofeatures (id, geofeature_id, geofeature_type, documentation_file_id, updated_at) VALUES (4452, 2374, 'cave_place', 1900, 1775839976);
INSERT INTO documentation_files (id, title, description, file_name, file_size, file_hash, file_type, created_at) VALUES (1901, 'Document Peștera E4 din Piatra Lupului #6', 'Nota de mentenanta balize - traseul 498. Am verificat 234 balize reflectorizante. Dintre acestea, 458 au fost inlocuite. Am adaugat 100 balize noi in zonele nemarcate. Distanta medie intre balize: 305 metri. Am folosit 257 culori diferite conform codificarii. Vizibilitatea minima a balizelor: 191 metri cu lampa frontala. Am eliminat 402 marcaje vechi si confuze. Traseul total balizat: 57 metri. Urmatoarea verificare: peste 305 luni. Materialul consumat: 145 benzi reflectorizante.', 'doc_existing_c39_6.txt', 484, NULL, 'text_document', 1775839976);
INSERT INTO documentation_files_to_geofeatures (id, geofeature_id, geofeature_type, documentation_file_id, updated_at) VALUES (4453, 39, 'cave', 1901, 1775839976);
INSERT INTO documentation_files_to_geofeatures (id, geofeature_id, geofeature_type, documentation_file_id, updated_at) VALUES (4454, 170, 'cave_area', 1901, 1775839976);
INSERT INTO documentation_files_to_geofeatures (id, geofeature_id, geofeature_type, documentation_file_id, updated_at) VALUES (4455, 2435, 'cave_place', 1901, 1775839976);
INSERT INTO documentation_files (id, title, description, file_name, file_size, file_hash, file_type, created_at) VALUES (1902, 'Document Peștera E4 din Piatra Lupului #7', 'Studiu speleogenetic - sectorul 377. Am analizat 17 probe de calcar sub microscop. Varsta estimata a galeriei: 204 milioane de ani. Am identificat 116 faze de speleogeneza. Nivelul freatic actual este la 474 metri adancime. Am corelat cu 324 alte pesteri din zona. Porozitatea medie a rocii: 34 procente. Am realizat 245 sectiuni subtiri din probe. Studiul va fi publicat in volumul 224 al buletinului. Am colaborat cu 355 geologi specialisti.', 'doc_existing_c39_7.txt', 443, NULL, 'text_document', 1775839976);
INSERT INTO documentation_files_to_geofeatures (id, geofeature_id, geofeature_type, documentation_file_id, updated_at) VALUES (4456, 39, 'cave', 1902, 1775839976);
INSERT INTO documentation_files_to_geofeatures (id, geofeature_id, geofeature_type, documentation_file_id, updated_at) VALUES (4457, 2377, 'cave_place', 1902, 1775839976);
INSERT INTO documentation_files (id, title, description, file_name, file_size, file_hash, file_type, created_at) VALUES (1903, 'Foto Peștera E4 din Piatra Lupului #1', 'Fotografie de pestera pentru arhiva tehnica.', '20250109_011630.jpg', 92323, NULL, 'photo', 1775839976);
INSERT INTO documentation_files_to_geofeatures (id, geofeature_id, geofeature_type, documentation_file_id, updated_at) VALUES (4458, 39, 'cave', 1903, 1775839976);
INSERT INTO documentation_files_to_geofeatures (id, geofeature_id, geofeature_type, documentation_file_id, updated_at) VALUES (4459, 174, 'cave_area', 1903, 1775839976);
INSERT INTO documentation_files (id, title, description, file_name, file_size, file_hash, file_type, created_at) VALUES (1904, 'Foto Peștera E4 din Piatra Lupului #2', 'Fotografie de pestera pentru arhiva tehnica.', '20250105_145407.jpg', 85562, NULL, 'photo', 1775839976);
INSERT INTO documentation_files_to_geofeatures (id, geofeature_id, geofeature_type, documentation_file_id, updated_at) VALUES (4460, 39, 'cave', 1904, 1775839976);
INSERT INTO documentation_files_to_geofeatures (id, geofeature_id, geofeature_type, documentation_file_id, updated_at) VALUES (4461, 175, 'cave_area', 1904, 1775839976);
INSERT INTO documentation_files (id, title, description, file_name, file_size, file_hash, file_type, created_at) VALUES (1905, 'Foto Peștera E4 din Piatra Lupului #3', 'Fotografie de pestera pentru arhiva tehnica.', '20250105_165436.jpg', 73847, NULL, 'photo', 1775839976);
INSERT INTO documentation_files_to_geofeatures (id, geofeature_id, geofeature_type, documentation_file_id, updated_at) VALUES (4462, 39, 'cave', 1905, 1775839976);
INSERT INTO documentation_files_to_geofeatures (id, geofeature_id, geofeature_type, documentation_file_id, updated_at) VALUES (4463, 176, 'cave_area', 1905, 1775839976);
INSERT INTO documentation_files_to_geofeatures (id, geofeature_id, geofeature_type, documentation_file_id, updated_at) VALUES (4464, 2440, 'cave_place', 1905, 1775839976);
INSERT INTO documentation_files (id, title, description, file_name, file_size, file_hash, file_type, created_at) VALUES (1906, 'Foto Peștera E4 din Piatra Lupului #4', 'Fotografie de pestera pentru arhiva tehnica.', '20250105_121440.jpg', 58950, NULL, 'photo', 1775839976);
INSERT INTO documentation_files_to_geofeatures (id, geofeature_id, geofeature_type, documentation_file_id, updated_at) VALUES (4465, 39, 'cave', 1906, 1775839976);
INSERT INTO documentation_files_to_geofeatures (id, geofeature_id, geofeature_type, documentation_file_id, updated_at) VALUES (4466, 2413, 'cave_place', 1906, 1775839976);
INSERT INTO documentation_files (id, title, description, file_name, file_size, file_hash, file_type, created_at) VALUES (1907, 'Foto Peștera E4 din Piatra Lupului #5', 'Fotografie de pestera pentru arhiva tehnica.', '20250108_055732.jpg', 99069, NULL, 'photo', 1775839976);
INSERT INTO documentation_files_to_geofeatures (id, geofeature_id, geofeature_type, documentation_file_id, updated_at) VALUES (4467, 39, 'cave', 1907, 1775839976);
INSERT INTO documentation_files_to_geofeatures (id, geofeature_id, geofeature_type, documentation_file_id, updated_at) VALUES (4468, 173, 'cave_area', 1907, 1775839976);
INSERT INTO documentation_files (id, title, description, file_name, file_size, file_hash, file_type, created_at) VALUES (1908, 'Foto Peștera E4 din Piatra Lupului #6', 'Fotografie de pestera pentru arhiva tehnica.', '20250108_055732.jpg', 99069, NULL, 'photo', 1775839976);
INSERT INTO documentation_files_to_geofeatures (id, geofeature_id, geofeature_type, documentation_file_id, updated_at) VALUES (4469, 39, 'cave', 1908, 1775839976);
INSERT INTO documentation_files_to_geofeatures (id, geofeature_id, geofeature_type, documentation_file_id, updated_at) VALUES (4470, 2392, 'cave_place', 1908, 1775839976);
INSERT INTO documentation_files (id, title, description, file_name, file_size, file_hash, file_type, created_at) VALUES (1909, 'Document Peștera E5 din Piatra Lupului #1', 'Evaluare risc - sectorul 208. Am identificat 7 zone cu risc de prabusire a plafonului. Blocurile instabile au dimensiuni de pana la 373 centimetri. Nivelul apei poate creste cu 303 metri in caz de precipitatii. Distanta de la intrare pana la prima zona de risc: 214 metri. Am instalat 308 indicatoare de avertizare reflectorizante. Evacuarea de urgenta dureaza estimativ 19 minute. Echipamentul de prim ajutor este pozitionat la statia 249. Am testat comunicarea radio in 96 puncte critice. Semnalul radio este pierdut dupa 255 metri de la intrare. Am recomandat echipa minima de 457 persoane pentru acest sector. Casca si lampa frontala trebuie verificate la fiecare 373 ore. Protocoalele de securitate au fost revizuite de 60 ori anul acesta. Ultimul incident a avut loc cu 257 luni in urma. Am efectuat 151 exercitii de evacuare. Planul de urgenta a fost actualizat la versiunea 193.', 'doc_existing_c40_1.txt', 886, NULL, 'text_document', 1775839976);
INSERT INTO documentation_files_to_geofeatures (id, geofeature_id, geofeature_type, documentation_file_id, updated_at) VALUES (4471, 40, 'cave', 1909, 1775839976);
INSERT INTO documentation_files_to_geofeatures (id, geofeature_id, geofeature_type, documentation_file_id, updated_at) VALUES (4472, 177, 'cave_area', 1909, 1775839976);
INSERT INTO documentation_files_to_geofeatures (id, geofeature_id, geofeature_type, documentation_file_id, updated_at) VALUES (4473, 2494, 'cave_place', 1909, 1775839976);
INSERT INTO documentation_files (id, title, description, file_name, file_size, file_hash, file_type, created_at) VALUES (1910, 'Document Peștera E5 din Piatra Lupului #2', 'Studiu speleogenetic - sectorul 271. Am analizat 187 probe de calcar sub microscop. Varsta estimata a galeriei: 304 milioane de ani. Am identificat 430 faze de speleogeneza. Nivelul freatic actual este la 157 metri adancime. Am corelat cu 267 alte pesteri din zona. Porozitatea medie a rocii: 236 procente. Am realizat 120 sectiuni subtiri din probe. Studiul va fi publicat in volumul 68 al buletinului. Am colaborat cu 392 geologi specialisti.', 'doc_existing_c40_2.txt', 444, NULL, 'text_document', 1775839976);
INSERT INTO documentation_files_to_geofeatures (id, geofeature_id, geofeature_type, documentation_file_id, updated_at) VALUES (4474, 40, 'cave', 1910, 1775839976);
INSERT INTO documentation_files_to_geofeatures (id, geofeature_id, geofeature_type, documentation_file_id, updated_at) VALUES (4475, 178, 'cave_area', 1910, 1775839976);
INSERT INTO documentation_files_to_geofeatures (id, geofeature_id, geofeature_type, documentation_file_id, updated_at) VALUES (4476, 2512, 'cave_place', 1910, 1775839976);
INSERT INTO documentation_files (id, title, description, file_name, file_size, file_hash, file_type, created_at) VALUES (1911, 'Document Peștera E5 din Piatra Lupului #3', 'Proces verbal intalnire club - sedinta nr. 164. Au participat 478 membri. Am discutat 196 puncte pe ordinea de zi. S-a aprobat bugetul de 14 lei pentru trimestrul urmator. Am planificat 401 expeditii in urmatoarele luni. S-au inscris 360 membri noi. Am evaluat 112 rapoarte de explorare. S-a votat achizitionarea de echipament in valoare de 356 lei. Urmatoarea sedinta: peste 138 saptamani. Am desemnat 226 responsabili pentru proiecte.', 'doc_existing_c40_3.txt', 436, NULL, 'text_document', 1775839976);
INSERT INTO documentation_files_to_geofeatures (id, geofeature_id, geofeature_type, documentation_file_id, updated_at) VALUES (4477, 40, 'cave', 1911, 1775839976);
INSERT INTO documentation_files_to_geofeatures (id, geofeature_id, geofeature_type, documentation_file_id, updated_at) VALUES (4478, 177, 'cave_area', 1911, 1775839976);
INSERT INTO documentation_files_to_geofeatures (id, geofeature_id, geofeature_type, documentation_file_id, updated_at) VALUES (4479, 2472, 'cave_place', 1911, 1775839976);
INSERT INTO documentation_files (id, title, description, file_name, file_size, file_hash, file_type, created_at) VALUES (1912, 'Document Peștera E5 din Piatra Lupului #4', 'Evaluare risc - sectorul 467. Am identificat 300 zone cu risc de prabusire a plafonului. Blocurile instabile au dimensiuni de pana la 398 centimetri. Nivelul apei poate creste cu 499 metri in caz de precipitatii. Distanta de la intrare pana la prima zona de risc: 236 metri. Am instalat 147 indicatoare de avertizare reflectorizante. Evacuarea de urgenta dureaza estimativ 118 minute. Echipamentul de prim ajutor este pozitionat la statia 426. Am testat comunicarea radio in 72 puncte critice. Semnalul radio este pierdut dupa 480 metri de la intrare. Am recomandat echipa minima de 125 persoane pentru acest sector. Casca si lampa frontala trebuie verificate la fiecare 414 ore. Protocoalele de securitate au fost revizuite de 142 ori anul acesta. Ultimul incident a avut loc cu 467 luni in urma. Am efectuat 100 exercitii de evacuare. Planul de urgenta a fost actualizat la versiunea 447.', 'doc_existing_c40_4.txt', 890, NULL, 'text_document', 1775839976);
INSERT INTO documentation_files_to_geofeatures (id, geofeature_id, geofeature_type, documentation_file_id, updated_at) VALUES (4480, 40, 'cave', 1912, 1775839976);
INSERT INTO documentation_files_to_geofeatures (id, geofeature_id, geofeature_type, documentation_file_id, updated_at) VALUES (4481, 178, 'cave_area', 1912, 1775839976);
INSERT INTO documentation_files (id, title, description, file_name, file_size, file_hash, file_type, created_at) VALUES (1913, 'Document Peștera E5 din Piatra Lupului #5', 'Raport climatologic subteran - statia 6. Senzorul a inregistrat 305 cicluri complete de temperatura. Temperatura medie anuala: 258 grade Celsius. Amplitudinea termica maxima: 296 grade. Umiditatea relativa medie: 400 procente. Concentratia de CO2: 468 ppm. Curentul de aer maxim masurat: 6 metri pe secunda. Directia predominanta a curentului: sector 221. Datalogerul a functionat 177 zile fara intrerupere. Am descarcat 498 megabytes de date brute. Presiunea barometrica la intrare: 263 mbar. Evaporarea masurata: 418 milimetri pe luna. Am comparat datele cu 355 statii meteorologice de suprafata. Raportul complet include 472 grafice si tabele. Monitorizarea continua de 378 luni confirma stabilitatea climatica.', 'doc_existing_c40_5.txt', 714, NULL, 'text_document', 1775839976);
INSERT INTO documentation_files_to_geofeatures (id, geofeature_id, geofeature_type, documentation_file_id, updated_at) VALUES (4482, 40, 'cave', 1913, 1775839976);
INSERT INTO documentation_files_to_geofeatures (id, geofeature_id, geofeature_type, documentation_file_id, updated_at) VALUES (4483, 177, 'cave_area', 1913, 1775839976);
INSERT INTO documentation_files_to_geofeatures (id, geofeature_id, geofeature_type, documentation_file_id, updated_at) VALUES (4484, 2502, 'cave_place', 1913, 1775839976);
INSERT INTO documentation_files (id, title, description, file_name, file_size, file_hash, file_type, created_at) VALUES (1914, 'Document Peștera E5 din Piatra Lupului #6', 'Raport geologic - profil 110. Stratele de calcar apartin etajului 489. Grosimea medie a stratelor este de 234 centimetri. Fisurile tectonice au un azimut predominant de 156 grade. Am recoltat 174 probe de roca pentru datarea izotopica. Continutul de CaCO3 depaseste 119 procente. Concretii de aragonita au fost gasite la cota 148. Varsta estimata a speleothemelor: 184 mii de ani. Depozitele clastice au o grosime de 19 centimetri. Am identificat 390 tipuri diferite de sedimente. Nivelul paleoclappei fosile este la cota 130 metri. Analiza XRD confirma 191 faze minerale distincte. Sectorul analizat are o lungime de 312 metri. Am realizat 38 profile transversale ale galeriei. Cutele vizibile au amplitudini de 487 centimetri.', 'doc_existing_c40_6.txt', 728, NULL, 'text_document', 1775839976);
INSERT INTO documentation_files_to_geofeatures (id, geofeature_id, geofeature_type, documentation_file_id, updated_at) VALUES (4485, 40, 'cave', 1914, 1775839976);
INSERT INTO documentation_files_to_geofeatures (id, geofeature_id, geofeature_type, documentation_file_id, updated_at) VALUES (4486, 2478, 'cave_place', 1914, 1775839976);
INSERT INTO documentation_files (id, title, description, file_name, file_size, file_hash, file_type, created_at) VALUES (1915, 'Foto Peștera E5 din Piatra Lupului #1', 'Fotografie de pestera pentru arhiva tehnica.', '20250107_045319.jpg', 70367, NULL, 'photo', 1775839976);
INSERT INTO documentation_files_to_geofeatures (id, geofeature_id, geofeature_type, documentation_file_id, updated_at) VALUES (4487, 40, 'cave', 1915, 1775839976);
INSERT INTO documentation_files_to_geofeatures (id, geofeature_id, geofeature_type, documentation_file_id, updated_at) VALUES (4488, 177, 'cave_area', 1915, 1775839976);
INSERT INTO documentation_files_to_geofeatures (id, geofeature_id, geofeature_type, documentation_file_id, updated_at) VALUES (4489, 2477, 'cave_place', 1915, 1775839976);
INSERT INTO documentation_files (id, title, description, file_name, file_size, file_hash, file_type, created_at) VALUES (1916, 'Foto Peștera E5 din Piatra Lupului #2', 'Fotografie de pestera pentru arhiva tehnica.', '20250108_014122.jpg', 95561, NULL, 'photo', 1775839976);
INSERT INTO documentation_files_to_geofeatures (id, geofeature_id, geofeature_type, documentation_file_id, updated_at) VALUES (4490, 40, 'cave', 1916, 1775839976);
INSERT INTO documentation_files_to_geofeatures (id, geofeature_id, geofeature_type, documentation_file_id, updated_at) VALUES (4491, 178, 'cave_area', 1916, 1775839976);
INSERT INTO documentation_files_to_geofeatures (id, geofeature_id, geofeature_type, documentation_file_id, updated_at) VALUES (4492, 2451, 'cave_place', 1916, 1775839976);
INSERT INTO documentation_files (id, title, description, file_name, file_size, file_hash, file_type, created_at) VALUES (1917, 'Document Peștera E6 din Piatra Lupului #1', 'Proces verbal intalnire club - sedinta nr. 350. Au participat 204 membri. Am discutat 38 puncte pe ordinea de zi. S-a aprobat bugetul de 111 lei pentru trimestrul urmator. Am planificat 7 expeditii in urmatoarele luni. S-au inscris 38 membri noi. Am evaluat 334 rapoarte de explorare. S-a votat achizitionarea de echipament in valoare de 105 lei. Urmatoarea sedinta: peste 4 saptamani. Am desemnat 215 responsabili pentru proiecte.', 'doc_existing_c41_1.txt', 431, NULL, 'text_document', 1775839976);
INSERT INTO documentation_files_to_geofeatures (id, geofeature_id, geofeature_type, documentation_file_id, updated_at) VALUES (4493, 41, 'cave', 1917, 1775839976);
INSERT INTO documentation_files_to_geofeatures (id, geofeature_id, geofeature_type, documentation_file_id, updated_at) VALUES (4494, 2563, 'cave_place', 1917, 1775839976);
INSERT INTO documentation_files (id, title, description, file_name, file_size, file_hash, file_type, created_at) VALUES (1918, 'Document Peștera E6 din Piatra Lupului #2', 'Nota de mentenanta balize - traseul 282. Am verificat 463 balize reflectorizante. Dintre acestea, 66 au fost inlocuite. Am adaugat 295 balize noi in zonele nemarcate. Distanta medie intre balize: 425 metri. Am folosit 217 culori diferite conform codificarii. Vizibilitatea minima a balizelor: 12 metri cu lampa frontala. Am eliminat 485 marcaje vechi si confuze. Traseul total balizat: 45 metri. Urmatoarea verificare: peste 131 luni. Materialul consumat: 104 benzi reflectorizante.', 'doc_existing_c41_2.txt', 482, NULL, 'text_document', 1775839976);
INSERT INTO documentation_files_to_geofeatures (id, geofeature_id, geofeature_type, documentation_file_id, updated_at) VALUES (4495, 41, 'cave', 1918, 1775839976);
INSERT INTO documentation_files (id, title, description, file_name, file_size, file_hash, file_type, created_at) VALUES (1919, 'Document Peștera E6 din Piatra Lupului #3', 'Raport conservare patrimoniu - obiectiv 286. Am evaluat starea a 308 inscriptii istorice. Dintre acestea, 442 necesita interventie urgenta. Am curatat 136 metri patrati de graffiti modern. Am instalat 171 panouri informative la intrare. Bariera de protectie acopera 280 metri liniari. Am documentat 307 urme de vandalism. Raportul a fost transmis autoritatilor locale in 213 exemplare. Am propus clasificarea a 67 formatiuni ca monument natural. Vizitele ghidate sunt limitate la 133 persoane simultan. Am instruit 68 ghizi locali. Costul estimat al lucrarilor: 98 lei. Termenul de finalizare: 358 luni.', 'doc_existing_c41_3.txt', 603, NULL, 'text_document', 1775839976);
INSERT INTO documentation_files_to_geofeatures (id, geofeature_id, geofeature_type, documentation_file_id, updated_at) VALUES (4496, 41, 'cave', 1919, 1775839976);
INSERT INTO documentation_files_to_geofeatures (id, geofeature_id, geofeature_type, documentation_file_id, updated_at) VALUES (4497, 186, 'cave_area', 1919, 1775839976);
INSERT INTO documentation_files (id, title, description, file_name, file_size, file_hash, file_type, created_at) VALUES (1920, 'Document Peștera E6 din Piatra Lupului #4', 'Evaluare risc - sectorul 4. Am identificat 417 zone cu risc de prabusire a plafonului. Blocurile instabile au dimensiuni de pana la 324 centimetri. Nivelul apei poate creste cu 326 metri in caz de precipitatii. Distanta de la intrare pana la prima zona de risc: 268 metri. Am instalat 65 indicatoare de avertizare reflectorizante. Evacuarea de urgenta dureaza estimativ 38 minute. Echipamentul de prim ajutor este pozitionat la statia 353. Am testat comunicarea radio in 48 puncte critice. Semnalul radio este pierdut dupa 419 metri de la intrare. Am recomandat echipa minima de 54 persoane pentru acest sector. Casca si lampa frontala trebuie verificate la fiecare 153 ore. Protocoalele de securitate au fost revizuite de 389 ori anul acesta. Ultimul incident a avut loc cu 413 luni in urma. Am efectuat 301 exercitii de evacuare. Planul de urgenta a fost actualizat la versiunea 420.', 'doc_existing_c41_4.txt', 885, NULL, 'text_document', 1775839976);
INSERT INTO documentation_files_to_geofeatures (id, geofeature_id, geofeature_type, documentation_file_id, updated_at) VALUES (4498, 41, 'cave', 1920, 1775839976);
INSERT INTO documentation_files_to_geofeatures (id, geofeature_id, geofeature_type, documentation_file_id, updated_at) VALUES (4499, 2561, 'cave_place', 1920, 1775839976);
INSERT INTO documentation_files (id, title, description, file_name, file_size, file_hash, file_type, created_at) VALUES (1921, 'Document Peștera E6 din Piatra Lupului #5', 'Proces verbal intalnire club - sedinta nr. 491. Au participat 127 membri. Am discutat 46 puncte pe ordinea de zi. S-a aprobat bugetul de 320 lei pentru trimestrul urmator. Am planificat 109 expeditii in urmatoarele luni. S-au inscris 192 membri noi. Am evaluat 477 rapoarte de explorare. S-a votat achizitionarea de echipament in valoare de 184 lei. Urmatoarea sedinta: peste 354 saptamani. Am desemnat 102 responsabili pentru proiecte.', 'doc_existing_c41_5.txt', 436, NULL, 'text_document', 1775839976);
INSERT INTO documentation_files_to_geofeatures (id, geofeature_id, geofeature_type, documentation_file_id, updated_at) VALUES (4500, 41, 'cave', 1921, 1775839976);
INSERT INTO documentation_files (id, title, description, file_name, file_size, file_hash, file_type, created_at) VALUES (1922, 'Document Peștera E6 din Piatra Lupului #6', 'Studiu speleogenetic - sectorul 195. Am analizat 439 probe de calcar sub microscop. Varsta estimata a galeriei: 197 milioane de ani. Am identificat 218 faze de speleogeneza. Nivelul freatic actual este la 214 metri adancime. Am corelat cu 105 alte pesteri din zona. Porozitatea medie a rocii: 420 procente. Am realizat 265 sectiuni subtiri din probe. Studiul va fi publicat in volumul 71 al buletinului. Am colaborat cu 440 geologi specialisti.', 'doc_existing_c41_6.txt', 444, NULL, 'text_document', 1775839976);
INSERT INTO documentation_files_to_geofeatures (id, geofeature_id, geofeature_type, documentation_file_id, updated_at) VALUES (4501, 41, 'cave', 1922, 1775839976);
INSERT INTO documentation_files_to_geofeatures (id, geofeature_id, geofeature_type, documentation_file_id, updated_at) VALUES (4502, 183, 'cave_area', 1922, 1775839976);
INSERT INTO documentation_files_to_geofeatures (id, geofeature_id, geofeature_type, documentation_file_id, updated_at) VALUES (4503, 2542, 'cave_place', 1922, 1775839976);
INSERT INTO documentation_files (id, title, description, file_name, file_size, file_hash, file_type, created_at) VALUES (1923, 'Document Peștera E6 din Piatra Lupului #7', 'Raport climatologic subteran - statia 196. Senzorul a inregistrat 374 cicluri complete de temperatura. Temperatura medie anuala: 372 grade Celsius. Amplitudinea termica maxima: 394 grade. Umiditatea relativa medie: 391 procente. Concentratia de CO2: 58 ppm. Curentul de aer maxim masurat: 400 metri pe secunda. Directia predominanta a curentului: sector 264. Datalogerul a functionat 103 zile fara intrerupere. Am descarcat 396 megabytes de date brute. Presiunea barometrica la intrare: 309 mbar. Evaporarea masurata: 387 milimetri pe luna. Am comparat datele cu 183 statii meteorologice de suprafata. Raportul complet include 280 grafice si tabele. Monitorizarea continua de 463 luni confirma stabilitatea climatica.', 'doc_existing_c41_7.txt', 717, NULL, 'text_document', 1775839976);
INSERT INTO documentation_files_to_geofeatures (id, geofeature_id, geofeature_type, documentation_file_id, updated_at) VALUES (4504, 41, 'cave', 1923, 1775839976);
INSERT INTO documentation_files_to_geofeatures (id, geofeature_id, geofeature_type, documentation_file_id, updated_at) VALUES (4505, 2561, 'cave_place', 1923, 1775839976);
INSERT INTO documentation_files (id, title, description, file_name, file_size, file_hash, file_type, created_at) VALUES (1924, 'Foto Peștera E6 din Piatra Lupului #1', 'Fotografie de pestera pentru arhiva tehnica.', '20250108_051137.jpg', 76321, NULL, 'photo', 1775839976);
INSERT INTO documentation_files_to_geofeatures (id, geofeature_id, geofeature_type, documentation_file_id, updated_at) VALUES (4506, 41, 'cave', 1924, 1775839976);
INSERT INTO documentation_files_to_geofeatures (id, geofeature_id, geofeature_type, documentation_file_id, updated_at) VALUES (4507, 182, 'cave_area', 1924, 1775839976);
INSERT INTO documentation_files_to_geofeatures (id, geofeature_id, geofeature_type, documentation_file_id, updated_at) VALUES (4508, 2557, 'cave_place', 1924, 1775839976);
INSERT INTO documentation_files (id, title, description, file_name, file_size, file_hash, file_type, created_at) VALUES (1925, 'Foto Peștera E6 din Piatra Lupului #2', 'Fotografie de pestera pentru arhiva tehnica.', '20250106_172237.jpg', 100771, NULL, 'photo', 1775839976);
INSERT INTO documentation_files_to_geofeatures (id, geofeature_id, geofeature_type, documentation_file_id, updated_at) VALUES (4509, 41, 'cave', 1925, 1775839976);
INSERT INTO documentation_files_to_geofeatures (id, geofeature_id, geofeature_type, documentation_file_id, updated_at) VALUES (4510, 181, 'cave_area', 1925, 1775839976);
INSERT INTO documentation_files_to_geofeatures (id, geofeature_id, geofeature_type, documentation_file_id, updated_at) VALUES (4511, 2569, 'cave_place', 1925, 1775839976);
INSERT INTO documentation_files (id, title, description, file_name, file_size, file_hash, file_type, created_at) VALUES (1926, 'Document Peștera F1 din Piatra Lupului #1', 'Evidenta resurse hidrologice - punctul 351. Debitul mediu masurat: 448 litri pe secunda. Am efectuat 370 masuratori in perioade diferite. Temperatura apei: 380 grade Celsius, constanta. pH-ul masurat: 159 unitati. Conductivitatea electrica: 10 microsiemensi. Am injectat 318 grame de trasor fluorescent. Trasorul a aparut la izvor dupa 387 ore. Distanta estimata: 379 metri de conducte carstice. Nivelul maxim in sezonul ploios: 245 centimetri peste normal. Am monitorizat 126 izvoare din bazin. Volumul estimat al lacului subteran: 225 metri cubi.', 'doc_existing_c42_1.txt', 548, NULL, 'text_document', 1775839976);
INSERT INTO documentation_files_to_geofeatures (id, geofeature_id, geofeature_type, documentation_file_id, updated_at) VALUES (4512, 42, 'cave', 1926, 1775839976);
INSERT INTO documentation_files_to_geofeatures (id, geofeature_id, geofeature_type, documentation_file_id, updated_at) VALUES (4513, 192, 'cave_area', 1926, 1775839976);
INSERT INTO documentation_files_to_geofeatures (id, geofeature_id, geofeature_type, documentation_file_id, updated_at) VALUES (4514, 2601, 'cave_place', 1926, 1775839976);
INSERT INTO documentation_files (id, title, description, file_name, file_size, file_hash, file_type, created_at) VALUES (1927, 'Document Peștera F1 din Piatra Lupului #2', 'Raport climatologic subteran - statia 467. Senzorul a inregistrat 159 cicluri complete de temperatura. Temperatura medie anuala: 259 grade Celsius. Amplitudinea termica maxima: 453 grade. Umiditatea relativa medie: 23 procente. Concentratia de CO2: 216 ppm. Curentul de aer maxim masurat: 76 metri pe secunda. Directia predominanta a curentului: sector 262. Datalogerul a functionat 379 zile fara intrerupere. Am descarcat 479 megabytes de date brute. Presiunea barometrica la intrare: 36 mbar. Evaporarea masurata: 464 milimetri pe luna. Am comparat datele cu 146 statii meteorologice de suprafata. Raportul complet include 115 grafice si tabele. Monitorizarea continua de 496 luni confirma stabilitatea climatica.', 'doc_existing_c42_2.txt', 715, NULL, 'text_document', 1775839976);
INSERT INTO documentation_files_to_geofeatures (id, geofeature_id, geofeature_type, documentation_file_id, updated_at) VALUES (4515, 42, 'cave', 1927, 1775839976);
INSERT INTO documentation_files_to_geofeatures (id, geofeature_id, geofeature_type, documentation_file_id, updated_at) VALUES (4516, 188, 'cave_area', 1927, 1775839976);
INSERT INTO documentation_files_to_geofeatures (id, geofeature_id, geofeature_type, documentation_file_id, updated_at) VALUES (4517, 2595, 'cave_place', 1927, 1775839976);
INSERT INTO documentation_files (id, title, description, file_name, file_size, file_hash, file_type, created_at) VALUES (1928, 'Document Peștera F1 din Piatra Lupului #3', 'Raport conservare patrimoniu - obiectiv 490. Am evaluat starea a 429 inscriptii istorice. Dintre acestea, 107 necesita interventie urgenta. Am curatat 500 metri patrati de graffiti modern. Am instalat 462 panouri informative la intrare. Bariera de protectie acopera 495 metri liniari. Am documentat 283 urme de vandalism. Raportul a fost transmis autoritatilor locale in 106 exemplare. Am propus clasificarea a 260 formatiuni ca monument natural. Vizitele ghidate sunt limitate la 259 persoane simultan. Am instruit 137 ghizi locali. Costul estimat al lucrarilor: 499 lei. Termenul de finalizare: 150 luni.', 'doc_existing_c42_3.txt', 606, NULL, 'text_document', 1775839976);
INSERT INTO documentation_files_to_geofeatures (id, geofeature_id, geofeature_type, documentation_file_id, updated_at) VALUES (4518, 42, 'cave', 1928, 1775839976);
INSERT INTO documentation_files_to_geofeatures (id, geofeature_id, geofeature_type, documentation_file_id, updated_at) VALUES (4519, 188, 'cave_area', 1928, 1775839976);
INSERT INTO documentation_files_to_geofeatures (id, geofeature_id, geofeature_type, documentation_file_id, updated_at) VALUES (4520, 2589, 'cave_place', 1928, 1775839976);
INSERT INTO documentation_files (id, title, description, file_name, file_size, file_hash, file_type, created_at) VALUES (1929, 'Document Peștera F1 din Piatra Lupului #4', 'Studiu speleogenetic - sectorul 206. Am analizat 197 probe de calcar sub microscop. Varsta estimata a galeriei: 449 milioane de ani. Am identificat 429 faze de speleogeneza. Nivelul freatic actual este la 161 metri adancime. Am corelat cu 230 alte pesteri din zona. Porozitatea medie a rocii: 162 procente. Am realizat 494 sectiuni subtiri din probe. Studiul va fi publicat in volumul 427 al buletinului. Am colaborat cu 141 geologi specialisti.', 'doc_existing_c42_4.txt', 445, NULL, 'text_document', 1775839976);
INSERT INTO documentation_files_to_geofeatures (id, geofeature_id, geofeature_type, documentation_file_id, updated_at) VALUES (4521, 42, 'cave', 1929, 1775839976);
INSERT INTO documentation_files_to_geofeatures (id, geofeature_id, geofeature_type, documentation_file_id, updated_at) VALUES (4522, 2616, 'cave_place', 1929, 1775839976);
INSERT INTO documentation_files (id, title, description, file_name, file_size, file_hash, file_type, created_at) VALUES (1930, 'Document Peștera F1 din Piatra Lupului #5', 'Evidenta resurse hidrologice - punctul 155. Debitul mediu masurat: 117 litri pe secunda. Am efectuat 98 masuratori in perioade diferite. Temperatura apei: 302 grade Celsius, constanta. pH-ul masurat: 428 unitati. Conductivitatea electrica: 333 microsiemensi. Am injectat 399 grame de trasor fluorescent. Trasorul a aparut la izvor dupa 58 ore. Distanta estimata: 387 metri de conducte carstice. Nivelul maxim in sezonul ploios: 48 centimetri peste normal. Am monitorizat 409 izvoare din bazin. Volumul estimat al lacului subteran: 301 metri cubi.', 'doc_existing_c42_5.txt', 546, NULL, 'text_document', 1775839976);
INSERT INTO documentation_files_to_geofeatures (id, geofeature_id, geofeature_type, documentation_file_id, updated_at) VALUES (4523, 42, 'cave', 1930, 1775839976);
INSERT INTO documentation_files_to_geofeatures (id, geofeature_id, geofeature_type, documentation_file_id, updated_at) VALUES (4524, 2595, 'cave_place', 1930, 1775839976);
INSERT INTO documentation_files (id, title, description, file_name, file_size, file_hash, file_type, created_at) VALUES (1931, 'Document Peștera F1 din Piatra Lupului #6', 'Fisa tehnica echipare put - verticala nr. 61. Adancimea: 6 metri. Am instalat 196 spituri din otel inoxidabil. Distanta intre spituri: 320 metri. Lungimea corzii principale: 274 metri. Coarda de siguranta: 237 metri. Am montat 132 protectoare de franghie. Fractionarea se face la 3 metri de buza putului. Deviatia este la 298 metri sub fractionare. Am testat echiparea cu 420 coborari. Ultimul control al spiturilor: acum 294 luni.', 'doc_existing_c42_6.txt', 431, NULL, 'text_document', 1775839976);
INSERT INTO documentation_files_to_geofeatures (id, geofeature_id, geofeature_type, documentation_file_id, updated_at) VALUES (4525, 42, 'cave', 1931, 1775839976);
INSERT INTO documentation_files_to_geofeatures (id, geofeature_id, geofeature_type, documentation_file_id, updated_at) VALUES (4526, 188, 'cave_area', 1931, 1775839976);
INSERT INTO documentation_files_to_geofeatures (id, geofeature_id, geofeature_type, documentation_file_id, updated_at) VALUES (4527, 2589, 'cave_place', 1931, 1775839976);
INSERT INTO documentation_files (id, title, description, file_name, file_size, file_hash, file_type, created_at) VALUES (1932, 'Document Peștera F1 din Piatra Lupului #7', 'Fisa tehnica echipare put - verticala nr. 348. Adancimea: 199 metri. Am instalat 156 spituri din otel inoxidabil. Distanta intre spituri: 500 metri. Lungimea corzii principale: 167 metri. Coarda de siguranta: 493 metri. Am montat 421 protectoare de franghie. Fractionarea se face la 12 metri de buza putului. Deviatia este la 33 metri sub fractionare. Am testat echiparea cu 121 coborari. Ultimul control al spiturilor: acum 228 luni.', 'doc_existing_c42_7.txt', 434, NULL, 'text_document', 1775839976);
INSERT INTO documentation_files_to_geofeatures (id, geofeature_id, geofeature_type, documentation_file_id, updated_at) VALUES (4528, 42, 'cave', 1932, 1775839976);
INSERT INTO documentation_files_to_geofeatures (id, geofeature_id, geofeature_type, documentation_file_id, updated_at) VALUES (4529, 188, 'cave_area', 1932, 1775839976);
INSERT INTO documentation_files_to_geofeatures (id, geofeature_id, geofeature_type, documentation_file_id, updated_at) VALUES (4530, 2589, 'cave_place', 1932, 1775839976);
INSERT INTO documentation_files (id, title, description, file_name, file_size, file_hash, file_type, created_at) VALUES (1933, 'Document Peștera F1 din Piatra Lupului #8', 'Proces verbal intalnire club - sedinta nr. 177. Au participat 124 membri. Am discutat 334 puncte pe ordinea de zi. S-a aprobat bugetul de 111 lei pentru trimestrul urmator. Am planificat 433 expeditii in urmatoarele luni. S-au inscris 51 membri noi. Am evaluat 109 rapoarte de explorare. S-a votat achizitionarea de echipament in valoare de 485 lei. Urmatoarea sedinta: peste 226 saptamani. Am desemnat 96 responsabili pentru proiecte.', 'doc_existing_c42_8.txt', 435, NULL, 'text_document', 1775839976);
INSERT INTO documentation_files_to_geofeatures (id, geofeature_id, geofeature_type, documentation_file_id, updated_at) VALUES (4531, 42, 'cave', 1933, 1775839976);
INSERT INTO documentation_files_to_geofeatures (id, geofeature_id, geofeature_type, documentation_file_id, updated_at) VALUES (4532, 189, 'cave_area', 1933, 1775839976);
INSERT INTO documentation_files (id, title, description, file_name, file_size, file_hash, file_type, created_at) VALUES (1934, 'Document Peștera F1 din Piatra Lupului #9', 'Fisa tehnica echipare put - verticala nr. 348. Adancimea: 494 metri. Am instalat 444 spituri din otel inoxidabil. Distanta intre spituri: 178 metri. Lungimea corzii principale: 438 metri. Coarda de siguranta: 376 metri. Am montat 79 protectoare de franghie. Fractionarea se face la 421 metri de buza putului. Deviatia este la 7 metri sub fractionare. Am testat echiparea cu 354 coborari. Ultimul control al spiturilor: acum 27 luni.', 'doc_existing_c42_9.txt', 432, NULL, 'text_document', 1775839976);
INSERT INTO documentation_files_to_geofeatures (id, geofeature_id, geofeature_type, documentation_file_id, updated_at) VALUES (4533, 42, 'cave', 1934, 1775839976);
INSERT INTO documentation_files (id, title, description, file_name, file_size, file_hash, file_type, created_at) VALUES (1935, 'Document Peștera F1 din Piatra Lupului #10', 'Nota de mentenanta balize - traseul 297. Am verificat 355 balize reflectorizante. Dintre acestea, 266 au fost inlocuite. Am adaugat 354 balize noi in zonele nemarcate. Distanta medie intre balize: 63 metri. Am folosit 306 culori diferite conform codificarii. Vizibilitatea minima a balizelor: 164 metri cu lampa frontala. Am eliminat 295 marcaje vechi si confuze. Traseul total balizat: 316 metri. Urmatoarea verificare: peste 373 luni. Materialul consumat: 287 benzi reflectorizante.', 'doc_existing_c42_10.txt', 484, NULL, 'text_document', 1775839976);
INSERT INTO documentation_files_to_geofeatures (id, geofeature_id, geofeature_type, documentation_file_id, updated_at) VALUES (4534, 42, 'cave', 1935, 1775839976);
INSERT INTO documentation_files_to_geofeatures (id, geofeature_id, geofeature_type, documentation_file_id, updated_at) VALUES (4535, 2604, 'cave_place', 1935, 1775839976);
INSERT INTO documentation_files (id, title, description, file_name, file_size, file_hash, file_type, created_at) VALUES (1936, 'Document Peștera F1 din Piatra Lupului #11', 'Raport geologic - profil 23. Stratele de calcar apartin etajului 208. Grosimea medie a stratelor este de 87 centimetri. Fisurile tectonice au un azimut predominant de 155 grade. Am recoltat 357 probe de roca pentru datarea izotopica. Continutul de CaCO3 depaseste 234 procente. Concretii de aragonita au fost gasite la cota 485. Varsta estimata a speleothemelor: 156 mii de ani. Depozitele clastice au o grosime de 381 centimetri. Am identificat 343 tipuri diferite de sedimente. Nivelul paleoclappei fosile este la cota 134 metri. Analiza XRD confirma 425 faze minerale distincte. Sectorul analizat are o lungime de 153 metri. Am realizat 391 profile transversale ale galeriei. Cutele vizibile au amplitudini de 400 centimetri.', 'doc_existing_c42_11.txt', 728, NULL, 'text_document', 1775839976);
INSERT INTO documentation_files_to_geofeatures (id, geofeature_id, geofeature_type, documentation_file_id, updated_at) VALUES (4536, 42, 'cave', 1936, 1775839976);
INSERT INTO documentation_files_to_geofeatures (id, geofeature_id, geofeature_type, documentation_file_id, updated_at) VALUES (4537, 193, 'cave_area', 1936, 1775839976);
INSERT INTO documentation_files_to_geofeatures (id, geofeature_id, geofeature_type, documentation_file_id, updated_at) VALUES (4538, 2616, 'cave_place', 1936, 1775839976);
INSERT INTO documentation_files (id, title, description, file_name, file_size, file_hash, file_type, created_at) VALUES (1937, 'Document Peștera F1 din Piatra Lupului #12', 'Studiu speleogenetic - sectorul 416. Am analizat 292 probe de calcar sub microscop. Varsta estimata a galeriei: 232 milioane de ani. Am identificat 109 faze de speleogeneza. Nivelul freatic actual este la 196 metri adancime. Am corelat cu 55 alte pesteri din zona. Porozitatea medie a rocii: 275 procente. Am realizat 263 sectiuni subtiri din probe. Studiul va fi publicat in volumul 420 al buletinului. Am colaborat cu 405 geologi specialisti.', 'doc_existing_c42_12.txt', 444, NULL, 'text_document', 1775839976);
INSERT INTO documentation_files_to_geofeatures (id, geofeature_id, geofeature_type, documentation_file_id, updated_at) VALUES (4539, 42, 'cave', 1937, 1775839976);
INSERT INTO documentation_files_to_geofeatures (id, geofeature_id, geofeature_type, documentation_file_id, updated_at) VALUES (4540, 189, 'cave_area', 1937, 1775839976);
INSERT INTO documentation_files_to_geofeatures (id, geofeature_id, geofeature_type, documentation_file_id, updated_at) VALUES (4541, 2578, 'cave_place', 1937, 1775839976);
INSERT INTO documentation_files (id, title, description, file_name, file_size, file_hash, file_type, created_at) VALUES (1938, 'Document Peștera F1 din Piatra Lupului #13', 'Studiu speleogenetic - sectorul 75. Am analizat 404 probe de calcar sub microscop. Varsta estimata a galeriei: 133 milioane de ani. Am identificat 96 faze de speleogeneza. Nivelul freatic actual este la 459 metri adancime. Am corelat cu 232 alte pesteri din zona. Porozitatea medie a rocii: 274 procente. Am realizat 439 sectiuni subtiri din probe. Studiul va fi publicat in volumul 496 al buletinului. Am colaborat cu 371 geologi specialisti.', 'doc_existing_c42_13.txt', 443, NULL, 'text_document', 1775839976);
INSERT INTO documentation_files_to_geofeatures (id, geofeature_id, geofeature_type, documentation_file_id, updated_at) VALUES (4542, 42, 'cave', 1938, 1775839976);
INSERT INTO documentation_files_to_geofeatures (id, geofeature_id, geofeature_type, documentation_file_id, updated_at) VALUES (4543, 192, 'cave_area', 1938, 1775839976);
INSERT INTO documentation_files (id, title, description, file_name, file_size, file_hash, file_type, created_at) VALUES (1939, 'Document Peștera F1 din Piatra Lupului #14', 'Raport conservare patrimoniu - obiectiv 326. Am evaluat starea a 306 inscriptii istorice. Dintre acestea, 480 necesita interventie urgenta. Am curatat 481 metri patrati de graffiti modern. Am instalat 111 panouri informative la intrare. Bariera de protectie acopera 308 metri liniari. Am documentat 194 urme de vandalism. Raportul a fost transmis autoritatilor locale in 312 exemplare. Am propus clasificarea a 81 formatiuni ca monument natural. Vizitele ghidate sunt limitate la 474 persoane simultan. Am instruit 431 ghizi locali. Costul estimat al lucrarilor: 191 lei. Termenul de finalizare: 329 luni.', 'doc_existing_c42_14.txt', 605, NULL, 'text_document', 1775839976);
INSERT INTO documentation_files_to_geofeatures (id, geofeature_id, geofeature_type, documentation_file_id, updated_at) VALUES (4544, 42, 'cave', 1939, 1775839976);
INSERT INTO documentation_files_to_geofeatures (id, geofeature_id, geofeature_type, documentation_file_id, updated_at) VALUES (4545, 194, 'cave_area', 1939, 1775839976);
INSERT INTO documentation_files_to_geofeatures (id, geofeature_id, geofeature_type, documentation_file_id, updated_at) VALUES (4546, 2585, 'cave_place', 1939, 1775839976);
INSERT INTO documentation_files (id, title, description, file_name, file_size, file_hash, file_type, created_at) VALUES (1940, 'Foto Peștera F1 din Piatra Lupului #1', 'Fotografie de pestera pentru arhiva tehnica.', '20250105_171938.jpg', 83405, NULL, 'photo', 1775839976);
INSERT INTO documentation_files_to_geofeatures (id, geofeature_id, geofeature_type, documentation_file_id, updated_at) VALUES (4547, 42, 'cave', 1940, 1775839976);
INSERT INTO documentation_files_to_geofeatures (id, geofeature_id, geofeature_type, documentation_file_id, updated_at) VALUES (4548, 2573, 'cave_place', 1940, 1775839976);
INSERT INTO documentation_files (id, title, description, file_name, file_size, file_hash, file_type, created_at) VALUES (1941, 'Foto Peștera F1 din Piatra Lupului #2', 'Fotografie de pestera pentru arhiva tehnica.', '20250108_014825.jpg', 80783, NULL, 'photo', 1775839976);
INSERT INTO documentation_files_to_geofeatures (id, geofeature_id, geofeature_type, documentation_file_id, updated_at) VALUES (4549, 42, 'cave', 1941, 1775839976);
INSERT INTO documentation_files_to_geofeatures (id, geofeature_id, geofeature_type, documentation_file_id, updated_at) VALUES (4550, 2588, 'cave_place', 1941, 1775839976);
INSERT INTO documentation_files (id, title, description, file_name, file_size, file_hash, file_type, created_at) VALUES (1942, 'Foto Peștera F1 din Piatra Lupului #3', 'Fotografie de pestera pentru arhiva tehnica.', '20250105_112245.jpg', 24061, NULL, 'photo', 1775839976);
INSERT INTO documentation_files_to_geofeatures (id, geofeature_id, geofeature_type, documentation_file_id, updated_at) VALUES (4551, 42, 'cave', 1942, 1775839976);
INSERT INTO documentation_files_to_geofeatures (id, geofeature_id, geofeature_type, documentation_file_id, updated_at) VALUES (4552, 188, 'cave_area', 1942, 1775839976);
INSERT INTO documentation_files (id, title, description, file_name, file_size, file_hash, file_type, created_at) VALUES (1943, 'Document Peștera F2 din Piatra Lupului #1', 'Studiu speleogenetic - sectorul 242. Am analizat 384 probe de calcar sub microscop. Varsta estimata a galeriei: 97 milioane de ani. Am identificat 112 faze de speleogeneza. Nivelul freatic actual este la 72 metri adancime. Am corelat cu 116 alte pesteri din zona. Porozitatea medie a rocii: 455 procente. Am realizat 361 sectiuni subtiri din probe. Studiul va fi publicat in volumul 215 al buletinului. Am colaborat cu 307 geologi specialisti.', 'doc_existing_c43_1.txt', 443, NULL, 'text_document', 1775839976);
INSERT INTO documentation_files_to_geofeatures (id, geofeature_id, geofeature_type, documentation_file_id, updated_at) VALUES (4553, 43, 'cave', 1943, 1775839976);
INSERT INTO documentation_files_to_geofeatures (id, geofeature_id, geofeature_type, documentation_file_id, updated_at) VALUES (4554, 197, 'cave_area', 1943, 1775839976);
INSERT INTO documentation_files (id, title, description, file_name, file_size, file_hash, file_type, created_at) VALUES (1944, 'Document Peștera F2 din Piatra Lupului #2', 'Studiu speleogenetic - sectorul 306. Am analizat 208 probe de calcar sub microscop. Varsta estimata a galeriei: 163 milioane de ani. Am identificat 264 faze de speleogeneza. Nivelul freatic actual este la 9 metri adancime. Am corelat cu 425 alte pesteri din zona. Porozitatea medie a rocii: 276 procente. Am realizat 360 sectiuni subtiri din probe. Studiul va fi publicat in volumul 132 al buletinului. Am colaborat cu 255 geologi specialisti.', 'doc_existing_c43_2.txt', 443, NULL, 'text_document', 1775839976);
INSERT INTO documentation_files_to_geofeatures (id, geofeature_id, geofeature_type, documentation_file_id, updated_at) VALUES (4555, 43, 'cave', 1944, 1775839976);
INSERT INTO documentation_files_to_geofeatures (id, geofeature_id, geofeature_type, documentation_file_id, updated_at) VALUES (4556, 2677, 'cave_place', 1944, 1775839976);
INSERT INTO documentation_files (id, title, description, file_name, file_size, file_hash, file_type, created_at) VALUES (1945, 'Document Peștera F2 din Piatra Lupului #3', 'Raport geologic - profil 3. Stratele de calcar apartin etajului 142. Grosimea medie a stratelor este de 437 centimetri. Fisurile tectonice au un azimut predominant de 342 grade. Am recoltat 469 probe de roca pentru datarea izotopica. Continutul de CaCO3 depaseste 399 procente. Concretii de aragonita au fost gasite la cota 402. Varsta estimata a speleothemelor: 210 mii de ani. Depozitele clastice au o grosime de 344 centimetri. Am identificat 32 tipuri diferite de sedimente. Nivelul paleoclappei fosile este la cota 109 metri. Analiza XRD confirma 171 faze minerale distincte. Sectorul analizat are o lungime de 434 metri. Am realizat 230 profile transversale ale galeriei. Cutele vizibile au amplitudini de 158 centimetri.', 'doc_existing_c43_3.txt', 727, NULL, 'text_document', 1775839976);
INSERT INTO documentation_files_to_geofeatures (id, geofeature_id, geofeature_type, documentation_file_id, updated_at) VALUES (4557, 43, 'cave', 1945, 1775839976);
INSERT INTO documentation_files_to_geofeatures (id, geofeature_id, geofeature_type, documentation_file_id, updated_at) VALUES (4558, 195, 'cave_area', 1945, 1775839976);
INSERT INTO documentation_files (id, title, description, file_name, file_size, file_hash, file_type, created_at) VALUES (1946, 'Document Peștera F2 din Piatra Lupului #4', 'Studiu speleogenetic - sectorul 228. Am analizat 205 probe de calcar sub microscop. Varsta estimata a galeriei: 337 milioane de ani. Am identificat 156 faze de speleogeneza. Nivelul freatic actual este la 451 metri adancime. Am corelat cu 30 alte pesteri din zona. Porozitatea medie a rocii: 53 procente. Am realizat 123 sectiuni subtiri din probe. Studiul va fi publicat in volumul 161 al buletinului. Am colaborat cu 418 geologi specialisti.', 'doc_existing_c43_4.txt', 443, NULL, 'text_document', 1775839976);
INSERT INTO documentation_files_to_geofeatures (id, geofeature_id, geofeature_type, documentation_file_id, updated_at) VALUES (4559, 43, 'cave', 1946, 1775839976);
INSERT INTO documentation_files_to_geofeatures (id, geofeature_id, geofeature_type, documentation_file_id, updated_at) VALUES (4560, 196, 'cave_area', 1946, 1775839976);
INSERT INTO documentation_files_to_geofeatures (id, geofeature_id, geofeature_type, documentation_file_id, updated_at) VALUES (4561, 2622, 'cave_place', 1946, 1775839976);
INSERT INTO documentation_files (id, title, description, file_name, file_size, file_hash, file_type, created_at) VALUES (1947, 'Document Peștera F2 din Piatra Lupului #5', 'Nota de mentenanta balize - traseul 373. Am verificat 354 balize reflectorizante. Dintre acestea, 9 au fost inlocuite. Am adaugat 207 balize noi in zonele nemarcate. Distanta medie intre balize: 81 metri. Am folosit 45 culori diferite conform codificarii. Vizibilitatea minima a balizelor: 254 metri cu lampa frontala. Am eliminat 498 marcaje vechi si confuze. Traseul total balizat: 166 metri. Urmatoarea verificare: peste 76 luni. Materialul consumat: 476 benzi reflectorizante.', 'doc_existing_c43_5.txt', 480, NULL, 'text_document', 1775839976);
INSERT INTO documentation_files_to_geofeatures (id, geofeature_id, geofeature_type, documentation_file_id, updated_at) VALUES (4562, 43, 'cave', 1947, 1775839976);
INSERT INTO documentation_files_to_geofeatures (id, geofeature_id, geofeature_type, documentation_file_id, updated_at) VALUES (4563, 197, 'cave_area', 1947, 1775839976);
INSERT INTO documentation_files_to_geofeatures (id, geofeature_id, geofeature_type, documentation_file_id, updated_at) VALUES (4564, 2639, 'cave_place', 1947, 1775839976);
INSERT INTO documentation_files (id, title, description, file_name, file_size, file_hash, file_type, created_at) VALUES (1948, 'Document Peștera F2 din Piatra Lupului #6', 'Raport climatologic subteran - statia 271. Senzorul a inregistrat 132 cicluri complete de temperatura. Temperatura medie anuala: 342 grade Celsius. Amplitudinea termica maxima: 318 grade. Umiditatea relativa medie: 207 procente. Concentratia de CO2: 138 ppm. Curentul de aer maxim masurat: 376 metri pe secunda. Directia predominanta a curentului: sector 265. Datalogerul a functionat 133 zile fara intrerupere. Am descarcat 49 megabytes de date brute. Presiunea barometrica la intrare: 383 mbar. Evaporarea masurata: 259 milimetri pe luna. Am comparat datele cu 256 statii meteorologice de suprafata. Raportul complet include 19 grafice si tabele. Monitorizarea continua de 314 luni confirma stabilitatea climatica.', 'doc_existing_c43_6.txt', 716, NULL, 'text_document', 1775839976);
INSERT INTO documentation_files_to_geofeatures (id, geofeature_id, geofeature_type, documentation_file_id, updated_at) VALUES (4565, 43, 'cave', 1948, 1775839976);
INSERT INTO documentation_files_to_geofeatures (id, geofeature_id, geofeature_type, documentation_file_id, updated_at) VALUES (4566, 2640, 'cave_place', 1948, 1775839976);
INSERT INTO documentation_files (id, title, description, file_name, file_size, file_hash, file_type, created_at) VALUES (1949, 'Document Peștera F2 din Piatra Lupului #7', 'Evidenta resurse hidrologice - punctul 53. Debitul mediu masurat: 19 litri pe secunda. Am efectuat 331 masuratori in perioade diferite. Temperatura apei: 94 grade Celsius, constanta. pH-ul masurat: 88 unitati. Conductivitatea electrica: 359 microsiemensi. Am injectat 156 grame de trasor fluorescent. Trasorul a aparut la izvor dupa 213 ore. Distanta estimata: 330 metri de conducte carstice. Nivelul maxim in sezonul ploios: 431 centimetri peste normal. Am monitorizat 446 izvoare din bazin. Volumul estimat al lacului subteran: 138 metri cubi.', 'doc_existing_c43_7.txt', 545, NULL, 'text_document', 1775839976);
INSERT INTO documentation_files_to_geofeatures (id, geofeature_id, geofeature_type, documentation_file_id, updated_at) VALUES (4567, 43, 'cave', 1949, 1775839976);
INSERT INTO documentation_files_to_geofeatures (id, geofeature_id, geofeature_type, documentation_file_id, updated_at) VALUES (4568, 195, 'cave_area', 1949, 1775839976);
INSERT INTO documentation_files (id, title, description, file_name, file_size, file_hash, file_type, created_at) VALUES (1950, 'Foto Peștera F2 din Piatra Lupului #1', 'Fotografie de pestera pentru arhiva tehnica.', '20250108_051137.jpg', 76321, NULL, 'photo', 1775839976);
INSERT INTO documentation_files_to_geofeatures (id, geofeature_id, geofeature_type, documentation_file_id, updated_at) VALUES (4569, 43, 'cave', 1950, 1775839976);
INSERT INTO documentation_files_to_geofeatures (id, geofeature_id, geofeature_type, documentation_file_id, updated_at) VALUES (4570, 196, 'cave_area', 1950, 1775839976);
INSERT INTO documentation_files_to_geofeatures (id, geofeature_id, geofeature_type, documentation_file_id, updated_at) VALUES (4571, 2641, 'cave_place', 1950, 1775839976);
INSERT INTO documentation_files (id, title, description, file_name, file_size, file_hash, file_type, created_at) VALUES (1951, 'Foto Peștera F2 din Piatra Lupului #2', 'Fotografie de pestera pentru arhiva tehnica.', '20250105_171938.jpg', 83405, NULL, 'photo', 1775839976);
INSERT INTO documentation_files_to_geofeatures (id, geofeature_id, geofeature_type, documentation_file_id, updated_at) VALUES (4572, 43, 'cave', 1951, 1775839976);
INSERT INTO documentation_files_to_geofeatures (id, geofeature_id, geofeature_type, documentation_file_id, updated_at) VALUES (4573, 195, 'cave_area', 1951, 1775839976);
INSERT INTO documentation_files_to_geofeatures (id, geofeature_id, geofeature_type, documentation_file_id, updated_at) VALUES (4574, 2618, 'cave_place', 1951, 1775839976);
INSERT INTO documentation_files (id, title, description, file_name, file_size, file_hash, file_type, created_at) VALUES (1952, 'Foto Peștera F2 din Piatra Lupului #3', 'Fotografie de pestera pentru arhiva tehnica.', '20250109_010113.jpg', 100347, NULL, 'photo', 1775839976);
INSERT INTO documentation_files_to_geofeatures (id, geofeature_id, geofeature_type, documentation_file_id, updated_at) VALUES (4575, 43, 'cave', 1952, 1775839976);
INSERT INTO documentation_files_to_geofeatures (id, geofeature_id, geofeature_type, documentation_file_id, updated_at) VALUES (4576, 196, 'cave_area', 1952, 1775839976);
INSERT INTO documentation_files_to_geofeatures (id, geofeature_id, geofeature_type, documentation_file_id, updated_at) VALUES (4577, 2624, 'cave_place', 1952, 1775839976);
INSERT INTO documentation_files (id, title, description, file_name, file_size, file_hash, file_type, created_at) VALUES (1953, 'Foto Peștera F2 din Piatra Lupului #4', 'Fotografie de pestera pentru arhiva tehnica.', '20250106_213733.jpg', 76066, NULL, 'photo', 1775839976);
INSERT INTO documentation_files_to_geofeatures (id, geofeature_id, geofeature_type, documentation_file_id, updated_at) VALUES (4578, 43, 'cave', 1953, 1775839976);
INSERT INTO documentation_files_to_geofeatures (id, geofeature_id, geofeature_type, documentation_file_id, updated_at) VALUES (4579, 2658, 'cave_place', 1953, 1775839976);
INSERT INTO documentation_files (id, title, description, file_name, file_size, file_hash, file_type, created_at) VALUES (1954, 'Foto Peștera F2 din Piatra Lupului #5', 'Fotografie de pestera pentru arhiva tehnica.', '20250108_015331.jpg', 90733, NULL, 'photo', 1775839976);
INSERT INTO documentation_files_to_geofeatures (id, geofeature_id, geofeature_type, documentation_file_id, updated_at) VALUES (4580, 43, 'cave', 1954, 1775839976);
INSERT INTO documentation_files_to_geofeatures (id, geofeature_id, geofeature_type, documentation_file_id, updated_at) VALUES (4581, 196, 'cave_area', 1954, 1775839976);
INSERT INTO documentation_files_to_geofeatures (id, geofeature_id, geofeature_type, documentation_file_id, updated_at) VALUES (4582, 2642, 'cave_place', 1954, 1775839976);
INSERT INTO documentation_files (id, title, description, file_name, file_size, file_hash, file_type, created_at) VALUES (1955, 'Foto Peștera F2 din Piatra Lupului #6', 'Fotografie de pestera pentru arhiva tehnica.', '20250105_165436.jpg', 73847, NULL, 'photo', 1775839976);
INSERT INTO documentation_files_to_geofeatures (id, geofeature_id, geofeature_type, documentation_file_id, updated_at) VALUES (4583, 43, 'cave', 1955, 1775839976);
INSERT INTO documentation_files_to_geofeatures (id, geofeature_id, geofeature_type, documentation_file_id, updated_at) VALUES (4584, 197, 'cave_area', 1955, 1775839976);
INSERT INTO documentation_files (id, title, description, file_name, file_size, file_hash, file_type, created_at) VALUES (1956, 'Document Peștera F3 din Piatra Lupului #1', 'Fisa tehnica echipare put - verticala nr. 374. Adancimea: 232 metri. Am instalat 28 spituri din otel inoxidabil. Distanta intre spituri: 155 metri. Lungimea corzii principale: 7 metri. Coarda de siguranta: 443 metri. Am montat 213 protectoare de franghie. Fractionarea se face la 339 metri de buza putului. Deviatia este la 78 metri sub fractionare. Am testat echiparea cu 10 coborari. Ultimul control al spiturilor: acum 104 luni.', 'doc_existing_c44_1.txt', 431, NULL, 'text_document', 1775839976);
INSERT INTO documentation_files_to_geofeatures (id, geofeature_id, geofeature_type, documentation_file_id, updated_at) VALUES (4585, 44, 'cave', 1956, 1775839976);
INSERT INTO documentation_files_to_geofeatures (id, geofeature_id, geofeature_type, documentation_file_id, updated_at) VALUES (4586, 199, 'cave_area', 1956, 1775839976);
INSERT INTO documentation_files (id, title, description, file_name, file_size, file_hash, file_type, created_at) VALUES (1957, 'Document Peștera F3 din Piatra Lupului #2', 'Raport conservare patrimoniu - obiectiv 311. Am evaluat starea a 346 inscriptii istorice. Dintre acestea, 120 necesita interventie urgenta. Am curatat 158 metri patrati de graffiti modern. Am instalat 403 panouri informative la intrare. Bariera de protectie acopera 457 metri liniari. Am documentat 175 urme de vandalism. Raportul a fost transmis autoritatilor locale in 370 exemplare. Am propus clasificarea a 378 formatiuni ca monument natural. Vizitele ghidate sunt limitate la 152 persoane simultan. Am instruit 287 ghizi locali. Costul estimat al lucrarilor: 457 lei. Termenul de finalizare: 425 luni.', 'doc_existing_c44_2.txt', 606, NULL, 'text_document', 1775839976);
INSERT INTO documentation_files_to_geofeatures (id, geofeature_id, geofeature_type, documentation_file_id, updated_at) VALUES (4587, 44, 'cave', 1957, 1775839976);
INSERT INTO documentation_files_to_geofeatures (id, geofeature_id, geofeature_type, documentation_file_id, updated_at) VALUES (4588, 200, 'cave_area', 1957, 1775839976);
INSERT INTO documentation_files_to_geofeatures (id, geofeature_id, geofeature_type, documentation_file_id, updated_at) VALUES (4589, 2737, 'cave_place', 1957, 1775839976);
INSERT INTO documentation_files (id, title, description, file_name, file_size, file_hash, file_type, created_at) VALUES (1958, 'Document Peștera F3 din Piatra Lupului #3', 'Nota de mentenanta balize - traseul 132. Am verificat 445 balize reflectorizante. Dintre acestea, 20 au fost inlocuite. Am adaugat 68 balize noi in zonele nemarcate. Distanta medie intre balize: 24 metri. Am folosit 365 culori diferite conform codificarii. Vizibilitatea minima a balizelor: 226 metri cu lampa frontala. Am eliminat 258 marcaje vechi si confuze. Traseul total balizat: 299 metri. Urmatoarea verificare: peste 99 luni. Materialul consumat: 148 benzi reflectorizante.', 'doc_existing_c44_3.txt', 481, NULL, 'text_document', 1775839976);
INSERT INTO documentation_files_to_geofeatures (id, geofeature_id, geofeature_type, documentation_file_id, updated_at) VALUES (4590, 44, 'cave', 1958, 1775839976);
INSERT INTO documentation_files_to_geofeatures (id, geofeature_id, geofeature_type, documentation_file_id, updated_at) VALUES (4591, 201, 'cave_area', 1958, 1775839976);
INSERT INTO documentation_files (id, title, description, file_name, file_size, file_hash, file_type, created_at) VALUES (1959, 'Foto Peștera F3 din Piatra Lupului #1', 'Fotografie de pestera pentru arhiva tehnica.', '20250108_014825.jpg', 80783, NULL, 'photo', 1775839976);
INSERT INTO documentation_files_to_geofeatures (id, geofeature_id, geofeature_type, documentation_file_id, updated_at) VALUES (4592, 44, 'cave', 1959, 1775839976);
INSERT INTO documentation_files (id, title, description, file_name, file_size, file_hash, file_type, created_at) VALUES (1960, 'Foto Peștera F3 din Piatra Lupului #2', 'Fotografie de pestera pentru arhiva tehnica.', '20250105_153139.jpg', 53561, NULL, 'photo', 1775839976);
INSERT INTO documentation_files_to_geofeatures (id, geofeature_id, geofeature_type, documentation_file_id, updated_at) VALUES (4593, 44, 'cave', 1960, 1775839976);
INSERT INTO documentation_files_to_geofeatures (id, geofeature_id, geofeature_type, documentation_file_id, updated_at) VALUES (4594, 2690, 'cave_place', 1960, 1775839976);
INSERT INTO documentation_files (id, title, description, file_name, file_size, file_hash, file_type, created_at) VALUES (1961, 'Foto Peștera F3 din Piatra Lupului #3', 'Fotografie de pestera pentru arhiva tehnica.', '20250105_120229.jpg', 85744, NULL, 'photo', 1775839976);
INSERT INTO documentation_files_to_geofeatures (id, geofeature_id, geofeature_type, documentation_file_id, updated_at) VALUES (4595, 44, 'cave', 1961, 1775839976);
INSERT INTO documentation_files_to_geofeatures (id, geofeature_id, geofeature_type, documentation_file_id, updated_at) VALUES (4596, 198, 'cave_area', 1961, 1775839976);
INSERT INTO documentation_files_to_geofeatures (id, geofeature_id, geofeature_type, documentation_file_id, updated_at) VALUES (4597, 2733, 'cave_place', 1961, 1775839976);
INSERT INTO documentation_files (id, title, description, file_name, file_size, file_hash, file_type, created_at) VALUES (1962, 'Foto Peștera F3 din Piatra Lupului #4', 'Fotografie de pestera pentru arhiva tehnica.', '20250108_014825.jpg', 80783, NULL, 'photo', 1775839976);
INSERT INTO documentation_files_to_geofeatures (id, geofeature_id, geofeature_type, documentation_file_id, updated_at) VALUES (4598, 44, 'cave', 1962, 1775839976);
INSERT INTO documentation_files_to_geofeatures (id, geofeature_id, geofeature_type, documentation_file_id, updated_at) VALUES (4599, 198, 'cave_area', 1962, 1775839976);
INSERT INTO documentation_files_to_geofeatures (id, geofeature_id, geofeature_type, documentation_file_id, updated_at) VALUES (4600, 2708, 'cave_place', 1962, 1775839976);
INSERT INTO documentation_files (id, title, description, file_name, file_size, file_hash, file_type, created_at) VALUES (1963, 'Document Peștera F4 din Piatra Lupului #1', 'Raport conservare patrimoniu - obiectiv 355. Am evaluat starea a 218 inscriptii istorice. Dintre acestea, 380 necesita interventie urgenta. Am curatat 4 metri patrati de graffiti modern. Am instalat 462 panouri informative la intrare. Bariera de protectie acopera 369 metri liniari. Am documentat 227 urme de vandalism. Raportul a fost transmis autoritatilor locale in 69 exemplare. Am propus clasificarea a 214 formatiuni ca monument natural. Vizitele ghidate sunt limitate la 337 persoane simultan. Am instruit 220 ghizi locali. Costul estimat al lucrarilor: 483 lei. Termenul de finalizare: 388 luni.', 'doc_existing_c45_1.txt', 603, NULL, 'text_document', 1775839977);
INSERT INTO documentation_files_to_geofeatures (id, geofeature_id, geofeature_type, documentation_file_id, updated_at) VALUES (4601, 45, 'cave', 1963, 1775839977);
INSERT INTO documentation_files_to_geofeatures (id, geofeature_id, geofeature_type, documentation_file_id, updated_at) VALUES (4602, 205, 'cave_area', 1963, 1775839977);
INSERT INTO documentation_files (id, title, description, file_name, file_size, file_hash, file_type, created_at) VALUES (1964, 'Document Peștera F4 din Piatra Lupului #2', 'Fisa tehnica echipare put - verticala nr. 111. Adancimea: 465 metri. Am instalat 416 spituri din otel inoxidabil. Distanta intre spituri: 54 metri. Lungimea corzii principale: 337 metri. Coarda de siguranta: 200 metri. Am montat 402 protectoare de franghie. Fractionarea se face la 236 metri de buza putului. Deviatia este la 16 metri sub fractionare. Am testat echiparea cu 500 coborari. Ultimul control al spiturilor: acum 487 luni.', 'doc_existing_c45_2.txt', 434, NULL, 'text_document', 1775839977);
INSERT INTO documentation_files_to_geofeatures (id, geofeature_id, geofeature_type, documentation_file_id, updated_at) VALUES (4603, 45, 'cave', 1964, 1775839977);
INSERT INTO documentation_files_to_geofeatures (id, geofeature_id, geofeature_type, documentation_file_id, updated_at) VALUES (4604, 2764, 'cave_place', 1964, 1775839977);
INSERT INTO documentation_files (id, title, description, file_name, file_size, file_hash, file_type, created_at) VALUES (1965, 'Document Peștera F4 din Piatra Lupului #3', 'Nota de mentenanta balize - traseul 400. Am verificat 53 balize reflectorizante. Dintre acestea, 210 au fost inlocuite. Am adaugat 174 balize noi in zonele nemarcate. Distanta medie intre balize: 101 metri. Am folosit 214 culori diferite conform codificarii. Vizibilitatea minima a balizelor: 386 metri cu lampa frontala. Am eliminat 95 marcaje vechi si confuze. Traseul total balizat: 236 metri. Urmatoarea verificare: peste 88 luni. Materialul consumat: 426 benzi reflectorizante.', 'doc_existing_c45_3.txt', 482, NULL, 'text_document', 1775839977);
INSERT INTO documentation_files_to_geofeatures (id, geofeature_id, geofeature_type, documentation_file_id, updated_at) VALUES (4605, 45, 'cave', 1965, 1775839977);
INSERT INTO documentation_files_to_geofeatures (id, geofeature_id, geofeature_type, documentation_file_id, updated_at) VALUES (4606, 206, 'cave_area', 1965, 1775839977);
INSERT INTO documentation_files_to_geofeatures (id, geofeature_id, geofeature_type, documentation_file_id, updated_at) VALUES (4607, 2805, 'cave_place', 1965, 1775839977);
INSERT INTO documentation_files (id, title, description, file_name, file_size, file_hash, file_type, created_at) VALUES (1966, 'Document Peștera F4 din Piatra Lupului #4', 'Evaluare risc - sectorul 123. Am identificat 392 zone cu risc de prabusire a plafonului. Blocurile instabile au dimensiuni de pana la 150 centimetri. Nivelul apei poate creste cu 91 metri in caz de precipitatii. Distanta de la intrare pana la prima zona de risc: 212 metri. Am instalat 6 indicatoare de avertizare reflectorizante. Evacuarea de urgenta dureaza estimativ 276 minute. Echipamentul de prim ajutor este pozitionat la statia 247. Am testat comunicarea radio in 177 puncte critice. Semnalul radio este pierdut dupa 262 metri de la intrare. Am recomandat echipa minima de 477 persoane pentru acest sector. Casca si lampa frontala trebuie verificate la fiecare 295 ore. Protocoalele de securitate au fost revizuite de 130 ori anul acesta. Ultimul incident a avut loc cu 100 luni in urma. Am efectuat 255 exercitii de evacuare. Planul de urgenta a fost actualizat la versiunea 407.', 'doc_existing_c45_4.txt', 888, NULL, 'text_document', 1775839977);
INSERT INTO documentation_files_to_geofeatures (id, geofeature_id, geofeature_type, documentation_file_id, updated_at) VALUES (4608, 45, 'cave', 1966, 1775839977);
INSERT INTO documentation_files (id, title, description, file_name, file_size, file_hash, file_type, created_at) VALUES (1967, 'Document Peștera F4 din Piatra Lupului #5', 'Evidenta resurse hidrologice - punctul 413. Debitul mediu masurat: 78 litri pe secunda. Am efectuat 312 masuratori in perioade diferite. Temperatura apei: 25 grade Celsius, constanta. pH-ul masurat: 273 unitati. Conductivitatea electrica: 393 microsiemensi. Am injectat 294 grame de trasor fluorescent. Trasorul a aparut la izvor dupa 198 ore. Distanta estimata: 249 metri de conducte carstice. Nivelul maxim in sezonul ploios: 368 centimetri peste normal. Am monitorizat 395 izvoare din bazin. Volumul estimat al lacului subteran: 103 metri cubi.', 'doc_existing_c45_5.txt', 547, NULL, 'text_document', 1775839977);
INSERT INTO documentation_files_to_geofeatures (id, geofeature_id, geofeature_type, documentation_file_id, updated_at) VALUES (4609, 45, 'cave', 1967, 1775839977);
INSERT INTO documentation_files_to_geofeatures (id, geofeature_id, geofeature_type, documentation_file_id, updated_at) VALUES (4610, 202, 'cave_area', 1967, 1775839977);
INSERT INTO documentation_files_to_geofeatures (id, geofeature_id, geofeature_type, documentation_file_id, updated_at) VALUES (4611, 2810, 'cave_place', 1967, 1775839977);
INSERT INTO documentation_files (id, title, description, file_name, file_size, file_hash, file_type, created_at) VALUES (1968, 'Document Peștera F4 din Piatra Lupului #6', 'Fisa tehnica echipare put - verticala nr. 1. Adancimea: 390 metri. Am instalat 244 spituri din otel inoxidabil. Distanta intre spituri: 258 metri. Lungimea corzii principale: 83 metri. Coarda de siguranta: 402 metri. Am montat 458 protectoare de franghie. Fractionarea se face la 137 metri de buza putului. Deviatia este la 220 metri sub fractionare. Am testat echiparea cu 412 coborari. Ultimul control al spiturilor: acum 248 luni.', 'doc_existing_c45_6.txt', 433, NULL, 'text_document', 1775839977);
INSERT INTO documentation_files_to_geofeatures (id, geofeature_id, geofeature_type, documentation_file_id, updated_at) VALUES (4612, 45, 'cave', 1968, 1775839977);
INSERT INTO documentation_files_to_geofeatures (id, geofeature_id, geofeature_type, documentation_file_id, updated_at) VALUES (4613, 207, 'cave_area', 1968, 1775839977);
INSERT INTO documentation_files_to_geofeatures (id, geofeature_id, geofeature_type, documentation_file_id, updated_at) VALUES (4614, 2764, 'cave_place', 1968, 1775839977);
INSERT INTO documentation_files (id, title, description, file_name, file_size, file_hash, file_type, created_at) VALUES (1969, 'Document Peștera F4 din Piatra Lupului #7', 'Evidenta resurse hidrologice - punctul 212. Debitul mediu masurat: 96 litri pe secunda. Am efectuat 436 masuratori in perioade diferite. Temperatura apei: 363 grade Celsius, constanta. pH-ul masurat: 295 unitati. Conductivitatea electrica: 309 microsiemensi. Am injectat 474 grame de trasor fluorescent. Trasorul a aparut la izvor dupa 392 ore. Distanta estimata: 153 metri de conducte carstice. Nivelul maxim in sezonul ploios: 481 centimetri peste normal. Am monitorizat 312 izvoare din bazin. Volumul estimat al lacului subteran: 157 metri cubi.', 'doc_existing_c45_7.txt', 548, NULL, 'text_document', 1775839977);
INSERT INTO documentation_files_to_geofeatures (id, geofeature_id, geofeature_type, documentation_file_id, updated_at) VALUES (4615, 45, 'cave', 1969, 1775839977);
INSERT INTO documentation_files_to_geofeatures (id, geofeature_id, geofeature_type, documentation_file_id, updated_at) VALUES (4616, 202, 'cave_area', 1969, 1775839977);
INSERT INTO documentation_files_to_geofeatures (id, geofeature_id, geofeature_type, documentation_file_id, updated_at) VALUES (4617, 2797, 'cave_place', 1969, 1775839977);
INSERT INTO documentation_files (id, title, description, file_name, file_size, file_hash, file_type, created_at) VALUES (1970, 'Document Peștera F4 din Piatra Lupului #8', 'Nota de mentenanta balize - traseul 182. Am verificat 301 balize reflectorizante. Dintre acestea, 41 au fost inlocuite. Am adaugat 337 balize noi in zonele nemarcate. Distanta medie intre balize: 169 metri. Am folosit 125 culori diferite conform codificarii. Vizibilitatea minima a balizelor: 39 metri cu lampa frontala. Am eliminat 63 marcaje vechi si confuze. Traseul total balizat: 231 metri. Urmatoarea verificare: peste 311 luni. Materialul consumat: 171 benzi reflectorizante.', 'doc_existing_c45_8.txt', 482, NULL, 'text_document', 1775839977);
INSERT INTO documentation_files_to_geofeatures (id, geofeature_id, geofeature_type, documentation_file_id, updated_at) VALUES (4618, 45, 'cave', 1970, 1775839977);
INSERT INTO documentation_files_to_geofeatures (id, geofeature_id, geofeature_type, documentation_file_id, updated_at) VALUES (4619, 203, 'cave_area', 1970, 1775839977);
INSERT INTO documentation_files_to_geofeatures (id, geofeature_id, geofeature_type, documentation_file_id, updated_at) VALUES (4620, 2787, 'cave_place', 1970, 1775839977);
INSERT INTO documentation_files (id, title, description, file_name, file_size, file_hash, file_type, created_at) VALUES (1971, 'Document Peștera F4 din Piatra Lupului #9', 'Raport climatologic subteran - statia 14. Senzorul a inregistrat 222 cicluri complete de temperatura. Temperatura medie anuala: 341 grade Celsius. Amplitudinea termica maxima: 60 grade. Umiditatea relativa medie: 472 procente. Concentratia de CO2: 374 ppm. Curentul de aer maxim masurat: 258 metri pe secunda. Directia predominanta a curentului: sector 378. Datalogerul a functionat 208 zile fara intrerupere. Am descarcat 352 megabytes de date brute. Presiunea barometrica la intrare: 335 mbar. Evaporarea masurata: 248 milimetri pe luna. Am comparat datele cu 58 statii meteorologice de suprafata. Raportul complet include 371 grafice si tabele. Monitorizarea continua de 351 luni confirma stabilitatea climatica.', 'doc_existing_c45_9.txt', 715, NULL, 'text_document', 1775839977);
INSERT INTO documentation_files_to_geofeatures (id, geofeature_id, geofeature_type, documentation_file_id, updated_at) VALUES (4621, 45, 'cave', 1971, 1775839977);
INSERT INTO documentation_files_to_geofeatures (id, geofeature_id, geofeature_type, documentation_file_id, updated_at) VALUES (4622, 207, 'cave_area', 1971, 1775839977);
INSERT INTO documentation_files_to_geofeatures (id, geofeature_id, geofeature_type, documentation_file_id, updated_at) VALUES (4623, 2799, 'cave_place', 1971, 1775839977);
INSERT INTO documentation_files (id, title, description, file_name, file_size, file_hash, file_type, created_at) VALUES (1972, 'Document Peștera F4 din Piatra Lupului #10', 'Fisa tehnica echipare put - verticala nr. 440. Adancimea: 437 metri. Am instalat 220 spituri din otel inoxidabil. Distanta intre spituri: 67 metri. Lungimea corzii principale: 461 metri. Coarda de siguranta: 5 metri. Am montat 395 protectoare de franghie. Fractionarea se face la 238 metri de buza putului. Deviatia este la 239 metri sub fractionare. Am testat echiparea cu 500 coborari. Ultimul control al spiturilor: acum 410 luni.', 'doc_existing_c45_10.txt', 433, NULL, 'text_document', 1775839977);
INSERT INTO documentation_files_to_geofeatures (id, geofeature_id, geofeature_type, documentation_file_id, updated_at) VALUES (4624, 45, 'cave', 1972, 1775839977);
INSERT INTO documentation_files (id, title, description, file_name, file_size, file_hash, file_type, created_at) VALUES (1973, 'Document Peștera F4 din Piatra Lupului #11', 'Studiu speleogenetic - sectorul 268. Am analizat 147 probe de calcar sub microscop. Varsta estimata a galeriei: 394 milioane de ani. Am identificat 136 faze de speleogeneza. Nivelul freatic actual este la 496 metri adancime. Am corelat cu 213 alte pesteri din zona. Porozitatea medie a rocii: 467 procente. Am realizat 317 sectiuni subtiri din probe. Studiul va fi publicat in volumul 354 al buletinului. Am colaborat cu 390 geologi specialisti.', 'doc_existing_c45_11.txt', 445, NULL, 'text_document', 1775839977);
INSERT INTO documentation_files_to_geofeatures (id, geofeature_id, geofeature_type, documentation_file_id, updated_at) VALUES (4625, 45, 'cave', 1973, 1775839977);
INSERT INTO documentation_files_to_geofeatures (id, geofeature_id, geofeature_type, documentation_file_id, updated_at) VALUES (4626, 206, 'cave_area', 1973, 1775839977);
INSERT INTO documentation_files_to_geofeatures (id, geofeature_id, geofeature_type, documentation_file_id, updated_at) VALUES (4627, 2781, 'cave_place', 1973, 1775839977);
INSERT INTO documentation_files (id, title, description, file_name, file_size, file_hash, file_type, created_at) VALUES (1974, 'Foto Peștera F4 din Piatra Lupului #1', 'Fotografie de pestera pentru arhiva tehnica.', '20250105_171954.jpg', 105834, NULL, 'photo', 1775839977);
INSERT INTO documentation_files_to_geofeatures (id, geofeature_id, geofeature_type, documentation_file_id, updated_at) VALUES (4628, 45, 'cave', 1974, 1775839977);
INSERT INTO documentation_files_to_geofeatures (id, geofeature_id, geofeature_type, documentation_file_id, updated_at) VALUES (4629, 202, 'cave_area', 1974, 1775839977);
INSERT INTO documentation_files_to_geofeatures (id, geofeature_id, geofeature_type, documentation_file_id, updated_at) VALUES (4630, 2800, 'cave_place', 1974, 1775839977);
INSERT INTO documentation_files (id, title, description, file_name, file_size, file_hash, file_type, created_at) VALUES (1975, 'Foto Peștera F4 din Piatra Lupului #2', 'Fotografie de pestera pentru arhiva tehnica.', '20250108_055732.jpg', 99069, NULL, 'photo', 1775839977);
INSERT INTO documentation_files_to_geofeatures (id, geofeature_id, geofeature_type, documentation_file_id, updated_at) VALUES (4631, 45, 'cave', 1975, 1775839977);
INSERT INTO documentation_files_to_geofeatures (id, geofeature_id, geofeature_type, documentation_file_id, updated_at) VALUES (4632, 2761, 'cave_place', 1975, 1775839977);
INSERT INTO documentation_files (id, title, description, file_name, file_size, file_hash, file_type, created_at) VALUES (1976, 'Foto Peștera F4 din Piatra Lupului #3', 'Fotografie de pestera pentru arhiva tehnica.', '20250108_015243.jpg', 89809, NULL, 'photo', 1775839977);
INSERT INTO documentation_files_to_geofeatures (id, geofeature_id, geofeature_type, documentation_file_id, updated_at) VALUES (4633, 45, 'cave', 1976, 1775839977);
INSERT INTO documentation_files_to_geofeatures (id, geofeature_id, geofeature_type, documentation_file_id, updated_at) VALUES (4634, 2774, 'cave_place', 1976, 1775839977);
INSERT INTO documentation_files (id, title, description, file_name, file_size, file_hash, file_type, created_at) VALUES (1977, 'Document Peștera F5 din Piatra Lupului #1', 'Evidenta resurse hidrologice - punctul 92. Debitul mediu masurat: 46 litri pe secunda. Am efectuat 292 masuratori in perioade diferite. Temperatura apei: 22 grade Celsius, constanta. pH-ul masurat: 388 unitati. Conductivitatea electrica: 443 microsiemensi. Am injectat 264 grame de trasor fluorescent. Trasorul a aparut la izvor dupa 391 ore. Distanta estimata: 209 metri de conducte carstice. Nivelul maxim in sezonul ploios: 494 centimetri peste normal. Am monitorizat 46 izvoare din bazin. Volumul estimat al lacului subteran: 332 metri cubi.', 'doc_existing_c46_1.txt', 545, NULL, 'text_document', 1775839977);
INSERT INTO documentation_files_to_geofeatures (id, geofeature_id, geofeature_type, documentation_file_id, updated_at) VALUES (4635, 46, 'cave', 1977, 1775839977);
INSERT INTO documentation_files_to_geofeatures (id, geofeature_id, geofeature_type, documentation_file_id, updated_at) VALUES (4636, 2845, 'cave_place', 1977, 1775839977);
INSERT INTO documentation_files (id, title, description, file_name, file_size, file_hash, file_type, created_at) VALUES (1978, 'Document Peștera F5 din Piatra Lupului #2', 'Raport conservare patrimoniu - obiectiv 347. Am evaluat starea a 255 inscriptii istorice. Dintre acestea, 10 necesita interventie urgenta. Am curatat 499 metri patrati de graffiti modern. Am instalat 28 panouri informative la intrare. Bariera de protectie acopera 368 metri liniari. Am documentat 203 urme de vandalism. Raportul a fost transmis autoritatilor locale in 331 exemplare. Am propus clasificarea a 390 formatiuni ca monument natural. Vizitele ghidate sunt limitate la 40 persoane simultan. Am instruit 225 ghizi locali. Costul estimat al lucrarilor: 108 lei. Termenul de finalizare: 8 luni.', 'doc_existing_c46_2.txt', 601, NULL, 'text_document', 1775839977);
INSERT INTO documentation_files_to_geofeatures (id, geofeature_id, geofeature_type, documentation_file_id, updated_at) VALUES (4637, 46, 'cave', 1978, 1775839977);
INSERT INTO documentation_files_to_geofeatures (id, geofeature_id, geofeature_type, documentation_file_id, updated_at) VALUES (4638, 209, 'cave_area', 1978, 1775839977);
INSERT INTO documentation_files_to_geofeatures (id, geofeature_id, geofeature_type, documentation_file_id, updated_at) VALUES (4639, 2819, 'cave_place', 1978, 1775839977);
INSERT INTO documentation_files (id, title, description, file_name, file_size, file_hash, file_type, created_at) VALUES (1979, 'Document Peștera F5 din Piatra Lupului #3', 'Raport conservare patrimoniu - obiectiv 88. Am evaluat starea a 175 inscriptii istorice. Dintre acestea, 465 necesita interventie urgenta. Am curatat 125 metri patrati de graffiti modern. Am instalat 434 panouri informative la intrare. Bariera de protectie acopera 303 metri liniari. Am documentat 9 urme de vandalism. Raportul a fost transmis autoritatilor locale in 274 exemplare. Am propus clasificarea a 487 formatiuni ca monument natural. Vizitele ghidate sunt limitate la 483 persoane simultan. Am instruit 244 ghizi locali. Costul estimat al lucrarilor: 208 lei. Termenul de finalizare: 347 luni.', 'doc_existing_c46_3.txt', 603, NULL, 'text_document', 1775839977);
INSERT INTO documentation_files_to_geofeatures (id, geofeature_id, geofeature_type, documentation_file_id, updated_at) VALUES (4640, 46, 'cave', 1979, 1775839977);
INSERT INTO documentation_files_to_geofeatures (id, geofeature_id, geofeature_type, documentation_file_id, updated_at) VALUES (4641, 211, 'cave_area', 1979, 1775839977);
INSERT INTO documentation_files_to_geofeatures (id, geofeature_id, geofeature_type, documentation_file_id, updated_at) VALUES (4642, 2850, 'cave_place', 1979, 1775839977);
INSERT INTO documentation_files (id, title, description, file_name, file_size, file_hash, file_type, created_at) VALUES (1980, 'Document Peștera F5 din Piatra Lupului #4', 'Nota de mentenanta balize - traseul 51. Am verificat 387 balize reflectorizante. Dintre acestea, 155 au fost inlocuite. Am adaugat 310 balize noi in zonele nemarcate. Distanta medie intre balize: 484 metri. Am folosit 141 culori diferite conform codificarii. Vizibilitatea minima a balizelor: 223 metri cu lampa frontala. Am eliminat 158 marcaje vechi si confuze. Traseul total balizat: 233 metri. Urmatoarea verificare: peste 262 luni. Materialul consumat: 279 benzi reflectorizante.', 'doc_existing_c46_4.txt', 484, NULL, 'text_document', 1775839977);
INSERT INTO documentation_files_to_geofeatures (id, geofeature_id, geofeature_type, documentation_file_id, updated_at) VALUES (4643, 46, 'cave', 1980, 1775839977);
INSERT INTO documentation_files_to_geofeatures (id, geofeature_id, geofeature_type, documentation_file_id, updated_at) VALUES (4644, 2861, 'cave_place', 1980, 1775839977);
INSERT INTO documentation_files (id, title, description, file_name, file_size, file_hash, file_type, created_at) VALUES (1981, 'Document Peștera F5 din Piatra Lupului #5', 'Studiu speleogenetic - sectorul 31. Am analizat 100 probe de calcar sub microscop. Varsta estimata a galeriei: 28 milioane de ani. Am identificat 130 faze de speleogeneza. Nivelul freatic actual este la 493 metri adancime. Am corelat cu 235 alte pesteri din zona. Porozitatea medie a rocii: 104 procente. Am realizat 89 sectiuni subtiri din probe. Studiul va fi publicat in volumul 272 al buletinului. Am colaborat cu 65 geologi specialisti.', 'doc_existing_c46_5.txt', 441, NULL, 'text_document', 1775839977);
INSERT INTO documentation_files_to_geofeatures (id, geofeature_id, geofeature_type, documentation_file_id, updated_at) VALUES (4645, 46, 'cave', 1981, 1775839977);
INSERT INTO documentation_files_to_geofeatures (id, geofeature_id, geofeature_type, documentation_file_id, updated_at) VALUES (4646, 208, 'cave_area', 1981, 1775839977);
INSERT INTO documentation_files (id, title, description, file_name, file_size, file_hash, file_type, created_at) VALUES (1982, 'Document Peștera F5 din Piatra Lupului #6', 'Evaluare risc - sectorul 378. Am identificat 198 zone cu risc de prabusire a plafonului. Blocurile instabile au dimensiuni de pana la 362 centimetri. Nivelul apei poate creste cu 386 metri in caz de precipitatii. Distanta de la intrare pana la prima zona de risc: 326 metri. Am instalat 116 indicatoare de avertizare reflectorizante. Evacuarea de urgenta dureaza estimativ 207 minute. Echipamentul de prim ajutor este pozitionat la statia 172. Am testat comunicarea radio in 217 puncte critice. Semnalul radio este pierdut dupa 361 metri de la intrare. Am recomandat echipa minima de 281 persoane pentru acest sector. Casca si lampa frontala trebuie verificate la fiecare 367 ore. Protocoalele de securitate au fost revizuite de 358 ori anul acesta. Ultimul incident a avut loc cu 212 luni in urma. Am efectuat 485 exercitii de evacuare. Planul de urgenta a fost actualizat la versiunea 125.', 'doc_existing_c46_6.txt', 891, NULL, 'text_document', 1775839977);
INSERT INTO documentation_files_to_geofeatures (id, geofeature_id, geofeature_type, documentation_file_id, updated_at) VALUES (4647, 46, 'cave', 1982, 1775839977);
INSERT INTO documentation_files_to_geofeatures (id, geofeature_id, geofeature_type, documentation_file_id, updated_at) VALUES (4648, 2863, 'cave_place', 1982, 1775839977);
INSERT INTO documentation_files (id, title, description, file_name, file_size, file_hash, file_type, created_at) VALUES (1983, 'Document Peștera F5 din Piatra Lupului #7', 'Studiu speleogenetic - sectorul 451. Am analizat 271 probe de calcar sub microscop. Varsta estimata a galeriei: 406 milioane de ani. Am identificat 149 faze de speleogeneza. Nivelul freatic actual este la 242 metri adancime. Am corelat cu 367 alte pesteri din zona. Porozitatea medie a rocii: 350 procente. Am realizat 253 sectiuni subtiri din probe. Studiul va fi publicat in volumul 67 al buletinului. Am colaborat cu 208 geologi specialisti.', 'doc_existing_c46_7.txt', 444, NULL, 'text_document', 1775839977);
INSERT INTO documentation_files_to_geofeatures (id, geofeature_id, geofeature_type, documentation_file_id, updated_at) VALUES (4649, 46, 'cave', 1983, 1775839977);
INSERT INTO documentation_files (id, title, description, file_name, file_size, file_hash, file_type, created_at) VALUES (1984, 'Document Peștera F5 din Piatra Lupului #8', 'Studiu speleogenetic - sectorul 66. Am analizat 420 probe de calcar sub microscop. Varsta estimata a galeriei: 281 milioane de ani. Am identificat 433 faze de speleogeneza. Nivelul freatic actual este la 20 metri adancime. Am corelat cu 50 alte pesteri din zona. Porozitatea medie a rocii: 99 procente. Am realizat 445 sectiuni subtiri din probe. Studiul va fi publicat in volumul 27 al buletinului. Am colaborat cu 51 geologi specialisti.', 'doc_existing_c46_8.txt', 439, NULL, 'text_document', 1775839977);
INSERT INTO documentation_files_to_geofeatures (id, geofeature_id, geofeature_type, documentation_file_id, updated_at) VALUES (4650, 46, 'cave', 1984, 1775839977);
INSERT INTO documentation_files_to_geofeatures (id, geofeature_id, geofeature_type, documentation_file_id, updated_at) VALUES (4651, 2843, 'cave_place', 1984, 1775839977);
INSERT INTO documentation_files (id, title, description, file_name, file_size, file_hash, file_type, created_at) VALUES (1985, 'Document Peștera F5 din Piatra Lupului #9', 'Proces verbal intalnire club - sedinta nr. 328. Au participat 425 membri. Am discutat 288 puncte pe ordinea de zi. S-a aprobat bugetul de 107 lei pentru trimestrul urmator. Am planificat 422 expeditii in urmatoarele luni. S-au inscris 384 membri noi. Am evaluat 49 rapoarte de explorare. S-a votat achizitionarea de echipament in valoare de 225 lei. Urmatoarea sedinta: peste 202 saptamani. Am desemnat 122 responsabili pentru proiecte.', 'doc_existing_c46_9.txt', 436, NULL, 'text_document', 1775839977);
INSERT INTO documentation_files_to_geofeatures (id, geofeature_id, geofeature_type, documentation_file_id, updated_at) VALUES (4652, 46, 'cave', 1985, 1775839977);
INSERT INTO documentation_files_to_geofeatures (id, geofeature_id, geofeature_type, documentation_file_id, updated_at) VALUES (4653, 209, 'cave_area', 1985, 1775839977);
INSERT INTO documentation_files (id, title, description, file_name, file_size, file_hash, file_type, created_at) VALUES (1986, 'Foto Peștera F5 din Piatra Lupului #1', 'Fotografie de pestera pentru arhiva tehnica.', '20250108_015331.jpg', 90733, NULL, 'photo', 1775839977);
INSERT INTO documentation_files_to_geofeatures (id, geofeature_id, geofeature_type, documentation_file_id, updated_at) VALUES (4654, 46, 'cave', 1986, 1775839977);
INSERT INTO documentation_files_to_geofeatures (id, geofeature_id, geofeature_type, documentation_file_id, updated_at) VALUES (4655, 2853, 'cave_place', 1986, 1775839977);
INSERT INTO documentation_files (id, title, description, file_name, file_size, file_hash, file_type, created_at) VALUES (1987, 'Foto Peștera F5 din Piatra Lupului #2', 'Fotografie de pestera pentru arhiva tehnica.', '20250105_120229.jpg', 85744, NULL, 'photo', 1775839977);
INSERT INTO documentation_files_to_geofeatures (id, geofeature_id, geofeature_type, documentation_file_id, updated_at) VALUES (4656, 46, 'cave', 1987, 1775839977);
INSERT INTO documentation_files_to_geofeatures (id, geofeature_id, geofeature_type, documentation_file_id, updated_at) VALUES (4657, 2872, 'cave_place', 1987, 1775839977);
INSERT INTO documentation_files (id, title, description, file_name, file_size, file_hash, file_type, created_at) VALUES (1988, 'Foto Peștera F5 din Piatra Lupului #3', 'Fotografie de pestera pentru arhiva tehnica.', '20250108_015331.jpg', 90733, NULL, 'photo', 1775839977);
INSERT INTO documentation_files_to_geofeatures (id, geofeature_id, geofeature_type, documentation_file_id, updated_at) VALUES (4658, 46, 'cave', 1988, 1775839977);
INSERT INTO documentation_files_to_geofeatures (id, geofeature_id, geofeature_type, documentation_file_id, updated_at) VALUES (4659, 208, 'cave_area', 1988, 1775839977);
INSERT INTO documentation_files_to_geofeatures (id, geofeature_id, geofeature_type, documentation_file_id, updated_at) VALUES (4660, 2848, 'cave_place', 1988, 1775839977);
INSERT INTO documentation_files (id, title, description, file_name, file_size, file_hash, file_type, created_at) VALUES (1989, 'Foto Peștera F5 din Piatra Lupului #4', 'Fotografie de pestera pentru arhiva tehnica.', '20250107_221844.jpg', 64154, NULL, 'photo', 1775839977);
INSERT INTO documentation_files_to_geofeatures (id, geofeature_id, geofeature_type, documentation_file_id, updated_at) VALUES (4661, 46, 'cave', 1989, 1775839977);
INSERT INTO documentation_files_to_geofeatures (id, geofeature_id, geofeature_type, documentation_file_id, updated_at) VALUES (4662, 2820, 'cave_place', 1989, 1775839977);
INSERT INTO documentation_files (id, title, description, file_name, file_size, file_hash, file_type, created_at) VALUES (1990, 'Foto Peștera F5 din Piatra Lupului #5', 'Fotografie de pestera pentru arhiva tehnica.', '20250105_145407.jpg', 85562, NULL, 'photo', 1775839977);
INSERT INTO documentation_files_to_geofeatures (id, geofeature_id, geofeature_type, documentation_file_id, updated_at) VALUES (4663, 46, 'cave', 1990, 1775839977);
INSERT INTO documentation_files_to_geofeatures (id, geofeature_id, geofeature_type, documentation_file_id, updated_at) VALUES (4664, 208, 'cave_area', 1990, 1775839977);
INSERT INTO documentation_files_to_geofeatures (id, geofeature_id, geofeature_type, documentation_file_id, updated_at) VALUES (4665, 2875, 'cave_place', 1990, 1775839977);
INSERT INTO documentation_files (id, title, description, file_name, file_size, file_hash, file_type, created_at) VALUES (1991, 'Foto Peștera F5 din Piatra Lupului #6', 'Fotografie de pestera pentru arhiva tehnica.', '20250106_172237.jpg', 100771, NULL, 'photo', 1775839977);
INSERT INTO documentation_files_to_geofeatures (id, geofeature_id, geofeature_type, documentation_file_id, updated_at) VALUES (4666, 46, 'cave', 1991, 1775839977);
INSERT INTO documentation_files (id, title, description, file_name, file_size, file_hash, file_type, created_at) VALUES (1992, 'Foto Peștera F5 din Piatra Lupului #7', 'Fotografie de pestera pentru arhiva tehnica.', '20250105_121005.jpg', 102925, NULL, 'photo', 1775839977);
INSERT INTO documentation_files_to_geofeatures (id, geofeature_id, geofeature_type, documentation_file_id, updated_at) VALUES (4667, 46, 'cave', 1992, 1775839977);
INSERT INTO documentation_files_to_geofeatures (id, geofeature_id, geofeature_type, documentation_file_id, updated_at) VALUES (4668, 2838, 'cave_place', 1992, 1775839977);
INSERT INTO documentation_files (id, title, description, file_name, file_size, file_hash, file_type, created_at) VALUES (1993, 'Foto Peștera F5 din Piatra Lupului #8', 'Fotografie de pestera pentru arhiva tehnica.', '20250105_175952.jpg', 82206, NULL, 'photo', 1775839977);
INSERT INTO documentation_files_to_geofeatures (id, geofeature_id, geofeature_type, documentation_file_id, updated_at) VALUES (4669, 46, 'cave', 1993, 1775839977);
INSERT INTO documentation_files_to_geofeatures (id, geofeature_id, geofeature_type, documentation_file_id, updated_at) VALUES (4670, 209, 'cave_area', 1993, 1775839977);
INSERT INTO documentation_files_to_geofeatures (id, geofeature_id, geofeature_type, documentation_file_id, updated_at) VALUES (4671, 2826, 'cave_place', 1993, 1775839977);
INSERT INTO documentation_files (id, title, description, file_name, file_size, file_hash, file_type, created_at) VALUES (1994, 'Document Peștera G1 din Piatra Lupului #1', 'Fisa tehnica echipare put - verticala nr. 435. Adancimea: 14 metri. Am instalat 291 spituri din otel inoxidabil. Distanta intre spituri: 261 metri. Lungimea corzii principale: 15 metri. Coarda de siguranta: 348 metri. Am montat 48 protectoare de franghie. Fractionarea se face la 43 metri de buza putului. Deviatia este la 172 metri sub fractionare. Am testat echiparea cu 415 coborari. Ultimul control al spiturilor: acum 447 luni.', 'doc_existing_c47_1.txt', 432, NULL, 'text_document', 1775839977);
INSERT INTO documentation_files_to_geofeatures (id, geofeature_id, geofeature_type, documentation_file_id, updated_at) VALUES (4672, 47, 'cave', 1994, 1775839977);
INSERT INTO documentation_files_to_geofeatures (id, geofeature_id, geofeature_type, documentation_file_id, updated_at) VALUES (4673, 213, 'cave_area', 1994, 1775839977);
INSERT INTO documentation_files (id, title, description, file_name, file_size, file_hash, file_type, created_at) VALUES (1995, 'Foto Peștera G1 din Piatra Lupului #1', 'Fotografie de pestera pentru arhiva tehnica.', '20250109_010113.jpg', 100347, NULL, 'photo', 1775839977);
INSERT INTO documentation_files_to_geofeatures (id, geofeature_id, geofeature_type, documentation_file_id, updated_at) VALUES (4674, 47, 'cave', 1995, 1775839977);
INSERT INTO documentation_files_to_geofeatures (id, geofeature_id, geofeature_type, documentation_file_id, updated_at) VALUES (4675, 213, 'cave_area', 1995, 1775839977);
INSERT INTO documentation_files_to_geofeatures (id, geofeature_id, geofeature_type, documentation_file_id, updated_at) VALUES (4676, 2901, 'cave_place', 1995, 1775839977);
INSERT INTO documentation_files (id, title, description, file_name, file_size, file_hash, file_type, created_at) VALUES (1996, 'Document Peștera G2 din Piatra Lupului #1', 'Raport conservare patrimoniu - obiectiv 242. Am evaluat starea a 268 inscriptii istorice. Dintre acestea, 164 necesita interventie urgenta. Am curatat 61 metri patrati de graffiti modern. Am instalat 126 panouri informative la intrare. Bariera de protectie acopera 452 metri liniari. Am documentat 301 urme de vandalism. Raportul a fost transmis autoritatilor locale in 235 exemplare. Am propus clasificarea a 464 formatiuni ca monument natural. Vizitele ghidate sunt limitate la 366 persoane simultan. Am instruit 356 ghizi locali. Costul estimat al lucrarilor: 337 lei. Termenul de finalizare: 39 luni.', 'doc_existing_c48_1.txt', 604, NULL, 'text_document', 1775839977);
INSERT INTO documentation_files_to_geofeatures (id, geofeature_id, geofeature_type, documentation_file_id, updated_at) VALUES (4677, 48, 'cave', 1996, 1775839977);
INSERT INTO documentation_files_to_geofeatures (id, geofeature_id, geofeature_type, documentation_file_id, updated_at) VALUES (4678, 218, 'cave_area', 1996, 1775839977);
INSERT INTO documentation_files_to_geofeatures (id, geofeature_id, geofeature_type, documentation_file_id, updated_at) VALUES (4679, 3003, 'cave_place', 1996, 1775839977);
INSERT INTO documentation_files (id, title, description, file_name, file_size, file_hash, file_type, created_at) VALUES (1997, 'Document Peștera G2 din Piatra Lupului #2', 'Fisa tehnica echipare put - verticala nr. 337. Adancimea: 83 metri. Am instalat 101 spituri din otel inoxidabil. Distanta intre spituri: 83 metri. Lungimea corzii principale: 297 metri. Coarda de siguranta: 272 metri. Am montat 42 protectoare de franghie. Fractionarea se face la 123 metri de buza putului. Deviatia este la 247 metri sub fractionare. Am testat echiparea cu 115 coborari. Ultimul control al spiturilor: acum 284 luni.', 'doc_existing_c48_2.txt', 433, NULL, 'text_document', 1775839977);
INSERT INTO documentation_files_to_geofeatures (id, geofeature_id, geofeature_type, documentation_file_id, updated_at) VALUES (4680, 48, 'cave', 1997, 1775839977);
INSERT INTO documentation_files_to_geofeatures (id, geofeature_id, geofeature_type, documentation_file_id, updated_at) VALUES (4681, 220, 'cave_area', 1997, 1775839977);
INSERT INTO documentation_files_to_geofeatures (id, geofeature_id, geofeature_type, documentation_file_id, updated_at) VALUES (4682, 3019, 'cave_place', 1997, 1775839977);
INSERT INTO documentation_files (id, title, description, file_name, file_size, file_hash, file_type, created_at) VALUES (1998, 'Document Peștera G2 din Piatra Lupului #3', 'Fisa tehnica echipare put - verticala nr. 36. Adancimea: 370 metri. Am instalat 199 spituri din otel inoxidabil. Distanta intre spituri: 318 metri. Lungimea corzii principale: 464 metri. Coarda de siguranta: 187 metri. Am montat 464 protectoare de franghie. Fractionarea se face la 334 metri de buza putului. Deviatia este la 149 metri sub fractionare. Am testat echiparea cu 334 coborari. Ultimul control al spiturilor: acum 210 luni.', 'doc_existing_c48_3.txt', 435, NULL, 'text_document', 1775839977);
INSERT INTO documentation_files_to_geofeatures (id, geofeature_id, geofeature_type, documentation_file_id, updated_at) VALUES (4683, 48, 'cave', 1998, 1775839977);
INSERT INTO documentation_files_to_geofeatures (id, geofeature_id, geofeature_type, documentation_file_id, updated_at) VALUES (4684, 3015, 'cave_place', 1998, 1775839977);
INSERT INTO documentation_files (id, title, description, file_name, file_size, file_hash, file_type, created_at) VALUES (1999, 'Foto Peștera G2 din Piatra Lupului #1', 'Fotografie de pestera pentru arhiva tehnica.', '20250108_015243.jpg', 89809, NULL, 'photo', 1775839977);
INSERT INTO documentation_files_to_geofeatures (id, geofeature_id, geofeature_type, documentation_file_id, updated_at) VALUES (4685, 48, 'cave', 1999, 1775839977);
INSERT INTO documentation_files_to_geofeatures (id, geofeature_id, geofeature_type, documentation_file_id, updated_at) VALUES (4686, 214, 'cave_area', 1999, 1775839977);
INSERT INTO documentation_files_to_geofeatures (id, geofeature_id, geofeature_type, documentation_file_id, updated_at) VALUES (4687, 2979, 'cave_place', 1999, 1775839977);
INSERT INTO documentation_files (id, title, description, file_name, file_size, file_hash, file_type, created_at) VALUES (2000, 'Foto Peștera G2 din Piatra Lupului #2', 'Fotografie de pestera pentru arhiva tehnica.', '20250105_171954.jpg', 105834, NULL, 'photo', 1775839977);
INSERT INTO documentation_files_to_geofeatures (id, geofeature_id, geofeature_type, documentation_file_id, updated_at) VALUES (4688, 48, 'cave', 2000, 1775839977);
INSERT INTO documentation_files_to_geofeatures (id, geofeature_id, geofeature_type, documentation_file_id, updated_at) VALUES (4689, 220, 'cave_area', 2000, 1775839977);
INSERT INTO documentation_files (id, title, description, file_name, file_size, file_hash, file_type, created_at) VALUES (2001, 'Foto Peștera G2 din Piatra Lupului #3', 'Fotografie de pestera pentru arhiva tehnica.', '20250106_172237.jpg', 100771, NULL, 'photo', 1775839977);
INSERT INTO documentation_files_to_geofeatures (id, geofeature_id, geofeature_type, documentation_file_id, updated_at) VALUES (4690, 48, 'cave', 2001, 1775839977);
INSERT INTO documentation_files_to_geofeatures (id, geofeature_id, geofeature_type, documentation_file_id, updated_at) VALUES (4691, 3012, 'cave_place', 2001, 1775839977);
INSERT INTO documentation_files (id, title, description, file_name, file_size, file_hash, file_type, created_at) VALUES (2002, 'Foto Peștera G2 din Piatra Lupului #4', 'Fotografie de pestera pentru arhiva tehnica.', '20250107_221844.jpg', 64154, NULL, 'photo', 1775839977);
INSERT INTO documentation_files_to_geofeatures (id, geofeature_id, geofeature_type, documentation_file_id, updated_at) VALUES (4692, 48, 'cave', 2002, 1775839977);
INSERT INTO documentation_files_to_geofeatures (id, geofeature_id, geofeature_type, documentation_file_id, updated_at) VALUES (4693, 219, 'cave_area', 2002, 1775839977);
INSERT INTO documentation_files_to_geofeatures (id, geofeature_id, geofeature_type, documentation_file_id, updated_at) VALUES (4694, 3009, 'cave_place', 2002, 1775839977);
INSERT INTO documentation_files (id, title, description, file_name, file_size, file_hash, file_type, created_at) VALUES (2003, 'Foto Peștera G2 din Piatra Lupului #5', 'Fotografie de pestera pentru arhiva tehnica.', '20250106_213749.jpg', 51518, NULL, 'photo', 1775839977);
INSERT INTO documentation_files_to_geofeatures (id, geofeature_id, geofeature_type, documentation_file_id, updated_at) VALUES (4695, 48, 'cave', 2003, 1775839977);
INSERT INTO documentation_files_to_geofeatures (id, geofeature_id, geofeature_type, documentation_file_id, updated_at) VALUES (4696, 214, 'cave_area', 2003, 1775839977);
INSERT INTO documentation_files_to_geofeatures (id, geofeature_id, geofeature_type, documentation_file_id, updated_at) VALUES (4697, 2968, 'cave_place', 2003, 1775839977);
INSERT INTO documentation_files (id, title, description, file_name, file_size, file_hash, file_type, created_at) VALUES (2004, 'Foto Peștera G2 din Piatra Lupului #6', 'Fotografie de pestera pentru arhiva tehnica.', '20250108_230150.jpg', 82392, NULL, 'photo', 1775839977);
INSERT INTO documentation_files_to_geofeatures (id, geofeature_id, geofeature_type, documentation_file_id, updated_at) VALUES (4698, 48, 'cave', 2004, 1775839977);
INSERT INTO documentation_files_to_geofeatures (id, geofeature_id, geofeature_type, documentation_file_id, updated_at) VALUES (4699, 218, 'cave_area', 2004, 1775839977);
INSERT INTO documentation_files_to_geofeatures (id, geofeature_id, geofeature_type, documentation_file_id, updated_at) VALUES (4700, 2970, 'cave_place', 2004, 1775839977);
INSERT INTO documentation_files (id, title, description, file_name, file_size, file_hash, file_type, created_at) VALUES (2005, 'Foto Peștera G2 din Piatra Lupului #7', 'Fotografie de pestera pentru arhiva tehnica.', '20250109_011630.jpg', 92323, NULL, 'photo', 1775839977);
INSERT INTO documentation_files_to_geofeatures (id, geofeature_id, geofeature_type, documentation_file_id, updated_at) VALUES (4701, 48, 'cave', 2005, 1775839977);
INSERT INTO documentation_files_to_geofeatures (id, geofeature_id, geofeature_type, documentation_file_id, updated_at) VALUES (4702, 218, 'cave_area', 2005, 1775839977);
INSERT INTO documentation_files (id, title, description, file_name, file_size, file_hash, file_type, created_at) VALUES (2006, 'Foto Peștera G2 din Piatra Lupului #8', 'Fotografie de pestera pentru arhiva tehnica.', '20250105_121440.jpg', 58950, NULL, 'photo', 1775839977);
INSERT INTO documentation_files_to_geofeatures (id, geofeature_id, geofeature_type, documentation_file_id, updated_at) VALUES (4703, 48, 'cave', 2006, 1775839977);
INSERT INTO documentation_files_to_geofeatures (id, geofeature_id, geofeature_type, documentation_file_id, updated_at) VALUES (4704, 214, 'cave_area', 2006, 1775839977);
INSERT INTO documentation_files (id, title, description, file_name, file_size, file_hash, file_type, created_at) VALUES (2007, 'Foto Peștera G2 din Piatra Lupului #9', 'Fotografie de pestera pentru arhiva tehnica.', '20250106_213733.jpg', 76066, NULL, 'photo', 1775839977);
INSERT INTO documentation_files_to_geofeatures (id, geofeature_id, geofeature_type, documentation_file_id, updated_at) VALUES (4705, 48, 'cave', 2007, 1775839977);
INSERT INTO documentation_files_to_geofeatures (id, geofeature_id, geofeature_type, documentation_file_id, updated_at) VALUES (4706, 2970, 'cave_place', 2007, 1775839977);
INSERT INTO documentation_files (id, title, description, file_name, file_size, file_hash, file_type, created_at) VALUES (2008, 'Foto Peștera G2 din Piatra Lupului #10', 'Fotografie de pestera pentru arhiva tehnica.', '20250105_180110.jpg', 94499, NULL, 'photo', 1775839977);
INSERT INTO documentation_files_to_geofeatures (id, geofeature_id, geofeature_type, documentation_file_id, updated_at) VALUES (4707, 48, 'cave', 2008, 1775839977);
INSERT INTO documentation_files_to_geofeatures (id, geofeature_id, geofeature_type, documentation_file_id, updated_at) VALUES (4708, 215, 'cave_area', 2008, 1775839977);
INSERT INTO documentation_files_to_geofeatures (id, geofeature_id, geofeature_type, documentation_file_id, updated_at) VALUES (4709, 3016, 'cave_place', 2008, 1775839977);
INSERT INTO documentation_files (id, title, description, file_name, file_size, file_hash, file_type, created_at) VALUES (2009, 'Foto Peștera G2 din Piatra Lupului #11', 'Fotografie de pestera pentru arhiva tehnica.', '20250105_121005.jpg', 102925, NULL, 'photo', 1775839977);
INSERT INTO documentation_files_to_geofeatures (id, geofeature_id, geofeature_type, documentation_file_id, updated_at) VALUES (4710, 48, 'cave', 2009, 1775839977);
INSERT INTO documentation_files_to_geofeatures (id, geofeature_id, geofeature_type, documentation_file_id, updated_at) VALUES (4711, 215, 'cave_area', 2009, 1775839977);
INSERT INTO documentation_files_to_geofeatures (id, geofeature_id, geofeature_type, documentation_file_id, updated_at) VALUES (4712, 2972, 'cave_place', 2009, 1775839977);
INSERT INTO documentation_files (id, title, description, file_name, file_size, file_hash, file_type, created_at) VALUES (2010, 'Foto Peștera G2 din Piatra Lupului #12', 'Fotografie de pestera pentru arhiva tehnica.', '20250105_181113.jpg', 110223, NULL, 'photo', 1775839977);
INSERT INTO documentation_files_to_geofeatures (id, geofeature_id, geofeature_type, documentation_file_id, updated_at) VALUES (4713, 48, 'cave', 2010, 1775839977);
INSERT INTO documentation_files_to_geofeatures (id, geofeature_id, geofeature_type, documentation_file_id, updated_at) VALUES (4714, 217, 'cave_area', 2010, 1775839977);
INSERT INTO documentation_files_to_geofeatures (id, geofeature_id, geofeature_type, documentation_file_id, updated_at) VALUES (4715, 3009, 'cave_place', 2010, 1775839977);
INSERT INTO documentation_files (id, title, description, file_name, file_size, file_hash, file_type, created_at) VALUES (2011, 'Foto Peștera G2 din Piatra Lupului #13', 'Fotografie de pestera pentru arhiva tehnica.', '20250105_145407.jpg', 85562, NULL, 'photo', 1775839977);
INSERT INTO documentation_files_to_geofeatures (id, geofeature_id, geofeature_type, documentation_file_id, updated_at) VALUES (4716, 48, 'cave', 2011, 1775839977);
INSERT INTO documentation_files_to_geofeatures (id, geofeature_id, geofeature_type, documentation_file_id, updated_at) VALUES (4717, 218, 'cave_area', 2011, 1775839977);
INSERT INTO documentation_files_to_geofeatures (id, geofeature_id, geofeature_type, documentation_file_id, updated_at) VALUES (4718, 3021, 'cave_place', 2011, 1775839977);
INSERT INTO documentation_files (id, title, description, file_name, file_size, file_hash, file_type, created_at) VALUES (2012, 'Foto Peștera G2 din Piatra Lupului #14', 'Fotografie de pestera pentru arhiva tehnica.', '20250105_211239.jpg', 111085, NULL, 'photo', 1775839977);
INSERT INTO documentation_files_to_geofeatures (id, geofeature_id, geofeature_type, documentation_file_id, updated_at) VALUES (4719, 48, 'cave', 2012, 1775839977);
INSERT INTO documentation_files_to_geofeatures (id, geofeature_id, geofeature_type, documentation_file_id, updated_at) VALUES (4720, 218, 'cave_area', 2012, 1775839977);
INSERT INTO documentation_files (id, title, description, file_name, file_size, file_hash, file_type, created_at) VALUES (2013, 'Foto Peștera G2 din Piatra Lupului #15', 'Fotografie de pestera pentru arhiva tehnica.', '20250105_171954.jpg', 105834, NULL, 'photo', 1775839977);
INSERT INTO documentation_files_to_geofeatures (id, geofeature_id, geofeature_type, documentation_file_id, updated_at) VALUES (4721, 48, 'cave', 2013, 1775839977);
INSERT INTO documentation_files (id, title, description, file_name, file_size, file_hash, file_type, created_at) VALUES (2014, 'Document Peștera G3 din Piatra Lupului #1', 'Studiu speleogenetic - sectorul 256. Am analizat 214 probe de calcar sub microscop. Varsta estimata a galeriei: 173 milioane de ani. Am identificat 368 faze de speleogeneza. Nivelul freatic actual este la 142 metri adancime. Am corelat cu 259 alte pesteri din zona. Porozitatea medie a rocii: 220 procente. Am realizat 299 sectiuni subtiri din probe. Studiul va fi publicat in volumul 129 al buletinului. Am colaborat cu 496 geologi specialisti.', 'doc_existing_c49_1.txt', 445, NULL, 'text_document', 1775839977);
INSERT INTO documentation_files_to_geofeatures (id, geofeature_id, geofeature_type, documentation_file_id, updated_at) VALUES (4722, 49, 'cave', 2014, 1775839977);
INSERT INTO documentation_files_to_geofeatures (id, geofeature_id, geofeature_type, documentation_file_id, updated_at) VALUES (4723, 224, 'cave_area', 2014, 1775839977);
INSERT INTO documentation_files_to_geofeatures (id, geofeature_id, geofeature_type, documentation_file_id, updated_at) VALUES (4724, 3045, 'cave_place', 2014, 1775839977);
INSERT INTO documentation_files (id, title, description, file_name, file_size, file_hash, file_type, created_at) VALUES (2015, 'Document Peștera G3 din Piatra Lupului #2', 'Raport geologic - profil 185. Stratele de calcar apartin etajului 449. Grosimea medie a stratelor este de 191 centimetri. Fisurile tectonice au un azimut predominant de 313 grade. Am recoltat 385 probe de roca pentru datarea izotopica. Continutul de CaCO3 depaseste 287 procente. Concretii de aragonita au fost gasite la cota 203. Varsta estimata a speleothemelor: 301 mii de ani. Depozitele clastice au o grosime de 356 centimetri. Am identificat 78 tipuri diferite de sedimente. Nivelul paleoclappei fosile este la cota 254 metri. Analiza XRD confirma 157 faze minerale distincte. Sectorul analizat are o lungime de 124 metri. Am realizat 156 profile transversale ale galeriei. Cutele vizibile au amplitudini de 483 centimetri.', 'doc_existing_c49_2.txt', 729, NULL, 'text_document', 1775839977);
INSERT INTO documentation_files_to_geofeatures (id, geofeature_id, geofeature_type, documentation_file_id, updated_at) VALUES (4725, 49, 'cave', 2015, 1775839977);
INSERT INTO documentation_files_to_geofeatures (id, geofeature_id, geofeature_type, documentation_file_id, updated_at) VALUES (4726, 224, 'cave_area', 2015, 1775839977);
INSERT INTO documentation_files_to_geofeatures (id, geofeature_id, geofeature_type, documentation_file_id, updated_at) VALUES (4727, 3112, 'cave_place', 2015, 1775839977);
INSERT INTO documentation_files (id, title, description, file_name, file_size, file_hash, file_type, created_at) VALUES (2016, 'Document Peștera G3 din Piatra Lupului #3', 'Nota de mentenanta balize - traseul 414. Am verificat 17 balize reflectorizante. Dintre acestea, 212 au fost inlocuite. Am adaugat 125 balize noi in zonele nemarcate. Distanta medie intre balize: 193 metri. Am folosit 341 culori diferite conform codificarii. Vizibilitatea minima a balizelor: 315 metri cu lampa frontala. Am eliminat 384 marcaje vechi si confuze. Traseul total balizat: 70 metri. Urmatoarea verificare: peste 452 luni. Materialul consumat: 134 benzi reflectorizante.', 'doc_existing_c49_3.txt', 483, NULL, 'text_document', 1775839977);
INSERT INTO documentation_files_to_geofeatures (id, geofeature_id, geofeature_type, documentation_file_id, updated_at) VALUES (4728, 49, 'cave', 2016, 1775839977);
INSERT INTO documentation_files_to_geofeatures (id, geofeature_id, geofeature_type, documentation_file_id, updated_at) VALUES (4729, 3096, 'cave_place', 2016, 1775839977);
INSERT INTO documentation_files (id, title, description, file_name, file_size, file_hash, file_type, created_at) VALUES (2017, 'Document Peștera G3 din Piatra Lupului #4', 'Evidenta resurse hidrologice - punctul 232. Debitul mediu masurat: 364 litri pe secunda. Am efectuat 282 masuratori in perioade diferite. Temperatura apei: 100 grade Celsius, constanta. pH-ul masurat: 425 unitati. Conductivitatea electrica: 32 microsiemensi. Am injectat 14 grame de trasor fluorescent. Trasorul a aparut la izvor dupa 10 ore. Distanta estimata: 275 metri de conducte carstice. Nivelul maxim in sezonul ploios: 414 centimetri peste normal. Am monitorizat 365 izvoare din bazin. Volumul estimat al lacului subteran: 48 metri cubi.', 'doc_existing_c49_4.txt', 545, NULL, 'text_document', 1775839977);
INSERT INTO documentation_files_to_geofeatures (id, geofeature_id, geofeature_type, documentation_file_id, updated_at) VALUES (4730, 49, 'cave', 2017, 1775839977);
INSERT INTO documentation_files (id, title, description, file_name, file_size, file_hash, file_type, created_at) VALUES (2018, 'Document Peștera G3 din Piatra Lupului #5', 'Evidenta resurse hidrologice - punctul 444. Debitul mediu masurat: 229 litri pe secunda. Am efectuat 258 masuratori in perioade diferite. Temperatura apei: 436 grade Celsius, constanta. pH-ul masurat: 425 unitati. Conductivitatea electrica: 43 microsiemensi. Am injectat 261 grame de trasor fluorescent. Trasorul a aparut la izvor dupa 221 ore. Distanta estimata: 430 metri de conducte carstice. Nivelul maxim in sezonul ploios: 437 centimetri peste normal. Am monitorizat 358 izvoare din bazin. Volumul estimat al lacului subteran: 330 metri cubi.', 'doc_existing_c49_5.txt', 548, NULL, 'text_document', 1775839977);
INSERT INTO documentation_files_to_geofeatures (id, geofeature_id, geofeature_type, documentation_file_id, updated_at) VALUES (4731, 49, 'cave', 2018, 1775839977);
INSERT INTO documentation_files_to_geofeatures (id, geofeature_id, geofeature_type, documentation_file_id, updated_at) VALUES (4732, 223, 'cave_area', 2018, 1775839977);
INSERT INTO documentation_files_to_geofeatures (id, geofeature_id, geofeature_type, documentation_file_id, updated_at) VALUES (4733, 3113, 'cave_place', 2018, 1775839977);
INSERT INTO documentation_files (id, title, description, file_name, file_size, file_hash, file_type, created_at) VALUES (2019, 'Document Peștera G3 din Piatra Lupului #6', 'Nota de mentenanta balize - traseul 5. Am verificat 69 balize reflectorizante. Dintre acestea, 413 au fost inlocuite. Am adaugat 100 balize noi in zonele nemarcate. Distanta medie intre balize: 136 metri. Am folosit 402 culori diferite conform codificarii. Vizibilitatea minima a balizelor: 172 metri cu lampa frontala. Am eliminat 57 marcaje vechi si confuze. Traseul total balizat: 392 metri. Urmatoarea verificare: peste 177 luni. Materialul consumat: 87 benzi reflectorizante.', 'doc_existing_c49_6.txt', 480, NULL, 'text_document', 1775839977);
INSERT INTO documentation_files_to_geofeatures (id, geofeature_id, geofeature_type, documentation_file_id, updated_at) VALUES (4734, 49, 'cave', 2019, 1775839977);
INSERT INTO documentation_files_to_geofeatures (id, geofeature_id, geofeature_type, documentation_file_id, updated_at) VALUES (4735, 224, 'cave_area', 2019, 1775839977);
INSERT INTO documentation_files (id, title, description, file_name, file_size, file_hash, file_type, created_at) VALUES (2020, 'Document Peștera G3 din Piatra Lupului #7', 'Fisa tehnica echipare put - verticala nr. 268. Adancimea: 390 metri. Am instalat 268 spituri din otel inoxidabil. Distanta intre spituri: 168 metri. Lungimea corzii principale: 240 metri. Coarda de siguranta: 368 metri. Am montat 234 protectoare de franghie. Fractionarea se face la 144 metri de buza putului. Deviatia este la 193 metri sub fractionare. Am testat echiparea cu 184 coborari. Ultimul control al spiturilor: acum 478 luni.', 'doc_existing_c49_7.txt', 436, NULL, 'text_document', 1775839977);
INSERT INTO documentation_files_to_geofeatures (id, geofeature_id, geofeature_type, documentation_file_id, updated_at) VALUES (4736, 49, 'cave', 2020, 1775839977);
INSERT INTO documentation_files_to_geofeatures (id, geofeature_id, geofeature_type, documentation_file_id, updated_at) VALUES (4737, 223, 'cave_area', 2020, 1775839977);
INSERT INTO documentation_files (id, title, description, file_name, file_size, file_hash, file_type, created_at) VALUES (2021, 'Document Peștera G3 din Piatra Lupului #8', 'Studiu speleogenetic - sectorul 50. Am analizat 306 probe de calcar sub microscop. Varsta estimata a galeriei: 121 milioane de ani. Am identificat 159 faze de speleogeneza. Nivelul freatic actual este la 164 metri adancime. Am corelat cu 497 alte pesteri din zona. Porozitatea medie a rocii: 463 procente. Am realizat 56 sectiuni subtiri din probe. Studiul va fi publicat in volumul 349 al buletinului. Am colaborat cu 201 geologi specialisti.', 'doc_existing_c49_8.txt', 443, NULL, 'text_document', 1775839977);
INSERT INTO documentation_files_to_geofeatures (id, geofeature_id, geofeature_type, documentation_file_id, updated_at) VALUES (4738, 49, 'cave', 2021, 1775839977);
INSERT INTO documentation_files_to_geofeatures (id, geofeature_id, geofeature_type, documentation_file_id, updated_at) VALUES (4739, 223, 'cave_area', 2021, 1775839977);
INSERT INTO documentation_files (id, title, description, file_name, file_size, file_hash, file_type, created_at) VALUES (2022, 'Document Peștera G3 din Piatra Lupului #9', 'Studiu speleogenetic - sectorul 354. Am analizat 467 probe de calcar sub microscop. Varsta estimata a galeriei: 154 milioane de ani. Am identificat 12 faze de speleogeneza. Nivelul freatic actual este la 25 metri adancime. Am corelat cu 237 alte pesteri din zona. Porozitatea medie a rocii: 276 procente. Am realizat 376 sectiuni subtiri din probe. Studiul va fi publicat in volumul 292 al buletinului. Am colaborat cu 298 geologi specialisti.', 'doc_existing_c49_9.txt', 443, NULL, 'text_document', 1775839977);
INSERT INTO documentation_files_to_geofeatures (id, geofeature_id, geofeature_type, documentation_file_id, updated_at) VALUES (4740, 49, 'cave', 2022, 1775839977);
INSERT INTO documentation_files_to_geofeatures (id, geofeature_id, geofeature_type, documentation_file_id, updated_at) VALUES (4741, 3035, 'cave_place', 2022, 1775839977);
INSERT INTO documentation_files (id, title, description, file_name, file_size, file_hash, file_type, created_at) VALUES (2023, 'Document Peștera G3 din Piatra Lupului #10', 'Studiu speleogenetic - sectorul 190. Am analizat 40 probe de calcar sub microscop. Varsta estimata a galeriei: 267 milioane de ani. Am identificat 77 faze de speleogeneza. Nivelul freatic actual este la 123 metri adancime. Am corelat cu 236 alte pesteri din zona. Porozitatea medie a rocii: 139 procente. Am realizat 94 sectiuni subtiri din probe. Studiul va fi publicat in volumul 78 al buletinului. Am colaborat cu 155 geologi specialisti.', 'doc_existing_c49_10.txt', 441, NULL, 'text_document', 1775839977);
INSERT INTO documentation_files_to_geofeatures (id, geofeature_id, geofeature_type, documentation_file_id, updated_at) VALUES (4742, 49, 'cave', 2023, 1775839977);
INSERT INTO documentation_files_to_geofeatures (id, geofeature_id, geofeature_type, documentation_file_id, updated_at) VALUES (4743, 3071, 'cave_place', 2023, 1775839977);
INSERT INTO documentation_files (id, title, description, file_name, file_size, file_hash, file_type, created_at) VALUES (2024, 'Document Peștera G3 din Piatra Lupului #11', 'Raport geologic - profil 248. Stratele de calcar apartin etajului 220. Grosimea medie a stratelor este de 155 centimetri. Fisurile tectonice au un azimut predominant de 444 grade. Am recoltat 52 probe de roca pentru datarea izotopica. Continutul de CaCO3 depaseste 383 procente. Concretii de aragonita au fost gasite la cota 154. Varsta estimata a speleothemelor: 35 mii de ani. Depozitele clastice au o grosime de 405 centimetri. Am identificat 129 tipuri diferite de sedimente. Nivelul paleoclappei fosile este la cota 414 metri. Analiza XRD confirma 255 faze minerale distincte. Sectorul analizat are o lungime de 167 metri. Am realizat 121 profile transversale ale galeriei. Cutele vizibile au amplitudini de 153 centimetri.', 'doc_existing_c49_11.txt', 728, NULL, 'text_document', 1775839977);
INSERT INTO documentation_files_to_geofeatures (id, geofeature_id, geofeature_type, documentation_file_id, updated_at) VALUES (4744, 49, 'cave', 2024, 1775839977);
INSERT INTO documentation_files (id, title, description, file_name, file_size, file_hash, file_type, created_at) VALUES (2025, 'Document Peștera G3 din Piatra Lupului #12', 'Evidenta resurse hidrologice - punctul 198. Debitul mediu masurat: 6 litri pe secunda. Am efectuat 142 masuratori in perioade diferite. Temperatura apei: 158 grade Celsius, constanta. pH-ul masurat: 191 unitati. Conductivitatea electrica: 187 microsiemensi. Am injectat 408 grame de trasor fluorescent. Trasorul a aparut la izvor dupa 153 ore. Distanta estimata: 343 metri de conducte carstice. Nivelul maxim in sezonul ploios: 294 centimetri peste normal. Am monitorizat 316 izvoare din bazin. Volumul estimat al lacului subteran: 247 metri cubi.', 'doc_existing_c49_12.txt', 547, NULL, 'text_document', 1775839977);
INSERT INTO documentation_files_to_geofeatures (id, geofeature_id, geofeature_type, documentation_file_id, updated_at) VALUES (4745, 49, 'cave', 2025, 1775839977);
INSERT INTO documentation_files_to_geofeatures (id, geofeature_id, geofeature_type, documentation_file_id, updated_at) VALUES (4746, 224, 'cave_area', 2025, 1775839977);
INSERT INTO documentation_files_to_geofeatures (id, geofeature_id, geofeature_type, documentation_file_id, updated_at) VALUES (4747, 3045, 'cave_place', 2025, 1775839977);
INSERT INTO documentation_files (id, title, description, file_name, file_size, file_hash, file_type, created_at) VALUES (2026, 'Document Peștera G3 din Piatra Lupului #13', 'Studiu speleogenetic - sectorul 71. Am analizat 457 probe de calcar sub microscop. Varsta estimata a galeriei: 400 milioane de ani. Am identificat 301 faze de speleogeneza. Nivelul freatic actual este la 28 metri adancime. Am corelat cu 52 alte pesteri din zona. Porozitatea medie a rocii: 302 procente. Am realizat 147 sectiuni subtiri din probe. Studiul va fi publicat in volumul 384 al buletinului. Am colaborat cu 123 geologi specialisti.', 'doc_existing_c49_13.txt', 442, NULL, 'text_document', 1775839977);
INSERT INTO documentation_files_to_geofeatures (id, geofeature_id, geofeature_type, documentation_file_id, updated_at) VALUES (4748, 49, 'cave', 2026, 1775839977);
INSERT INTO documentation_files_to_geofeatures (id, geofeature_id, geofeature_type, documentation_file_id, updated_at) VALUES (4749, 224, 'cave_area', 2026, 1775839977);
INSERT INTO documentation_files (id, title, description, file_name, file_size, file_hash, file_type, created_at) VALUES (2027, 'Document Peștera G3 din Piatra Lupului #14', 'Proces verbal intalnire club - sedinta nr. 288. Au participat 146 membri. Am discutat 44 puncte pe ordinea de zi. S-a aprobat bugetul de 213 lei pentru trimestrul urmator. Am planificat 345 expeditii in urmatoarele luni. S-au inscris 49 membri noi. Am evaluat 496 rapoarte de explorare. S-a votat achizitionarea de echipament in valoare de 494 lei. Urmatoarea sedinta: peste 189 saptamani. Am desemnat 197 responsabili pentru proiecte.', 'doc_existing_c49_14.txt', 435, NULL, 'text_document', 1775839977);
INSERT INTO documentation_files_to_geofeatures (id, geofeature_id, geofeature_type, documentation_file_id, updated_at) VALUES (4750, 49, 'cave', 2027, 1775839977);
INSERT INTO documentation_files_to_geofeatures (id, geofeature_id, geofeature_type, documentation_file_id, updated_at) VALUES (4751, 223, 'cave_area', 2027, 1775839977);
INSERT INTO documentation_files_to_geofeatures (id, geofeature_id, geofeature_type, documentation_file_id, updated_at) VALUES (4752, 3108, 'cave_place', 2027, 1775839977);
INSERT INTO documentation_files (id, title, description, file_name, file_size, file_hash, file_type, created_at) VALUES (2028, 'Document Peștera G3 din Piatra Lupului #15', 'Raport geologic - profil 70. Stratele de calcar apartin etajului 203. Grosimea medie a stratelor este de 55 centimetri. Fisurile tectonice au un azimut predominant de 185 grade. Am recoltat 82 probe de roca pentru datarea izotopica. Continutul de CaCO3 depaseste 236 procente. Concretii de aragonita au fost gasite la cota 43. Varsta estimata a speleothemelor: 68 mii de ani. Depozitele clastice au o grosime de 379 centimetri. Am identificat 305 tipuri diferite de sedimente. Nivelul paleoclappei fosile este la cota 93 metri. Analiza XRD confirma 213 faze minerale distincte. Sectorul analizat are o lungime de 286 metri. Am realizat 236 profile transversale ale galeriei. Cutele vizibile au amplitudini de 184 centimetri.', 'doc_existing_c49_15.txt', 724, NULL, 'text_document', 1775839977);
INSERT INTO documentation_files_to_geofeatures (id, geofeature_id, geofeature_type, documentation_file_id, updated_at) VALUES (4753, 49, 'cave', 2028, 1775839977);
INSERT INTO documentation_files_to_geofeatures (id, geofeature_id, geofeature_type, documentation_file_id, updated_at) VALUES (4754, 223, 'cave_area', 2028, 1775839977);
INSERT INTO documentation_files_to_geofeatures (id, geofeature_id, geofeature_type, documentation_file_id, updated_at) VALUES (4755, 3075, 'cave_place', 2028, 1775839977);
INSERT INTO documentation_files (id, title, description, file_name, file_size, file_hash, file_type, created_at) VALUES (2029, 'Document Peștera G3 din Piatra Lupului #16', 'Raport conservare patrimoniu - obiectiv 188. Am evaluat starea a 413 inscriptii istorice. Dintre acestea, 131 necesita interventie urgenta. Am curatat 336 metri patrati de graffiti modern. Am instalat 200 panouri informative la intrare. Bariera de protectie acopera 90 metri liniari. Am documentat 342 urme de vandalism. Raportul a fost transmis autoritatilor locale in 209 exemplare. Am propus clasificarea a 79 formatiuni ca monument natural. Vizitele ghidate sunt limitate la 64 persoane simultan. Am instruit 444 ghizi locali. Costul estimat al lucrarilor: 68 lei. Termenul de finalizare: 110 luni.', 'doc_existing_c49_16.txt', 602, NULL, 'text_document', 1775839977);
INSERT INTO documentation_files_to_geofeatures (id, geofeature_id, geofeature_type, documentation_file_id, updated_at) VALUES (4756, 49, 'cave', 2029, 1775839977);
INSERT INTO documentation_files_to_geofeatures (id, geofeature_id, geofeature_type, documentation_file_id, updated_at) VALUES (4757, 3070, 'cave_place', 2029, 1775839977);
INSERT INTO documentation_files (id, title, description, file_name, file_size, file_hash, file_type, created_at) VALUES (2030, 'Foto Peștera G3 din Piatra Lupului #1', 'Fotografie de pestera pentru arhiva tehnica.', '20250105_121005.jpg', 102925, NULL, 'photo', 1775839977);
INSERT INTO documentation_files_to_geofeatures (id, geofeature_id, geofeature_type, documentation_file_id, updated_at) VALUES (4758, 49, 'cave', 2030, 1775839977);
INSERT INTO documentation_files_to_geofeatures (id, geofeature_id, geofeature_type, documentation_file_id, updated_at) VALUES (4759, 224, 'cave_area', 2030, 1775839977);
INSERT INTO documentation_files_to_geofeatures (id, geofeature_id, geofeature_type, documentation_file_id, updated_at) VALUES (4760, 3068, 'cave_place', 2030, 1775839977);
INSERT INTO documentation_files (id, title, description, file_name, file_size, file_hash, file_type, created_at) VALUES (2031, 'Foto Peștera G3 din Piatra Lupului #2', 'Fotografie de pestera pentru arhiva tehnica.', '20250106_172237.jpg', 100771, NULL, 'photo', 1775839977);
INSERT INTO documentation_files_to_geofeatures (id, geofeature_id, geofeature_type, documentation_file_id, updated_at) VALUES (4761, 49, 'cave', 2031, 1775839977);
INSERT INTO documentation_files_to_geofeatures (id, geofeature_id, geofeature_type, documentation_file_id, updated_at) VALUES (4762, 223, 'cave_area', 2031, 1775839977);
INSERT INTO documentation_files_to_geofeatures (id, geofeature_id, geofeature_type, documentation_file_id, updated_at) VALUES (4763, 3085, 'cave_place', 2031, 1775839977);
INSERT INTO documentation_files (id, title, description, file_name, file_size, file_hash, file_type, created_at) VALUES (2032, 'Foto Peștera G3 din Piatra Lupului #3', 'Fotografie de pestera pentru arhiva tehnica.', '20250108_015331.jpg', 90733, NULL, 'photo', 1775839977);
INSERT INTO documentation_files_to_geofeatures (id, geofeature_id, geofeature_type, documentation_file_id, updated_at) VALUES (4764, 49, 'cave', 2032, 1775839977);
INSERT INTO documentation_files_to_geofeatures (id, geofeature_id, geofeature_type, documentation_file_id, updated_at) VALUES (4765, 224, 'cave_area', 2032, 1775839977);
INSERT INTO documentation_files_to_geofeatures (id, geofeature_id, geofeature_type, documentation_file_id, updated_at) VALUES (4766, 3030, 'cave_place', 2032, 1775839977);
INSERT INTO documentation_files (id, title, description, file_name, file_size, file_hash, file_type, created_at) VALUES (2033, 'Foto Peștera G3 din Piatra Lupului #4', 'Fotografie de pestera pentru arhiva tehnica.', '20250105_171938.jpg', 83405, NULL, 'photo', 1775839977);
INSERT INTO documentation_files_to_geofeatures (id, geofeature_id, geofeature_type, documentation_file_id, updated_at) VALUES (4767, 49, 'cave', 2033, 1775839977);
INSERT INTO documentation_files_to_geofeatures (id, geofeature_id, geofeature_type, documentation_file_id, updated_at) VALUES (4768, 224, 'cave_area', 2033, 1775839977);
INSERT INTO documentation_files (id, title, description, file_name, file_size, file_hash, file_type, created_at) VALUES (2034, 'Foto Peștera G3 din Piatra Lupului #5', 'Fotografie de pestera pentru arhiva tehnica.', '20250108_055732.jpg', 99069, NULL, 'photo', 1775839977);
INSERT INTO documentation_files_to_geofeatures (id, geofeature_id, geofeature_type, documentation_file_id, updated_at) VALUES (4769, 49, 'cave', 2034, 1775839977);
INSERT INTO documentation_files_to_geofeatures (id, geofeature_id, geofeature_type, documentation_file_id, updated_at) VALUES (4770, 3077, 'cave_place', 2034, 1775839977);
INSERT INTO documentation_files (id, title, description, file_name, file_size, file_hash, file_type, created_at) VALUES (2035, 'Foto Peștera G3 din Piatra Lupului #6', 'Fotografie de pestera pentru arhiva tehnica.', '20250108_055732.jpg', 99069, NULL, 'photo', 1775839977);
INSERT INTO documentation_files_to_geofeatures (id, geofeature_id, geofeature_type, documentation_file_id, updated_at) VALUES (4771, 49, 'cave', 2035, 1775839977);
INSERT INTO documentation_files_to_geofeatures (id, geofeature_id, geofeature_type, documentation_file_id, updated_at) VALUES (4772, 3042, 'cave_place', 2035, 1775839977);
INSERT INTO documentation_files (id, title, description, file_name, file_size, file_hash, file_type, created_at) VALUES (2036, 'Foto Peștera G3 din Piatra Lupului #7', 'Fotografie de pestera pentru arhiva tehnica.', '20250107_045319.jpg', 70367, NULL, 'photo', 1775839977);
INSERT INTO documentation_files_to_geofeatures (id, geofeature_id, geofeature_type, documentation_file_id, updated_at) VALUES (4773, 49, 'cave', 2036, 1775839977);
INSERT INTO documentation_files_to_geofeatures (id, geofeature_id, geofeature_type, documentation_file_id, updated_at) VALUES (4774, 223, 'cave_area', 2036, 1775839977);
INSERT INTO documentation_files_to_geofeatures (id, geofeature_id, geofeature_type, documentation_file_id, updated_at) VALUES (4775, 3083, 'cave_place', 2036, 1775839977);
INSERT INTO documentation_files (id, title, description, file_name, file_size, file_hash, file_type, created_at) VALUES (2037, 'Foto Peștera G3 din Piatra Lupului #8', 'Fotografie de pestera pentru arhiva tehnica.', '20250109_011630.jpg', 92323, NULL, 'photo', 1775839977);
INSERT INTO documentation_files_to_geofeatures (id, geofeature_id, geofeature_type, documentation_file_id, updated_at) VALUES (4776, 49, 'cave', 2037, 1775839977);
INSERT INTO documentation_files_to_geofeatures (id, geofeature_id, geofeature_type, documentation_file_id, updated_at) VALUES (4777, 224, 'cave_area', 2037, 1775839977);
INSERT INTO documentation_files_to_geofeatures (id, geofeature_id, geofeature_type, documentation_file_id, updated_at) VALUES (4778, 3071, 'cave_place', 2037, 1775839977);
INSERT INTO documentation_files (id, title, description, file_name, file_size, file_hash, file_type, created_at) VALUES (2038, 'Foto Peștera G3 din Piatra Lupului #9', 'Fotografie de pestera pentru arhiva tehnica.', '20250105_153139.jpg', 53561, NULL, 'photo', 1775839977);
INSERT INTO documentation_files_to_geofeatures (id, geofeature_id, geofeature_type, documentation_file_id, updated_at) VALUES (4779, 49, 'cave', 2038, 1775839977);
INSERT INTO documentation_files_to_geofeatures (id, geofeature_id, geofeature_type, documentation_file_id, updated_at) VALUES (4780, 224, 'cave_area', 2038, 1775839977);
INSERT INTO documentation_files_to_geofeatures (id, geofeature_id, geofeature_type, documentation_file_id, updated_at) VALUES (4781, 3072, 'cave_place', 2038, 1775839977);
INSERT INTO documentation_files (id, title, description, file_name, file_size, file_hash, file_type, created_at) VALUES (2039, 'Foto Peștera G3 din Piatra Lupului #10', 'Fotografie de pestera pentru arhiva tehnica.', '20250105_121440.jpg', 58950, NULL, 'photo', 1775839977);
INSERT INTO documentation_files_to_geofeatures (id, geofeature_id, geofeature_type, documentation_file_id, updated_at) VALUES (4782, 49, 'cave', 2039, 1775839977);
INSERT INTO documentation_files_to_geofeatures (id, geofeature_id, geofeature_type, documentation_file_id, updated_at) VALUES (4783, 3087, 'cave_place', 2039, 1775839977);
INSERT INTO documentation_files (id, title, description, file_name, file_size, file_hash, file_type, created_at) VALUES (2040, 'Foto Peștera G3 din Piatra Lupului #11', 'Fotografie de pestera pentru arhiva tehnica.', '20250105_171938.jpg', 83405, NULL, 'photo', 1775839977);
INSERT INTO documentation_files_to_geofeatures (id, geofeature_id, geofeature_type, documentation_file_id, updated_at) VALUES (4784, 49, 'cave', 2040, 1775839977);
INSERT INTO documentation_files_to_geofeatures (id, geofeature_id, geofeature_type, documentation_file_id, updated_at) VALUES (4785, 224, 'cave_area', 2040, 1775839977);
INSERT INTO documentation_files_to_geofeatures (id, geofeature_id, geofeature_type, documentation_file_id, updated_at) VALUES (4786, 3078, 'cave_place', 2040, 1775839977);
INSERT INTO documentation_files (id, title, description, file_name, file_size, file_hash, file_type, created_at) VALUES (2041, 'Foto Peștera G3 din Piatra Lupului #12', 'Fotografie de pestera pentru arhiva tehnica.', '20250105_171954.jpg', 105834, NULL, 'photo', 1775839977);
INSERT INTO documentation_files_to_geofeatures (id, geofeature_id, geofeature_type, documentation_file_id, updated_at) VALUES (4787, 49, 'cave', 2041, 1775839977);
INSERT INTO documentation_files_to_geofeatures (id, geofeature_id, geofeature_type, documentation_file_id, updated_at) VALUES (4788, 223, 'cave_area', 2041, 1775839977);
INSERT INTO documentation_files_to_geofeatures (id, geofeature_id, geofeature_type, documentation_file_id, updated_at) VALUES (4789, 3033, 'cave_place', 2041, 1775839977);
INSERT INTO documentation_files (id, title, description, file_name, file_size, file_hash, file_type, created_at) VALUES (2042, 'Foto Peștera G3 din Piatra Lupului #13', 'Fotografie de pestera pentru arhiva tehnica.', '20250105_145407.jpg', 85562, NULL, 'photo', 1775839977);
INSERT INTO documentation_files_to_geofeatures (id, geofeature_id, geofeature_type, documentation_file_id, updated_at) VALUES (4790, 49, 'cave', 2042, 1775839977);
INSERT INTO documentation_files_to_geofeatures (id, geofeature_id, geofeature_type, documentation_file_id, updated_at) VALUES (4791, 3091, 'cave_place', 2042, 1775839977);
INSERT INTO documentation_files (id, title, description, file_name, file_size, file_hash, file_type, created_at) VALUES (2043, 'Foto Peștera G3 din Piatra Lupului #14', 'Fotografie de pestera pentru arhiva tehnica.', '20250105_121440.jpg', 58950, NULL, 'photo', 1775839977);
INSERT INTO documentation_files_to_geofeatures (id, geofeature_id, geofeature_type, documentation_file_id, updated_at) VALUES (4792, 49, 'cave', 2043, 1775839977);
INSERT INTO documentation_files_to_geofeatures (id, geofeature_id, geofeature_type, documentation_file_id, updated_at) VALUES (4793, 223, 'cave_area', 2043, 1775839977);
INSERT INTO documentation_files_to_geofeatures (id, geofeature_id, geofeature_type, documentation_file_id, updated_at) VALUES (4794, 3081, 'cave_place', 2043, 1775839977);
INSERT INTO documentation_files (id, title, description, file_name, file_size, file_hash, file_type, created_at) VALUES (2044, 'Document Peștera H1 din Piatra Lupului #1', 'Evidenta resurse hidrologice - punctul 324. Debitul mediu masurat: 481 litri pe secunda. Am efectuat 47 masuratori in perioade diferite. Temperatura apei: 111 grade Celsius, constanta. pH-ul masurat: 302 unitati. Conductivitatea electrica: 92 microsiemensi. Am injectat 149 grame de trasor fluorescent. Trasorul a aparut la izvor dupa 222 ore. Distanta estimata: 264 metri de conducte carstice. Nivelul maxim in sezonul ploios: 155 centimetri peste normal. Am monitorizat 6 izvoare din bazin. Volumul estimat al lacului subteran: 156 metri cubi.', 'doc_existing_c50_1.txt', 545, NULL, 'text_document', 1775839977);
INSERT INTO documentation_files_to_geofeatures (id, geofeature_id, geofeature_type, documentation_file_id, updated_at) VALUES (4795, 50, 'cave', 2044, 1775839977);
INSERT INTO documentation_files_to_geofeatures (id, geofeature_id, geofeature_type, documentation_file_id, updated_at) VALUES (4796, 229, 'cave_area', 2044, 1775839977);
INSERT INTO documentation_files_to_geofeatures (id, geofeature_id, geofeature_type, documentation_file_id, updated_at) VALUES (4797, 3150, 'cave_place', 2044, 1775839977);
INSERT INTO documentation_files (id, title, description, file_name, file_size, file_hash, file_type, created_at) VALUES (2045, 'Document Peștera H1 din Piatra Lupului #2', 'Raport geologic - profil 444. Stratele de calcar apartin etajului 435. Grosimea medie a stratelor este de 166 centimetri. Fisurile tectonice au un azimut predominant de 89 grade. Am recoltat 147 probe de roca pentru datarea izotopica. Continutul de CaCO3 depaseste 176 procente. Concretii de aragonita au fost gasite la cota 157. Varsta estimata a speleothemelor: 38 mii de ani. Depozitele clastice au o grosime de 160 centimetri. Am identificat 453 tipuri diferite de sedimente. Nivelul paleoclappei fosile este la cota 160 metri. Analiza XRD confirma 156 faze minerale distincte. Sectorul analizat are o lungime de 65 metri. Am realizat 320 profile transversale ale galeriei. Cutele vizibile au amplitudini de 291 centimetri.', 'doc_existing_c50_2.txt', 727, NULL, 'text_document', 1775839977);
INSERT INTO documentation_files_to_geofeatures (id, geofeature_id, geofeature_type, documentation_file_id, updated_at) VALUES (4798, 50, 'cave', 2045, 1775839977);
INSERT INTO documentation_files_to_geofeatures (id, geofeature_id, geofeature_type, documentation_file_id, updated_at) VALUES (4799, 3124, 'cave_place', 2045, 1775839977);
INSERT INTO documentation_files (id, title, description, file_name, file_size, file_hash, file_type, created_at) VALUES (2046, 'Document Peștera H1 din Piatra Lupului #3', 'Raport geologic - profil 320. Stratele de calcar apartin etajului 136. Grosimea medie a stratelor este de 375 centimetri. Fisurile tectonice au un azimut predominant de 235 grade. Am recoltat 349 probe de roca pentru datarea izotopica. Continutul de CaCO3 depaseste 15 procente. Concretii de aragonita au fost gasite la cota 404. Varsta estimata a speleothemelor: 150 mii de ani. Depozitele clastice au o grosime de 377 centimetri. Am identificat 431 tipuri diferite de sedimente. Nivelul paleoclappei fosile este la cota 264 metri. Analiza XRD confirma 252 faze minerale distincte. Sectorul analizat are o lungime de 42 metri. Am realizat 27 profile transversale ale galeriei. Cutele vizibile au amplitudini de 57 centimetri.', 'doc_existing_c50_3.txt', 726, NULL, 'text_document', 1775839977);
INSERT INTO documentation_files_to_geofeatures (id, geofeature_id, geofeature_type, documentation_file_id, updated_at) VALUES (4800, 50, 'cave', 2046, 1775839977);
INSERT INTO documentation_files (id, title, description, file_name, file_size, file_hash, file_type, created_at) VALUES (2047, 'Document Peștera H1 din Piatra Lupului #4', 'Evidenta resurse hidrologice - punctul 258. Debitul mediu masurat: 234 litri pe secunda. Am efectuat 341 masuratori in perioade diferite. Temperatura apei: 82 grade Celsius, constanta. pH-ul masurat: 239 unitati. Conductivitatea electrica: 291 microsiemensi. Am injectat 52 grame de trasor fluorescent. Trasorul a aparut la izvor dupa 146 ore. Distanta estimata: 40 metri de conducte carstice. Nivelul maxim in sezonul ploios: 260 centimetri peste normal. Am monitorizat 104 izvoare din bazin. Volumul estimat al lacului subteran: 140 metri cubi.', 'doc_existing_c50_4.txt', 546, NULL, 'text_document', 1775839977);
INSERT INTO documentation_files_to_geofeatures (id, geofeature_id, geofeature_type, documentation_file_id, updated_at) VALUES (4801, 50, 'cave', 2047, 1775839977);
INSERT INTO documentation_files_to_geofeatures (id, geofeature_id, geofeature_type, documentation_file_id, updated_at) VALUES (4802, 229, 'cave_area', 2047, 1775839977);
INSERT INTO documentation_files_to_geofeatures (id, geofeature_id, geofeature_type, documentation_file_id, updated_at) VALUES (4803, 3134, 'cave_place', 2047, 1775839977);
INSERT INTO documentation_files (id, title, description, file_name, file_size, file_hash, file_type, created_at) VALUES (2048, 'Document Peștera H1 din Piatra Lupului #5', 'Studiu speleogenetic - sectorul 22. Am analizat 168 probe de calcar sub microscop. Varsta estimata a galeriei: 414 milioane de ani. Am identificat 258 faze de speleogeneza. Nivelul freatic actual este la 389 metri adancime. Am corelat cu 82 alte pesteri din zona. Porozitatea medie a rocii: 430 procente. Am realizat 182 sectiuni subtiri din probe. Studiul va fi publicat in volumul 273 al buletinului. Am colaborat cu 388 geologi specialisti.', 'doc_existing_c50_5.txt', 443, NULL, 'text_document', 1775839977);
INSERT INTO documentation_files_to_geofeatures (id, geofeature_id, geofeature_type, documentation_file_id, updated_at) VALUES (4804, 50, 'cave', 2048, 1775839977);
INSERT INTO documentation_files (id, title, description, file_name, file_size, file_hash, file_type, created_at) VALUES (2049, 'Document Peștera H1 din Piatra Lupului #6', 'Proces verbal intalnire club - sedinta nr. 82. Au participat 411 membri. Am discutat 487 puncte pe ordinea de zi. S-a aprobat bugetul de 412 lei pentru trimestrul urmator. Am planificat 481 expeditii in urmatoarele luni. S-au inscris 478 membri noi. Am evaluat 465 rapoarte de explorare. S-a votat achizitionarea de echipament in valoare de 495 lei. Urmatoarea sedinta: peste 347 saptamani. Am desemnat 192 responsabili pentru proiecte.', 'doc_existing_c50_6.txt', 436, NULL, 'text_document', 1775839977);
INSERT INTO documentation_files_to_geofeatures (id, geofeature_id, geofeature_type, documentation_file_id, updated_at) VALUES (4805, 50, 'cave', 2049, 1775839977);
INSERT INTO documentation_files_to_geofeatures (id, geofeature_id, geofeature_type, documentation_file_id, updated_at) VALUES (4806, 229, 'cave_area', 2049, 1775839977);
INSERT INTO documentation_files_to_geofeatures (id, geofeature_id, geofeature_type, documentation_file_id, updated_at) VALUES (4807, 3149, 'cave_place', 2049, 1775839977);
INSERT INTO documentation_files (id, title, description, file_name, file_size, file_hash, file_type, created_at) VALUES (2050, 'Document Peștera H1 din Piatra Lupului #7', 'Studiu speleogenetic - sectorul 195. Am analizat 96 probe de calcar sub microscop. Varsta estimata a galeriei: 39 milioane de ani. Am identificat 433 faze de speleogeneza. Nivelul freatic actual este la 227 metri adancime. Am corelat cu 393 alte pesteri din zona. Porozitatea medie a rocii: 194 procente. Am realizat 383 sectiuni subtiri din probe. Studiul va fi publicat in volumul 119 al buletinului. Am colaborat cu 231 geologi specialisti.', 'doc_existing_c50_7.txt', 443, NULL, 'text_document', 1775839977);
INSERT INTO documentation_files_to_geofeatures (id, geofeature_id, geofeature_type, documentation_file_id, updated_at) VALUES (4808, 50, 'cave', 2050, 1775839977);
INSERT INTO documentation_files (id, title, description, file_name, file_size, file_hash, file_type, created_at) VALUES (2051, 'Document Peștera H1 din Piatra Lupului #8', 'Raport climatologic subteran - statia 115. Senzorul a inregistrat 232 cicluri complete de temperatura. Temperatura medie anuala: 443 grade Celsius. Amplitudinea termica maxima: 248 grade. Umiditatea relativa medie: 164 procente. Concentratia de CO2: 329 ppm. Curentul de aer maxim masurat: 319 metri pe secunda. Directia predominanta a curentului: sector 130. Datalogerul a functionat 15 zile fara intrerupere. Am descarcat 431 megabytes de date brute. Presiunea barometrica la intrare: 244 mbar. Evaporarea masurata: 308 milimetri pe luna. Am comparat datele cu 349 statii meteorologice de suprafata. Raportul complet include 162 grafice si tabele. Monitorizarea continua de 253 luni confirma stabilitatea climatica.', 'doc_existing_c50_8.txt', 717, NULL, 'text_document', 1775839977);
INSERT INTO documentation_files_to_geofeatures (id, geofeature_id, geofeature_type, documentation_file_id, updated_at) VALUES (4809, 50, 'cave', 2051, 1775839977);
INSERT INTO documentation_files_to_geofeatures (id, geofeature_id, geofeature_type, documentation_file_id, updated_at) VALUES (4810, 3129, 'cave_place', 2051, 1775839977);
INSERT INTO documentation_files (id, title, description, file_name, file_size, file_hash, file_type, created_at) VALUES (2052, 'Document Peștera H1 din Piatra Lupului #9', 'Nota de mentenanta balize - traseul 162. Am verificat 143 balize reflectorizante. Dintre acestea, 498 au fost inlocuite. Am adaugat 495 balize noi in zonele nemarcate. Distanta medie intre balize: 465 metri. Am folosit 299 culori diferite conform codificarii. Vizibilitatea minima a balizelor: 320 metri cu lampa frontala. Am eliminat 6 marcaje vechi si confuze. Traseul total balizat: 86 metri. Urmatoarea verificare: peste 41 luni. Materialul consumat: 465 benzi reflectorizante.', 'doc_existing_c50_9.txt', 481, NULL, 'text_document', 1775839977);
INSERT INTO documentation_files_to_geofeatures (id, geofeature_id, geofeature_type, documentation_file_id, updated_at) VALUES (4811, 50, 'cave', 2052, 1775839977);
INSERT INTO documentation_files (id, title, description, file_name, file_size, file_hash, file_type, created_at) VALUES (2053, 'Foto Peștera H1 din Piatra Lupului #1', 'Fotografie de pestera pentru arhiva tehnica.', '20250107_045319.jpg', 70367, NULL, 'photo', 1775839977);
INSERT INTO documentation_files_to_geofeatures (id, geofeature_id, geofeature_type, documentation_file_id, updated_at) VALUES (4812, 50, 'cave', 2053, 1775839977);
INSERT INTO documentation_files_to_geofeatures (id, geofeature_id, geofeature_type, documentation_file_id, updated_at) VALUES (4813, 225, 'cave_area', 2053, 1775839977);
INSERT INTO documentation_files_to_geofeatures (id, geofeature_id, geofeature_type, documentation_file_id, updated_at) VALUES (4814, 3140, 'cave_place', 2053, 1775839977);
INSERT INTO documentation_files (id, title, description, file_name, file_size, file_hash, file_type, created_at) VALUES (2054, 'Foto Peștera H1 din Piatra Lupului #2', 'Fotografie de pestera pentru arhiva tehnica.', '20250106_213749.jpg', 51518, NULL, 'photo', 1775839977);
INSERT INTO documentation_files_to_geofeatures (id, geofeature_id, geofeature_type, documentation_file_id, updated_at) VALUES (4815, 50, 'cave', 2054, 1775839977);
INSERT INTO documentation_files_to_geofeatures (id, geofeature_id, geofeature_type, documentation_file_id, updated_at) VALUES (4816, 3147, 'cave_place', 2054, 1775839977);
INSERT INTO documentation_files (id, title, description, file_name, file_size, file_hash, file_type, created_at) VALUES (2055, 'Foto Peștera H1 din Piatra Lupului #3', 'Fotografie de pestera pentru arhiva tehnica.', '20250106_172237.jpg', 100771, NULL, 'photo', 1775839977);
INSERT INTO documentation_files_to_geofeatures (id, geofeature_id, geofeature_type, documentation_file_id, updated_at) VALUES (4817, 50, 'cave', 2055, 1775839977);
INSERT INTO documentation_files_to_geofeatures (id, geofeature_id, geofeature_type, documentation_file_id, updated_at) VALUES (4818, 229, 'cave_area', 2055, 1775839977);
INSERT INTO documentation_files_to_geofeatures (id, geofeature_id, geofeature_type, documentation_file_id, updated_at) VALUES (4819, 3127, 'cave_place', 2055, 1775839977);
INSERT INTO documentation_files (id, title, description, file_name, file_size, file_hash, file_type, created_at) VALUES (2056, 'Foto Peștera H1 din Piatra Lupului #4', 'Fotografie de pestera pentru arhiva tehnica.', '20250109_010113.jpg', 100347, NULL, 'photo', 1775839977);
INSERT INTO documentation_files_to_geofeatures (id, geofeature_id, geofeature_type, documentation_file_id, updated_at) VALUES (4820, 50, 'cave', 2056, 1775839977);
INSERT INTO documentation_files_to_geofeatures (id, geofeature_id, geofeature_type, documentation_file_id, updated_at) VALUES (4821, 226, 'cave_area', 2056, 1775839977);
INSERT INTO documentation_files_to_geofeatures (id, geofeature_id, geofeature_type, documentation_file_id, updated_at) VALUES (4822, 3155, 'cave_place', 2056, 1775839977);
INSERT INTO documentation_files (id, title, description, file_name, file_size, file_hash, file_type, created_at) VALUES (2057, 'Foto Peștera H1 din Piatra Lupului #5', 'Fotografie de pestera pentru arhiva tehnica.', '20250108_051137.jpg', 76321, NULL, 'photo', 1775839977);
INSERT INTO documentation_files_to_geofeatures (id, geofeature_id, geofeature_type, documentation_file_id, updated_at) VALUES (4823, 50, 'cave', 2057, 1775839977);
INSERT INTO documentation_files_to_geofeatures (id, geofeature_id, geofeature_type, documentation_file_id, updated_at) VALUES (4824, 228, 'cave_area', 2057, 1775839977);
INSERT INTO documentation_files_to_geofeatures (id, geofeature_id, geofeature_type, documentation_file_id, updated_at) VALUES (4825, 3141, 'cave_place', 2057, 1775839977);
INSERT INTO documentation_files (id, title, description, file_name, file_size, file_hash, file_type, created_at) VALUES (2058, 'Foto Peștera H1 din Piatra Lupului #6', 'Fotografie de pestera pentru arhiva tehnica.', '20250105_121005.jpg', 102925, NULL, 'photo', 1775839977);
INSERT INTO documentation_files_to_geofeatures (id, geofeature_id, geofeature_type, documentation_file_id, updated_at) VALUES (4826, 50, 'cave', 2058, 1775839977);
INSERT INTO documentation_files_to_geofeatures (id, geofeature_id, geofeature_type, documentation_file_id, updated_at) VALUES (4827, 229, 'cave_area', 2058, 1775839977);
INSERT INTO documentation_files (id, title, description, file_name, file_size, file_hash, file_type, created_at) VALUES (2059, 'Foto Peștera H1 din Piatra Lupului #7', 'Fotografie de pestera pentru arhiva tehnica.', '20250105_121440.jpg', 58950, NULL, 'photo', 1775839977);
INSERT INTO documentation_files_to_geofeatures (id, geofeature_id, geofeature_type, documentation_file_id, updated_at) VALUES (4828, 50, 'cave', 2059, 1775839977);
INSERT INTO documentation_files_to_geofeatures (id, geofeature_id, geofeature_type, documentation_file_id, updated_at) VALUES (4829, 225, 'cave_area', 2059, 1775839977);
INSERT INTO documentation_files_to_geofeatures (id, geofeature_id, geofeature_type, documentation_file_id, updated_at) VALUES (4830, 3120, 'cave_place', 2059, 1775839977);
INSERT INTO documentation_files (id, title, description, file_name, file_size, file_hash, file_type, created_at) VALUES (2060, 'Foto Peștera H1 din Piatra Lupului #8', 'Fotografie de pestera pentru arhiva tehnica.', '20250108_015331.jpg', 90733, NULL, 'photo', 1775839977);
INSERT INTO documentation_files_to_geofeatures (id, geofeature_id, geofeature_type, documentation_file_id, updated_at) VALUES (4831, 50, 'cave', 2060, 1775839977);
INSERT INTO documentation_files_to_geofeatures (id, geofeature_id, geofeature_type, documentation_file_id, updated_at) VALUES (4832, 228, 'cave_area', 2060, 1775839977);
INSERT INTO documentation_files_to_geofeatures (id, geofeature_id, geofeature_type, documentation_file_id, updated_at) VALUES (4833, 3120, 'cave_place', 2060, 1775839977);
INSERT INTO documentation_files (id, title, description, file_name, file_size, file_hash, file_type, created_at) VALUES (2061, 'Foto Peștera H1 din Piatra Lupului #9', 'Fotografie de pestera pentru arhiva tehnica.', '20250105_121440.jpg', 58950, NULL, 'photo', 1775839977);
INSERT INTO documentation_files_to_geofeatures (id, geofeature_id, geofeature_type, documentation_file_id, updated_at) VALUES (4834, 50, 'cave', 2061, 1775839977);
INSERT INTO documentation_files_to_geofeatures (id, geofeature_id, geofeature_type, documentation_file_id, updated_at) VALUES (4835, 3139, 'cave_place', 2061, 1775839977);
INSERT INTO documentation_files (id, title, description, file_name, file_size, file_hash, file_type, created_at) VALUES (2062, 'Foto Peștera H1 din Piatra Lupului #10', 'Fotografie de pestera pentru arhiva tehnica.', '20250108_015331.jpg', 90733, NULL, 'photo', 1775839977);
INSERT INTO documentation_files_to_geofeatures (id, geofeature_id, geofeature_type, documentation_file_id, updated_at) VALUES (4836, 50, 'cave', 2062, 1775839977);
INSERT INTO documentation_files_to_geofeatures (id, geofeature_id, geofeature_type, documentation_file_id, updated_at) VALUES (4837, 3124, 'cave_place', 2062, 1775839977);
INSERT INTO documentation_files (id, title, description, file_name, file_size, file_hash, file_type, created_at) VALUES (2063, 'Foto Peștera H1 din Piatra Lupului #11', 'Fotografie de pestera pentru arhiva tehnica.', '20250105_171938.jpg', 83405, NULL, 'photo', 1775839977);
INSERT INTO documentation_files_to_geofeatures (id, geofeature_id, geofeature_type, documentation_file_id, updated_at) VALUES (4838, 50, 'cave', 2063, 1775839977);
INSERT INTO documentation_files (id, title, description, file_name, file_size, file_hash, file_type, created_at) VALUES (2064, 'Foto Peștera H1 din Piatra Lupului #12', 'Fotografie de pestera pentru arhiva tehnica.', '20250106_175243.jpg', 88609, NULL, 'photo', 1775839977);
INSERT INTO documentation_files_to_geofeatures (id, geofeature_id, geofeature_type, documentation_file_id, updated_at) VALUES (4839, 50, 'cave', 2064, 1775839977);
INSERT INTO documentation_files_to_geofeatures (id, geofeature_id, geofeature_type, documentation_file_id, updated_at) VALUES (4840, 228, 'cave_area', 2064, 1775839977);
INSERT INTO documentation_files_to_geofeatures (id, geofeature_id, geofeature_type, documentation_file_id, updated_at) VALUES (4841, 3125, 'cave_place', 2064, 1775839977);
INSERT INTO documentation_files (id, title, description, file_name, file_size, file_hash, file_type, created_at) VALUES (2065, 'Foto Peștera H1 din Piatra Lupului #13', 'Fotografie de pestera pentru arhiva tehnica.', '20250108_230150.jpg', 82392, NULL, 'photo', 1775839977);
INSERT INTO documentation_files_to_geofeatures (id, geofeature_id, geofeature_type, documentation_file_id, updated_at) VALUES (4842, 50, 'cave', 2065, 1775839977);
INSERT INTO documentation_files_to_geofeatures (id, geofeature_id, geofeature_type, documentation_file_id, updated_at) VALUES (4843, 228, 'cave_area', 2065, 1775839977);
INSERT INTO documentation_files_to_geofeatures (id, geofeature_id, geofeature_type, documentation_file_id, updated_at) VALUES (4844, 3152, 'cave_place', 2065, 1775839977);
INSERT INTO documentation_files (id, title, description, file_name, file_size, file_hash, file_type, created_at) VALUES (2066, 'Document Peștera H2 din Piatra Lupului #1', 'Studiu speleogenetic - sectorul 377. Am analizat 239 probe de calcar sub microscop. Varsta estimata a galeriei: 410 milioane de ani. Am identificat 76 faze de speleogeneza. Nivelul freatic actual este la 83 metri adancime. Am corelat cu 4 alte pesteri din zona. Porozitatea medie a rocii: 57 procente. Am realizat 256 sectiuni subtiri din probe. Studiul va fi publicat in volumul 294 al buletinului. Am colaborat cu 164 geologi specialisti.', 'doc_existing_c51_1.txt', 440, NULL, 'text_document', 1775839977);
INSERT INTO documentation_files_to_geofeatures (id, geofeature_id, geofeature_type, documentation_file_id, updated_at) VALUES (4845, 51, 'cave', 2066, 1775839977);
INSERT INTO documentation_files_to_geofeatures (id, geofeature_id, geofeature_type, documentation_file_id, updated_at) VALUES (4846, 235, 'cave_area', 2066, 1775839977);
INSERT INTO documentation_files_to_geofeatures (id, geofeature_id, geofeature_type, documentation_file_id, updated_at) VALUES (4847, 3215, 'cave_place', 2066, 1775839977);
INSERT INTO documentation_files (id, title, description, file_name, file_size, file_hash, file_type, created_at) VALUES (2067, 'Document Peștera H2 din Piatra Lupului #2', 'Raport climatologic subteran - statia 335. Senzorul a inregistrat 259 cicluri complete de temperatura. Temperatura medie anuala: 158 grade Celsius. Amplitudinea termica maxima: 44 grade. Umiditatea relativa medie: 125 procente. Concentratia de CO2: 200 ppm. Curentul de aer maxim masurat: 19 metri pe secunda. Directia predominanta a curentului: sector 479. Datalogerul a functionat 230 zile fara intrerupere. Am descarcat 195 megabytes de date brute. Presiunea barometrica la intrare: 96 mbar. Evaporarea masurata: 264 milimetri pe luna. Am comparat datele cu 480 statii meteorologice de suprafata. Raportul complet include 423 grafice si tabele. Monitorizarea continua de 447 luni confirma stabilitatea climatica.', 'doc_existing_c51_2.txt', 715, NULL, 'text_document', 1775839977);
INSERT INTO documentation_files_to_geofeatures (id, geofeature_id, geofeature_type, documentation_file_id, updated_at) VALUES (4848, 51, 'cave', 2067, 1775839977);
INSERT INTO documentation_files_to_geofeatures (id, geofeature_id, geofeature_type, documentation_file_id, updated_at) VALUES (4849, 3168, 'cave_place', 2067, 1775839977);
INSERT INTO documentation_files (id, title, description, file_name, file_size, file_hash, file_type, created_at) VALUES (2068, 'Document Peștera H2 din Piatra Lupului #3', 'Studiu speleogenetic - sectorul 262. Am analizat 3 probe de calcar sub microscop. Varsta estimata a galeriei: 122 milioane de ani. Am identificat 41 faze de speleogeneza. Nivelul freatic actual este la 108 metri adancime. Am corelat cu 12 alte pesteri din zona. Porozitatea medie a rocii: 154 procente. Am realizat 121 sectiuni subtiri din probe. Studiul va fi publicat in volumul 244 al buletinului. Am colaborat cu 287 geologi specialisti.', 'doc_existing_c51_3.txt', 441, NULL, 'text_document', 1775839977);
INSERT INTO documentation_files_to_geofeatures (id, geofeature_id, geofeature_type, documentation_file_id, updated_at) VALUES (4850, 51, 'cave', 2068, 1775839977);
INSERT INTO documentation_files_to_geofeatures (id, geofeature_id, geofeature_type, documentation_file_id, updated_at) VALUES (4851, 3206, 'cave_place', 2068, 1775839977);
INSERT INTO documentation_files (id, title, description, file_name, file_size, file_hash, file_type, created_at) VALUES (2069, 'Document Peștera H2 din Piatra Lupului #4', 'Raport conservare patrimoniu - obiectiv 112. Am evaluat starea a 408 inscriptii istorice. Dintre acestea, 319 necesita interventie urgenta. Am curatat 196 metri patrati de graffiti modern. Am instalat 465 panouri informative la intrare. Bariera de protectie acopera 123 metri liniari. Am documentat 159 urme de vandalism. Raportul a fost transmis autoritatilor locale in 89 exemplare. Am propus clasificarea a 118 formatiuni ca monument natural. Vizitele ghidate sunt limitate la 98 persoane simultan. Am instruit 238 ghizi locali. Costul estimat al lucrarilor: 396 lei. Termenul de finalizare: 415 luni.', 'doc_existing_c51_4.txt', 604, NULL, 'text_document', 1775839977);
INSERT INTO documentation_files_to_geofeatures (id, geofeature_id, geofeature_type, documentation_file_id, updated_at) VALUES (4852, 51, 'cave', 2069, 1775839977);
INSERT INTO documentation_files_to_geofeatures (id, geofeature_id, geofeature_type, documentation_file_id, updated_at) VALUES (4853, 3189, 'cave_place', 2069, 1775839977);
INSERT INTO documentation_files (id, title, description, file_name, file_size, file_hash, file_type, created_at) VALUES (2070, 'Document Peștera H2 din Piatra Lupului #5', 'Studiu speleogenetic - sectorul 329. Am analizat 261 probe de calcar sub microscop. Varsta estimata a galeriei: 41 milioane de ani. Am identificat 399 faze de speleogeneza. Nivelul freatic actual este la 91 metri adancime. Am corelat cu 47 alte pesteri din zona. Porozitatea medie a rocii: 20 procente. Am realizat 201 sectiuni subtiri din probe. Studiul va fi publicat in volumul 497 al buletinului. Am colaborat cu 325 geologi specialisti.', 'doc_existing_c51_5.txt', 441, NULL, 'text_document', 1775839977);
INSERT INTO documentation_files_to_geofeatures (id, geofeature_id, geofeature_type, documentation_file_id, updated_at) VALUES (4854, 51, 'cave', 2070, 1775839977);
INSERT INTO documentation_files_to_geofeatures (id, geofeature_id, geofeature_type, documentation_file_id, updated_at) VALUES (4855, 236, 'cave_area', 2070, 1775839977);
INSERT INTO documentation_files_to_geofeatures (id, geofeature_id, geofeature_type, documentation_file_id, updated_at) VALUES (4856, 3174, 'cave_place', 2070, 1775839977);
INSERT INTO documentation_files (id, title, description, file_name, file_size, file_hash, file_type, created_at) VALUES (2071, 'Document Peștera H2 din Piatra Lupului #6', 'Evidenta resurse hidrologice - punctul 437. Debitul mediu masurat: 327 litri pe secunda. Am efectuat 138 masuratori in perioade diferite. Temperatura apei: 277 grade Celsius, constanta. pH-ul masurat: 323 unitati. Conductivitatea electrica: 60 microsiemensi. Am injectat 51 grame de trasor fluorescent. Trasorul a aparut la izvor dupa 77 ore. Distanta estimata: 142 metri de conducte carstice. Nivelul maxim in sezonul ploios: 429 centimetri peste normal. Am monitorizat 457 izvoare din bazin. Volumul estimat al lacului subteran: 208 metri cubi.', 'doc_existing_c51_6.txt', 546, NULL, 'text_document', 1775839977);
INSERT INTO documentation_files_to_geofeatures (id, geofeature_id, geofeature_type, documentation_file_id, updated_at) VALUES (4857, 51, 'cave', 2071, 1775839977);
INSERT INTO documentation_files_to_geofeatures (id, geofeature_id, geofeature_type, documentation_file_id, updated_at) VALUES (4858, 235, 'cave_area', 2071, 1775839977);
INSERT INTO documentation_files_to_geofeatures (id, geofeature_id, geofeature_type, documentation_file_id, updated_at) VALUES (4859, 3173, 'cave_place', 2071, 1775839977);
INSERT INTO documentation_files (id, title, description, file_name, file_size, file_hash, file_type, created_at) VALUES (2072, 'Foto Peștera H2 din Piatra Lupului #1', 'Fotografie de pestera pentru arhiva tehnica.', '20250105_121440.jpg', 58950, NULL, 'photo', 1775839977);
INSERT INTO documentation_files_to_geofeatures (id, geofeature_id, geofeature_type, documentation_file_id, updated_at) VALUES (4860, 51, 'cave', 2072, 1775839977);
INSERT INTO documentation_files_to_geofeatures (id, geofeature_id, geofeature_type, documentation_file_id, updated_at) VALUES (4861, 233, 'cave_area', 2072, 1775839977);
INSERT INTO documentation_files_to_geofeatures (id, geofeature_id, geofeature_type, documentation_file_id, updated_at) VALUES (4862, 3174, 'cave_place', 2072, 1775839977);
INSERT INTO documentation_files (id, title, description, file_name, file_size, file_hash, file_type, created_at) VALUES (2073, 'Document Peștera H3 din Piatra Lupului #1', 'Fisa tehnica echipare put - verticala nr. 310. Adancimea: 333 metri. Am instalat 82 spituri din otel inoxidabil. Distanta intre spituri: 464 metri. Lungimea corzii principale: 359 metri. Coarda de siguranta: 188 metri. Am montat 395 protectoare de franghie. Fractionarea se face la 101 metri de buza putului. Deviatia este la 190 metri sub fractionare. Am testat echiparea cu 150 coborari. Ultimul control al spiturilor: acum 194 luni.', 'doc_existing_c52_1.txt', 435, NULL, 'text_document', 1775839977);
INSERT INTO documentation_files_to_geofeatures (id, geofeature_id, geofeature_type, documentation_file_id, updated_at) VALUES (4863, 52, 'cave', 2073, 1775839977);
INSERT INTO documentation_files (id, title, description, file_name, file_size, file_hash, file_type, created_at) VALUES (2074, 'Document Peștera H3 din Piatra Lupului #2', 'Nota de mentenanta balize - traseul 36. Am verificat 398 balize reflectorizante. Dintre acestea, 363 au fost inlocuite. Am adaugat 280 balize noi in zonele nemarcate. Distanta medie intre balize: 295 metri. Am folosit 497 culori diferite conform codificarii. Vizibilitatea minima a balizelor: 485 metri cu lampa frontala. Am eliminat 310 marcaje vechi si confuze. Traseul total balizat: 245 metri. Urmatoarea verificare: peste 439 luni. Materialul consumat: 449 benzi reflectorizante.', 'doc_existing_c52_2.txt', 484, NULL, 'text_document', 1775839977);
INSERT INTO documentation_files_to_geofeatures (id, geofeature_id, geofeature_type, documentation_file_id, updated_at) VALUES (4864, 52, 'cave', 2074, 1775839977);
INSERT INTO documentation_files_to_geofeatures (id, geofeature_id, geofeature_type, documentation_file_id, updated_at) VALUES (4865, 3273, 'cave_place', 2074, 1775839977);
INSERT INTO documentation_files (id, title, description, file_name, file_size, file_hash, file_type, created_at) VALUES (2075, 'Document Peștera H3 din Piatra Lupului #3', 'Proces verbal intalnire club - sedinta nr. 290. Au participat 487 membri. Am discutat 391 puncte pe ordinea de zi. S-a aprobat bugetul de 169 lei pentru trimestrul urmator. Am planificat 478 expeditii in urmatoarele luni. S-au inscris 74 membri noi. Am evaluat 271 rapoarte de explorare. S-a votat achizitionarea de echipament in valoare de 382 lei. Urmatoarea sedinta: peste 494 saptamani. Am desemnat 89 responsabili pentru proiecte.', 'doc_existing_c52_3.txt', 435, NULL, 'text_document', 1775839977);
INSERT INTO documentation_files_to_geofeatures (id, geofeature_id, geofeature_type, documentation_file_id, updated_at) VALUES (4866, 52, 'cave', 2075, 1775839977);
INSERT INTO documentation_files_to_geofeatures (id, geofeature_id, geofeature_type, documentation_file_id, updated_at) VALUES (4867, 239, 'cave_area', 2075, 1775839977);
INSERT INTO documentation_files_to_geofeatures (id, geofeature_id, geofeature_type, documentation_file_id, updated_at) VALUES (4868, 3222, 'cave_place', 2075, 1775839977);
INSERT INTO documentation_files (id, title, description, file_name, file_size, file_hash, file_type, created_at) VALUES (2076, 'Document Peștera H3 din Piatra Lupului #4', 'Fisa tehnica echipare put - verticala nr. 397. Adancimea: 256 metri. Am instalat 102 spituri din otel inoxidabil. Distanta intre spituri: 189 metri. Lungimea corzii principale: 34 metri. Coarda de siguranta: 240 metri. Am montat 264 protectoare de franghie. Fractionarea se face la 248 metri de buza putului. Deviatia este la 249 metri sub fractionare. Am testat echiparea cu 474 coborari. Ultimul control al spiturilor: acum 268 luni.', 'doc_existing_c52_4.txt', 435, NULL, 'text_document', 1775839977);
INSERT INTO documentation_files_to_geofeatures (id, geofeature_id, geofeature_type, documentation_file_id, updated_at) VALUES (4869, 52, 'cave', 2076, 1775839977);
INSERT INTO documentation_files_to_geofeatures (id, geofeature_id, geofeature_type, documentation_file_id, updated_at) VALUES (4870, 239, 'cave_area', 2076, 1775839977);
INSERT INTO documentation_files_to_geofeatures (id, geofeature_id, geofeature_type, documentation_file_id, updated_at) VALUES (4871, 3279, 'cave_place', 2076, 1775839977);
INSERT INTO documentation_files (id, title, description, file_name, file_size, file_hash, file_type, created_at) VALUES (2077, 'Document Peștera H3 din Piatra Lupului #5', 'Evidenta resurse hidrologice - punctul 187. Debitul mediu masurat: 9 litri pe secunda. Am efectuat 104 masuratori in perioade diferite. Temperatura apei: 286 grade Celsius, constanta. pH-ul masurat: 390 unitati. Conductivitatea electrica: 232 microsiemensi. Am injectat 391 grame de trasor fluorescent. Trasorul a aparut la izvor dupa 56 ore. Distanta estimata: 209 metri de conducte carstice. Nivelul maxim in sezonul ploios: 378 centimetri peste normal. Am monitorizat 120 izvoare din bazin. Volumul estimat al lacului subteran: 159 metri cubi.', 'doc_existing_c52_5.txt', 546, NULL, 'text_document', 1775839977);
INSERT INTO documentation_files_to_geofeatures (id, geofeature_id, geofeature_type, documentation_file_id, updated_at) VALUES (4872, 52, 'cave', 2077, 1775839977);
INSERT INTO documentation_files_to_geofeatures (id, geofeature_id, geofeature_type, documentation_file_id, updated_at) VALUES (4873, 239, 'cave_area', 2077, 1775839977);
INSERT INTO documentation_files_to_geofeatures (id, geofeature_id, geofeature_type, documentation_file_id, updated_at) VALUES (4874, 3271, 'cave_place', 2077, 1775839977);
INSERT INTO documentation_files (id, title, description, file_name, file_size, file_hash, file_type, created_at) VALUES (2078, 'Document Peștera H3 din Piatra Lupului #6', 'Nota de mentenanta balize - traseul 407. Am verificat 179 balize reflectorizante. Dintre acestea, 296 au fost inlocuite. Am adaugat 194 balize noi in zonele nemarcate. Distanta medie intre balize: 466 metri. Am folosit 461 culori diferite conform codificarii. Vizibilitatea minima a balizelor: 430 metri cu lampa frontala. Am eliminat 137 marcaje vechi si confuze. Traseul total balizat: 396 metri. Urmatoarea verificare: peste 2 luni. Materialul consumat: 407 benzi reflectorizante.', 'doc_existing_c52_6.txt', 483, NULL, 'text_document', 1775839977);
INSERT INTO documentation_files_to_geofeatures (id, geofeature_id, geofeature_type, documentation_file_id, updated_at) VALUES (4875, 52, 'cave', 2078, 1775839977);
INSERT INTO documentation_files (id, title, description, file_name, file_size, file_hash, file_type, created_at) VALUES (2079, 'Document Peștera H3 din Piatra Lupului #7', 'Fisa tehnica echipare put - verticala nr. 213. Adancimea: 142 metri. Am instalat 387 spituri din otel inoxidabil. Distanta intre spituri: 299 metri. Lungimea corzii principale: 92 metri. Coarda de siguranta: 76 metri. Am montat 241 protectoare de franghie. Fractionarea se face la 404 metri de buza putului. Deviatia este la 417 metri sub fractionare. Am testat echiparea cu 189 coborari. Ultimul control al spiturilor: acum 423 luni.', 'doc_existing_c52_7.txt', 434, NULL, 'text_document', 1775839977);
INSERT INTO documentation_files_to_geofeatures (id, geofeature_id, geofeature_type, documentation_file_id, updated_at) VALUES (4876, 52, 'cave', 2079, 1775839977);
INSERT INTO documentation_files (id, title, description, file_name, file_size, file_hash, file_type, created_at) VALUES (2080, 'Foto Peștera H3 din Piatra Lupului #1', 'Fotografie de pestera pentru arhiva tehnica.', '20250108_015331.jpg', 90733, NULL, 'photo', 1775839977);
INSERT INTO documentation_files_to_geofeatures (id, geofeature_id, geofeature_type, documentation_file_id, updated_at) VALUES (4877, 52, 'cave', 2080, 1775839977);
INSERT INTO documentation_files_to_geofeatures (id, geofeature_id, geofeature_type, documentation_file_id, updated_at) VALUES (4878, 239, 'cave_area', 2080, 1775839977);
INSERT INTO documentation_files_to_geofeatures (id, geofeature_id, geofeature_type, documentation_file_id, updated_at) VALUES (4879, 3264, 'cave_place', 2080, 1775839977);
INSERT INTO documentation_files (id, title, description, file_name, file_size, file_hash, file_type, created_at) VALUES (2081, 'Foto Peștera H3 din Piatra Lupului #2', 'Fotografie de pestera pentru arhiva tehnica.', '20250105_211239.jpg', 111085, NULL, 'photo', 1775839977);
INSERT INTO documentation_files_to_geofeatures (id, geofeature_id, geofeature_type, documentation_file_id, updated_at) VALUES (4880, 52, 'cave', 2081, 1775839977);
INSERT INTO documentation_files_to_geofeatures (id, geofeature_id, geofeature_type, documentation_file_id, updated_at) VALUES (4881, 3236, 'cave_place', 2081, 1775839977);
INSERT INTO documentation_files (id, title, description, file_name, file_size, file_hash, file_type, created_at) VALUES (2082, 'Foto Peștera H3 din Piatra Lupului #3', 'Fotografie de pestera pentru arhiva tehnica.', '20250105_181113.jpg', 110223, NULL, 'photo', 1775839977);
INSERT INTO documentation_files_to_geofeatures (id, geofeature_id, geofeature_type, documentation_file_id, updated_at) VALUES (4882, 52, 'cave', 2082, 1775839977);
INSERT INTO documentation_files_to_geofeatures (id, geofeature_id, geofeature_type, documentation_file_id, updated_at) VALUES (4883, 239, 'cave_area', 2082, 1775839977);
INSERT INTO documentation_files (id, title, description, file_name, file_size, file_hash, file_type, created_at) VALUES (2083, 'Foto Peștera H3 din Piatra Lupului #4', 'Fotografie de pestera pentru arhiva tehnica.', '20250105_175952.jpg', 82206, NULL, 'photo', 1775839977);
INSERT INTO documentation_files_to_geofeatures (id, geofeature_id, geofeature_type, documentation_file_id, updated_at) VALUES (4884, 52, 'cave', 2083, 1775839977);
INSERT INTO documentation_files_to_geofeatures (id, geofeature_id, geofeature_type, documentation_file_id, updated_at) VALUES (4885, 239, 'cave_area', 2083, 1775839977);
INSERT INTO documentation_files (id, title, description, file_name, file_size, file_hash, file_type, created_at) VALUES (2084, 'Foto Peștera H3 din Piatra Lupului #5', 'Fotografie de pestera pentru arhiva tehnica.', '20250105_180110.jpg', 94499, NULL, 'photo', 1775839977);
INSERT INTO documentation_files_to_geofeatures (id, geofeature_id, geofeature_type, documentation_file_id, updated_at) VALUES (4886, 52, 'cave', 2084, 1775839977);
INSERT INTO documentation_files_to_geofeatures (id, geofeature_id, geofeature_type, documentation_file_id, updated_at) VALUES (4887, 239, 'cave_area', 2084, 1775839977);
INSERT INTO documentation_files_to_geofeatures (id, geofeature_id, geofeature_type, documentation_file_id, updated_at) VALUES (4888, 3218, 'cave_place', 2084, 1775839977);
INSERT INTO documentation_files (id, title, description, file_name, file_size, file_hash, file_type, created_at) VALUES (2085, 'Foto Peștera H3 din Piatra Lupului #6', 'Fotografie de pestera pentru arhiva tehnica.', '20250108_014122.jpg', 95561, NULL, 'photo', 1775839977);
INSERT INTO documentation_files_to_geofeatures (id, geofeature_id, geofeature_type, documentation_file_id, updated_at) VALUES (4889, 52, 'cave', 2085, 1775839977);
INSERT INTO documentation_files (id, title, description, file_name, file_size, file_hash, file_type, created_at) VALUES (2086, 'Foto Peștera H3 din Piatra Lupului #7', 'Fotografie de pestera pentru arhiva tehnica.', '20250107_221844.jpg', 64154, NULL, 'photo', 1775839977);
INSERT INTO documentation_files_to_geofeatures (id, geofeature_id, geofeature_type, documentation_file_id, updated_at) VALUES (4890, 52, 'cave', 2086, 1775839977);
INSERT INTO documentation_files_to_geofeatures (id, geofeature_id, geofeature_type, documentation_file_id, updated_at) VALUES (4891, 239, 'cave_area', 2086, 1775839977);
INSERT INTO documentation_files (id, title, description, file_name, file_size, file_hash, file_type, created_at) VALUES (2087, 'Foto Peștera H3 din Piatra Lupului #8', 'Fotografie de pestera pentru arhiva tehnica.', '20250105_121005.jpg', 102925, NULL, 'photo', 1775839977);
INSERT INTO documentation_files_to_geofeatures (id, geofeature_id, geofeature_type, documentation_file_id, updated_at) VALUES (4892, 52, 'cave', 2087, 1775839977);
INSERT INTO documentation_files_to_geofeatures (id, geofeature_id, geofeature_type, documentation_file_id, updated_at) VALUES (4893, 3241, 'cave_place', 2087, 1775839977);
INSERT INTO documentation_files (id, title, description, file_name, file_size, file_hash, file_type, created_at) VALUES (2088, 'Foto Peștera H3 din Piatra Lupului #9', 'Fotografie de pestera pentru arhiva tehnica.', '20250105_165436.jpg', 73847, NULL, 'photo', 1775839977);
INSERT INTO documentation_files_to_geofeatures (id, geofeature_id, geofeature_type, documentation_file_id, updated_at) VALUES (4894, 52, 'cave', 2088, 1775839977);
INSERT INTO documentation_files_to_geofeatures (id, geofeature_id, geofeature_type, documentation_file_id, updated_at) VALUES (4895, 239, 'cave_area', 2088, 1775839977);
INSERT INTO documentation_files_to_geofeatures (id, geofeature_id, geofeature_type, documentation_file_id, updated_at) VALUES (4896, 3218, 'cave_place', 2088, 1775839977);
INSERT INTO documentation_files (id, title, description, file_name, file_size, file_hash, file_type, created_at) VALUES (2089, 'Foto Peștera H3 din Piatra Lupului #10', 'Fotografie de pestera pentru arhiva tehnica.', '20250105_112245.jpg', 24061, NULL, 'photo', 1775839977);
INSERT INTO documentation_files_to_geofeatures (id, geofeature_id, geofeature_type, documentation_file_id, updated_at) VALUES (4897, 52, 'cave', 2089, 1775839977);
INSERT INTO documentation_files (id, title, description, file_name, file_size, file_hash, file_type, created_at) VALUES (2090, 'Foto Peștera H3 din Piatra Lupului #11', 'Fotografie de pestera pentru arhiva tehnica.', '20250107_221844.jpg', 64154, NULL, 'photo', 1775839977);
INSERT INTO documentation_files_to_geofeatures (id, geofeature_id, geofeature_type, documentation_file_id, updated_at) VALUES (4898, 52, 'cave', 2090, 1775839977);
INSERT INTO documentation_files_to_geofeatures (id, geofeature_id, geofeature_type, documentation_file_id, updated_at) VALUES (4899, 239, 'cave_area', 2090, 1775839977);
INSERT INTO documentation_files_to_geofeatures (id, geofeature_id, geofeature_type, documentation_file_id, updated_at) VALUES (4900, 3230, 'cave_place', 2090, 1775839977);
INSERT INTO documentation_files (id, title, description, file_name, file_size, file_hash, file_type, created_at) VALUES (2091, 'Foto Peștera H3 din Piatra Lupului #12', 'Fotografie de pestera pentru arhiva tehnica.', '20250105_145407.jpg', 85562, NULL, 'photo', 1775839977);
INSERT INTO documentation_files_to_geofeatures (id, geofeature_id, geofeature_type, documentation_file_id, updated_at) VALUES (4901, 52, 'cave', 2091, 1775839977);
INSERT INTO documentation_files_to_geofeatures (id, geofeature_id, geofeature_type, documentation_file_id, updated_at) VALUES (4902, 3283, 'cave_place', 2091, 1775839977);
INSERT INTO documentation_files (id, title, description, file_name, file_size, file_hash, file_type, created_at) VALUES (2092, 'Foto Peștera H3 din Piatra Lupului #13', 'Fotografie de pestera pentru arhiva tehnica.', '20250108_055732.jpg', 99069, NULL, 'photo', 1775839977);
INSERT INTO documentation_files_to_geofeatures (id, geofeature_id, geofeature_type, documentation_file_id, updated_at) VALUES (4903, 52, 'cave', 2092, 1775839977);
INSERT INTO documentation_files_to_geofeatures (id, geofeature_id, geofeature_type, documentation_file_id, updated_at) VALUES (4904, 3260, 'cave_place', 2092, 1775839977);
INSERT INTO documentation_files (id, title, description, file_name, file_size, file_hash, file_type, created_at) VALUES (2093, 'Foto Peștera H3 din Piatra Lupului #14', 'Fotografie de pestera pentru arhiva tehnica.', '20250108_230150.jpg', 82392, NULL, 'photo', 1775839977);
INSERT INTO documentation_files_to_geofeatures (id, geofeature_id, geofeature_type, documentation_file_id, updated_at) VALUES (4905, 52, 'cave', 2093, 1775839977);
INSERT INTO documentation_files_to_geofeatures (id, geofeature_id, geofeature_type, documentation_file_id, updated_at) VALUES (4906, 3246, 'cave_place', 2093, 1775839977);
INSERT INTO documentation_files (id, title, description, file_name, file_size, file_hash, file_type, created_at) VALUES (2094, 'Foto Peștera H3 din Piatra Lupului #15', 'Fotografie de pestera pentru arhiva tehnica.', '20250105_211239.jpg', 111085, NULL, 'photo', 1775839977);
INSERT INTO documentation_files_to_geofeatures (id, geofeature_id, geofeature_type, documentation_file_id, updated_at) VALUES (4907, 52, 'cave', 2094, 1775839977);
INSERT INTO documentation_files_to_geofeatures (id, geofeature_id, geofeature_type, documentation_file_id, updated_at) VALUES (4908, 3257, 'cave_place', 2094, 1775839977);
INSERT INTO documentation_files (id, title, description, file_name, file_size, file_hash, file_type, created_at) VALUES (2095, 'Document Peștera H4 din Piatra Lupului #1', 'Raport climatologic subteran - statia 318. Senzorul a inregistrat 29 cicluri complete de temperatura. Temperatura medie anuala: 363 grade Celsius. Amplitudinea termica maxima: 319 grade. Umiditatea relativa medie: 462 procente. Concentratia de CO2: 189 ppm. Curentul de aer maxim masurat: 92 metri pe secunda. Directia predominanta a curentului: sector 244. Datalogerul a functionat 464 zile fara intrerupere. Am descarcat 420 megabytes de date brute. Presiunea barometrica la intrare: 163 mbar. Evaporarea masurata: 362 milimetri pe luna. Am comparat datele cu 350 statii meteorologice de suprafata. Raportul complet include 103 grafice si tabele. Monitorizarea continua de 298 luni confirma stabilitatea climatica.', 'doc_existing_c53_1.txt', 716, NULL, 'text_document', 1775839977);
INSERT INTO documentation_files_to_geofeatures (id, geofeature_id, geofeature_type, documentation_file_id, updated_at) VALUES (4909, 53, 'cave', 2095, 1775839977);
INSERT INTO documentation_files_to_geofeatures (id, geofeature_id, geofeature_type, documentation_file_id, updated_at) VALUES (4910, 3347, 'cave_place', 2095, 1775839977);
INSERT INTO documentation_files (id, title, description, file_name, file_size, file_hash, file_type, created_at) VALUES (2096, 'Document Peștera H4 din Piatra Lupului #2', 'Evidenta resurse hidrologice - punctul 346. Debitul mediu masurat: 444 litri pe secunda. Am efectuat 186 masuratori in perioade diferite. Temperatura apei: 498 grade Celsius, constanta. pH-ul masurat: 124 unitati. Conductivitatea electrica: 50 microsiemensi. Am injectat 154 grame de trasor fluorescent. Trasorul a aparut la izvor dupa 356 ore. Distanta estimata: 430 metri de conducte carstice. Nivelul maxim in sezonul ploios: 117 centimetri peste normal. Am monitorizat 371 izvoare din bazin. Volumul estimat al lacului subteran: 419 metri cubi.', 'doc_existing_c53_2.txt', 548, NULL, 'text_document', 1775839977);
INSERT INTO documentation_files_to_geofeatures (id, geofeature_id, geofeature_type, documentation_file_id, updated_at) VALUES (4911, 53, 'cave', 2096, 1775839977);
INSERT INTO documentation_files_to_geofeatures (id, geofeature_id, geofeature_type, documentation_file_id, updated_at) VALUES (4912, 241, 'cave_area', 2096, 1775839977);
INSERT INTO documentation_files (id, title, description, file_name, file_size, file_hash, file_type, created_at) VALUES (2097, 'Document Peștera H4 din Piatra Lupului #3', 'Fisa tehnica echipare put - verticala nr. 187. Adancimea: 3 metri. Am instalat 163 spituri din otel inoxidabil. Distanta intre spituri: 457 metri. Lungimea corzii principale: 63 metri. Coarda de siguranta: 109 metri. Am montat 431 protectoare de franghie. Fractionarea se face la 379 metri de buza putului. Deviatia este la 76 metri sub fractionare. Am testat echiparea cu 29 coborari. Ultimul control al spiturilor: acum 85 luni.', 'doc_existing_c53_3.txt', 430, NULL, 'text_document', 1775839977);
INSERT INTO documentation_files_to_geofeatures (id, geofeature_id, geofeature_type, documentation_file_id, updated_at) VALUES (4913, 53, 'cave', 2097, 1775839977);
INSERT INTO documentation_files_to_geofeatures (id, geofeature_id, geofeature_type, documentation_file_id, updated_at) VALUES (4914, 243, 'cave_area', 2097, 1775839977);
INSERT INTO documentation_files_to_geofeatures (id, geofeature_id, geofeature_type, documentation_file_id, updated_at) VALUES (4915, 3338, 'cave_place', 2097, 1775839977);
INSERT INTO documentation_files (id, title, description, file_name, file_size, file_hash, file_type, created_at) VALUES (2098, 'Document Peștera H4 din Piatra Lupului #4', 'Studiu speleogenetic - sectorul 10. Am analizat 130 probe de calcar sub microscop. Varsta estimata a galeriei: 8 milioane de ani. Am identificat 434 faze de speleogeneza. Nivelul freatic actual este la 30 metri adancime. Am corelat cu 63 alte pesteri din zona. Porozitatea medie a rocii: 346 procente. Am realizat 280 sectiuni subtiri din probe. Studiul va fi publicat in volumul 379 al buletinului. Am colaborat cu 297 geologi specialisti.', 'doc_existing_c53_4.txt', 440, NULL, 'text_document', 1775839977);
INSERT INTO documentation_files_to_geofeatures (id, geofeature_id, geofeature_type, documentation_file_id, updated_at) VALUES (4916, 53, 'cave', 2098, 1775839977);
INSERT INTO documentation_files_to_geofeatures (id, geofeature_id, geofeature_type, documentation_file_id, updated_at) VALUES (4917, 243, 'cave_area', 2098, 1775839977);
INSERT INTO documentation_files_to_geofeatures (id, geofeature_id, geofeature_type, documentation_file_id, updated_at) VALUES (4918, 3289, 'cave_place', 2098, 1775839977);
INSERT INTO documentation_files (id, title, description, file_name, file_size, file_hash, file_type, created_at) VALUES (2099, 'Document Peștera H4 din Piatra Lupului #5', 'Raport climatologic subteran - statia 355. Senzorul a inregistrat 46 cicluri complete de temperatura. Temperatura medie anuala: 66 grade Celsius. Amplitudinea termica maxima: 110 grade. Umiditatea relativa medie: 46 procente. Concentratia de CO2: 495 ppm. Curentul de aer maxim masurat: 288 metri pe secunda. Directia predominanta a curentului: sector 167. Datalogerul a functionat 263 zile fara intrerupere. Am descarcat 262 megabytes de date brute. Presiunea barometrica la intrare: 109 mbar. Evaporarea masurata: 46 milimetri pe luna. Am comparat datele cu 3 statii meteorologice de suprafata. Raportul complet include 332 grafice si tabele. Monitorizarea continua de 484 luni confirma stabilitatea climatica.', 'doc_existing_c53_5.txt', 712, NULL, 'text_document', 1775839977);
INSERT INTO documentation_files_to_geofeatures (id, geofeature_id, geofeature_type, documentation_file_id, updated_at) VALUES (4919, 53, 'cave', 2099, 1775839977);
INSERT INTO documentation_files_to_geofeatures (id, geofeature_id, geofeature_type, documentation_file_id, updated_at) VALUES (4920, 240, 'cave_area', 2099, 1775839977);
INSERT INTO documentation_files_to_geofeatures (id, geofeature_id, geofeature_type, documentation_file_id, updated_at) VALUES (4921, 3320, 'cave_place', 2099, 1775839977);
INSERT INTO documentation_files (id, title, description, file_name, file_size, file_hash, file_type, created_at) VALUES (2100, 'Document Peștera H4 din Piatra Lupului #6', 'Fisa tehnica echipare put - verticala nr. 180. Adancimea: 134 metri. Am instalat 255 spituri din otel inoxidabil. Distanta intre spituri: 79 metri. Lungimea corzii principale: 87 metri. Coarda de siguranta: 128 metri. Am montat 423 protectoare de franghie. Fractionarea se face la 10 metri de buza putului. Deviatia este la 248 metri sub fractionare. Am testat echiparea cu 4 coborari. Ultimul control al spiturilor: acum 287 luni.', 'doc_existing_c53_6.txt', 431, NULL, 'text_document', 1775839977);
INSERT INTO documentation_files_to_geofeatures (id, geofeature_id, geofeature_type, documentation_file_id, updated_at) VALUES (4922, 53, 'cave', 2100, 1775839977);
INSERT INTO documentation_files_to_geofeatures (id, geofeature_id, geofeature_type, documentation_file_id, updated_at) VALUES (4923, 243, 'cave_area', 2100, 1775839977);
INSERT INTO documentation_files (id, title, description, file_name, file_size, file_hash, file_type, created_at) VALUES (2101, 'Document Peștera H4 din Piatra Lupului #7', 'Evidenta resurse hidrologice - punctul 219. Debitul mediu masurat: 357 litri pe secunda. Am efectuat 473 masuratori in perioade diferite. Temperatura apei: 344 grade Celsius, constanta. pH-ul masurat: 12 unitati. Conductivitatea electrica: 498 microsiemensi. Am injectat 447 grame de trasor fluorescent. Trasorul a aparut la izvor dupa 89 ore. Distanta estimata: 313 metri de conducte carstice. Nivelul maxim in sezonul ploios: 278 centimetri peste normal. Am monitorizat 289 izvoare din bazin. Volumul estimat al lacului subteran: 14 metri cubi.', 'doc_existing_c53_7.txt', 546, NULL, 'text_document', 1775839977);
INSERT INTO documentation_files_to_geofeatures (id, geofeature_id, geofeature_type, documentation_file_id, updated_at) VALUES (4924, 53, 'cave', 2101, 1775839977);
INSERT INTO documentation_files_to_geofeatures (id, geofeature_id, geofeature_type, documentation_file_id, updated_at) VALUES (4925, 3316, 'cave_place', 2101, 1775839977);
INSERT INTO documentation_files (id, title, description, file_name, file_size, file_hash, file_type, created_at) VALUES (2102, 'Document Peștera H4 din Piatra Lupului #8', 'Raport climatologic subteran - statia 341. Senzorul a inregistrat 459 cicluri complete de temperatura. Temperatura medie anuala: 220 grade Celsius. Amplitudinea termica maxima: 428 grade. Umiditatea relativa medie: 335 procente. Concentratia de CO2: 312 ppm. Curentul de aer maxim masurat: 218 metri pe secunda. Directia predominanta a curentului: sector 8. Datalogerul a functionat 412 zile fara intrerupere. Am descarcat 338 megabytes de date brute. Presiunea barometrica la intrare: 373 mbar. Evaporarea masurata: 396 milimetri pe luna. Am comparat datele cu 489 statii meteorologice de suprafata. Raportul complet include 121 grafice si tabele. Monitorizarea continua de 52 luni confirma stabilitatea climatica.', 'doc_existing_c53_8.txt', 715, NULL, 'text_document', 1775839977);
INSERT INTO documentation_files_to_geofeatures (id, geofeature_id, geofeature_type, documentation_file_id, updated_at) VALUES (4926, 53, 'cave', 2102, 1775839977);
INSERT INTO documentation_files_to_geofeatures (id, geofeature_id, geofeature_type, documentation_file_id, updated_at) VALUES (4927, 244, 'cave_area', 2102, 1775839977);
INSERT INTO documentation_files_to_geofeatures (id, geofeature_id, geofeature_type, documentation_file_id, updated_at) VALUES (4928, 3311, 'cave_place', 2102, 1775839977);
INSERT INTO documentation_files (id, title, description, file_name, file_size, file_hash, file_type, created_at) VALUES (2103, 'Document Peștera H4 din Piatra Lupului #9', 'Fisa tehnica echipare put - verticala nr. 342. Adancimea: 146 metri. Am instalat 385 spituri din otel inoxidabil. Distanta intre spituri: 30 metri. Lungimea corzii principale: 71 metri. Coarda de siguranta: 332 metri. Am montat 237 protectoare de franghie. Fractionarea se face la 74 metri de buza putului. Deviatia este la 197 metri sub fractionare. Am testat echiparea cu 304 coborari. Ultimul control al spiturilor: acum 334 luni.', 'doc_existing_c53_9.txt', 433, NULL, 'text_document', 1775839977);
INSERT INTO documentation_files_to_geofeatures (id, geofeature_id, geofeature_type, documentation_file_id, updated_at) VALUES (4929, 53, 'cave', 2103, 1775839977);
INSERT INTO documentation_files_to_geofeatures (id, geofeature_id, geofeature_type, documentation_file_id, updated_at) VALUES (4930, 243, 'cave_area', 2103, 1775839977);
INSERT INTO documentation_files_to_geofeatures (id, geofeature_id, geofeature_type, documentation_file_id, updated_at) VALUES (4931, 3368, 'cave_place', 2103, 1775839977);
INSERT INTO documentation_files (id, title, description, file_name, file_size, file_hash, file_type, created_at) VALUES (2104, 'Document Peștera H4 din Piatra Lupului #10', 'Raport geologic - profil 4. Stratele de calcar apartin etajului 272. Grosimea medie a stratelor este de 91 centimetri. Fisurile tectonice au un azimut predominant de 273 grade. Am recoltat 31 probe de roca pentru datarea izotopica. Continutul de CaCO3 depaseste 449 procente. Concretii de aragonita au fost gasite la cota 149. Varsta estimata a speleothemelor: 5 mii de ani. Depozitele clastice au o grosime de 7 centimetri. Am identificat 391 tipuri diferite de sedimente. Nivelul paleoclappei fosile este la cota 309 metri. Analiza XRD confirma 350 faze minerale distincte. Sectorul analizat are o lungime de 35 metri. Am realizat 411 profile transversale ale galeriei. Cutele vizibile au amplitudini de 200 centimetri.', 'doc_existing_c53_10.txt', 721, NULL, 'text_document', 1775839977);
INSERT INTO documentation_files_to_geofeatures (id, geofeature_id, geofeature_type, documentation_file_id, updated_at) VALUES (4932, 53, 'cave', 2104, 1775839977);
INSERT INTO documentation_files_to_geofeatures (id, geofeature_id, geofeature_type, documentation_file_id, updated_at) VALUES (4933, 241, 'cave_area', 2104, 1775839977);
INSERT INTO documentation_files (id, title, description, file_name, file_size, file_hash, file_type, created_at) VALUES (2105, 'Document Peștera H4 din Piatra Lupului #11', 'Evidenta resurse hidrologice - punctul 232. Debitul mediu masurat: 460 litri pe secunda. Am efectuat 224 masuratori in perioade diferite. Temperatura apei: 361 grade Celsius, constanta. pH-ul masurat: 473 unitati. Conductivitatea electrica: 279 microsiemensi. Am injectat 64 grame de trasor fluorescent. Trasorul a aparut la izvor dupa 308 ore. Distanta estimata: 93 metri de conducte carstice. Nivelul maxim in sezonul ploios: 362 centimetri peste normal. Am monitorizat 3 izvoare din bazin. Volumul estimat al lacului subteran: 109 metri cubi.', 'doc_existing_c53_11.txt', 545, NULL, 'text_document', 1775839977);
INSERT INTO documentation_files_to_geofeatures (id, geofeature_id, geofeature_type, documentation_file_id, updated_at) VALUES (4934, 53, 'cave', 2105, 1775839977);
INSERT INTO documentation_files_to_geofeatures (id, geofeature_id, geofeature_type, documentation_file_id, updated_at) VALUES (4935, 242, 'cave_area', 2105, 1775839977);
INSERT INTO documentation_files (id, title, description, file_name, file_size, file_hash, file_type, created_at) VALUES (2106, 'Document Peștera H4 din Piatra Lupului #12', 'Proces verbal intalnire club - sedinta nr. 139. Au participat 248 membri. Am discutat 414 puncte pe ordinea de zi. S-a aprobat bugetul de 125 lei pentru trimestrul urmator. Am planificat 117 expeditii in urmatoarele luni. S-au inscris 282 membri noi. Am evaluat 372 rapoarte de explorare. S-a votat achizitionarea de echipament in valoare de 236 lei. Urmatoarea sedinta: peste 125 saptamani. Am desemnat 455 responsabili pentru proiecte.', 'doc_existing_c53_12.txt', 437, NULL, 'text_document', 1775839977);
INSERT INTO documentation_files_to_geofeatures (id, geofeature_id, geofeature_type, documentation_file_id, updated_at) VALUES (4936, 53, 'cave', 2106, 1775839977);
INSERT INTO documentation_files_to_geofeatures (id, geofeature_id, geofeature_type, documentation_file_id, updated_at) VALUES (4937, 241, 'cave_area', 2106, 1775839977);
INSERT INTO documentation_files_to_geofeatures (id, geofeature_id, geofeature_type, documentation_file_id, updated_at) VALUES (4938, 3338, 'cave_place', 2106, 1775839977);
INSERT INTO documentation_files (id, title, description, file_name, file_size, file_hash, file_type, created_at) VALUES (2107, 'Document Peștera H4 din Piatra Lupului #13', 'Evaluare risc - sectorul 343. Am identificat 195 zone cu risc de prabusire a plafonului. Blocurile instabile au dimensiuni de pana la 341 centimetri. Nivelul apei poate creste cu 74 metri in caz de precipitatii. Distanta de la intrare pana la prima zona de risc: 266 metri. Am instalat 344 indicatoare de avertizare reflectorizante. Evacuarea de urgenta dureaza estimativ 465 minute. Echipamentul de prim ajutor este pozitionat la statia 345. Am testat comunicarea radio in 311 puncte critice. Semnalul radio este pierdut dupa 194 metri de la intrare. Am recomandat echipa minima de 104 persoane pentru acest sector. Casca si lampa frontala trebuie verificate la fiecare 50 ore. Protocoalele de securitate au fost revizuite de 184 ori anul acesta. Ultimul incident a avut loc cu 373 luni in urma. Am efectuat 3 exercitii de evacuare. Planul de urgenta a fost actualizat la versiunea 289.', 'doc_existing_c53_13.txt', 887, NULL, 'text_document', 1775839977);
INSERT INTO documentation_files_to_geofeatures (id, geofeature_id, geofeature_type, documentation_file_id, updated_at) VALUES (4939, 53, 'cave', 2107, 1775839977);
INSERT INTO documentation_files_to_geofeatures (id, geofeature_id, geofeature_type, documentation_file_id, updated_at) VALUES (4940, 240, 'cave_area', 2107, 1775839977);
INSERT INTO documentation_files_to_geofeatures (id, geofeature_id, geofeature_type, documentation_file_id, updated_at) VALUES (4941, 3314, 'cave_place', 2107, 1775839977);
INSERT INTO documentation_files (id, title, description, file_name, file_size, file_hash, file_type, created_at) VALUES (2108, 'Document Peștera H4 din Piatra Lupului #14', 'Studiu speleogenetic - sectorul 136. Am analizat 167 probe de calcar sub microscop. Varsta estimata a galeriei: 411 milioane de ani. Am identificat 5 faze de speleogeneza. Nivelul freatic actual este la 316 metri adancime. Am corelat cu 162 alte pesteri din zona. Porozitatea medie a rocii: 286 procente. Am realizat 303 sectiuni subtiri din probe. Studiul va fi publicat in volumul 24 al buletinului. Am colaborat cu 293 geologi specialisti.', 'doc_existing_c53_14.txt', 442, NULL, 'text_document', 1775839977);
INSERT INTO documentation_files_to_geofeatures (id, geofeature_id, geofeature_type, documentation_file_id, updated_at) VALUES (4942, 53, 'cave', 2108, 1775839977);
INSERT INTO documentation_files_to_geofeatures (id, geofeature_id, geofeature_type, documentation_file_id, updated_at) VALUES (4943, 3347, 'cave_place', 2108, 1775839977);
INSERT INTO documentation_files (id, title, description, file_name, file_size, file_hash, file_type, created_at) VALUES (2109, 'Foto Peștera H4 din Piatra Lupului #1', 'Fotografie de pestera pentru arhiva tehnica.', '20250108_015331.jpg', 90733, NULL, 'photo', 1775839977);
INSERT INTO documentation_files_to_geofeatures (id, geofeature_id, geofeature_type, documentation_file_id, updated_at) VALUES (4944, 53, 'cave', 2109, 1775839977);
INSERT INTO documentation_files_to_geofeatures (id, geofeature_id, geofeature_type, documentation_file_id, updated_at) VALUES (4945, 3300, 'cave_place', 2109, 1775839977);
INSERT INTO documentation_files (id, title, description, file_name, file_size, file_hash, file_type, created_at) VALUES (2110, 'Foto Peștera H4 din Piatra Lupului #2', 'Fotografie de pestera pentru arhiva tehnica.', '20250108_015243.jpg', 89809, NULL, 'photo', 1775839977);
INSERT INTO documentation_files_to_geofeatures (id, geofeature_id, geofeature_type, documentation_file_id, updated_at) VALUES (4946, 53, 'cave', 2110, 1775839977);
INSERT INTO documentation_files_to_geofeatures (id, geofeature_id, geofeature_type, documentation_file_id, updated_at) VALUES (4947, 243, 'cave_area', 2110, 1775839977);
INSERT INTO documentation_files_to_geofeatures (id, geofeature_id, geofeature_type, documentation_file_id, updated_at) VALUES (4948, 3331, 'cave_place', 2110, 1775839977);
INSERT INTO documentation_files (id, title, description, file_name, file_size, file_hash, file_type, created_at) VALUES (2111, 'Foto Peștera H4 din Piatra Lupului #3', 'Fotografie de pestera pentru arhiva tehnica.', '20250105_153139.jpg', 53561, NULL, 'photo', 1775839977);
INSERT INTO documentation_files_to_geofeatures (id, geofeature_id, geofeature_type, documentation_file_id, updated_at) VALUES (4949, 53, 'cave', 2111, 1775839977);
INSERT INTO documentation_files_to_geofeatures (id, geofeature_id, geofeature_type, documentation_file_id, updated_at) VALUES (4950, 3366, 'cave_place', 2111, 1775839977);
INSERT INTO documentation_files (id, title, description, file_name, file_size, file_hash, file_type, created_at) VALUES (2112, 'Foto Peștera H4 din Piatra Lupului #4', 'Fotografie de pestera pentru arhiva tehnica.', '20250105_112245.jpg', 24061, NULL, 'photo', 1775839977);
INSERT INTO documentation_files_to_geofeatures (id, geofeature_id, geofeature_type, documentation_file_id, updated_at) VALUES (4951, 53, 'cave', 2112, 1775839977);
INSERT INTO documentation_files_to_geofeatures (id, geofeature_id, geofeature_type, documentation_file_id, updated_at) VALUES (4952, 3303, 'cave_place', 2112, 1775839977);
INSERT INTO documentation_files (id, title, description, file_name, file_size, file_hash, file_type, created_at) VALUES (2113, 'Foto Peștera H4 din Piatra Lupului #5', 'Fotografie de pestera pentru arhiva tehnica.', '20250107_045319.jpg', 70367, NULL, 'photo', 1775839977);
INSERT INTO documentation_files_to_geofeatures (id, geofeature_id, geofeature_type, documentation_file_id, updated_at) VALUES (4953, 53, 'cave', 2113, 1775839977);
INSERT INTO documentation_files_to_geofeatures (id, geofeature_id, geofeature_type, documentation_file_id, updated_at) VALUES (4954, 240, 'cave_area', 2113, 1775839977);
INSERT INTO documentation_files (id, title, description, file_name, file_size, file_hash, file_type, created_at) VALUES (2114, 'Foto Peștera H4 din Piatra Lupului #6', 'Fotografie de pestera pentru arhiva tehnica.', '20250108_070400.jpg', 71580, NULL, 'photo', 1775839977);
INSERT INTO documentation_files_to_geofeatures (id, geofeature_id, geofeature_type, documentation_file_id, updated_at) VALUES (4955, 53, 'cave', 2114, 1775839977);
INSERT INTO documentation_files_to_geofeatures (id, geofeature_id, geofeature_type, documentation_file_id, updated_at) VALUES (4956, 241, 'cave_area', 2114, 1775839977);
INSERT INTO documentation_files_to_geofeatures (id, geofeature_id, geofeature_type, documentation_file_id, updated_at) VALUES (4957, 3335, 'cave_place', 2114, 1775839977);
INSERT INTO documentation_files (id, title, description, file_name, file_size, file_hash, file_type, created_at) VALUES (2115, 'Foto Peștera H4 din Piatra Lupului #7', 'Fotografie de pestera pentru arhiva tehnica.', '20250105_171954.jpg', 105834, NULL, 'photo', 1775839977);
INSERT INTO documentation_files_to_geofeatures (id, geofeature_id, geofeature_type, documentation_file_id, updated_at) VALUES (4958, 53, 'cave', 2115, 1775839977);
INSERT INTO documentation_files_to_geofeatures (id, geofeature_id, geofeature_type, documentation_file_id, updated_at) VALUES (4959, 3341, 'cave_place', 2115, 1775839977);
INSERT INTO documentation_files (id, title, description, file_name, file_size, file_hash, file_type, created_at) VALUES (2116, 'Foto Peștera H4 din Piatra Lupului #8', 'Fotografie de pestera pentru arhiva tehnica.', '20250108_051137.jpg', 76321, NULL, 'photo', 1775839977);
INSERT INTO documentation_files_to_geofeatures (id, geofeature_id, geofeature_type, documentation_file_id, updated_at) VALUES (4960, 53, 'cave', 2116, 1775839977);
INSERT INTO documentation_files_to_geofeatures (id, geofeature_id, geofeature_type, documentation_file_id, updated_at) VALUES (4961, 241, 'cave_area', 2116, 1775839977);
INSERT INTO documentation_files_to_geofeatures (id, geofeature_id, geofeature_type, documentation_file_id, updated_at) VALUES (4962, 3289, 'cave_place', 2116, 1775839977);
INSERT INTO documentation_files (id, title, description, file_name, file_size, file_hash, file_type, created_at) VALUES (2117, 'Foto Peștera H4 din Piatra Lupului #9', 'Fotografie de pestera pentru arhiva tehnica.', '20250108_014825.jpg', 80783, NULL, 'photo', 1775839977);
INSERT INTO documentation_files_to_geofeatures (id, geofeature_id, geofeature_type, documentation_file_id, updated_at) VALUES (4963, 53, 'cave', 2117, 1775839977);
INSERT INTO documentation_files_to_geofeatures (id, geofeature_id, geofeature_type, documentation_file_id, updated_at) VALUES (4964, 243, 'cave_area', 2117, 1775839977);
INSERT INTO documentation_files_to_geofeatures (id, geofeature_id, geofeature_type, documentation_file_id, updated_at) VALUES (4965, 3323, 'cave_place', 2117, 1775839977);
INSERT INTO documentation_files (id, title, description, file_name, file_size, file_hash, file_type, created_at) VALUES (2118, 'Foto Peștera H4 din Piatra Lupului #10', 'Fotografie de pestera pentru arhiva tehnica.', '20250105_112245.jpg', 24061, NULL, 'photo', 1775839977);
INSERT INTO documentation_files_to_geofeatures (id, geofeature_id, geofeature_type, documentation_file_id, updated_at) VALUES (4966, 53, 'cave', 2118, 1775839977);
INSERT INTO documentation_files_to_geofeatures (id, geofeature_id, geofeature_type, documentation_file_id, updated_at) VALUES (4967, 244, 'cave_area', 2118, 1775839977);
INSERT INTO documentation_files (id, title, description, file_name, file_size, file_hash, file_type, created_at) VALUES (2119, 'Foto Peștera H4 din Piatra Lupului #11', 'Fotografie de pestera pentru arhiva tehnica.', '20250105_171954.jpg', 105834, NULL, 'photo', 1775839977);
INSERT INTO documentation_files_to_geofeatures (id, geofeature_id, geofeature_type, documentation_file_id, updated_at) VALUES (4968, 53, 'cave', 2119, 1775839977);
INSERT INTO documentation_files_to_geofeatures (id, geofeature_id, geofeature_type, documentation_file_id, updated_at) VALUES (4969, 3366, 'cave_place', 2119, 1775839977);
INSERT INTO documentation_files (id, title, description, file_name, file_size, file_hash, file_type, created_at) VALUES (2120, 'Foto Peștera H4 din Piatra Lupului #12', 'Fotografie de pestera pentru arhiva tehnica.', '20250108_014122.jpg', 95561, NULL, 'photo', 1775839977);
INSERT INTO documentation_files_to_geofeatures (id, geofeature_id, geofeature_type, documentation_file_id, updated_at) VALUES (4970, 53, 'cave', 2120, 1775839977);
INSERT INTO documentation_files_to_geofeatures (id, geofeature_id, geofeature_type, documentation_file_id, updated_at) VALUES (4971, 3300, 'cave_place', 2120, 1775839977);
INSERT INTO documentation_files (id, title, description, file_name, file_size, file_hash, file_type, created_at) VALUES (2121, 'Document Peștera din Dealul Glimea #1', 'Nota de mentenanta balize - traseul 216. Am verificat 390 balize reflectorizante. Dintre acestea, 400 au fost inlocuite. Am adaugat 66 balize noi in zonele nemarcate. Distanta medie intre balize: 233 metri. Am folosit 473 culori diferite conform codificarii. Vizibilitatea minima a balizelor: 80 metri cu lampa frontala. Am eliminat 249 marcaje vechi si confuze. Traseul total balizat: 360 metri. Urmatoarea verificare: peste 178 luni. Materialul consumat: 54 benzi reflectorizante.', 'doc_existing_c54_1.txt', 482, NULL, 'text_document', 1775839977);
INSERT INTO documentation_files_to_geofeatures (id, geofeature_id, geofeature_type, documentation_file_id, updated_at) VALUES (4972, 54, 'cave', 2121, 1775839977);
INSERT INTO documentation_files (id, title, description, file_name, file_size, file_hash, file_type, created_at) VALUES (2122, 'Document Peștera din Dealul Glimea #2', 'Evidenta resurse hidrologice - punctul 456. Debitul mediu masurat: 241 litri pe secunda. Am efectuat 255 masuratori in perioade diferite. Temperatura apei: 434 grade Celsius, constanta. pH-ul masurat: 88 unitati. Conductivitatea electrica: 149 microsiemensi. Am injectat 391 grame de trasor fluorescent. Trasorul a aparut la izvor dupa 410 ore. Distanta estimata: 429 metri de conducte carstice. Nivelul maxim in sezonul ploios: 472 centimetri peste normal. Am monitorizat 487 izvoare din bazin. Volumul estimat al lacului subteran: 302 metri cubi.', 'doc_existing_c54_2.txt', 548, NULL, 'text_document', 1775839977);
INSERT INTO documentation_files_to_geofeatures (id, geofeature_id, geofeature_type, documentation_file_id, updated_at) VALUES (4973, 54, 'cave', 2122, 1775839977);
INSERT INTO documentation_files_to_geofeatures (id, geofeature_id, geofeature_type, documentation_file_id, updated_at) VALUES (4974, 248, 'cave_area', 2122, 1775839977);
INSERT INTO documentation_files_to_geofeatures (id, geofeature_id, geofeature_type, documentation_file_id, updated_at) VALUES (4975, 3399, 'cave_place', 2122, 1775839977);
INSERT INTO documentation_files (id, title, description, file_name, file_size, file_hash, file_type, created_at) VALUES (2123, 'Foto Peștera din Dealul Glimea #1', 'Fotografie de pestera pentru arhiva tehnica.', '20250108_051137.jpg', 76321, NULL, 'photo', 1775839977);
INSERT INTO documentation_files_to_geofeatures (id, geofeature_id, geofeature_type, documentation_file_id, updated_at) VALUES (4976, 54, 'cave', 2123, 1775839977);
INSERT INTO documentation_files (id, title, description, file_name, file_size, file_hash, file_type, created_at) VALUES (2124, 'Foto Peștera din Dealul Glimea #2', 'Fotografie de pestera pentru arhiva tehnica.', '20250109_010113.jpg', 100347, NULL, 'photo', 1775839977);
INSERT INTO documentation_files_to_geofeatures (id, geofeature_id, geofeature_type, documentation_file_id, updated_at) VALUES (4977, 54, 'cave', 2124, 1775839977);
INSERT INTO documentation_files_to_geofeatures (id, geofeature_id, geofeature_type, documentation_file_id, updated_at) VALUES (4978, 3430, 'cave_place', 2124, 1775839977);
INSERT INTO documentation_files (id, title, description, file_name, file_size, file_hash, file_type, created_at) VALUES (2125, 'Foto Peștera din Dealul Glimea #3', 'Fotografie de pestera pentru arhiva tehnica.', '20250108_015243.jpg', 89809, NULL, 'photo', 1775839977);
INSERT INTO documentation_files_to_geofeatures (id, geofeature_id, geofeature_type, documentation_file_id, updated_at) VALUES (4979, 54, 'cave', 2125, 1775839977);
INSERT INTO documentation_files_to_geofeatures (id, geofeature_id, geofeature_type, documentation_file_id, updated_at) VALUES (4980, 247, 'cave_area', 2125, 1775839977);
INSERT INTO documentation_files_to_geofeatures (id, geofeature_id, geofeature_type, documentation_file_id, updated_at) VALUES (4981, 3413, 'cave_place', 2125, 1775839977);
INSERT INTO documentation_files (id, title, description, file_name, file_size, file_hash, file_type, created_at) VALUES (2126, 'Foto Peștera din Dealul Glimea #4', 'Fotografie de pestera pentru arhiva tehnica.', '20250106_213749.jpg', 51518, NULL, 'photo', 1775839977);
INSERT INTO documentation_files_to_geofeatures (id, geofeature_id, geofeature_type, documentation_file_id, updated_at) VALUES (4982, 54, 'cave', 2126, 1775839977);
INSERT INTO documentation_files_to_geofeatures (id, geofeature_id, geofeature_type, documentation_file_id, updated_at) VALUES (4983, 248, 'cave_area', 2126, 1775839977);
INSERT INTO documentation_files_to_geofeatures (id, geofeature_id, geofeature_type, documentation_file_id, updated_at) VALUES (4984, 3400, 'cave_place', 2126, 1775839977);
INSERT INTO documentation_files (id, title, description, file_name, file_size, file_hash, file_type, created_at) VALUES (2127, 'Foto Peștera din Dealul Glimea #5', 'Fotografie de pestera pentru arhiva tehnica.', '20250108_051137.jpg', 76321, NULL, 'photo', 1775839977);
INSERT INTO documentation_files_to_geofeatures (id, geofeature_id, geofeature_type, documentation_file_id, updated_at) VALUES (4985, 54, 'cave', 2127, 1775839977);
INSERT INTO documentation_files_to_geofeatures (id, geofeature_id, geofeature_type, documentation_file_id, updated_at) VALUES (4986, 247, 'cave_area', 2127, 1775839977);
INSERT INTO documentation_files (id, title, description, file_name, file_size, file_hash, file_type, created_at) VALUES (2128, 'Foto Peștera din Dealul Glimea #6', 'Fotografie de pestera pentru arhiva tehnica.', '20250105_181113.jpg', 110223, NULL, 'photo', 1775839977);
INSERT INTO documentation_files_to_geofeatures (id, geofeature_id, geofeature_type, documentation_file_id, updated_at) VALUES (4987, 54, 'cave', 2128, 1775839977);
INSERT INTO documentation_files_to_geofeatures (id, geofeature_id, geofeature_type, documentation_file_id, updated_at) VALUES (4988, 246, 'cave_area', 2128, 1775839977);
INSERT INTO documentation_files_to_geofeatures (id, geofeature_id, geofeature_type, documentation_file_id, updated_at) VALUES (4989, 3391, 'cave_place', 2128, 1775839977);
INSERT INTO documentation_files (id, title, description, file_name, file_size, file_hash, file_type, created_at) VALUES (2129, 'Foto Peștera din Dealul Glimea #7', 'Fotografie de pestera pentru arhiva tehnica.', '20250105_121440.jpg', 58950, NULL, 'photo', 1775839977);
INSERT INTO documentation_files_to_geofeatures (id, geofeature_id, geofeature_type, documentation_file_id, updated_at) VALUES (4990, 54, 'cave', 2129, 1775839977);
INSERT INTO documentation_files_to_geofeatures (id, geofeature_id, geofeature_type, documentation_file_id, updated_at) VALUES (4991, 245, 'cave_area', 2129, 1775839977);
INSERT INTO documentation_files_to_geofeatures (id, geofeature_id, geofeature_type, documentation_file_id, updated_at) VALUES (4992, 3419, 'cave_place', 2129, 1775839977);
INSERT INTO documentation_files (id, title, description, file_name, file_size, file_hash, file_type, created_at) VALUES (2130, 'Foto Peștera din Dealul Glimea #8', 'Fotografie de pestera pentru arhiva tehnica.', '20250105_211239.jpg', 111085, NULL, 'photo', 1775839977);
INSERT INTO documentation_files_to_geofeatures (id, geofeature_id, geofeature_type, documentation_file_id, updated_at) VALUES (4993, 54, 'cave', 2130, 1775839977);
INSERT INTO documentation_files_to_geofeatures (id, geofeature_id, geofeature_type, documentation_file_id, updated_at) VALUES (4994, 245, 'cave_area', 2130, 1775839977);
INSERT INTO documentation_files_to_geofeatures (id, geofeature_id, geofeature_type, documentation_file_id, updated_at) VALUES (4995, 3440, 'cave_place', 2130, 1775839977);
INSERT INTO documentation_files (id, title, description, file_name, file_size, file_hash, file_type, created_at) VALUES (2131, 'Foto Peștera din Dealul Glimea #9', 'Fotografie de pestera pentru arhiva tehnica.', '20250106_213749.jpg', 51518, NULL, 'photo', 1775839977);
INSERT INTO documentation_files_to_geofeatures (id, geofeature_id, geofeature_type, documentation_file_id, updated_at) VALUES (4996, 54, 'cave', 2131, 1775839977);
INSERT INTO documentation_files_to_geofeatures (id, geofeature_id, geofeature_type, documentation_file_id, updated_at) VALUES (4997, 248, 'cave_area', 2131, 1775839977);
INSERT INTO documentation_files (id, title, description, file_name, file_size, file_hash, file_type, created_at) VALUES (2132, 'Foto Peștera din Dealul Glimea #10', 'Fotografie de pestera pentru arhiva tehnica.', '20250105_211239.jpg', 111085, NULL, 'photo', 1775839977);
INSERT INTO documentation_files_to_geofeatures (id, geofeature_id, geofeature_type, documentation_file_id, updated_at) VALUES (4998, 54, 'cave', 2132, 1775839977);
INSERT INTO documentation_files_to_geofeatures (id, geofeature_id, geofeature_type, documentation_file_id, updated_at) VALUES (4999, 247, 'cave_area', 2132, 1775839977);
INSERT INTO documentation_files_to_geofeatures (id, geofeature_id, geofeature_type, documentation_file_id, updated_at) VALUES (5000, 3398, 'cave_place', 2132, 1775839977);
INSERT INTO documentation_files (id, title, description, file_name, file_size, file_hash, file_type, created_at) VALUES (2133, 'Foto Peștera din Dealul Glimea #11', 'Fotografie de pestera pentru arhiva tehnica.', '20250108_230150.jpg', 82392, NULL, 'photo', 1775839977);
INSERT INTO documentation_files_to_geofeatures (id, geofeature_id, geofeature_type, documentation_file_id, updated_at) VALUES (5001, 54, 'cave', 2133, 1775839977);
INSERT INTO documentation_files_to_geofeatures (id, geofeature_id, geofeature_type, documentation_file_id, updated_at) VALUES (5002, 3399, 'cave_place', 2133, 1775839977);
INSERT INTO documentation_files (id, title, description, file_name, file_size, file_hash, file_type, created_at) VALUES (2134, 'Foto Peștera din Dealul Glimea #12', 'Fotografie de pestera pentru arhiva tehnica.', '20250105_120229.jpg', 85744, NULL, 'photo', 1775839977);
INSERT INTO documentation_files_to_geofeatures (id, geofeature_id, geofeature_type, documentation_file_id, updated_at) VALUES (5003, 54, 'cave', 2134, 1775839977);
INSERT INTO documentation_files_to_geofeatures (id, geofeature_id, geofeature_type, documentation_file_id, updated_at) VALUES (5004, 248, 'cave_area', 2134, 1775839977);
INSERT INTO documentation_files_to_geofeatures (id, geofeature_id, geofeature_type, documentation_file_id, updated_at) VALUES (5005, 3389, 'cave_place', 2134, 1775839977);
INSERT INTO documentation_files (id, title, description, file_name, file_size, file_hash, file_type, created_at) VALUES (2135, 'Document Peștera nr. 1 de la Fața Cerbului #1', 'Raport conservare patrimoniu - obiectiv 347. Am evaluat starea a 275 inscriptii istorice. Dintre acestea, 150 necesita interventie urgenta. Am curatat 275 metri patrati de graffiti modern. Am instalat 244 panouri informative la intrare. Bariera de protectie acopera 328 metri liniari. Am documentat 336 urme de vandalism. Raportul a fost transmis autoritatilor locale in 299 exemplare. Am propus clasificarea a 452 formatiuni ca monument natural. Vizitele ghidate sunt limitate la 100 persoane simultan. Am instruit 463 ghizi locali. Costul estimat al lucrarilor: 1 lei. Termenul de finalizare: 87 luni.', 'doc_existing_c55_1.txt', 603, NULL, 'text_document', 1775839977);
INSERT INTO documentation_files_to_geofeatures (id, geofeature_id, geofeature_type, documentation_file_id, updated_at) VALUES (5006, 55, 'cave', 2135, 1775839977);
INSERT INTO documentation_files_to_geofeatures (id, geofeature_id, geofeature_type, documentation_file_id, updated_at) VALUES (5007, 3461, 'cave_place', 2135, 1775839977);
INSERT INTO documentation_files (id, title, description, file_name, file_size, file_hash, file_type, created_at) VALUES (2136, 'Document Peștera nr. 1 de la Fața Cerbului #2', 'Raport geologic - profil 489. Stratele de calcar apartin etajului 86. Grosimea medie a stratelor este de 494 centimetri. Fisurile tectonice au un azimut predominant de 280 grade. Am recoltat 458 probe de roca pentru datarea izotopica. Continutul de CaCO3 depaseste 417 procente. Concretii de aragonita au fost gasite la cota 112. Varsta estimata a speleothemelor: 114 mii de ani. Depozitele clastice au o grosime de 451 centimetri. Am identificat 152 tipuri diferite de sedimente. Nivelul paleoclappei fosile este la cota 353 metri. Analiza XRD confirma 269 faze minerale distincte. Sectorul analizat are o lungime de 126 metri. Am realizat 93 profile transversale ale galeriei. Cutele vizibile au amplitudini de 55 centimetri.', 'doc_existing_c55_2.txt', 727, NULL, 'text_document', 1775839977);
INSERT INTO documentation_files_to_geofeatures (id, geofeature_id, geofeature_type, documentation_file_id, updated_at) VALUES (5008, 55, 'cave', 2136, 1775839977);
INSERT INTO documentation_files_to_geofeatures (id, geofeature_id, geofeature_type, documentation_file_id, updated_at) VALUES (5009, 249, 'cave_area', 2136, 1775839977);
INSERT INTO documentation_files_to_geofeatures (id, geofeature_id, geofeature_type, documentation_file_id, updated_at) VALUES (5010, 3464, 'cave_place', 2136, 1775839977);
INSERT INTO documentation_files (id, title, description, file_name, file_size, file_hash, file_type, created_at) VALUES (2137, 'Document Peștera nr. 1 de la Fața Cerbului #3', 'Evidenta resurse hidrologice - punctul 312. Debitul mediu masurat: 11 litri pe secunda. Am efectuat 386 masuratori in perioade diferite. Temperatura apei: 470 grade Celsius, constanta. pH-ul masurat: 162 unitati. Conductivitatea electrica: 337 microsiemensi. Am injectat 10 grame de trasor fluorescent. Trasorul a aparut la izvor dupa 440 ore. Distanta estimata: 468 metri de conducte carstice. Nivelul maxim in sezonul ploios: 369 centimetri peste normal. Am monitorizat 24 izvoare din bazin. Volumul estimat al lacului subteran: 162 metri cubi.', 'doc_existing_c55_3.txt', 546, NULL, 'text_document', 1775839977);
INSERT INTO documentation_files_to_geofeatures (id, geofeature_id, geofeature_type, documentation_file_id, updated_at) VALUES (5011, 55, 'cave', 2137, 1775839977);
INSERT INTO documentation_files (id, title, description, file_name, file_size, file_hash, file_type, created_at) VALUES (2138, 'Document Peștera nr. 1 de la Fața Cerbului #4', 'Raport conservare patrimoniu - obiectiv 26. Am evaluat starea a 253 inscriptii istorice. Dintre acestea, 412 necesita interventie urgenta. Am curatat 86 metri patrati de graffiti modern. Am instalat 376 panouri informative la intrare. Bariera de protectie acopera 9 metri liniari. Am documentat 496 urme de vandalism. Raportul a fost transmis autoritatilor locale in 349 exemplare. Am propus clasificarea a 231 formatiuni ca monument natural. Vizitele ghidate sunt limitate la 279 persoane simultan. Am instruit 483 ghizi locali. Costul estimat al lucrarilor: 240 lei. Termenul de finalizare: 179 luni.', 'doc_existing_c55_4.txt', 602, NULL, 'text_document', 1775839977);
INSERT INTO documentation_files_to_geofeatures (id, geofeature_id, geofeature_type, documentation_file_id, updated_at) VALUES (5012, 55, 'cave', 2138, 1775839977);
INSERT INTO documentation_files_to_geofeatures (id, geofeature_id, geofeature_type, documentation_file_id, updated_at) VALUES (5013, 249, 'cave_area', 2138, 1775839977);
INSERT INTO documentation_files_to_geofeatures (id, geofeature_id, geofeature_type, documentation_file_id, updated_at) VALUES (5014, 3469, 'cave_place', 2138, 1775839977);
INSERT INTO documentation_files (id, title, description, file_name, file_size, file_hash, file_type, created_at) VALUES (2139, 'Document Peștera nr. 1 de la Fața Cerbului #5', 'Studiu speleogenetic - sectorul 290. Am analizat 327 probe de calcar sub microscop. Varsta estimata a galeriei: 472 milioane de ani. Am identificat 194 faze de speleogeneza. Nivelul freatic actual este la 227 metri adancime. Am corelat cu 115 alte pesteri din zona. Porozitatea medie a rocii: 311 procente. Am realizat 283 sectiuni subtiri din probe. Studiul va fi publicat in volumul 457 al buletinului. Am colaborat cu 271 geologi specialisti.', 'doc_existing_c55_5.txt', 445, NULL, 'text_document', 1775839977);
INSERT INTO documentation_files_to_geofeatures (id, geofeature_id, geofeature_type, documentation_file_id, updated_at) VALUES (5015, 55, 'cave', 2139, 1775839977);
INSERT INTO documentation_files_to_geofeatures (id, geofeature_id, geofeature_type, documentation_file_id, updated_at) VALUES (5016, 3496, 'cave_place', 2139, 1775839977);
INSERT INTO documentation_files (id, title, description, file_name, file_size, file_hash, file_type, created_at) VALUES (2140, 'Document Peștera nr. 1 de la Fața Cerbului #6', 'Raport geologic - profil 495. Stratele de calcar apartin etajului 400. Grosimea medie a stratelor este de 154 centimetri. Fisurile tectonice au un azimut predominant de 187 grade. Am recoltat 71 probe de roca pentru datarea izotopica. Continutul de CaCO3 depaseste 395 procente. Concretii de aragonita au fost gasite la cota 208. Varsta estimata a speleothemelor: 218 mii de ani. Depozitele clastice au o grosime de 146 centimetri. Am identificat 369 tipuri diferite de sedimente. Nivelul paleoclappei fosile este la cota 306 metri. Analiza XRD confirma 285 faze minerale distincte. Sectorul analizat are o lungime de 135 metri. Am realizat 472 profile transversale ale galeriei. Cutele vizibile au amplitudini de 243 centimetri.', 'doc_existing_c55_6.txt', 729, NULL, 'text_document', 1775839977);
INSERT INTO documentation_files_to_geofeatures (id, geofeature_id, geofeature_type, documentation_file_id, updated_at) VALUES (5017, 55, 'cave', 2140, 1775839977);
INSERT INTO documentation_files_to_geofeatures (id, geofeature_id, geofeature_type, documentation_file_id, updated_at) VALUES (5018, 249, 'cave_area', 2140, 1775839977);
INSERT INTO documentation_files_to_geofeatures (id, geofeature_id, geofeature_type, documentation_file_id, updated_at) VALUES (5019, 3467, 'cave_place', 2140, 1775839977);
INSERT INTO documentation_files (id, title, description, file_name, file_size, file_hash, file_type, created_at) VALUES (2141, 'Document Peștera nr. 1 de la Fața Cerbului #7', 'Raport conservare patrimoniu - obiectiv 269. Am evaluat starea a 460 inscriptii istorice. Dintre acestea, 372 necesita interventie urgenta. Am curatat 64 metri patrati de graffiti modern. Am instalat 227 panouri informative la intrare. Bariera de protectie acopera 423 metri liniari. Am documentat 185 urme de vandalism. Raportul a fost transmis autoritatilor locale in 321 exemplare. Am propus clasificarea a 87 formatiuni ca monument natural. Vizitele ghidate sunt limitate la 24 persoane simultan. Am instruit 393 ghizi locali. Costul estimat al lucrarilor: 138 lei. Termenul de finalizare: 500 luni.', 'doc_existing_c55_7.txt', 603, NULL, 'text_document', 1775839977);
INSERT INTO documentation_files_to_geofeatures (id, geofeature_id, geofeature_type, documentation_file_id, updated_at) VALUES (5020, 55, 'cave', 2141, 1775839977);
INSERT INTO documentation_files_to_geofeatures (id, geofeature_id, geofeature_type, documentation_file_id, updated_at) VALUES (5021, 249, 'cave_area', 2141, 1775839977);
INSERT INTO documentation_files (id, title, description, file_name, file_size, file_hash, file_type, created_at) VALUES (2142, 'Document Peștera nr. 1 de la Fața Cerbului #8', 'Raport conservare patrimoniu - obiectiv 99. Am evaluat starea a 116 inscriptii istorice. Dintre acestea, 272 necesita interventie urgenta. Am curatat 103 metri patrati de graffiti modern. Am instalat 324 panouri informative la intrare. Bariera de protectie acopera 158 metri liniari. Am documentat 428 urme de vandalism. Raportul a fost transmis autoritatilor locale in 330 exemplare. Am propus clasificarea a 78 formatiuni ca monument natural. Vizitele ghidate sunt limitate la 235 persoane simultan. Am instruit 361 ghizi locali. Costul estimat al lucrarilor: 476 lei. Termenul de finalizare: 467 luni.', 'doc_existing_c55_8.txt', 604, NULL, 'text_document', 1775839977);
INSERT INTO documentation_files_to_geofeatures (id, geofeature_id, geofeature_type, documentation_file_id, updated_at) VALUES (5022, 55, 'cave', 2142, 1775839977);
INSERT INTO documentation_files_to_geofeatures (id, geofeature_id, geofeature_type, documentation_file_id, updated_at) VALUES (5023, 249, 'cave_area', 2142, 1775839977);
INSERT INTO documentation_files_to_geofeatures (id, geofeature_id, geofeature_type, documentation_file_id, updated_at) VALUES (5024, 3480, 'cave_place', 2142, 1775839977);
INSERT INTO documentation_files (id, title, description, file_name, file_size, file_hash, file_type, created_at) VALUES (2143, 'Document Peștera nr. 1 de la Fața Cerbului #9', 'Raport climatologic subteran - statia 402. Senzorul a inregistrat 110 cicluri complete de temperatura. Temperatura medie anuala: 27 grade Celsius. Amplitudinea termica maxima: 466 grade. Umiditatea relativa medie: 258 procente. Concentratia de CO2: 473 ppm. Curentul de aer maxim masurat: 65 metri pe secunda. Directia predominanta a curentului: sector 436. Datalogerul a functionat 150 zile fara intrerupere. Am descarcat 50 megabytes de date brute. Presiunea barometrica la intrare: 223 mbar. Evaporarea masurata: 143 milimetri pe luna. Am comparat datele cu 306 statii meteorologice de suprafata. Raportul complet include 282 grafice si tabele. Monitorizarea continua de 33 luni confirma stabilitatea climatica.', 'doc_existing_c55_9.txt', 714, NULL, 'text_document', 1775839977);
INSERT INTO documentation_files_to_geofeatures (id, geofeature_id, geofeature_type, documentation_file_id, updated_at) VALUES (5025, 55, 'cave', 2143, 1775839977);
INSERT INTO documentation_files_to_geofeatures (id, geofeature_id, geofeature_type, documentation_file_id, updated_at) VALUES (5026, 249, 'cave_area', 2143, 1775839977);
INSERT INTO documentation_files_to_geofeatures (id, geofeature_id, geofeature_type, documentation_file_id, updated_at) VALUES (5027, 3466, 'cave_place', 2143, 1775839977);
INSERT INTO documentation_files (id, title, description, file_name, file_size, file_hash, file_type, created_at) VALUES (2144, 'Document Peștera nr. 1 de la Fața Cerbului #10', 'Raport conservare patrimoniu - obiectiv 380. Am evaluat starea a 157 inscriptii istorice. Dintre acestea, 17 necesita interventie urgenta. Am curatat 223 metri patrati de graffiti modern. Am instalat 448 panouri informative la intrare. Bariera de protectie acopera 250 metri liniari. Am documentat 134 urme de vandalism. Raportul a fost transmis autoritatilor locale in 456 exemplare. Am propus clasificarea a 99 formatiuni ca monument natural. Vizitele ghidate sunt limitate la 434 persoane simultan. Am instruit 240 ghizi locali. Costul estimat al lucrarilor: 87 lei. Termenul de finalizare: 459 luni.', 'doc_existing_c55_10.txt', 603, NULL, 'text_document', 1775839977);
INSERT INTO documentation_files_to_geofeatures (id, geofeature_id, geofeature_type, documentation_file_id, updated_at) VALUES (5028, 55, 'cave', 2144, 1775839977);
INSERT INTO documentation_files_to_geofeatures (id, geofeature_id, geofeature_type, documentation_file_id, updated_at) VALUES (5029, 249, 'cave_area', 2144, 1775839977);
INSERT INTO documentation_files (id, title, description, file_name, file_size, file_hash, file_type, created_at) VALUES (2145, 'Document Peștera nr. 1 de la Fața Cerbului #11', 'Evaluare risc - sectorul 424. Am identificat 40 zone cu risc de prabusire a plafonului. Blocurile instabile au dimensiuni de pana la 376 centimetri. Nivelul apei poate creste cu 384 metri in caz de precipitatii. Distanta de la intrare pana la prima zona de risc: 492 metri. Am instalat 122 indicatoare de avertizare reflectorizante. Evacuarea de urgenta dureaza estimativ 496 minute. Echipamentul de prim ajutor este pozitionat la statia 300. Am testat comunicarea radio in 64 puncte critice. Semnalul radio este pierdut dupa 416 metri de la intrare. Am recomandat echipa minima de 362 persoane pentru acest sector. Casca si lampa frontala trebuie verificate la fiecare 45 ore. Protocoalele de securitate au fost revizuite de 378 ori anul acesta. Ultimul incident a avut loc cu 213 luni in urma. Am efectuat 166 exercitii de evacuare. Planul de urgenta a fost actualizat la versiunea 210.', 'doc_existing_c55_11.txt', 888, NULL, 'text_document', 1775839977);
INSERT INTO documentation_files_to_geofeatures (id, geofeature_id, geofeature_type, documentation_file_id, updated_at) VALUES (5030, 55, 'cave', 2145, 1775839977);
INSERT INTO documentation_files_to_geofeatures (id, geofeature_id, geofeature_type, documentation_file_id, updated_at) VALUES (5031, 249, 'cave_area', 2145, 1775839977);
INSERT INTO documentation_files_to_geofeatures (id, geofeature_id, geofeature_type, documentation_file_id, updated_at) VALUES (5032, 3453, 'cave_place', 2145, 1775839977);
INSERT INTO documentation_files (id, title, description, file_name, file_size, file_hash, file_type, created_at) VALUES (2146, 'Document Peștera nr. 1 de la Fața Cerbului #12', 'Studiu speleogenetic - sectorul 270. Am analizat 380 probe de calcar sub microscop. Varsta estimata a galeriei: 476 milioane de ani. Am identificat 145 faze de speleogeneza. Nivelul freatic actual este la 380 metri adancime. Am corelat cu 50 alte pesteri din zona. Porozitatea medie a rocii: 447 procente. Am realizat 281 sectiuni subtiri din probe. Studiul va fi publicat in volumul 185 al buletinului. Am colaborat cu 57 geologi specialisti.', 'doc_existing_c55_12.txt', 443, NULL, 'text_document', 1775839977);
INSERT INTO documentation_files_to_geofeatures (id, geofeature_id, geofeature_type, documentation_file_id, updated_at) VALUES (5033, 55, 'cave', 2146, 1775839977);
INSERT INTO documentation_files_to_geofeatures (id, geofeature_id, geofeature_type, documentation_file_id, updated_at) VALUES (5034, 249, 'cave_area', 2146, 1775839977);
INSERT INTO documentation_files (id, title, description, file_name, file_size, file_hash, file_type, created_at) VALUES (2147, 'Document Peștera nr. 1 de la Fața Cerbului #13', 'Evidenta resurse hidrologice - punctul 164. Debitul mediu masurat: 421 litri pe secunda. Am efectuat 240 masuratori in perioade diferite. Temperatura apei: 455 grade Celsius, constanta. pH-ul masurat: 94 unitati. Conductivitatea electrica: 115 microsiemensi. Am injectat 448 grame de trasor fluorescent. Trasorul a aparut la izvor dupa 50 ore. Distanta estimata: 433 metri de conducte carstice. Nivelul maxim in sezonul ploios: 50 centimetri peste normal. Am monitorizat 290 izvoare din bazin. Volumul estimat al lacului subteran: 397 metri cubi.', 'doc_existing_c55_13.txt', 546, NULL, 'text_document', 1775839977);
INSERT INTO documentation_files_to_geofeatures (id, geofeature_id, geofeature_type, documentation_file_id, updated_at) VALUES (5035, 55, 'cave', 2147, 1775839977);
INSERT INTO documentation_files_to_geofeatures (id, geofeature_id, geofeature_type, documentation_file_id, updated_at) VALUES (5036, 3466, 'cave_place', 2147, 1775839977);
INSERT INTO documentation_files (id, title, description, file_name, file_size, file_hash, file_type, created_at) VALUES (2148, 'Document Peștera nr. 1 de la Fața Cerbului #14', 'Raport climatologic subteran - statia 282. Senzorul a inregistrat 433 cicluri complete de temperatura. Temperatura medie anuala: 377 grade Celsius. Amplitudinea termica maxima: 64 grade. Umiditatea relativa medie: 420 procente. Concentratia de CO2: 439 ppm. Curentul de aer maxim masurat: 13 metri pe secunda. Directia predominanta a curentului: sector 166. Datalogerul a functionat 175 zile fara intrerupere. Am descarcat 189 megabytes de date brute. Presiunea barometrica la intrare: 26 mbar. Evaporarea masurata: 233 milimetri pe luna. Am comparat datele cu 258 statii meteorologice de suprafata. Raportul complet include 9 grafice si tabele. Monitorizarea continua de 407 luni confirma stabilitatea climatica.', 'doc_existing_c55_14.txt', 713, NULL, 'text_document', 1775839977);
INSERT INTO documentation_files_to_geofeatures (id, geofeature_id, geofeature_type, documentation_file_id, updated_at) VALUES (5037, 55, 'cave', 2148, 1775839977);
INSERT INTO documentation_files_to_geofeatures (id, geofeature_id, geofeature_type, documentation_file_id, updated_at) VALUES (5038, 249, 'cave_area', 2148, 1775839977);
INSERT INTO documentation_files (id, title, description, file_name, file_size, file_hash, file_type, created_at) VALUES (2149, 'Document Peștera nr. 1 de la Fața Cerbului #15', 'Studiu speleogenetic - sectorul 329. Am analizat 256 probe de calcar sub microscop. Varsta estimata a galeriei: 298 milioane de ani. Am identificat 134 faze de speleogeneza. Nivelul freatic actual este la 445 metri adancime. Am corelat cu 271 alte pesteri din zona. Porozitatea medie a rocii: 162 procente. Am realizat 96 sectiuni subtiri din probe. Studiul va fi publicat in volumul 75 al buletinului. Am colaborat cu 189 geologi specialisti.', 'doc_existing_c55_15.txt', 443, NULL, 'text_document', 1775839977);
INSERT INTO documentation_files_to_geofeatures (id, geofeature_id, geofeature_type, documentation_file_id, updated_at) VALUES (5039, 55, 'cave', 2149, 1775839977);
INSERT INTO documentation_files_to_geofeatures (id, geofeature_id, geofeature_type, documentation_file_id, updated_at) VALUES (5040, 249, 'cave_area', 2149, 1775839977);
INSERT INTO documentation_files_to_geofeatures (id, geofeature_id, geofeature_type, documentation_file_id, updated_at) VALUES (5041, 3471, 'cave_place', 2149, 1775839977);
INSERT INTO documentation_files (id, title, description, file_name, file_size, file_hash, file_type, created_at) VALUES (2150, 'Document Peștera nr. 1 de la Fața Cerbului #16', 'Proces verbal intalnire club - sedinta nr. 287. Au participat 488 membri. Am discutat 126 puncte pe ordinea de zi. S-a aprobat bugetul de 260 lei pentru trimestrul urmator. Am planificat 177 expeditii in urmatoarele luni. S-au inscris 351 membri noi. Am evaluat 399 rapoarte de explorare. S-a votat achizitionarea de echipament in valoare de 297 lei. Urmatoarea sedinta: peste 174 saptamani. Am desemnat 181 responsabili pentru proiecte.', 'doc_existing_c55_16.txt', 437, NULL, 'text_document', 1775839977);
INSERT INTO documentation_files_to_geofeatures (id, geofeature_id, geofeature_type, documentation_file_id, updated_at) VALUES (5042, 55, 'cave', 2150, 1775839977);
INSERT INTO documentation_files_to_geofeatures (id, geofeature_id, geofeature_type, documentation_file_id, updated_at) VALUES (5043, 249, 'cave_area', 2150, 1775839977);
INSERT INTO documentation_files_to_geofeatures (id, geofeature_id, geofeature_type, documentation_file_id, updated_at) VALUES (5044, 3476, 'cave_place', 2150, 1775839977);
INSERT INTO documentation_files (id, title, description, file_name, file_size, file_hash, file_type, created_at) VALUES (2151, 'Foto Peștera nr. 1 de la Fața Cerbului #1', 'Fotografie de pestera pentru arhiva tehnica.', '20250105_165436.jpg', 73847, NULL, 'photo', 1775839977);
INSERT INTO documentation_files_to_geofeatures (id, geofeature_id, geofeature_type, documentation_file_id, updated_at) VALUES (5045, 55, 'cave', 2151, 1775839977);
INSERT INTO documentation_files_to_geofeatures (id, geofeature_id, geofeature_type, documentation_file_id, updated_at) VALUES (5046, 249, 'cave_area', 2151, 1775839977);
INSERT INTO documentation_files_to_geofeatures (id, geofeature_id, geofeature_type, documentation_file_id, updated_at) VALUES (5047, 3451, 'cave_place', 2151, 1775839977);
INSERT INTO documentation_files (id, title, description, file_name, file_size, file_hash, file_type, created_at) VALUES (2152, 'Foto Peștera nr. 1 de la Fața Cerbului #2', 'Fotografie de pestera pentru arhiva tehnica.', '20250105_145407.jpg', 85562, NULL, 'photo', 1775839977);
INSERT INTO documentation_files_to_geofeatures (id, geofeature_id, geofeature_type, documentation_file_id, updated_at) VALUES (5048, 55, 'cave', 2152, 1775839977);
INSERT INTO documentation_files_to_geofeatures (id, geofeature_id, geofeature_type, documentation_file_id, updated_at) VALUES (5049, 3491, 'cave_place', 2152, 1775839977);
INSERT INTO documentation_files (id, title, description, file_name, file_size, file_hash, file_type, created_at) VALUES (2153, 'Foto Peștera nr. 1 de la Fața Cerbului #3', 'Fotografie de pestera pentru arhiva tehnica.', '20250109_011630.jpg', 92323, NULL, 'photo', 1775839977);
INSERT INTO documentation_files_to_geofeatures (id, geofeature_id, geofeature_type, documentation_file_id, updated_at) VALUES (5050, 55, 'cave', 2153, 1775839977);
INSERT INTO documentation_files_to_geofeatures (id, geofeature_id, geofeature_type, documentation_file_id, updated_at) VALUES (5051, 249, 'cave_area', 2153, 1775839977);
INSERT INTO documentation_files_to_geofeatures (id, geofeature_id, geofeature_type, documentation_file_id, updated_at) VALUES (5052, 3450, 'cave_place', 2153, 1775839977);
INSERT INTO documentation_files (id, title, description, file_name, file_size, file_hash, file_type, created_at) VALUES (2154, 'Foto Peștera nr. 1 de la Fața Cerbului #4', 'Fotografie de pestera pentru arhiva tehnica.', '20250108_055732.jpg', 99069, NULL, 'photo', 1775839977);
INSERT INTO documentation_files_to_geofeatures (id, geofeature_id, geofeature_type, documentation_file_id, updated_at) VALUES (5053, 55, 'cave', 2154, 1775839977);
INSERT INTO documentation_files_to_geofeatures (id, geofeature_id, geofeature_type, documentation_file_id, updated_at) VALUES (5054, 3446, 'cave_place', 2154, 1775839977);
INSERT INTO documentation_files (id, title, description, file_name, file_size, file_hash, file_type, created_at) VALUES (2155, 'Foto Peștera nr. 1 de la Fața Cerbului #5', 'Fotografie de pestera pentru arhiva tehnica.', '20250109_010113.jpg', 100347, NULL, 'photo', 1775839977);
INSERT INTO documentation_files_to_geofeatures (id, geofeature_id, geofeature_type, documentation_file_id, updated_at) VALUES (5055, 55, 'cave', 2155, 1775839977);
INSERT INTO documentation_files_to_geofeatures (id, geofeature_id, geofeature_type, documentation_file_id, updated_at) VALUES (5056, 249, 'cave_area', 2155, 1775839977);
INSERT INTO documentation_files_to_geofeatures (id, geofeature_id, geofeature_type, documentation_file_id, updated_at) VALUES (5057, 3482, 'cave_place', 2155, 1775839977);
INSERT INTO documentation_files (id, title, description, file_name, file_size, file_hash, file_type, created_at) VALUES (2156, 'Foto Peștera nr. 1 de la Fața Cerbului #6', 'Fotografie de pestera pentru arhiva tehnica.', '20250105_165436.jpg', 73847, NULL, 'photo', 1775839977);
INSERT INTO documentation_files_to_geofeatures (id, geofeature_id, geofeature_type, documentation_file_id, updated_at) VALUES (5058, 55, 'cave', 2156, 1775839977);
INSERT INTO documentation_files_to_geofeatures (id, geofeature_id, geofeature_type, documentation_file_id, updated_at) VALUES (5059, 3450, 'cave_place', 2156, 1775839977);
INSERT INTO documentation_files (id, title, description, file_name, file_size, file_hash, file_type, created_at) VALUES (2157, 'Foto Peștera nr. 1 de la Fața Cerbului #7', 'Fotografie de pestera pentru arhiva tehnica.', '20250106_175243.jpg', 88609, NULL, 'photo', 1775839977);
INSERT INTO documentation_files_to_geofeatures (id, geofeature_id, geofeature_type, documentation_file_id, updated_at) VALUES (5060, 55, 'cave', 2157, 1775839977);
INSERT INTO documentation_files_to_geofeatures (id, geofeature_id, geofeature_type, documentation_file_id, updated_at) VALUES (5061, 3471, 'cave_place', 2157, 1775839977);
INSERT INTO documentation_files (id, title, description, file_name, file_size, file_hash, file_type, created_at) VALUES (2158, 'Foto Peștera nr. 1 de la Fața Cerbului #8', 'Fotografie de pestera pentru arhiva tehnica.', '20250108_051137.jpg', 76321, NULL, 'photo', 1775839977);
INSERT INTO documentation_files_to_geofeatures (id, geofeature_id, geofeature_type, documentation_file_id, updated_at) VALUES (5062, 55, 'cave', 2158, 1775839977);
INSERT INTO documentation_files_to_geofeatures (id, geofeature_id, geofeature_type, documentation_file_id, updated_at) VALUES (5063, 3469, 'cave_place', 2158, 1775839977);
INSERT INTO documentation_files (id, title, description, file_name, file_size, file_hash, file_type, created_at) VALUES (2159, 'Document Peștera nr. 2 de la Fața Cerbului #1', 'Evidenta resurse hidrologice - punctul 474. Debitul mediu masurat: 283 litri pe secunda. Am efectuat 97 masuratori in perioade diferite. Temperatura apei: 110 grade Celsius, constanta. pH-ul masurat: 394 unitati. Conductivitatea electrica: 266 microsiemensi. Am injectat 203 grame de trasor fluorescent. Trasorul a aparut la izvor dupa 342 ore. Distanta estimata: 47 metri de conducte carstice. Nivelul maxim in sezonul ploios: 120 centimetri peste normal. Am monitorizat 102 izvoare din bazin. Volumul estimat al lacului subteran: 221 metri cubi.', 'doc_existing_c56_1.txt', 547, NULL, 'text_document', 1775839977);
INSERT INTO documentation_files_to_geofeatures (id, geofeature_id, geofeature_type, documentation_file_id, updated_at) VALUES (5064, 56, 'cave', 2159, 1775839977);
INSERT INTO documentation_files_to_geofeatures (id, geofeature_id, geofeature_type, documentation_file_id, updated_at) VALUES (5065, 3562, 'cave_place', 2159, 1775839977);
INSERT INTO documentation_files (id, title, description, file_name, file_size, file_hash, file_type, created_at) VALUES (2160, 'Document Peștera nr. 2 de la Fața Cerbului #2', 'Raport geologic - profil 334. Stratele de calcar apartin etajului 269. Grosimea medie a stratelor este de 54 centimetri. Fisurile tectonice au un azimut predominant de 317 grade. Am recoltat 422 probe de roca pentru datarea izotopica. Continutul de CaCO3 depaseste 262 procente. Concretii de aragonita au fost gasite la cota 129. Varsta estimata a speleothemelor: 446 mii de ani. Depozitele clastice au o grosime de 381 centimetri. Am identificat 25 tipuri diferite de sedimente. Nivelul paleoclappei fosile este la cota 227 metri. Analiza XRD confirma 227 faze minerale distincte. Sectorul analizat are o lungime de 188 metri. Am realizat 49 profile transversale ale galeriei. Cutele vizibile au amplitudini de 140 centimetri.', 'doc_existing_c56_2.txt', 727, NULL, 'text_document', 1775839977);
INSERT INTO documentation_files_to_geofeatures (id, geofeature_id, geofeature_type, documentation_file_id, updated_at) VALUES (5066, 56, 'cave', 2160, 1775839977);
INSERT INTO documentation_files_to_geofeatures (id, geofeature_id, geofeature_type, documentation_file_id, updated_at) VALUES (5067, 254, 'cave_area', 2160, 1775839977);
INSERT INTO documentation_files_to_geofeatures (id, geofeature_id, geofeature_type, documentation_file_id, updated_at) VALUES (5068, 3531, 'cave_place', 2160, 1775839977);
INSERT INTO documentation_files (id, title, description, file_name, file_size, file_hash, file_type, created_at) VALUES (2161, 'Document Peștera nr. 2 de la Fața Cerbului #3', 'Proces verbal intalnire club - sedinta nr. 340. Au participat 157 membri. Am discutat 45 puncte pe ordinea de zi. S-a aprobat bugetul de 144 lei pentru trimestrul urmator. Am planificat 126 expeditii in urmatoarele luni. S-au inscris 169 membri noi. Am evaluat 160 rapoarte de explorare. S-a votat achizitionarea de echipament in valoare de 483 lei. Urmatoarea sedinta: peste 265 saptamani. Am desemnat 446 responsabili pentru proiecte.', 'doc_existing_c56_3.txt', 436, NULL, 'text_document', 1775839977);
INSERT INTO documentation_files_to_geofeatures (id, geofeature_id, geofeature_type, documentation_file_id, updated_at) VALUES (5069, 56, 'cave', 2161, 1775839977);
INSERT INTO documentation_files_to_geofeatures (id, geofeature_id, geofeature_type, documentation_file_id, updated_at) VALUES (5070, 3524, 'cave_place', 2161, 1775839977);
INSERT INTO documentation_files (id, title, description, file_name, file_size, file_hash, file_type, created_at) VALUES (2162, 'Document Peștera nr. 2 de la Fața Cerbului #4', 'Fisa tehnica echipare put - verticala nr. 128. Adancimea: 62 metri. Am instalat 288 spituri din otel inoxidabil. Distanta intre spituri: 395 metri. Lungimea corzii principale: 130 metri. Coarda de siguranta: 306 metri. Am montat 106 protectoare de franghie. Fractionarea se face la 140 metri de buza putului. Deviatia este la 296 metri sub fractionare. Am testat echiparea cu 433 coborari. Ultimul control al spiturilor: acum 328 luni.', 'doc_existing_c56_4.txt', 435, NULL, 'text_document', 1775839977);
INSERT INTO documentation_files_to_geofeatures (id, geofeature_id, geofeature_type, documentation_file_id, updated_at) VALUES (5071, 56, 'cave', 2162, 1775839977);
INSERT INTO documentation_files (id, title, description, file_name, file_size, file_hash, file_type, created_at) VALUES (2163, 'Document Peștera nr. 2 de la Fața Cerbului #5', 'Studiu speleogenetic - sectorul 345. Am analizat 169 probe de calcar sub microscop. Varsta estimata a galeriei: 352 milioane de ani. Am identificat 359 faze de speleogeneza. Nivelul freatic actual este la 204 metri adancime. Am corelat cu 152 alte pesteri din zona. Porozitatea medie a rocii: 13 procente. Am realizat 399 sectiuni subtiri din probe. Studiul va fi publicat in volumul 440 al buletinului. Am colaborat cu 140 geologi specialisti.', 'doc_existing_c56_5.txt', 444, NULL, 'text_document', 1775839977);
INSERT INTO documentation_files_to_geofeatures (id, geofeature_id, geofeature_type, documentation_file_id, updated_at) VALUES (5072, 56, 'cave', 2163, 1775839977);
INSERT INTO documentation_files (id, title, description, file_name, file_size, file_hash, file_type, created_at) VALUES (2164, 'Document Peștera nr. 2 de la Fața Cerbului #6', 'Raport climatologic subteran - statia 374. Senzorul a inregistrat 42 cicluri complete de temperatura. Temperatura medie anuala: 480 grade Celsius. Amplitudinea termica maxima: 353 grade. Umiditatea relativa medie: 454 procente. Concentratia de CO2: 170 ppm. Curentul de aer maxim masurat: 234 metri pe secunda. Directia predominanta a curentului: sector 86. Datalogerul a functionat 464 zile fara intrerupere. Am descarcat 194 megabytes de date brute. Presiunea barometrica la intrare: 120 mbar. Evaporarea masurata: 456 milimetri pe luna. Am comparat datele cu 281 statii meteorologice de suprafata. Raportul complet include 211 grafice si tabele. Monitorizarea continua de 161 luni confirma stabilitatea climatica.', 'doc_existing_c56_6.txt', 716, NULL, 'text_document', 1775839977);
INSERT INTO documentation_files_to_geofeatures (id, geofeature_id, geofeature_type, documentation_file_id, updated_at) VALUES (5073, 56, 'cave', 2164, 1775839977);
INSERT INTO documentation_files_to_geofeatures (id, geofeature_id, geofeature_type, documentation_file_id, updated_at) VALUES (5074, 251, 'cave_area', 2164, 1775839977);
INSERT INTO documentation_files_to_geofeatures (id, geofeature_id, geofeature_type, documentation_file_id, updated_at) VALUES (5075, 3518, 'cave_place', 2164, 1775839977);
INSERT INTO documentation_files (id, title, description, file_name, file_size, file_hash, file_type, created_at) VALUES (2165, 'Document Peștera nr. 2 de la Fața Cerbului #7', 'Studiu speleogenetic - sectorul 120. Am analizat 455 probe de calcar sub microscop. Varsta estimata a galeriei: 381 milioane de ani. Am identificat 493 faze de speleogeneza. Nivelul freatic actual este la 4 metri adancime. Am corelat cu 173 alte pesteri din zona. Porozitatea medie a rocii: 201 procente. Am realizat 38 sectiuni subtiri din probe. Studiul va fi publicat in volumul 20 al buletinului. Am colaborat cu 486 geologi specialisti.', 'doc_existing_c56_7.txt', 441, NULL, 'text_document', 1775839977);
INSERT INTO documentation_files_to_geofeatures (id, geofeature_id, geofeature_type, documentation_file_id, updated_at) VALUES (5076, 56, 'cave', 2165, 1775839977);
INSERT INTO documentation_files_to_geofeatures (id, geofeature_id, geofeature_type, documentation_file_id, updated_at) VALUES (5077, 250, 'cave_area', 2165, 1775839977);
INSERT INTO documentation_files_to_geofeatures (id, geofeature_id, geofeature_type, documentation_file_id, updated_at) VALUES (5078, 3502, 'cave_place', 2165, 1775839977);
INSERT INTO documentation_files (id, title, description, file_name, file_size, file_hash, file_type, created_at) VALUES (2166, 'Document Peștera nr. 2 de la Fața Cerbului #8', 'Nota de mentenanta balize - traseul 206. Am verificat 478 balize reflectorizante. Dintre acestea, 44 au fost inlocuite. Am adaugat 84 balize noi in zonele nemarcate. Distanta medie intre balize: 350 metri. Am folosit 111 culori diferite conform codificarii. Vizibilitatea minima a balizelor: 248 metri cu lampa frontala. Am eliminat 58 marcaje vechi si confuze. Traseul total balizat: 323 metri. Urmatoarea verificare: peste 301 luni. Materialul consumat: 124 benzi reflectorizante.', 'doc_existing_c56_8.txt', 482, NULL, 'text_document', 1775839977);
INSERT INTO documentation_files_to_geofeatures (id, geofeature_id, geofeature_type, documentation_file_id, updated_at) VALUES (5079, 56, 'cave', 2166, 1775839977);
INSERT INTO documentation_files_to_geofeatures (id, geofeature_id, geofeature_type, documentation_file_id, updated_at) VALUES (5080, 3528, 'cave_place', 2166, 1775839977);
INSERT INTO documentation_files (id, title, description, file_name, file_size, file_hash, file_type, created_at) VALUES (2167, 'Document Peștera nr. 2 de la Fața Cerbului #9', 'Proces verbal intalnire club - sedinta nr. 62. Au participat 196 membri. Am discutat 466 puncte pe ordinea de zi. S-a aprobat bugetul de 76 lei pentru trimestrul urmator. Am planificat 35 expeditii in urmatoarele luni. S-au inscris 99 membri noi. Am evaluat 435 rapoarte de explorare. S-a votat achizitionarea de echipament in valoare de 363 lei. Urmatoarea sedinta: peste 374 saptamani. Am desemnat 269 responsabili pentru proiecte.', 'doc_existing_c56_9.txt', 433, NULL, 'text_document', 1775839977);
INSERT INTO documentation_files_to_geofeatures (id, geofeature_id, geofeature_type, documentation_file_id, updated_at) VALUES (5081, 56, 'cave', 2167, 1775839977);
INSERT INTO documentation_files_to_geofeatures (id, geofeature_id, geofeature_type, documentation_file_id, updated_at) VALUES (5082, 251, 'cave_area', 2167, 1775839977);
INSERT INTO documentation_files_to_geofeatures (id, geofeature_id, geofeature_type, documentation_file_id, updated_at) VALUES (5083, 3559, 'cave_place', 2167, 1775839977);
INSERT INTO documentation_files (id, title, description, file_name, file_size, file_hash, file_type, created_at) VALUES (2168, 'Document Peștera nr. 2 de la Fața Cerbului #10', 'Evaluare risc - sectorul 74. Am identificat 238 zone cu risc de prabusire a plafonului. Blocurile instabile au dimensiuni de pana la 430 centimetri. Nivelul apei poate creste cu 62 metri in caz de precipitatii. Distanta de la intrare pana la prima zona de risc: 416 metri. Am instalat 277 indicatoare de avertizare reflectorizante. Evacuarea de urgenta dureaza estimativ 156 minute. Echipamentul de prim ajutor este pozitionat la statia 149. Am testat comunicarea radio in 280 puncte critice. Semnalul radio este pierdut dupa 123 metri de la intrare. Am recomandat echipa minima de 471 persoane pentru acest sector. Casca si lampa frontala trebuie verificate la fiecare 82 ore. Protocoalele de securitate au fost revizuite de 35 ori anul acesta. Ultimul incident a avut loc cu 122 luni in urma. Am efectuat 277 exercitii de evacuare. Planul de urgenta a fost actualizat la versiunea 368.', 'doc_existing_c56_10.txt', 887, NULL, 'text_document', 1775839977);
INSERT INTO documentation_files_to_geofeatures (id, geofeature_id, geofeature_type, documentation_file_id, updated_at) VALUES (5084, 56, 'cave', 2168, 1775839977);
INSERT INTO documentation_files (id, title, description, file_name, file_size, file_hash, file_type, created_at) VALUES (2169, 'Document Peștera nr. 2 de la Fața Cerbului #11', 'Evidenta resurse hidrologice - punctul 215. Debitul mediu masurat: 286 litri pe secunda. Am efectuat 332 masuratori in perioade diferite. Temperatura apei: 321 grade Celsius, constanta. pH-ul masurat: 448 unitati. Conductivitatea electrica: 65 microsiemensi. Am injectat 415 grame de trasor fluorescent. Trasorul a aparut la izvor dupa 435 ore. Distanta estimata: 116 metri de conducte carstice. Nivelul maxim in sezonul ploios: 326 centimetri peste normal. Am monitorizat 371 izvoare din bazin. Volumul estimat al lacului subteran: 169 metri cubi.', 'doc_existing_c56_11.txt', 548, NULL, 'text_document', 1775839977);
INSERT INTO documentation_files_to_geofeatures (id, geofeature_id, geofeature_type, documentation_file_id, updated_at) VALUES (5085, 56, 'cave', 2169, 1775839977);
INSERT INTO documentation_files_to_geofeatures (id, geofeature_id, geofeature_type, documentation_file_id, updated_at) VALUES (5086, 255, 'cave_area', 2169, 1775839977);
INSERT INTO documentation_files_to_geofeatures (id, geofeature_id, geofeature_type, documentation_file_id, updated_at) VALUES (5087, 3504, 'cave_place', 2169, 1775839977);
INSERT INTO documentation_files (id, title, description, file_name, file_size, file_hash, file_type, created_at) VALUES (2170, 'Document Peștera nr. 2 de la Fața Cerbului #12', 'Proces verbal intalnire club - sedinta nr. 394. Au participat 352 membri. Am discutat 463 puncte pe ordinea de zi. S-a aprobat bugetul de 1 lei pentru trimestrul urmator. Am planificat 92 expeditii in urmatoarele luni. S-au inscris 258 membri noi. Am evaluat 162 rapoarte de explorare. S-a votat achizitionarea de echipament in valoare de 202 lei. Urmatoarea sedinta: peste 331 saptamani. Am desemnat 70 responsabili pentru proiecte.', 'doc_existing_c56_12.txt', 433, NULL, 'text_document', 1775839977);
INSERT INTO documentation_files_to_geofeatures (id, geofeature_id, geofeature_type, documentation_file_id, updated_at) VALUES (5088, 56, 'cave', 2170, 1775839977);
INSERT INTO documentation_files_to_geofeatures (id, geofeature_id, geofeature_type, documentation_file_id, updated_at) VALUES (5089, 250, 'cave_area', 2170, 1775839977);
INSERT INTO documentation_files_to_geofeatures (id, geofeature_id, geofeature_type, documentation_file_id, updated_at) VALUES (5090, 3518, 'cave_place', 2170, 1775839977);
INSERT INTO documentation_files (id, title, description, file_name, file_size, file_hash, file_type, created_at) VALUES (2171, 'Document Peștera nr. 2 de la Fața Cerbului #13', 'Nota de mentenanta balize - traseul 216. Am verificat 34 balize reflectorizante. Dintre acestea, 222 au fost inlocuite. Am adaugat 422 balize noi in zonele nemarcate. Distanta medie intre balize: 98 metri. Am folosit 395 culori diferite conform codificarii. Vizibilitatea minima a balizelor: 302 metri cu lampa frontala. Am eliminat 339 marcaje vechi si confuze. Traseul total balizat: 89 metri. Urmatoarea verificare: peste 16 luni. Materialul consumat: 253 benzi reflectorizante.', 'doc_existing_c56_13.txt', 481, NULL, 'text_document', 1775839977);
INSERT INTO documentation_files_to_geofeatures (id, geofeature_id, geofeature_type, documentation_file_id, updated_at) VALUES (5091, 56, 'cave', 2171, 1775839977);
INSERT INTO documentation_files_to_geofeatures (id, geofeature_id, geofeature_type, documentation_file_id, updated_at) VALUES (5092, 3559, 'cave_place', 2171, 1775839977);
INSERT INTO documentation_files (id, title, description, file_name, file_size, file_hash, file_type, created_at) VALUES (2172, 'Document Peștera nr. 2 de la Fața Cerbului #14', 'Proces verbal intalnire club - sedinta nr. 498. Au participat 397 membri. Am discutat 222 puncte pe ordinea de zi. S-a aprobat bugetul de 195 lei pentru trimestrul urmator. Am planificat 45 expeditii in urmatoarele luni. S-au inscris 393 membri noi. Am evaluat 358 rapoarte de explorare. S-a votat achizitionarea de echipament in valoare de 219 lei. Urmatoarea sedinta: peste 399 saptamani. Am desemnat 47 responsabili pentru proiecte.', 'doc_existing_c56_14.txt', 435, NULL, 'text_document', 1775839977);
INSERT INTO documentation_files_to_geofeatures (id, geofeature_id, geofeature_type, documentation_file_id, updated_at) VALUES (5093, 56, 'cave', 2172, 1775839977);
INSERT INTO documentation_files_to_geofeatures (id, geofeature_id, geofeature_type, documentation_file_id, updated_at) VALUES (5094, 251, 'cave_area', 2172, 1775839977);
INSERT INTO documentation_files (id, title, description, file_name, file_size, file_hash, file_type, created_at) VALUES (2173, 'Document Peștera nr. 2 de la Fața Cerbului #15', 'Raport climatologic subteran - statia 386. Senzorul a inregistrat 212 cicluri complete de temperatura. Temperatura medie anuala: 103 grade Celsius. Amplitudinea termica maxima: 427 grade. Umiditatea relativa medie: 256 procente. Concentratia de CO2: 415 ppm. Curentul de aer maxim masurat: 475 metri pe secunda. Directia predominanta a curentului: sector 13. Datalogerul a functionat 327 zile fara intrerupere. Am descarcat 480 megabytes de date brute. Presiunea barometrica la intrare: 14 mbar. Evaporarea masurata: 103 milimetri pe luna. Am comparat datele cu 227 statii meteorologice de suprafata. Raportul complet include 465 grafice si tabele. Monitorizarea continua de 143 luni confirma stabilitatea climatica.', 'doc_existing_c56_15.txt', 716, NULL, 'text_document', 1775839977);
INSERT INTO documentation_files_to_geofeatures (id, geofeature_id, geofeature_type, documentation_file_id, updated_at) VALUES (5095, 56, 'cave', 2173, 1775839977);
INSERT INTO documentation_files_to_geofeatures (id, geofeature_id, geofeature_type, documentation_file_id, updated_at) VALUES (5096, 251, 'cave_area', 2173, 1775839977);
INSERT INTO documentation_files_to_geofeatures (id, geofeature_id, geofeature_type, documentation_file_id, updated_at) VALUES (5097, 3503, 'cave_place', 2173, 1775839977);
INSERT INTO documentation_files (id, title, description, file_name, file_size, file_hash, file_type, created_at) VALUES (2174, 'Document Peștera nr. 2 de la Fața Cerbului #16', 'Raport climatologic subteran - statia 427. Senzorul a inregistrat 312 cicluri complete de temperatura. Temperatura medie anuala: 150 grade Celsius. Amplitudinea termica maxima: 1 grade. Umiditatea relativa medie: 104 procente. Concentratia de CO2: 472 ppm. Curentul de aer maxim masurat: 41 metri pe secunda. Directia predominanta a curentului: sector 395. Datalogerul a functionat 137 zile fara intrerupere. Am descarcat 97 megabytes de date brute. Presiunea barometrica la intrare: 230 mbar. Evaporarea masurata: 467 milimetri pe luna. Am comparat datele cu 11 statii meteorologice de suprafata. Raportul complet include 491 grafice si tabele. Monitorizarea continua de 199 luni confirma stabilitatea climatica.', 'doc_existing_c56_16.txt', 713, NULL, 'text_document', 1775839977);
INSERT INTO documentation_files_to_geofeatures (id, geofeature_id, geofeature_type, documentation_file_id, updated_at) VALUES (5098, 56, 'cave', 2174, 1775839977);
INSERT INTO documentation_files_to_geofeatures (id, geofeature_id, geofeature_type, documentation_file_id, updated_at) VALUES (5099, 3518, 'cave_place', 2174, 1775839977);
INSERT INTO documentation_files (id, title, description, file_name, file_size, file_hash, file_type, created_at) VALUES (2175, 'Document Peștera nr. 2 de la Fața Cerbului #17', 'Raport climatologic subteran - statia 278. Senzorul a inregistrat 22 cicluri complete de temperatura. Temperatura medie anuala: 332 grade Celsius. Amplitudinea termica maxima: 458 grade. Umiditatea relativa medie: 197 procente. Concentratia de CO2: 384 ppm. Curentul de aer maxim masurat: 378 metri pe secunda. Directia predominanta a curentului: sector 133. Datalogerul a functionat 128 zile fara intrerupere. Am descarcat 338 megabytes de date brute. Presiunea barometrica la intrare: 253 mbar. Evaporarea masurata: 425 milimetri pe luna. Am comparat datele cu 346 statii meteorologice de suprafata. Raportul complet include 125 grafice si tabele. Monitorizarea continua de 272 luni confirma stabilitatea climatica.', 'doc_existing_c56_17.txt', 717, NULL, 'text_document', 1775839977);
INSERT INTO documentation_files_to_geofeatures (id, geofeature_id, geofeature_type, documentation_file_id, updated_at) VALUES (5100, 56, 'cave', 2175, 1775839977);
INSERT INTO documentation_files_to_geofeatures (id, geofeature_id, geofeature_type, documentation_file_id, updated_at) VALUES (5101, 250, 'cave_area', 2175, 1775839977);
INSERT INTO documentation_files_to_geofeatures (id, geofeature_id, geofeature_type, documentation_file_id, updated_at) VALUES (5102, 3517, 'cave_place', 2175, 1775839977);
INSERT INTO documentation_files (id, title, description, file_name, file_size, file_hash, file_type, created_at) VALUES (2176, 'Document Peștera nr. 2 de la Fața Cerbului #18', 'Proces verbal intalnire club - sedinta nr. 366. Au participat 477 membri. Am discutat 124 puncte pe ordinea de zi. S-a aprobat bugetul de 457 lei pentru trimestrul urmator. Am planificat 236 expeditii in urmatoarele luni. S-au inscris 86 membri noi. Am evaluat 485 rapoarte de explorare. S-a votat achizitionarea de echipament in valoare de 268 lei. Urmatoarea sedinta: peste 498 saptamani. Am desemnat 280 responsabili pentru proiecte.', 'doc_existing_c56_18.txt', 436, NULL, 'text_document', 1775839977);
INSERT INTO documentation_files_to_geofeatures (id, geofeature_id, geofeature_type, documentation_file_id, updated_at) VALUES (5103, 56, 'cave', 2176, 1775839977);
INSERT INTO documentation_files_to_geofeatures (id, geofeature_id, geofeature_type, documentation_file_id, updated_at) VALUES (5104, 3511, 'cave_place', 2176, 1775839977);
INSERT INTO documentation_files (id, title, description, file_name, file_size, file_hash, file_type, created_at) VALUES (2177, 'Foto Peștera nr. 2 de la Fața Cerbului #1', 'Fotografie de pestera pentru arhiva tehnica.', '20250109_010113.jpg', 100347, NULL, 'photo', 1775839977);
INSERT INTO documentation_files_to_geofeatures (id, geofeature_id, geofeature_type, documentation_file_id, updated_at) VALUES (5105, 56, 'cave', 2177, 1775839977);
INSERT INTO documentation_files_to_geofeatures (id, geofeature_id, geofeature_type, documentation_file_id, updated_at) VALUES (5106, 252, 'cave_area', 2177, 1775839977);
INSERT INTO documentation_files_to_geofeatures (id, geofeature_id, geofeature_type, documentation_file_id, updated_at) VALUES (5107, 3563, 'cave_place', 2177, 1775839977);
INSERT INTO documentation_files (id, title, description, file_name, file_size, file_hash, file_type, created_at) VALUES (2178, 'Foto Peștera nr. 2 de la Fața Cerbului #2', 'Fotografie de pestera pentru arhiva tehnica.', '20250105_121440.jpg', 58950, NULL, 'photo', 1775839977);
INSERT INTO documentation_files_to_geofeatures (id, geofeature_id, geofeature_type, documentation_file_id, updated_at) VALUES (5108, 56, 'cave', 2178, 1775839977);
INSERT INTO documentation_files (id, title, description, file_name, file_size, file_hash, file_type, created_at) VALUES (2179, 'Foto Peștera nr. 2 de la Fața Cerbului #3', 'Fotografie de pestera pentru arhiva tehnica.', '20250108_014825.jpg', 80783, NULL, 'photo', 1775839977);
INSERT INTO documentation_files_to_geofeatures (id, geofeature_id, geofeature_type, documentation_file_id, updated_at) VALUES (5109, 56, 'cave', 2179, 1775839977);
INSERT INTO documentation_files_to_geofeatures (id, geofeature_id, geofeature_type, documentation_file_id, updated_at) VALUES (5110, 3566, 'cave_place', 2179, 1775839977);
INSERT INTO documentation_files (id, title, description, file_name, file_size, file_hash, file_type, created_at) VALUES (2180, 'Foto Peștera nr. 2 de la Fața Cerbului #4', 'Fotografie de pestera pentru arhiva tehnica.', '20250105_120229.jpg', 85744, NULL, 'photo', 1775839977);
INSERT INTO documentation_files_to_geofeatures (id, geofeature_id, geofeature_type, documentation_file_id, updated_at) VALUES (5111, 56, 'cave', 2180, 1775839977);
INSERT INTO documentation_files_to_geofeatures (id, geofeature_id, geofeature_type, documentation_file_id, updated_at) VALUES (5112, 3506, 'cave_place', 2180, 1775839977);
INSERT INTO documentation_files (id, title, description, file_name, file_size, file_hash, file_type, created_at) VALUES (2181, 'Foto Peștera nr. 2 de la Fața Cerbului #5', 'Fotografie de pestera pentru arhiva tehnica.', '20250106_213733.jpg', 76066, NULL, 'photo', 1775839977);
INSERT INTO documentation_files_to_geofeatures (id, geofeature_id, geofeature_type, documentation_file_id, updated_at) VALUES (5113, 56, 'cave', 2181, 1775839977);
INSERT INTO documentation_files_to_geofeatures (id, geofeature_id, geofeature_type, documentation_file_id, updated_at) VALUES (5114, 250, 'cave_area', 2181, 1775839977);
INSERT INTO documentation_files_to_geofeatures (id, geofeature_id, geofeature_type, documentation_file_id, updated_at) VALUES (5115, 3580, 'cave_place', 2181, 1775839977);
INSERT INTO documentation_files (id, title, description, file_name, file_size, file_hash, file_type, created_at) VALUES (2182, 'Foto Peștera nr. 2 de la Fața Cerbului #6', 'Fotografie de pestera pentru arhiva tehnica.', '20250108_230150.jpg', 82392, NULL, 'photo', 1775839977);
INSERT INTO documentation_files_to_geofeatures (id, geofeature_id, geofeature_type, documentation_file_id, updated_at) VALUES (5116, 56, 'cave', 2182, 1775839977);
INSERT INTO documentation_files_to_geofeatures (id, geofeature_id, geofeature_type, documentation_file_id, updated_at) VALUES (5117, 3553, 'cave_place', 2182, 1775839977);
INSERT INTO documentation_files (id, title, description, file_name, file_size, file_hash, file_type, created_at) VALUES (2183, 'Foto Peștera nr. 2 de la Fața Cerbului #7', 'Fotografie de pestera pentru arhiva tehnica.', '20250108_055732.jpg', 99069, NULL, 'photo', 1775839977);
INSERT INTO documentation_files_to_geofeatures (id, geofeature_id, geofeature_type, documentation_file_id, updated_at) VALUES (5118, 56, 'cave', 2183, 1775839977);
INSERT INTO documentation_files_to_geofeatures (id, geofeature_id, geofeature_type, documentation_file_id, updated_at) VALUES (5119, 254, 'cave_area', 2183, 1775839977);
INSERT INTO documentation_files_to_geofeatures (id, geofeature_id, geofeature_type, documentation_file_id, updated_at) VALUES (5120, 3562, 'cave_place', 2183, 1775839977);
INSERT INTO documentation_files (id, title, description, file_name, file_size, file_hash, file_type, created_at) VALUES (2184, 'Foto Peștera nr. 2 de la Fața Cerbului #8', 'Fotografie de pestera pentru arhiva tehnica.', '20250105_171938.jpg', 83405, NULL, 'photo', 1775839977);
INSERT INTO documentation_files_to_geofeatures (id, geofeature_id, geofeature_type, documentation_file_id, updated_at) VALUES (5121, 56, 'cave', 2184, 1775839977);
INSERT INTO documentation_files_to_geofeatures (id, geofeature_id, geofeature_type, documentation_file_id, updated_at) VALUES (5122, 250, 'cave_area', 2184, 1775839977);
INSERT INTO documentation_files_to_geofeatures (id, geofeature_id, geofeature_type, documentation_file_id, updated_at) VALUES (5123, 3508, 'cave_place', 2184, 1775839977);
INSERT INTO documentation_files (id, title, description, file_name, file_size, file_hash, file_type, created_at) VALUES (2185, 'Foto Peștera nr. 2 de la Fața Cerbului #9', 'Fotografie de pestera pentru arhiva tehnica.', '20250105_112245.jpg', 24061, NULL, 'photo', 1775839977);
INSERT INTO documentation_files_to_geofeatures (id, geofeature_id, geofeature_type, documentation_file_id, updated_at) VALUES (5124, 56, 'cave', 2185, 1775839977);
INSERT INTO documentation_files_to_geofeatures (id, geofeature_id, geofeature_type, documentation_file_id, updated_at) VALUES (5125, 3570, 'cave_place', 2185, 1775839977);
INSERT INTO documentation_files (id, title, description, file_name, file_size, file_hash, file_type, created_at) VALUES (2186, 'Foto Peștera nr. 2 de la Fața Cerbului #10', 'Fotografie de pestera pentru arhiva tehnica.', '20250105_181113.jpg', 110223, NULL, 'photo', 1775839977);
INSERT INTO documentation_files_to_geofeatures (id, geofeature_id, geofeature_type, documentation_file_id, updated_at) VALUES (5126, 56, 'cave', 2186, 1775839977);
INSERT INTO documentation_files_to_geofeatures (id, geofeature_id, geofeature_type, documentation_file_id, updated_at) VALUES (5127, 250, 'cave_area', 2186, 1775839977);
INSERT INTO documentation_files_to_geofeatures (id, geofeature_id, geofeature_type, documentation_file_id, updated_at) VALUES (5128, 3574, 'cave_place', 2186, 1775839977);
INSERT INTO documentation_files (id, title, description, file_name, file_size, file_hash, file_type, created_at) VALUES (2187, 'Foto Peștera nr. 2 de la Fața Cerbului #11', 'Fotografie de pestera pentru arhiva tehnica.', '20250106_213733.jpg', 76066, NULL, 'photo', 1775839977);
INSERT INTO documentation_files_to_geofeatures (id, geofeature_id, geofeature_type, documentation_file_id, updated_at) VALUES (5129, 56, 'cave', 2187, 1775839977);
INSERT INTO documentation_files_to_geofeatures (id, geofeature_id, geofeature_type, documentation_file_id, updated_at) VALUES (5130, 255, 'cave_area', 2187, 1775839977);
INSERT INTO documentation_files_to_geofeatures (id, geofeature_id, geofeature_type, documentation_file_id, updated_at) VALUES (5131, 3509, 'cave_place', 2187, 1775839977);
INSERT INTO documentation_files (id, title, description, file_name, file_size, file_hash, file_type, created_at) VALUES (2188, 'Foto Peștera nr. 2 de la Fața Cerbului #12', 'Fotografie de pestera pentru arhiva tehnica.', '20250107_045319.jpg', 70367, NULL, 'photo', 1775839977);
INSERT INTO documentation_files_to_geofeatures (id, geofeature_id, geofeature_type, documentation_file_id, updated_at) VALUES (5132, 56, 'cave', 2188, 1775839977);
INSERT INTO documentation_files_to_geofeatures (id, geofeature_id, geofeature_type, documentation_file_id, updated_at) VALUES (5133, 250, 'cave_area', 2188, 1775839977);
INSERT INTO documentation_files_to_geofeatures (id, geofeature_id, geofeature_type, documentation_file_id, updated_at) VALUES (5134, 3522, 'cave_place', 2188, 1775839977);
INSERT INTO documentation_files (id, title, description, file_name, file_size, file_hash, file_type, created_at) VALUES (2189, 'Foto Peștera nr. 2 de la Fața Cerbului #13', 'Fotografie de pestera pentru arhiva tehnica.', '20250105_112245.jpg', 24061, NULL, 'photo', 1775839977);
INSERT INTO documentation_files_to_geofeatures (id, geofeature_id, geofeature_type, documentation_file_id, updated_at) VALUES (5135, 56, 'cave', 2189, 1775839977);
INSERT INTO documentation_files_to_geofeatures (id, geofeature_id, geofeature_type, documentation_file_id, updated_at) VALUES (5136, 3577, 'cave_place', 2189, 1775839977);
INSERT INTO documentation_files (id, title, description, file_name, file_size, file_hash, file_type, created_at) VALUES (2190, 'Foto Peștera nr. 2 de la Fața Cerbului #14', 'Fotografie de pestera pentru arhiva tehnica.', '20250106_172237.jpg', 100771, NULL, 'photo', 1775839977);
INSERT INTO documentation_files_to_geofeatures (id, geofeature_id, geofeature_type, documentation_file_id, updated_at) VALUES (5137, 56, 'cave', 2190, 1775839977);
INSERT INTO documentation_files_to_geofeatures (id, geofeature_id, geofeature_type, documentation_file_id, updated_at) VALUES (5138, 254, 'cave_area', 2190, 1775839977);
INSERT INTO documentation_files_to_geofeatures (id, geofeature_id, geofeature_type, documentation_file_id, updated_at) VALUES (5139, 3529, 'cave_place', 2190, 1775839977);
INSERT INTO documentation_files (id, title, description, file_name, file_size, file_hash, file_type, created_at) VALUES (2191, 'Foto Peștera nr. 2 de la Fața Cerbului #15', 'Fotografie de pestera pentru arhiva tehnica.', '20250108_015331.jpg', 90733, NULL, 'photo', 1775839977);
INSERT INTO documentation_files_to_geofeatures (id, geofeature_id, geofeature_type, documentation_file_id, updated_at) VALUES (5140, 56, 'cave', 2191, 1775839977);
INSERT INTO documentation_files_to_geofeatures (id, geofeature_id, geofeature_type, documentation_file_id, updated_at) VALUES (5141, 252, 'cave_area', 2191, 1775839977);
INSERT INTO documentation_files_to_geofeatures (id, geofeature_id, geofeature_type, documentation_file_id, updated_at) VALUES (5142, 3575, 'cave_place', 2191, 1775839977);
INSERT INTO documentation_files (id, title, description, file_name, file_size, file_hash, file_type, created_at) VALUES (2192, 'Document Avenul nr. 3 din Poiana Pleșița #1', 'Fisa tehnica echipare put - verticala nr. 377. Adancimea: 104 metri. Am instalat 317 spituri din otel inoxidabil. Distanta intre spituri: 23 metri. Lungimea corzii principale: 32 metri. Coarda de siguranta: 411 metri. Am montat 454 protectoare de franghie. Fractionarea se face la 145 metri de buza putului. Deviatia este la 231 metri sub fractionare. Am testat echiparea cu 270 coborari. Ultimul control al spiturilor: acum 390 luni.', 'doc_existing_c57_1.txt', 434, NULL, 'text_document', 1775839977);
INSERT INTO documentation_files_to_geofeatures (id, geofeature_id, geofeature_type, documentation_file_id, updated_at) VALUES (5143, 57, 'cave', 2192, 1775839977);
INSERT INTO documentation_files_to_geofeatures (id, geofeature_id, geofeature_type, documentation_file_id, updated_at) VALUES (5144, 3650, 'cave_place', 2192, 1775839977);
INSERT INTO documentation_files (id, title, description, file_name, file_size, file_hash, file_type, created_at) VALUES (2193, 'Document Avenul nr. 3 din Poiana Pleșița #2', 'Evaluare risc - sectorul 303. Am identificat 482 zone cu risc de prabusire a plafonului. Blocurile instabile au dimensiuni de pana la 402 centimetri. Nivelul apei poate creste cu 368 metri in caz de precipitatii. Distanta de la intrare pana la prima zona de risc: 173 metri. Am instalat 102 indicatoare de avertizare reflectorizante. Evacuarea de urgenta dureaza estimativ 165 minute. Echipamentul de prim ajutor este pozitionat la statia 162. Am testat comunicarea radio in 351 puncte critice. Semnalul radio este pierdut dupa 391 metri de la intrare. Am recomandat echipa minima de 466 persoane pentru acest sector. Casca si lampa frontala trebuie verificate la fiecare 187 ore. Protocoalele de securitate au fost revizuite de 270 ori anul acesta. Ultimul incident a avut loc cu 10 luni in urma. Am efectuat 324 exercitii de evacuare. Planul de urgenta a fost actualizat la versiunea 207.', 'doc_existing_c57_2.txt', 890, NULL, 'text_document', 1775839977);
INSERT INTO documentation_files_to_geofeatures (id, geofeature_id, geofeature_type, documentation_file_id, updated_at) VALUES (5145, 57, 'cave', 2193, 1775839977);
INSERT INTO documentation_files_to_geofeatures (id, geofeature_id, geofeature_type, documentation_file_id, updated_at) VALUES (5146, 256, 'cave_area', 2193, 1775839977);
INSERT INTO documentation_files_to_geofeatures (id, geofeature_id, geofeature_type, documentation_file_id, updated_at) VALUES (5147, 3647, 'cave_place', 2193, 1775839977);
INSERT INTO documentation_files (id, title, description, file_name, file_size, file_hash, file_type, created_at) VALUES (2194, 'Document Avenul nr. 3 din Poiana Pleșița #3', 'Studiu speleogenetic - sectorul 196. Am analizat 166 probe de calcar sub microscop. Varsta estimata a galeriei: 199 milioane de ani. Am identificat 499 faze de speleogeneza. Nivelul freatic actual este la 343 metri adancime. Am corelat cu 1 alte pesteri din zona. Porozitatea medie a rocii: 198 procente. Am realizat 57 sectiuni subtiri din probe. Studiul va fi publicat in volumul 169 al buletinului. Am colaborat cu 23 geologi specialisti.', 'doc_existing_c57_3.txt', 441, NULL, 'text_document', 1775839977);
INSERT INTO documentation_files_to_geofeatures (id, geofeature_id, geofeature_type, documentation_file_id, updated_at) VALUES (5148, 57, 'cave', 2194, 1775839977);
INSERT INTO documentation_files_to_geofeatures (id, geofeature_id, geofeature_type, documentation_file_id, updated_at) VALUES (5149, 258, 'cave_area', 2194, 1775839977);
INSERT INTO documentation_files_to_geofeatures (id, geofeature_id, geofeature_type, documentation_file_id, updated_at) VALUES (5150, 3599, 'cave_place', 2194, 1775839977);
INSERT INTO documentation_files (id, title, description, file_name, file_size, file_hash, file_type, created_at) VALUES (2195, 'Document Avenul nr. 3 din Poiana Pleșița #4', 'Studiu speleogenetic - sectorul 251. Am analizat 102 probe de calcar sub microscop. Varsta estimata a galeriei: 353 milioane de ani. Am identificat 464 faze de speleogeneza. Nivelul freatic actual este la 452 metri adancime. Am corelat cu 40 alte pesteri din zona. Porozitatea medie a rocii: 86 procente. Am realizat 463 sectiuni subtiri din probe. Studiul va fi publicat in volumul 358 al buletinului. Am colaborat cu 436 geologi specialisti.', 'doc_existing_c57_4.txt', 443, NULL, 'text_document', 1775839977);
INSERT INTO documentation_files_to_geofeatures (id, geofeature_id, geofeature_type, documentation_file_id, updated_at) VALUES (5151, 57, 'cave', 2195, 1775839977);
INSERT INTO documentation_files_to_geofeatures (id, geofeature_id, geofeature_type, documentation_file_id, updated_at) VALUES (5152, 261, 'cave_area', 2195, 1775839977);
INSERT INTO documentation_files_to_geofeatures (id, geofeature_id, geofeature_type, documentation_file_id, updated_at) VALUES (5153, 3614, 'cave_place', 2195, 1775839977);
INSERT INTO documentation_files (id, title, description, file_name, file_size, file_hash, file_type, created_at) VALUES (2196, 'Document Avenul nr. 3 din Poiana Pleșița #5', 'Evaluare risc - sectorul 321. Am identificat 368 zone cu risc de prabusire a plafonului. Blocurile instabile au dimensiuni de pana la 451 centimetri. Nivelul apei poate creste cu 278 metri in caz de precipitatii. Distanta de la intrare pana la prima zona de risc: 51 metri. Am instalat 294 indicatoare de avertizare reflectorizante. Evacuarea de urgenta dureaza estimativ 138 minute. Echipamentul de prim ajutor este pozitionat la statia 376. Am testat comunicarea radio in 76 puncte critice. Semnalul radio este pierdut dupa 79 metri de la intrare. Am recomandat echipa minima de 360 persoane pentru acest sector. Casca si lampa frontala trebuie verificate la fiecare 110 ore. Protocoalele de securitate au fost revizuite de 301 ori anul acesta. Ultimul incident a avut loc cu 65 luni in urma. Am efectuat 69 exercitii de evacuare. Planul de urgenta a fost actualizat la versiunea 491.', 'doc_existing_c57_5.txt', 886, NULL, 'text_document', 1775839977);
INSERT INTO documentation_files_to_geofeatures (id, geofeature_id, geofeature_type, documentation_file_id, updated_at) VALUES (5154, 57, 'cave', 2196, 1775839977);
INSERT INTO documentation_files_to_geofeatures (id, geofeature_id, geofeature_type, documentation_file_id, updated_at) VALUES (5155, 3602, 'cave_place', 2196, 1775839977);
INSERT INTO documentation_files (id, title, description, file_name, file_size, file_hash, file_type, created_at) VALUES (2197, 'Document Avenul nr. 3 din Poiana Pleșița #6', 'Raport climatologic subteran - statia 147. Senzorul a inregistrat 173 cicluri complete de temperatura. Temperatura medie anuala: 488 grade Celsius. Amplitudinea termica maxima: 270 grade. Umiditatea relativa medie: 67 procente. Concentratia de CO2: 206 ppm. Curentul de aer maxim masurat: 33 metri pe secunda. Directia predominanta a curentului: sector 109. Datalogerul a functionat 457 zile fara intrerupere. Am descarcat 416 megabytes de date brute. Presiunea barometrica la intrare: 400 mbar. Evaporarea masurata: 227 milimetri pe luna. Am comparat datele cu 374 statii meteorologice de suprafata. Raportul complet include 140 grafice si tabele. Monitorizarea continua de 358 luni confirma stabilitatea climatica.', 'doc_existing_c57_6.txt', 716, NULL, 'text_document', 1775839977);
INSERT INTO documentation_files_to_geofeatures (id, geofeature_id, geofeature_type, documentation_file_id, updated_at) VALUES (5156, 57, 'cave', 2197, 1775839977);
INSERT INTO documentation_files_to_geofeatures (id, geofeature_id, geofeature_type, documentation_file_id, updated_at) VALUES (5157, 3621, 'cave_place', 2197, 1775839977);
INSERT INTO documentation_files (id, title, description, file_name, file_size, file_hash, file_type, created_at) VALUES (2198, 'Document Avenul nr. 3 din Poiana Pleșița #7', 'Studiu speleogenetic - sectorul 152. Am analizat 273 probe de calcar sub microscop. Varsta estimata a galeriei: 492 milioane de ani. Am identificat 80 faze de speleogeneza. Nivelul freatic actual este la 490 metri adancime. Am corelat cu 307 alte pesteri din zona. Porozitatea medie a rocii: 126 procente. Am realizat 183 sectiuni subtiri din probe. Studiul va fi publicat in volumul 13 al buletinului. Am colaborat cu 347 geologi specialisti.', 'doc_existing_c57_7.txt', 443, NULL, 'text_document', 1775839977);
INSERT INTO documentation_files_to_geofeatures (id, geofeature_id, geofeature_type, documentation_file_id, updated_at) VALUES (5158, 57, 'cave', 2198, 1775839977);
INSERT INTO documentation_files_to_geofeatures (id, geofeature_id, geofeature_type, documentation_file_id, updated_at) VALUES (5159, 3601, 'cave_place', 2198, 1775839977);
INSERT INTO documentation_files (id, title, description, file_name, file_size, file_hash, file_type, created_at) VALUES (2199, 'Document Avenul nr. 3 din Poiana Pleșița #8', 'Studiu speleogenetic - sectorul 129. Am analizat 399 probe de calcar sub microscop. Varsta estimata a galeriei: 3 milioane de ani. Am identificat 135 faze de speleogeneza. Nivelul freatic actual este la 132 metri adancime. Am corelat cu 65 alte pesteri din zona. Porozitatea medie a rocii: 213 procente. Am realizat 346 sectiuni subtiri din probe. Studiul va fi publicat in volumul 393 al buletinului. Am colaborat cu 34 geologi specialisti.', 'doc_existing_c57_8.txt', 441, NULL, 'text_document', 1775839977);
INSERT INTO documentation_files_to_geofeatures (id, geofeature_id, geofeature_type, documentation_file_id, updated_at) VALUES (5160, 57, 'cave', 2199, 1775839977);
INSERT INTO documentation_files_to_geofeatures (id, geofeature_id, geofeature_type, documentation_file_id, updated_at) VALUES (5161, 3639, 'cave_place', 2199, 1775839977);
INSERT INTO documentation_files (id, title, description, file_name, file_size, file_hash, file_type, created_at) VALUES (2200, 'Document Avenul nr. 3 din Poiana Pleșița #9', 'Fisa tehnica echipare put - verticala nr. 362. Adancimea: 379 metri. Am instalat 136 spituri din otel inoxidabil. Distanta intre spituri: 312 metri. Lungimea corzii principale: 126 metri. Coarda de siguranta: 162 metri. Am montat 8 protectoare de franghie. Fractionarea se face la 454 metri de buza putului. Deviatia este la 414 metri sub fractionare. Am testat echiparea cu 321 coborari. Ultimul control al spiturilor: acum 7 luni.', 'doc_existing_c57_9.txt', 432, NULL, 'text_document', 1775839977);
INSERT INTO documentation_files_to_geofeatures (id, geofeature_id, geofeature_type, documentation_file_id, updated_at) VALUES (5162, 57, 'cave', 2200, 1775839977);
INSERT INTO documentation_files_to_geofeatures (id, geofeature_id, geofeature_type, documentation_file_id, updated_at) VALUES (5163, 260, 'cave_area', 2200, 1775839977);
INSERT INTO documentation_files_to_geofeatures (id, geofeature_id, geofeature_type, documentation_file_id, updated_at) VALUES (5164, 3590, 'cave_place', 2200, 1775839977);
INSERT INTO documentation_files (id, title, description, file_name, file_size, file_hash, file_type, created_at) VALUES (2201, 'Document Avenul nr. 3 din Poiana Pleșița #10', 'Evaluare risc - sectorul 483. Am identificat 229 zone cu risc de prabusire a plafonului. Blocurile instabile au dimensiuni de pana la 455 centimetri. Nivelul apei poate creste cu 175 metri in caz de precipitatii. Distanta de la intrare pana la prima zona de risc: 311 metri. Am instalat 363 indicatoare de avertizare reflectorizante. Evacuarea de urgenta dureaza estimativ 241 minute. Echipamentul de prim ajutor este pozitionat la statia 410. Am testat comunicarea radio in 169 puncte critice. Semnalul radio este pierdut dupa 370 metri de la intrare. Am recomandat echipa minima de 313 persoane pentru acest sector. Casca si lampa frontala trebuie verificate la fiecare 225 ore. Protocoalele de securitate au fost revizuite de 415 ori anul acesta. Ultimul incident a avut loc cu 228 luni in urma. Am efectuat 324 exercitii de evacuare. Planul de urgenta a fost actualizat la versiunea 388.', 'doc_existing_c57_10.txt', 891, NULL, 'text_document', 1775839977);
INSERT INTO documentation_files_to_geofeatures (id, geofeature_id, geofeature_type, documentation_file_id, updated_at) VALUES (5165, 57, 'cave', 2201, 1775839977);
INSERT INTO documentation_files_to_geofeatures (id, geofeature_id, geofeature_type, documentation_file_id, updated_at) VALUES (5166, 3625, 'cave_place', 2201, 1775839977);
INSERT INTO documentation_files (id, title, description, file_name, file_size, file_hash, file_type, created_at) VALUES (2202, 'Foto Avenul nr. 3 din Poiana Pleșița #1', 'Fotografie de pestera pentru arhiva tehnica.', '20250105_120229.jpg', 85744, NULL, 'photo', 1775839977);
INSERT INTO documentation_files_to_geofeatures (id, geofeature_id, geofeature_type, documentation_file_id, updated_at) VALUES (5167, 57, 'cave', 2202, 1775839977);
INSERT INTO documentation_files_to_geofeatures (id, geofeature_id, geofeature_type, documentation_file_id, updated_at) VALUES (5168, 3586, 'cave_place', 2202, 1775839977);
INSERT INTO documentation_files (id, title, description, file_name, file_size, file_hash, file_type, created_at) VALUES (2203, 'Foto Avenul nr. 3 din Poiana Pleșița #2', 'Fotografie de pestera pentru arhiva tehnica.', '20250105_175952.jpg', 82206, NULL, 'photo', 1775839977);
INSERT INTO documentation_files_to_geofeatures (id, geofeature_id, geofeature_type, documentation_file_id, updated_at) VALUES (5169, 57, 'cave', 2203, 1775839977);
INSERT INTO documentation_files_to_geofeatures (id, geofeature_id, geofeature_type, documentation_file_id, updated_at) VALUES (5170, 258, 'cave_area', 2203, 1775839977);
INSERT INTO documentation_files_to_geofeatures (id, geofeature_id, geofeature_type, documentation_file_id, updated_at) VALUES (5171, 3599, 'cave_place', 2203, 1775839977);
INSERT INTO documentation_files (id, title, description, file_name, file_size, file_hash, file_type, created_at) VALUES (2204, 'Foto Avenul nr. 3 din Poiana Pleșița #3', 'Fotografie de pestera pentru arhiva tehnica.', '20250108_015243.jpg', 89809, NULL, 'photo', 1775839977);
INSERT INTO documentation_files_to_geofeatures (id, geofeature_id, geofeature_type, documentation_file_id, updated_at) VALUES (5172, 57, 'cave', 2204, 1775839977);
INSERT INTO documentation_files_to_geofeatures (id, geofeature_id, geofeature_type, documentation_file_id, updated_at) VALUES (5173, 256, 'cave_area', 2204, 1775839977);
INSERT INTO documentation_files (id, title, description, file_name, file_size, file_hash, file_type, created_at) VALUES (2205, 'Foto Avenul nr. 3 din Poiana Pleșița #4', 'Fotografie de pestera pentru arhiva tehnica.', '20250105_121005.jpg', 102925, NULL, 'photo', 1775839977);
INSERT INTO documentation_files_to_geofeatures (id, geofeature_id, geofeature_type, documentation_file_id, updated_at) VALUES (5174, 57, 'cave', 2205, 1775839977);
INSERT INTO documentation_files_to_geofeatures (id, geofeature_id, geofeature_type, documentation_file_id, updated_at) VALUES (5175, 261, 'cave_area', 2205, 1775839977);
INSERT INTO documentation_files_to_geofeatures (id, geofeature_id, geofeature_type, documentation_file_id, updated_at) VALUES (5176, 3595, 'cave_place', 2205, 1775839977);
INSERT INTO documentation_files (id, title, description, file_name, file_size, file_hash, file_type, created_at) VALUES (2206, 'Foto Avenul nr. 3 din Poiana Pleșița #5', 'Fotografie de pestera pentru arhiva tehnica.', '20250108_015331.jpg', 90733, NULL, 'photo', 1775839977);
INSERT INTO documentation_files_to_geofeatures (id, geofeature_id, geofeature_type, documentation_file_id, updated_at) VALUES (5177, 57, 'cave', 2206, 1775839977);
INSERT INTO documentation_files_to_geofeatures (id, geofeature_id, geofeature_type, documentation_file_id, updated_at) VALUES (5178, 260, 'cave_area', 2206, 1775839977);
INSERT INTO documentation_files_to_geofeatures (id, geofeature_id, geofeature_type, documentation_file_id, updated_at) VALUES (5179, 3646, 'cave_place', 2206, 1775839977);
INSERT INTO documentation_files (id, title, description, file_name, file_size, file_hash, file_type, created_at) VALUES (2207, 'Foto Avenul nr. 3 din Poiana Pleșița #6', 'Fotografie de pestera pentru arhiva tehnica.', '20250108_014122.jpg', 95561, NULL, 'photo', 1775839977);
INSERT INTO documentation_files_to_geofeatures (id, geofeature_id, geofeature_type, documentation_file_id, updated_at) VALUES (5180, 57, 'cave', 2207, 1775839977);
INSERT INTO documentation_files_to_geofeatures (id, geofeature_id, geofeature_type, documentation_file_id, updated_at) VALUES (5181, 3604, 'cave_place', 2207, 1775839977);
INSERT INTO documentation_files (id, title, description, file_name, file_size, file_hash, file_type, created_at) VALUES (2208, 'Foto Avenul nr. 3 din Poiana Pleșița #7', 'Fotografie de pestera pentru arhiva tehnica.', '20250105_165436.jpg', 73847, NULL, 'photo', 1775839977);
INSERT INTO documentation_files_to_geofeatures (id, geofeature_id, geofeature_type, documentation_file_id, updated_at) VALUES (5182, 57, 'cave', 2208, 1775839977);
INSERT INTO documentation_files_to_geofeatures (id, geofeature_id, geofeature_type, documentation_file_id, updated_at) VALUES (5183, 3641, 'cave_place', 2208, 1775839977);
INSERT INTO documentation_files (id, title, description, file_name, file_size, file_hash, file_type, created_at) VALUES (2209, 'Foto Avenul nr. 3 din Poiana Pleșița #8', 'Fotografie de pestera pentru arhiva tehnica.', '20250105_211239.jpg', 111085, NULL, 'photo', 1775839977);
INSERT INTO documentation_files_to_geofeatures (id, geofeature_id, geofeature_type, documentation_file_id, updated_at) VALUES (5184, 57, 'cave', 2209, 1775839977);
INSERT INTO documentation_files_to_geofeatures (id, geofeature_id, geofeature_type, documentation_file_id, updated_at) VALUES (5185, 258, 'cave_area', 2209, 1775839977);
INSERT INTO documentation_files_to_geofeatures (id, geofeature_id, geofeature_type, documentation_file_id, updated_at) VALUES (5186, 3617, 'cave_place', 2209, 1775839977);
INSERT INTO documentation_files (id, title, description, file_name, file_size, file_hash, file_type, created_at) VALUES (2210, 'Foto Avenul nr. 3 din Poiana Pleșița #9', 'Fotografie de pestera pentru arhiva tehnica.', '20250105_171938.jpg', 83405, NULL, 'photo', 1775839977);
INSERT INTO documentation_files_to_geofeatures (id, geofeature_id, geofeature_type, documentation_file_id, updated_at) VALUES (5187, 57, 'cave', 2210, 1775839977);
INSERT INTO documentation_files_to_geofeatures (id, geofeature_id, geofeature_type, documentation_file_id, updated_at) VALUES (5188, 257, 'cave_area', 2210, 1775839977);
INSERT INTO documentation_files (id, title, description, file_name, file_size, file_hash, file_type, created_at) VALUES (2211, 'Foto Avenul nr. 3 din Poiana Pleșița #10', 'Fotografie de pestera pentru arhiva tehnica.', '20250105_121005.jpg', 102925, NULL, 'photo', 1775839977);
INSERT INTO documentation_files_to_geofeatures (id, geofeature_id, geofeature_type, documentation_file_id, updated_at) VALUES (5189, 57, 'cave', 2211, 1775839977);
INSERT INTO documentation_files_to_geofeatures (id, geofeature_id, geofeature_type, documentation_file_id, updated_at) VALUES (5190, 258, 'cave_area', 2211, 1775839977);
INSERT INTO documentation_files (id, title, description, file_name, file_size, file_hash, file_type, created_at) VALUES (2212, 'Foto Avenul nr. 3 din Poiana Pleșița #11', 'Fotografie de pestera pentru arhiva tehnica.', '20250107_221844.jpg', 64154, NULL, 'photo', 1775839977);
INSERT INTO documentation_files_to_geofeatures (id, geofeature_id, geofeature_type, documentation_file_id, updated_at) VALUES (5191, 57, 'cave', 2212, 1775839977);
INSERT INTO documentation_files_to_geofeatures (id, geofeature_id, geofeature_type, documentation_file_id, updated_at) VALUES (5192, 260, 'cave_area', 2212, 1775839977);
INSERT INTO documentation_files_to_geofeatures (id, geofeature_id, geofeature_type, documentation_file_id, updated_at) VALUES (5193, 3646, 'cave_place', 2212, 1775839977);
INSERT INTO documentation_files (id, title, description, file_name, file_size, file_hash, file_type, created_at) VALUES (2213, 'Foto Avenul nr. 3 din Poiana Pleșița #12', 'Fotografie de pestera pentru arhiva tehnica.', '20250107_045319.jpg', 70367, NULL, 'photo', 1775839977);
INSERT INTO documentation_files_to_geofeatures (id, geofeature_id, geofeature_type, documentation_file_id, updated_at) VALUES (5194, 57, 'cave', 2213, 1775839977);
INSERT INTO documentation_files (id, title, description, file_name, file_size, file_hash, file_type, created_at) VALUES (2214, 'Foto Avenul nr. 3 din Poiana Pleșița #13', 'Fotografie de pestera pentru arhiva tehnica.', '20250108_015331.jpg', 90733, NULL, 'photo', 1775839977);
INSERT INTO documentation_files_to_geofeatures (id, geofeature_id, geofeature_type, documentation_file_id, updated_at) VALUES (5195, 57, 'cave', 2214, 1775839977);
INSERT INTO documentation_files_to_geofeatures (id, geofeature_id, geofeature_type, documentation_file_id, updated_at) VALUES (5196, 260, 'cave_area', 2214, 1775839977);
INSERT INTO documentation_files_to_geofeatures (id, geofeature_id, geofeature_type, documentation_file_id, updated_at) VALUES (5197, 3581, 'cave_place', 2214, 1775839977);
INSERT INTO documentation_files (id, title, description, file_name, file_size, file_hash, file_type, created_at) VALUES (2215, 'Foto Avenul nr. 3 din Poiana Pleșița #14', 'Fotografie de pestera pentru arhiva tehnica.', '20250105_120229.jpg', 85744, NULL, 'photo', 1775839977);
INSERT INTO documentation_files_to_geofeatures (id, geofeature_id, geofeature_type, documentation_file_id, updated_at) VALUES (5198, 57, 'cave', 2215, 1775839977);
INSERT INTO documentation_files (id, title, description, file_name, file_size, file_hash, file_type, created_at) VALUES (2216, 'Foto Avenul nr. 3 din Poiana Pleșița #15', 'Fotografie de pestera pentru arhiva tehnica.', '20250105_211239.jpg', 111085, NULL, 'photo', 1775839977);
INSERT INTO documentation_files_to_geofeatures (id, geofeature_id, geofeature_type, documentation_file_id, updated_at) VALUES (5199, 57, 'cave', 2216, 1775839977);
INSERT INTO documentation_files_to_geofeatures (id, geofeature_id, geofeature_type, documentation_file_id, updated_at) VALUES (5200, 257, 'cave_area', 2216, 1775839977);
INSERT INTO documentation_files (id, title, description, file_name, file_size, file_hash, file_type, created_at) VALUES (2217, 'Foto Avenul nr. 3 din Poiana Pleșița #16', 'Fotografie de pestera pentru arhiva tehnica.', '20250105_180110.jpg', 94499, NULL, 'photo', 1775839977);
INSERT INTO documentation_files_to_geofeatures (id, geofeature_id, geofeature_type, documentation_file_id, updated_at) VALUES (5201, 57, 'cave', 2217, 1775839977);
INSERT INTO documentation_files_to_geofeatures (id, geofeature_id, geofeature_type, documentation_file_id, updated_at) VALUES (5202, 258, 'cave_area', 2217, 1775839977);
INSERT INTO documentation_files_to_geofeatures (id, geofeature_id, geofeature_type, documentation_file_id, updated_at) VALUES (5203, 3637, 'cave_place', 2217, 1775839977);
INSERT INTO documentation_files (id, title, description, file_name, file_size, file_hash, file_type, created_at) VALUES (2218, 'Document Peștera Caroleștilor #1', 'Studiu speleogenetic - sectorul 436. Am analizat 488 probe de calcar sub microscop. Varsta estimata a galeriei: 164 milioane de ani. Am identificat 145 faze de speleogeneza. Nivelul freatic actual este la 415 metri adancime. Am corelat cu 285 alte pesteri din zona. Porozitatea medie a rocii: 237 procente. Am realizat 332 sectiuni subtiri din probe. Studiul va fi publicat in volumul 355 al buletinului. Am colaborat cu 73 geologi specialisti.', 'doc_existing_c58_1.txt', 444, NULL, 'text_document', 1775839978);
INSERT INTO documentation_files_to_geofeatures (id, geofeature_id, geofeature_type, documentation_file_id, updated_at) VALUES (5204, 58, 'cave', 2218, 1775839978);
INSERT INTO documentation_files_to_geofeatures (id, geofeature_id, geofeature_type, documentation_file_id, updated_at) VALUES (5205, 263, 'cave_area', 2218, 1775839978);
INSERT INTO documentation_files (id, title, description, file_name, file_size, file_hash, file_type, created_at) VALUES (2219, 'Document Peștera Caroleștilor #2', 'Fisa tehnica echipare put - verticala nr. 408. Adancimea: 461 metri. Am instalat 346 spituri din otel inoxidabil. Distanta intre spituri: 209 metri. Lungimea corzii principale: 216 metri. Coarda de siguranta: 485 metri. Am montat 32 protectoare de franghie. Fractionarea se face la 175 metri de buza putului. Deviatia este la 82 metri sub fractionare. Am testat echiparea cu 195 coborari. Ultimul control al spiturilor: acum 361 luni.', 'doc_existing_c58_2.txt', 434, NULL, 'text_document', 1775839978);
INSERT INTO documentation_files_to_geofeatures (id, geofeature_id, geofeature_type, documentation_file_id, updated_at) VALUES (5206, 58, 'cave', 2219, 1775839978);
INSERT INTO documentation_files_to_geofeatures (id, geofeature_id, geofeature_type, documentation_file_id, updated_at) VALUES (5207, 263, 'cave_area', 2219, 1775839978);
INSERT INTO documentation_files_to_geofeatures (id, geofeature_id, geofeature_type, documentation_file_id, updated_at) VALUES (5208, 3668, 'cave_place', 2219, 1775839978);
INSERT INTO documentation_files (id, title, description, file_name, file_size, file_hash, file_type, created_at) VALUES (2220, 'Document Peștera Caroleștilor #3', 'Fisa tehnica echipare put - verticala nr. 286. Adancimea: 149 metri. Am instalat 282 spituri din otel inoxidabil. Distanta intre spituri: 175 metri. Lungimea corzii principale: 41 metri. Coarda de siguranta: 151 metri. Am montat 184 protectoare de franghie. Fractionarea se face la 127 metri de buza putului. Deviatia este la 19 metri sub fractionare. Am testat echiparea cu 247 coborari. Ultimul control al spiturilor: acum 343 luni.', 'doc_existing_c58_3.txt', 434, NULL, 'text_document', 1775839978);
INSERT INTO documentation_files_to_geofeatures (id, geofeature_id, geofeature_type, documentation_file_id, updated_at) VALUES (5209, 58, 'cave', 2220, 1775839978);
INSERT INTO documentation_files_to_geofeatures (id, geofeature_id, geofeature_type, documentation_file_id, updated_at) VALUES (5210, 3721, 'cave_place', 2220, 1775839978);
INSERT INTO documentation_files (id, title, description, file_name, file_size, file_hash, file_type, created_at) VALUES (2221, 'Document Peștera Caroleștilor #4', 'Studiu speleogenetic - sectorul 57. Am analizat 13 probe de calcar sub microscop. Varsta estimata a galeriei: 230 milioane de ani. Am identificat 492 faze de speleogeneza. Nivelul freatic actual este la 306 metri adancime. Am corelat cu 314 alte pesteri din zona. Porozitatea medie a rocii: 2 procente. Am realizat 328 sectiuni subtiri din probe. Studiul va fi publicat in volumul 339 al buletinului. Am colaborat cu 335 geologi specialisti.', 'doc_existing_c58_4.txt', 441, NULL, 'text_document', 1775839978);
INSERT INTO documentation_files_to_geofeatures (id, geofeature_id, geofeature_type, documentation_file_id, updated_at) VALUES (5211, 58, 'cave', 2221, 1775839978);
INSERT INTO documentation_files_to_geofeatures (id, geofeature_id, geofeature_type, documentation_file_id, updated_at) VALUES (5212, 262, 'cave_area', 2221, 1775839978);
INSERT INTO documentation_files_to_geofeatures (id, geofeature_id, geofeature_type, documentation_file_id, updated_at) VALUES (5213, 3726, 'cave_place', 2221, 1775839978);
INSERT INTO documentation_files (id, title, description, file_name, file_size, file_hash, file_type, created_at) VALUES (2222, 'Foto Peștera Caroleștilor #1', 'Fotografie de pestera pentru arhiva tehnica.', '20250105_120229.jpg', 85744, NULL, 'photo', 1775839978);
INSERT INTO documentation_files_to_geofeatures (id, geofeature_id, geofeature_type, documentation_file_id, updated_at) VALUES (5214, 58, 'cave', 2222, 1775839978);
INSERT INTO documentation_files_to_geofeatures (id, geofeature_id, geofeature_type, documentation_file_id, updated_at) VALUES (5215, 3687, 'cave_place', 2222, 1775839978);
INSERT INTO documentation_files (id, title, description, file_name, file_size, file_hash, file_type, created_at) VALUES (2223, 'Foto Peștera Caroleștilor #2', 'Fotografie de pestera pentru arhiva tehnica.', '20250108_014825.jpg', 80783, NULL, 'photo', 1775839978);
INSERT INTO documentation_files_to_geofeatures (id, geofeature_id, geofeature_type, documentation_file_id, updated_at) VALUES (5216, 58, 'cave', 2223, 1775839978);
INSERT INTO documentation_files_to_geofeatures (id, geofeature_id, geofeature_type, documentation_file_id, updated_at) VALUES (5217, 262, 'cave_area', 2223, 1775839978);
INSERT INTO documentation_files_to_geofeatures (id, geofeature_id, geofeature_type, documentation_file_id, updated_at) VALUES (5218, 3667, 'cave_place', 2223, 1775839978);
INSERT INTO documentation_files (id, title, description, file_name, file_size, file_hash, file_type, created_at) VALUES (2224, 'Foto Peștera Caroleștilor #3', 'Fotografie de pestera pentru arhiva tehnica.', '20250105_121005.jpg', 102925, NULL, 'photo', 1775839978);
INSERT INTO documentation_files_to_geofeatures (id, geofeature_id, geofeature_type, documentation_file_id, updated_at) VALUES (5219, 58, 'cave', 2224, 1775839978);
INSERT INTO documentation_files_to_geofeatures (id, geofeature_id, geofeature_type, documentation_file_id, updated_at) VALUES (5220, 3743, 'cave_place', 2224, 1775839978);
INSERT INTO documentation_files (id, title, description, file_name, file_size, file_hash, file_type, created_at) VALUES (2225, 'Foto Peștera Caroleștilor #4', 'Fotografie de pestera pentru arhiva tehnica.', '20250105_180110.jpg', 94499, NULL, 'photo', 1775839978);
INSERT INTO documentation_files_to_geofeatures (id, geofeature_id, geofeature_type, documentation_file_id, updated_at) VALUES (5221, 58, 'cave', 2225, 1775839978);
INSERT INTO documentation_files_to_geofeatures (id, geofeature_id, geofeature_type, documentation_file_id, updated_at) VALUES (5222, 3666, 'cave_place', 2225, 1775839978);
INSERT INTO documentation_files (id, title, description, file_name, file_size, file_hash, file_type, created_at) VALUES (2226, 'Foto Peștera Caroleștilor #5', 'Fotografie de pestera pentru arhiva tehnica.', '20250105_180110.jpg', 94499, NULL, 'photo', 1775839978);
INSERT INTO documentation_files_to_geofeatures (id, geofeature_id, geofeature_type, documentation_file_id, updated_at) VALUES (5223, 58, 'cave', 2226, 1775839978);
INSERT INTO documentation_files_to_geofeatures (id, geofeature_id, geofeature_type, documentation_file_id, updated_at) VALUES (5224, 263, 'cave_area', 2226, 1775839978);
INSERT INTO documentation_files (id, title, description, file_name, file_size, file_hash, file_type, created_at) VALUES (2227, 'Foto Peștera Caroleștilor #6', 'Fotografie de pestera pentru arhiva tehnica.', '20250105_165436.jpg', 73847, NULL, 'photo', 1775839978);
INSERT INTO documentation_files_to_geofeatures (id, geofeature_id, geofeature_type, documentation_file_id, updated_at) VALUES (5225, 58, 'cave', 2227, 1775839978);
INSERT INTO documentation_files_to_geofeatures (id, geofeature_id, geofeature_type, documentation_file_id, updated_at) VALUES (5226, 3715, 'cave_place', 2227, 1775839978);
INSERT INTO documentation_files (id, title, description, file_name, file_size, file_hash, file_type, created_at) VALUES (2228, 'Foto Peștera Caroleștilor #7', 'Fotografie de pestera pentru arhiva tehnica.', '20250109_010113.jpg', 100347, NULL, 'photo', 1775839978);
INSERT INTO documentation_files_to_geofeatures (id, geofeature_id, geofeature_type, documentation_file_id, updated_at) VALUES (5227, 58, 'cave', 2228, 1775839978);
INSERT INTO documentation_files_to_geofeatures (id, geofeature_id, geofeature_type, documentation_file_id, updated_at) VALUES (5228, 263, 'cave_area', 2228, 1775839978);
INSERT INTO documentation_files_to_geofeatures (id, geofeature_id, geofeature_type, documentation_file_id, updated_at) VALUES (5229, 3669, 'cave_place', 2228, 1775839978);
INSERT INTO documentation_files (id, title, description, file_name, file_size, file_hash, file_type, created_at) VALUES (2229, 'Foto Peștera Caroleștilor #8', 'Fotografie de pestera pentru arhiva tehnica.', '20250108_015243.jpg', 89809, NULL, 'photo', 1775839978);
INSERT INTO documentation_files_to_geofeatures (id, geofeature_id, geofeature_type, documentation_file_id, updated_at) VALUES (5230, 58, 'cave', 2229, 1775839978);
INSERT INTO documentation_files_to_geofeatures (id, geofeature_id, geofeature_type, documentation_file_id, updated_at) VALUES (5231, 263, 'cave_area', 2229, 1775839978);
INSERT INTO documentation_files_to_geofeatures (id, geofeature_id, geofeature_type, documentation_file_id, updated_at) VALUES (5232, 3674, 'cave_place', 2229, 1775839978);
INSERT INTO documentation_files (id, title, description, file_name, file_size, file_hash, file_type, created_at) VALUES (2230, 'Foto Peștera Caroleștilor #9', 'Fotografie de pestera pentru arhiva tehnica.', '20250107_221844.jpg', 64154, NULL, 'photo', 1775839978);
INSERT INTO documentation_files_to_geofeatures (id, geofeature_id, geofeature_type, documentation_file_id, updated_at) VALUES (5233, 58, 'cave', 2230, 1775839978);
INSERT INTO documentation_files_to_geofeatures (id, geofeature_id, geofeature_type, documentation_file_id, updated_at) VALUES (5234, 262, 'cave_area', 2230, 1775839978);
INSERT INTO documentation_files_to_geofeatures (id, geofeature_id, geofeature_type, documentation_file_id, updated_at) VALUES (5235, 3692, 'cave_place', 2230, 1775839978);
INSERT INTO documentation_files (id, title, description, file_name, file_size, file_hash, file_type, created_at) VALUES (2231, 'Foto Peștera Caroleștilor #10', 'Fotografie de pestera pentru arhiva tehnica.', '20250105_153139.jpg', 53561, NULL, 'photo', 1775839978);
INSERT INTO documentation_files_to_geofeatures (id, geofeature_id, geofeature_type, documentation_file_id, updated_at) VALUES (5236, 58, 'cave', 2231, 1775839978);
INSERT INTO documentation_files_to_geofeatures (id, geofeature_id, geofeature_type, documentation_file_id, updated_at) VALUES (5237, 262, 'cave_area', 2231, 1775839978);
INSERT INTO documentation_files (id, title, description, file_name, file_size, file_hash, file_type, created_at) VALUES (2232, 'Foto Peștera Caroleștilor #11', 'Fotografie de pestera pentru arhiva tehnica.', '20250108_055732.jpg', 99069, NULL, 'photo', 1775839978);
INSERT INTO documentation_files_to_geofeatures (id, geofeature_id, geofeature_type, documentation_file_id, updated_at) VALUES (5238, 58, 'cave', 2232, 1775839978);
INSERT INTO documentation_files_to_geofeatures (id, geofeature_id, geofeature_type, documentation_file_id, updated_at) VALUES (5239, 3718, 'cave_place', 2232, 1775839978);
INSERT INTO documentation_files (id, title, description, file_name, file_size, file_hash, file_type, created_at) VALUES (2233, 'Foto Peștera Caroleștilor #12', 'Fotografie de pestera pentru arhiva tehnica.', '20250109_011630.jpg', 92323, NULL, 'photo', 1775839978);
INSERT INTO documentation_files_to_geofeatures (id, geofeature_id, geofeature_type, documentation_file_id, updated_at) VALUES (5240, 58, 'cave', 2233, 1775839978);
INSERT INTO documentation_files_to_geofeatures (id, geofeature_id, geofeature_type, documentation_file_id, updated_at) VALUES (5241, 3691, 'cave_place', 2233, 1775839978);
INSERT INTO documentation_files (id, title, description, file_name, file_size, file_hash, file_type, created_at) VALUES (2234, 'Foto Peștera Caroleștilor #13', 'Fotografie de pestera pentru arhiva tehnica.', '20250105_165436.jpg', 73847, NULL, 'photo', 1775839978);
INSERT INTO documentation_files_to_geofeatures (id, geofeature_id, geofeature_type, documentation_file_id, updated_at) VALUES (5242, 58, 'cave', 2234, 1775839978);
INSERT INTO documentation_files_to_geofeatures (id, geofeature_id, geofeature_type, documentation_file_id, updated_at) VALUES (5243, 264, 'cave_area', 2234, 1775839978);
INSERT INTO documentation_files_to_geofeatures (id, geofeature_id, geofeature_type, documentation_file_id, updated_at) VALUES (5244, 3703, 'cave_place', 2234, 1775839978);
INSERT INTO documentation_files (id, title, description, file_name, file_size, file_hash, file_type, created_at) VALUES (2235, 'Foto Peștera Caroleștilor #14', 'Fotografie de pestera pentru arhiva tehnica.', '20250105_180110.jpg', 94499, NULL, 'photo', 1775839978);
INSERT INTO documentation_files_to_geofeatures (id, geofeature_id, geofeature_type, documentation_file_id, updated_at) VALUES (5245, 58, 'cave', 2235, 1775839978);
INSERT INTO documentation_files_to_geofeatures (id, geofeature_id, geofeature_type, documentation_file_id, updated_at) VALUES (5246, 3739, 'cave_place', 2235, 1775839978);
INSERT INTO documentation_files (id, title, description, file_name, file_size, file_hash, file_type, created_at) VALUES (2236, 'Document Peștera nr. 2 din Dealul Bulz #1', 'Nota de mentenanta balize - traseul 249. Am verificat 274 balize reflectorizante. Dintre acestea, 92 au fost inlocuite. Am adaugat 375 balize noi in zonele nemarcate. Distanta medie intre balize: 350 metri. Am folosit 53 culori diferite conform codificarii. Vizibilitatea minima a balizelor: 458 metri cu lampa frontala. Am eliminat 274 marcaje vechi si confuze. Traseul total balizat: 116 metri. Urmatoarea verificare: peste 134 luni. Materialul consumat: 247 benzi reflectorizante.', 'doc_existing_c59_1.txt', 483, NULL, 'text_document', 1775839978);
INSERT INTO documentation_files_to_geofeatures (id, geofeature_id, geofeature_type, documentation_file_id, updated_at) VALUES (5247, 59, 'cave', 2236, 1775839978);
INSERT INTO documentation_files (id, title, description, file_name, file_size, file_hash, file_type, created_at) VALUES (2237, 'Document Peștera nr. 2 din Dealul Bulz #2', 'Nota de mentenanta balize - traseul 463. Am verificat 10 balize reflectorizante. Dintre acestea, 254 au fost inlocuite. Am adaugat 190 balize noi in zonele nemarcate. Distanta medie intre balize: 450 metri. Am folosit 25 culori diferite conform codificarii. Vizibilitatea minima a balizelor: 201 metri cu lampa frontala. Am eliminat 321 marcaje vechi si confuze. Traseul total balizat: 355 metri. Urmatoarea verificare: peste 48 luni. Materialul consumat: 361 benzi reflectorizante.', 'doc_existing_c59_2.txt', 482, NULL, 'text_document', 1775839978);
INSERT INTO documentation_files_to_geofeatures (id, geofeature_id, geofeature_type, documentation_file_id, updated_at) VALUES (5248, 59, 'cave', 2237, 1775839978);
INSERT INTO documentation_files_to_geofeatures (id, geofeature_id, geofeature_type, documentation_file_id, updated_at) VALUES (5249, 3780, 'cave_place', 2237, 1775839978);
INSERT INTO documentation_files (id, title, description, file_name, file_size, file_hash, file_type, created_at) VALUES (2238, 'Document Peștera nr. 2 din Dealul Bulz #3', 'Studiu speleogenetic - sectorul 252. Am analizat 288 probe de calcar sub microscop. Varsta estimata a galeriei: 350 milioane de ani. Am identificat 404 faze de speleogeneza. Nivelul freatic actual este la 175 metri adancime. Am corelat cu 129 alte pesteri din zona. Porozitatea medie a rocii: 364 procente. Am realizat 435 sectiuni subtiri din probe. Studiul va fi publicat in volumul 413 al buletinului. Am colaborat cu 328 geologi specialisti.', 'doc_existing_c59_3.txt', 445, NULL, 'text_document', 1775839978);
INSERT INTO documentation_files_to_geofeatures (id, geofeature_id, geofeature_type, documentation_file_id, updated_at) VALUES (5250, 59, 'cave', 2238, 1775839978);
INSERT INTO documentation_files_to_geofeatures (id, geofeature_id, geofeature_type, documentation_file_id, updated_at) VALUES (5251, 3772, 'cave_place', 2238, 1775839978);
INSERT INTO documentation_files (id, title, description, file_name, file_size, file_hash, file_type, created_at) VALUES (2239, 'Document Peștera nr. 2 din Dealul Bulz #4', 'Evidenta resurse hidrologice - punctul 34. Debitul mediu masurat: 486 litri pe secunda. Am efectuat 296 masuratori in perioade diferite. Temperatura apei: 61 grade Celsius, constanta. pH-ul masurat: 70 unitati. Conductivitatea electrica: 400 microsiemensi. Am injectat 98 grame de trasor fluorescent. Trasorul a aparut la izvor dupa 494 ore. Distanta estimata: 260 metri de conducte carstice. Nivelul maxim in sezonul ploios: 65 centimetri peste normal. Am monitorizat 263 izvoare din bazin. Volumul estimat al lacului subteran: 460 metri cubi.', 'doc_existing_c59_4.txt', 544, NULL, 'text_document', 1775839978);
INSERT INTO documentation_files_to_geofeatures (id, geofeature_id, geofeature_type, documentation_file_id, updated_at) VALUES (5252, 59, 'cave', 2239, 1775839978);
INSERT INTO documentation_files_to_geofeatures (id, geofeature_id, geofeature_type, documentation_file_id, updated_at) VALUES (5253, 3766, 'cave_place', 2239, 1775839978);
INSERT INTO documentation_files (id, title, description, file_name, file_size, file_hash, file_type, created_at) VALUES (2240, 'Document Peștera nr. 2 din Dealul Bulz #5', 'Proces verbal intalnire club - sedinta nr. 412. Au participat 496 membri. Am discutat 258 puncte pe ordinea de zi. S-a aprobat bugetul de 248 lei pentru trimestrul urmator. Am planificat 370 expeditii in urmatoarele luni. S-au inscris 394 membri noi. Am evaluat 80 rapoarte de explorare. S-a votat achizitionarea de echipament in valoare de 50 lei. Urmatoarea sedinta: peste 371 saptamani. Am desemnat 439 responsabili pentru proiecte.', 'doc_existing_c59_5.txt', 435, NULL, 'text_document', 1775839978);
INSERT INTO documentation_files_to_geofeatures (id, geofeature_id, geofeature_type, documentation_file_id, updated_at) VALUES (5254, 59, 'cave', 2240, 1775839978);
INSERT INTO documentation_files_to_geofeatures (id, geofeature_id, geofeature_type, documentation_file_id, updated_at) VALUES (5255, 3775, 'cave_place', 2240, 1775839978);
INSERT INTO documentation_files (id, title, description, file_name, file_size, file_hash, file_type, created_at) VALUES (2241, 'Document Peștera nr. 2 din Dealul Bulz #6', 'Studiu speleogenetic - sectorul 145. Am analizat 154 probe de calcar sub microscop. Varsta estimata a galeriei: 458 milioane de ani. Am identificat 252 faze de speleogeneza. Nivelul freatic actual este la 290 metri adancime. Am corelat cu 154 alte pesteri din zona. Porozitatea medie a rocii: 332 procente. Am realizat 25 sectiuni subtiri din probe. Studiul va fi publicat in volumul 492 al buletinului. Am colaborat cu 381 geologi specialisti.', 'doc_existing_c59_6.txt', 444, NULL, 'text_document', 1775839978);
INSERT INTO documentation_files_to_geofeatures (id, geofeature_id, geofeature_type, documentation_file_id, updated_at) VALUES (5256, 59, 'cave', 2241, 1775839978);
INSERT INTO documentation_files_to_geofeatures (id, geofeature_id, geofeature_type, documentation_file_id, updated_at) VALUES (5257, 266, 'cave_area', 2241, 1775839978);
INSERT INTO documentation_files_to_geofeatures (id, geofeature_id, geofeature_type, documentation_file_id, updated_at) VALUES (5258, 3753, 'cave_place', 2241, 1775839978);
INSERT INTO documentation_files (id, title, description, file_name, file_size, file_hash, file_type, created_at) VALUES (2242, 'Document Peștera nr. 2 din Dealul Bulz #7', 'Evidenta resurse hidrologice - punctul 327. Debitul mediu masurat: 429 litri pe secunda. Am efectuat 373 masuratori in perioade diferite. Temperatura apei: 268 grade Celsius, constanta. pH-ul masurat: 492 unitati. Conductivitatea electrica: 217 microsiemensi. Am injectat 63 grame de trasor fluorescent. Trasorul a aparut la izvor dupa 4 ore. Distanta estimata: 335 metri de conducte carstice. Nivelul maxim in sezonul ploios: 110 centimetri peste normal. Am monitorizat 98 izvoare din bazin. Volumul estimat al lacului subteran: 393 metri cubi.', 'doc_existing_c59_7.txt', 545, NULL, 'text_document', 1775839978);
INSERT INTO documentation_files_to_geofeatures (id, geofeature_id, geofeature_type, documentation_file_id, updated_at) VALUES (5259, 59, 'cave', 2242, 1775839978);
INSERT INTO documentation_files_to_geofeatures (id, geofeature_id, geofeature_type, documentation_file_id, updated_at) VALUES (5260, 266, 'cave_area', 2242, 1775839978);
INSERT INTO documentation_files_to_geofeatures (id, geofeature_id, geofeature_type, documentation_file_id, updated_at) VALUES (5261, 3761, 'cave_place', 2242, 1775839978);
INSERT INTO documentation_files (id, title, description, file_name, file_size, file_hash, file_type, created_at) VALUES (2243, 'Document Peștera nr. 2 din Dealul Bulz #8', 'Evidenta resurse hidrologice - punctul 470. Debitul mediu masurat: 103 litri pe secunda. Am efectuat 51 masuratori in perioade diferite. Temperatura apei: 313 grade Celsius, constanta. pH-ul masurat: 427 unitati. Conductivitatea electrica: 33 microsiemensi. Am injectat 56 grame de trasor fluorescent. Trasorul a aparut la izvor dupa 238 ore. Distanta estimata: 285 metri de conducte carstice. Nivelul maxim in sezonul ploios: 225 centimetri peste normal. Am monitorizat 172 izvoare din bazin. Volumul estimat al lacului subteran: 75 metri cubi.', 'doc_existing_c59_8.txt', 545, NULL, 'text_document', 1775839978);
INSERT INTO documentation_files_to_geofeatures (id, geofeature_id, geofeature_type, documentation_file_id, updated_at) VALUES (5262, 59, 'cave', 2243, 1775839978);
INSERT INTO documentation_files (id, title, description, file_name, file_size, file_hash, file_type, created_at) VALUES (2244, 'Document Peștera nr. 2 din Dealul Bulz #9', 'Raport climatologic subteran - statia 303. Senzorul a inregistrat 383 cicluri complete de temperatura. Temperatura medie anuala: 485 grade Celsius. Amplitudinea termica maxima: 82 grade. Umiditatea relativa medie: 320 procente. Concentratia de CO2: 410 ppm. Curentul de aer maxim masurat: 261 metri pe secunda. Directia predominanta a curentului: sector 23. Datalogerul a functionat 89 zile fara intrerupere. Am descarcat 383 megabytes de date brute. Presiunea barometrica la intrare: 76 mbar. Evaporarea masurata: 205 milimetri pe luna. Am comparat datele cu 438 statii meteorologice de suprafata. Raportul complet include 382 grafice si tabele. Monitorizarea continua de 15 luni confirma stabilitatea climatica.', 'doc_existing_c59_9.txt', 713, NULL, 'text_document', 1775839978);
INSERT INTO documentation_files_to_geofeatures (id, geofeature_id, geofeature_type, documentation_file_id, updated_at) VALUES (5263, 59, 'cave', 2244, 1775839978);
INSERT INTO documentation_files_to_geofeatures (id, geofeature_id, geofeature_type, documentation_file_id, updated_at) VALUES (5264, 265, 'cave_area', 2244, 1775839978);
INSERT INTO documentation_files_to_geofeatures (id, geofeature_id, geofeature_type, documentation_file_id, updated_at) VALUES (5265, 3765, 'cave_place', 2244, 1775839978);
INSERT INTO documentation_files (id, title, description, file_name, file_size, file_hash, file_type, created_at) VALUES (2245, 'Document Peștera nr. 2 din Dealul Bulz #10', 'Studiu speleogenetic - sectorul 465. Am analizat 166 probe de calcar sub microscop. Varsta estimata a galeriei: 233 milioane de ani. Am identificat 423 faze de speleogeneza. Nivelul freatic actual este la 493 metri adancime. Am corelat cu 65 alte pesteri din zona. Porozitatea medie a rocii: 43 procente. Am realizat 214 sectiuni subtiri din probe. Studiul va fi publicat in volumul 14 al buletinului. Am colaborat cu 151 geologi specialisti.', 'doc_existing_c59_10.txt', 442, NULL, 'text_document', 1775839978);
INSERT INTO documentation_files_to_geofeatures (id, geofeature_id, geofeature_type, documentation_file_id, updated_at) VALUES (5266, 59, 'cave', 2245, 1775839978);
INSERT INTO documentation_files_to_geofeatures (id, geofeature_id, geofeature_type, documentation_file_id, updated_at) VALUES (5267, 3772, 'cave_place', 2245, 1775839978);
INSERT INTO documentation_files (id, title, description, file_name, file_size, file_hash, file_type, created_at) VALUES (2246, 'Document Peștera nr. 2 din Dealul Bulz #11', 'Raport conservare patrimoniu - obiectiv 200. Am evaluat starea a 457 inscriptii istorice. Dintre acestea, 68 necesita interventie urgenta. Am curatat 273 metri patrati de graffiti modern. Am instalat 249 panouri informative la intrare. Bariera de protectie acopera 222 metri liniari. Am documentat 227 urme de vandalism. Raportul a fost transmis autoritatilor locale in 90 exemplare. Am propus clasificarea a 134 formatiuni ca monument natural. Vizitele ghidate sunt limitate la 433 persoane simultan. Am instruit 326 ghizi locali. Costul estimat al lucrarilor: 47 lei. Termenul de finalizare: 57 luni.', 'doc_existing_c59_11.txt', 602, NULL, 'text_document', 1775839978);
INSERT INTO documentation_files_to_geofeatures (id, geofeature_id, geofeature_type, documentation_file_id, updated_at) VALUES (5268, 59, 'cave', 2246, 1775839978);
INSERT INTO documentation_files (id, title, description, file_name, file_size, file_hash, file_type, created_at) VALUES (2247, 'Document Peștera nr. 2 din Dealul Bulz #12', 'Studiu speleogenetic - sectorul 128. Am analizat 440 probe de calcar sub microscop. Varsta estimata a galeriei: 422 milioane de ani. Am identificat 386 faze de speleogeneza. Nivelul freatic actual este la 148 metri adancime. Am corelat cu 178 alte pesteri din zona. Porozitatea medie a rocii: 301 procente. Am realizat 276 sectiuni subtiri din probe. Studiul va fi publicat in volumul 199 al buletinului. Am colaborat cu 333 geologi specialisti.', 'doc_existing_c59_12.txt', 445, NULL, 'text_document', 1775839978);
INSERT INTO documentation_files_to_geofeatures (id, geofeature_id, geofeature_type, documentation_file_id, updated_at) VALUES (5269, 59, 'cave', 2247, 1775839978);
INSERT INTO documentation_files_to_geofeatures (id, geofeature_id, geofeature_type, documentation_file_id, updated_at) VALUES (5270, 3760, 'cave_place', 2247, 1775839978);
INSERT INTO documentation_files (id, title, description, file_name, file_size, file_hash, file_type, created_at) VALUES (2248, 'Document Peștera nr. 2 din Dealul Bulz #13', 'Nota de mentenanta balize - traseul 205. Am verificat 131 balize reflectorizante. Dintre acestea, 322 au fost inlocuite. Am adaugat 137 balize noi in zonele nemarcate. Distanta medie intre balize: 137 metri. Am folosit 163 culori diferite conform codificarii. Vizibilitatea minima a balizelor: 215 metri cu lampa frontala. Am eliminat 43 marcaje vechi si confuze. Traseul total balizat: 199 metri. Urmatoarea verificare: peste 154 luni. Materialul consumat: 486 benzi reflectorizante.', 'doc_existing_c59_13.txt', 484, NULL, 'text_document', 1775839978);
INSERT INTO documentation_files_to_geofeatures (id, geofeature_id, geofeature_type, documentation_file_id, updated_at) VALUES (5271, 59, 'cave', 2248, 1775839978);
INSERT INTO documentation_files_to_geofeatures (id, geofeature_id, geofeature_type, documentation_file_id, updated_at) VALUES (5272, 265, 'cave_area', 2248, 1775839978);
INSERT INTO documentation_files_to_geofeatures (id, geofeature_id, geofeature_type, documentation_file_id, updated_at) VALUES (5273, 3778, 'cave_place', 2248, 1775839978);
INSERT INTO documentation_files (id, title, description, file_name, file_size, file_hash, file_type, created_at) VALUES (2249, 'Document Peștera nr. 2 din Dealul Bulz #14', 'Studiu speleogenetic - sectorul 437. Am analizat 206 probe de calcar sub microscop. Varsta estimata a galeriei: 496 milioane de ani. Am identificat 60 faze de speleogeneza. Nivelul freatic actual este la 497 metri adancime. Am corelat cu 408 alte pesteri din zona. Porozitatea medie a rocii: 484 procente. Am realizat 145 sectiuni subtiri din probe. Studiul va fi publicat in volumul 289 al buletinului. Am colaborat cu 63 geologi specialisti.', 'doc_existing_c59_14.txt', 443, NULL, 'text_document', 1775839978);
INSERT INTO documentation_files_to_geofeatures (id, geofeature_id, geofeature_type, documentation_file_id, updated_at) VALUES (5274, 59, 'cave', 2249, 1775839978);
INSERT INTO documentation_files_to_geofeatures (id, geofeature_id, geofeature_type, documentation_file_id, updated_at) VALUES (5275, 3781, 'cave_place', 2249, 1775839978);
INSERT INTO documentation_files (id, title, description, file_name, file_size, file_hash, file_type, created_at) VALUES (2250, 'Document Peștera nr. 2 din Dealul Bulz #15', 'Fisa tehnica echipare put - verticala nr. 389. Adancimea: 421 metri. Am instalat 115 spituri din otel inoxidabil. Distanta intre spituri: 159 metri. Lungimea corzii principale: 241 metri. Coarda de siguranta: 280 metri. Am montat 312 protectoare de franghie. Fractionarea se face la 499 metri de buza putului. Deviatia este la 383 metri sub fractionare. Am testat echiparea cu 360 coborari. Ultimul control al spiturilor: acum 494 luni.', 'doc_existing_c59_15.txt', 436, NULL, 'text_document', 1775839978);
INSERT INTO documentation_files_to_geofeatures (id, geofeature_id, geofeature_type, documentation_file_id, updated_at) VALUES (5276, 59, 'cave', 2250, 1775839978);
INSERT INTO documentation_files_to_geofeatures (id, geofeature_id, geofeature_type, documentation_file_id, updated_at) VALUES (5277, 265, 'cave_area', 2250, 1775839978);
INSERT INTO documentation_files_to_geofeatures (id, geofeature_id, geofeature_type, documentation_file_id, updated_at) VALUES (5278, 3767, 'cave_place', 2250, 1775839978);
INSERT INTO documentation_files (id, title, description, file_name, file_size, file_hash, file_type, created_at) VALUES (2251, 'Document Peștera nr. 2 din Dealul Bulz #16', 'Raport conservare patrimoniu - obiectiv 439. Am evaluat starea a 459 inscriptii istorice. Dintre acestea, 323 necesita interventie urgenta. Am curatat 284 metri patrati de graffiti modern. Am instalat 263 panouri informative la intrare. Bariera de protectie acopera 392 metri liniari. Am documentat 103 urme de vandalism. Raportul a fost transmis autoritatilor locale in 407 exemplare. Am propus clasificarea a 10 formatiuni ca monument natural. Vizitele ghidate sunt limitate la 222 persoane simultan. Am instruit 391 ghizi locali. Costul estimat al lucrarilor: 256 lei. Termenul de finalizare: 407 luni.', 'doc_existing_c59_16.txt', 605, NULL, 'text_document', 1775839978);
INSERT INTO documentation_files_to_geofeatures (id, geofeature_id, geofeature_type, documentation_file_id, updated_at) VALUES (5279, 59, 'cave', 2251, 1775839978);
INSERT INTO documentation_files_to_geofeatures (id, geofeature_id, geofeature_type, documentation_file_id, updated_at) VALUES (5280, 265, 'cave_area', 2251, 1775839978);
INSERT INTO documentation_files_to_geofeatures (id, geofeature_id, geofeature_type, documentation_file_id, updated_at) VALUES (5281, 3766, 'cave_place', 2251, 1775839978);
INSERT INTO documentation_files (id, title, description, file_name, file_size, file_hash, file_type, created_at) VALUES (2252, 'Foto Peștera nr. 2 din Dealul Bulz #1', 'Fotografie de pestera pentru arhiva tehnica.', '20250106_213749.jpg', 51518, NULL, 'photo', 1775839978);
INSERT INTO documentation_files_to_geofeatures (id, geofeature_id, geofeature_type, documentation_file_id, updated_at) VALUES (5282, 59, 'cave', 2252, 1775839978);
INSERT INTO documentation_files_to_geofeatures (id, geofeature_id, geofeature_type, documentation_file_id, updated_at) VALUES (5283, 265, 'cave_area', 2252, 1775839978);
INSERT INTO documentation_files_to_geofeatures (id, geofeature_id, geofeature_type, documentation_file_id, updated_at) VALUES (5284, 3782, 'cave_place', 2252, 1775839978);
INSERT INTO documentation_files (id, title, description, file_name, file_size, file_hash, file_type, created_at) VALUES (2253, 'Foto Peștera nr. 2 din Dealul Bulz #2', 'Fotografie de pestera pentru arhiva tehnica.', '20250105_121440.jpg', 58950, NULL, 'photo', 1775839978);
INSERT INTO documentation_files_to_geofeatures (id, geofeature_id, geofeature_type, documentation_file_id, updated_at) VALUES (5285, 59, 'cave', 2253, 1775839978);
INSERT INTO documentation_files_to_geofeatures (id, geofeature_id, geofeature_type, documentation_file_id, updated_at) VALUES (5286, 3749, 'cave_place', 2253, 1775839978);
INSERT INTO documentation_files (id, title, description, file_name, file_size, file_hash, file_type, created_at) VALUES (2254, 'Foto Peștera nr. 2 din Dealul Bulz #3', 'Fotografie de pestera pentru arhiva tehnica.', '20250106_172237.jpg', 100771, NULL, 'photo', 1775839978);
INSERT INTO documentation_files_to_geofeatures (id, geofeature_id, geofeature_type, documentation_file_id, updated_at) VALUES (5287, 59, 'cave', 2254, 1775839978);
INSERT INTO documentation_files_to_geofeatures (id, geofeature_id, geofeature_type, documentation_file_id, updated_at) VALUES (5288, 266, 'cave_area', 2254, 1775839978);
INSERT INTO documentation_files (id, title, description, file_name, file_size, file_hash, file_type, created_at) VALUES (2255, 'Foto Peștera nr. 2 din Dealul Bulz #4', 'Fotografie de pestera pentru arhiva tehnica.', '20250105_121440.jpg', 58950, NULL, 'photo', 1775839978);
INSERT INTO documentation_files_to_geofeatures (id, geofeature_id, geofeature_type, documentation_file_id, updated_at) VALUES (5289, 59, 'cave', 2255, 1775839978);
INSERT INTO documentation_files_to_geofeatures (id, geofeature_id, geofeature_type, documentation_file_id, updated_at) VALUES (5290, 266, 'cave_area', 2255, 1775839978);
INSERT INTO documentation_files_to_geofeatures (id, geofeature_id, geofeature_type, documentation_file_id, updated_at) VALUES (5291, 3783, 'cave_place', 2255, 1775839978);
INSERT INTO documentation_files (id, title, description, file_name, file_size, file_hash, file_type, created_at) VALUES (2256, 'Foto Peștera nr. 2 din Dealul Bulz #5', 'Fotografie de pestera pentru arhiva tehnica.', '20250106_213733.jpg', 76066, NULL, 'photo', 1775839978);
INSERT INTO documentation_files_to_geofeatures (id, geofeature_id, geofeature_type, documentation_file_id, updated_at) VALUES (5292, 59, 'cave', 2256, 1775839978);
INSERT INTO documentation_files_to_geofeatures (id, geofeature_id, geofeature_type, documentation_file_id, updated_at) VALUES (5293, 3775, 'cave_place', 2256, 1775839978);
INSERT INTO documentation_files (id, title, description, file_name, file_size, file_hash, file_type, created_at) VALUES (2257, 'Foto Peștera nr. 2 din Dealul Bulz #6', 'Fotografie de pestera pentru arhiva tehnica.', '20250105_121005.jpg', 102925, NULL, 'photo', 1775839978);
INSERT INTO documentation_files_to_geofeatures (id, geofeature_id, geofeature_type, documentation_file_id, updated_at) VALUES (5294, 59, 'cave', 2257, 1775839978);
INSERT INTO documentation_files_to_geofeatures (id, geofeature_id, geofeature_type, documentation_file_id, updated_at) VALUES (5295, 266, 'cave_area', 2257, 1775839978);
INSERT INTO documentation_files_to_geofeatures (id, geofeature_id, geofeature_type, documentation_file_id, updated_at) VALUES (5296, 3756, 'cave_place', 2257, 1775839978);
INSERT INTO documentation_files (id, title, description, file_name, file_size, file_hash, file_type, created_at) VALUES (2258, 'Foto Peștera nr. 2 din Dealul Bulz #7', 'Fotografie de pestera pentru arhiva tehnica.', '20250105_175952.jpg', 82206, NULL, 'photo', 1775839978);
INSERT INTO documentation_files_to_geofeatures (id, geofeature_id, geofeature_type, documentation_file_id, updated_at) VALUES (5297, 59, 'cave', 2258, 1775839978);
INSERT INTO documentation_files (id, title, description, file_name, file_size, file_hash, file_type, created_at) VALUES (2259, 'Foto Peștera nr. 2 din Dealul Bulz #8', 'Fotografie de pestera pentru arhiva tehnica.', '20250108_051137.jpg', 76321, NULL, 'photo', 1775839978);
INSERT INTO documentation_files_to_geofeatures (id, geofeature_id, geofeature_type, documentation_file_id, updated_at) VALUES (5298, 59, 'cave', 2259, 1775839978);
INSERT INTO documentation_files_to_geofeatures (id, geofeature_id, geofeature_type, documentation_file_id, updated_at) VALUES (5299, 266, 'cave_area', 2259, 1775839978);
INSERT INTO documentation_files_to_geofeatures (id, geofeature_id, geofeature_type, documentation_file_id, updated_at) VALUES (5300, 3759, 'cave_place', 2259, 1775839978);
INSERT INTO documentation_files (id, title, description, file_name, file_size, file_hash, file_type, created_at) VALUES (2260, 'Foto Peștera nr. 2 din Dealul Bulz #9', 'Fotografie de pestera pentru arhiva tehnica.', '20250108_015331.jpg', 90733, NULL, 'photo', 1775839978);
INSERT INTO documentation_files_to_geofeatures (id, geofeature_id, geofeature_type, documentation_file_id, updated_at) VALUES (5301, 59, 'cave', 2260, 1775839978);
INSERT INTO documentation_files_to_geofeatures (id, geofeature_id, geofeature_type, documentation_file_id, updated_at) VALUES (5302, 3752, 'cave_place', 2260, 1775839978);
INSERT INTO documentation_files (id, title, description, file_name, file_size, file_hash, file_type, created_at) VALUES (2261, 'Foto Peștera nr. 2 din Dealul Bulz #10', 'Fotografie de pestera pentru arhiva tehnica.', '20250106_175243.jpg', 88609, NULL, 'photo', 1775839978);
INSERT INTO documentation_files_to_geofeatures (id, geofeature_id, geofeature_type, documentation_file_id, updated_at) VALUES (5303, 59, 'cave', 2261, 1775839978);
INSERT INTO documentation_files_to_geofeatures (id, geofeature_id, geofeature_type, documentation_file_id, updated_at) VALUES (5304, 266, 'cave_area', 2261, 1775839978);
INSERT INTO documentation_files_to_geofeatures (id, geofeature_id, geofeature_type, documentation_file_id, updated_at) VALUES (5305, 3765, 'cave_place', 2261, 1775839978);
INSERT INTO documentation_files (id, title, description, file_name, file_size, file_hash, file_type, created_at) VALUES (2262, 'Foto Peștera nr. 2 din Dealul Bulz #11', 'Fotografie de pestera pentru arhiva tehnica.', '20250105_121005.jpg', 102925, NULL, 'photo', 1775839978);
INSERT INTO documentation_files_to_geofeatures (id, geofeature_id, geofeature_type, documentation_file_id, updated_at) VALUES (5306, 59, 'cave', 2262, 1775839978);
INSERT INTO documentation_files_to_geofeatures (id, geofeature_id, geofeature_type, documentation_file_id, updated_at) VALUES (5307, 265, 'cave_area', 2262, 1775839978);
INSERT INTO documentation_files_to_geofeatures (id, geofeature_id, geofeature_type, documentation_file_id, updated_at) VALUES (5308, 3761, 'cave_place', 2262, 1775839978);
INSERT INTO documentation_files (id, title, description, file_name, file_size, file_hash, file_type, created_at) VALUES (2263, 'Foto Peștera nr. 2 din Dealul Bulz #12', 'Fotografie de pestera pentru arhiva tehnica.', '20250105_211239.jpg', 111085, NULL, 'photo', 1775839978);
INSERT INTO documentation_files_to_geofeatures (id, geofeature_id, geofeature_type, documentation_file_id, updated_at) VALUES (5309, 59, 'cave', 2263, 1775839978);
INSERT INTO documentation_files_to_geofeatures (id, geofeature_id, geofeature_type, documentation_file_id, updated_at) VALUES (5310, 3754, 'cave_place', 2263, 1775839978);
INSERT INTO documentation_files (id, title, description, file_name, file_size, file_hash, file_type, created_at) VALUES (2264, 'Foto Peștera nr. 2 din Dealul Bulz #13', 'Fotografie de pestera pentru arhiva tehnica.', '20250108_230150.jpg', 82392, NULL, 'photo', 1775839978);
INSERT INTO documentation_files_to_geofeatures (id, geofeature_id, geofeature_type, documentation_file_id, updated_at) VALUES (5311, 59, 'cave', 2264, 1775839978);
INSERT INTO documentation_files_to_geofeatures (id, geofeature_id, geofeature_type, documentation_file_id, updated_at) VALUES (5312, 3773, 'cave_place', 2264, 1775839978);
INSERT INTO documentation_files (id, title, description, file_name, file_size, file_hash, file_type, created_at) VALUES (2265, 'Foto Peștera nr. 2 din Dealul Bulz #14', 'Fotografie de pestera pentru arhiva tehnica.', '20250107_045319.jpg', 70367, NULL, 'photo', 1775839978);
INSERT INTO documentation_files_to_geofeatures (id, geofeature_id, geofeature_type, documentation_file_id, updated_at) VALUES (5313, 59, 'cave', 2265, 1775839978);
INSERT INTO documentation_files_to_geofeatures (id, geofeature_id, geofeature_type, documentation_file_id, updated_at) VALUES (5314, 266, 'cave_area', 2265, 1775839978);
INSERT INTO documentation_files_to_geofeatures (id, geofeature_id, geofeature_type, documentation_file_id, updated_at) VALUES (5315, 3761, 'cave_place', 2265, 1775839978);
INSERT INTO documentation_files (id, title, description, file_name, file_size, file_hash, file_type, created_at) VALUES (2266, 'Foto Peștera nr. 2 din Dealul Bulz #15', 'Fotografie de pestera pentru arhiva tehnica.', '20250105_120229.jpg', 85744, NULL, 'photo', 1775839978);
INSERT INTO documentation_files_to_geofeatures (id, geofeature_id, geofeature_type, documentation_file_id, updated_at) VALUES (5316, 59, 'cave', 2266, 1775839978);
INSERT INTO documentation_files (id, title, description, file_name, file_size, file_hash, file_type, created_at) VALUES (2267, 'Foto Peștera nr. 2 din Dealul Bulz #16', 'Fotografie de pestera pentru arhiva tehnica.', '20250105_120229.jpg', 85744, NULL, 'photo', 1775839978);
INSERT INTO documentation_files_to_geofeatures (id, geofeature_id, geofeature_type, documentation_file_id, updated_at) VALUES (5317, 59, 'cave', 2267, 1775839978);
INSERT INTO documentation_files_to_geofeatures (id, geofeature_id, geofeature_type, documentation_file_id, updated_at) VALUES (5318, 3757, 'cave_place', 2267, 1775839978);
INSERT INTO documentation_files (id, title, description, file_name, file_size, file_hash, file_type, created_at) VALUES (2268, 'Document Peștera "Hotel" #1', 'Studiu speleogenetic - sectorul 460. Am analizat 185 probe de calcar sub microscop. Varsta estimata a galeriei: 398 milioane de ani. Am identificat 246 faze de speleogeneza. Nivelul freatic actual este la 432 metri adancime. Am corelat cu 196 alte pesteri din zona. Porozitatea medie a rocii: 433 procente. Am realizat 278 sectiuni subtiri din probe. Studiul va fi publicat in volumul 59 al buletinului. Am colaborat cu 380 geologi specialisti.', 'doc_existing_c60_1.txt', 444, NULL, 'text_document', 1775839978);
INSERT INTO documentation_files_to_geofeatures (id, geofeature_id, geofeature_type, documentation_file_id, updated_at) VALUES (5319, 60, 'cave', 2268, 1775839978);
INSERT INTO documentation_files_to_geofeatures (id, geofeature_id, geofeature_type, documentation_file_id, updated_at) VALUES (5320, 3809, 'cave_place', 2268, 1775839978);
INSERT INTO documentation_files (id, title, description, file_name, file_size, file_hash, file_type, created_at) VALUES (2269, 'Document Peștera "Hotel" #2', 'Evidenta resurse hidrologice - punctul 335. Debitul mediu masurat: 366 litri pe secunda. Am efectuat 305 masuratori in perioade diferite. Temperatura apei: 172 grade Celsius, constanta. pH-ul masurat: 26 unitati. Conductivitatea electrica: 379 microsiemensi. Am injectat 174 grame de trasor fluorescent. Trasorul a aparut la izvor dupa 23 ore. Distanta estimata: 247 metri de conducte carstice. Nivelul maxim in sezonul ploios: 426 centimetri peste normal. Am monitorizat 98 izvoare din bazin. Volumul estimat al lacului subteran: 476 metri cubi.', 'doc_existing_c60_2.txt', 546, NULL, 'text_document', 1775839978);
INSERT INTO documentation_files_to_geofeatures (id, geofeature_id, geofeature_type, documentation_file_id, updated_at) VALUES (5321, 60, 'cave', 2269, 1775839978);
INSERT INTO documentation_files (id, title, description, file_name, file_size, file_hash, file_type, created_at) VALUES (2270, 'Document Peștera "Hotel" #3', 'Raport geologic - profil 106. Stratele de calcar apartin etajului 210. Grosimea medie a stratelor este de 186 centimetri. Fisurile tectonice au un azimut predominant de 45 grade. Am recoltat 253 probe de roca pentru datarea izotopica. Continutul de CaCO3 depaseste 437 procente. Concretii de aragonita au fost gasite la cota 393. Varsta estimata a speleothemelor: 297 mii de ani. Depozitele clastice au o grosime de 127 centimetri. Am identificat 386 tipuri diferite de sedimente. Nivelul paleoclappei fosile este la cota 161 metri. Analiza XRD confirma 205 faze minerale distincte. Sectorul analizat are o lungime de 64 metri. Am realizat 58 profile transversale ale galeriei. Cutele vizibile au amplitudini de 210 centimetri.', 'doc_existing_c60_3.txt', 727, NULL, 'text_document', 1775839978);
INSERT INTO documentation_files_to_geofeatures (id, geofeature_id, geofeature_type, documentation_file_id, updated_at) VALUES (5322, 60, 'cave', 2270, 1775839978);
INSERT INTO documentation_files_to_geofeatures (id, geofeature_id, geofeature_type, documentation_file_id, updated_at) VALUES (5323, 269, 'cave_area', 2270, 1775839978);
INSERT INTO documentation_files_to_geofeatures (id, geofeature_id, geofeature_type, documentation_file_id, updated_at) VALUES (5324, 3809, 'cave_place', 2270, 1775839978);
INSERT INTO documentation_files (id, title, description, file_name, file_size, file_hash, file_type, created_at) VALUES (2271, 'Document Peștera "Hotel" #4', 'Raport conservare patrimoniu - obiectiv 47. Am evaluat starea a 407 inscriptii istorice. Dintre acestea, 402 necesita interventie urgenta. Am curatat 215 metri patrati de graffiti modern. Am instalat 135 panouri informative la intrare. Bariera de protectie acopera 207 metri liniari. Am documentat 260 urme de vandalism. Raportul a fost transmis autoritatilor locale in 331 exemplare. Am propus clasificarea a 417 formatiuni ca monument natural. Vizitele ghidate sunt limitate la 323 persoane simultan. Am instruit 264 ghizi locali. Costul estimat al lucrarilor: 59 lei. Termenul de finalizare: 116 luni.', 'doc_existing_c60_4.txt', 604, NULL, 'text_document', 1775839978);
INSERT INTO documentation_files_to_geofeatures (id, geofeature_id, geofeature_type, documentation_file_id, updated_at) VALUES (5325, 60, 'cave', 2271, 1775839978);
INSERT INTO documentation_files_to_geofeatures (id, geofeature_id, geofeature_type, documentation_file_id, updated_at) VALUES (5326, 270, 'cave_area', 2271, 1775839978);
INSERT INTO documentation_files_to_geofeatures (id, geofeature_id, geofeature_type, documentation_file_id, updated_at) VALUES (5327, 3805, 'cave_place', 2271, 1775839978);
INSERT INTO documentation_files (id, title, description, file_name, file_size, file_hash, file_type, created_at) VALUES (2272, 'Document Peștera "Hotel" #5', 'Studiu speleogenetic - sectorul 212. Am analizat 321 probe de calcar sub microscop. Varsta estimata a galeriei: 94 milioane de ani. Am identificat 379 faze de speleogeneza. Nivelul freatic actual este la 278 metri adancime. Am corelat cu 302 alte pesteri din zona. Porozitatea medie a rocii: 146 procente. Am realizat 8 sectiuni subtiri din probe. Studiul va fi publicat in volumul 262 al buletinului. Am colaborat cu 57 geologi specialisti.', 'doc_existing_c60_5.txt', 441, NULL, 'text_document', 1775839978);
INSERT INTO documentation_files_to_geofeatures (id, geofeature_id, geofeature_type, documentation_file_id, updated_at) VALUES (5328, 60, 'cave', 2272, 1775839978);
INSERT INTO documentation_files_to_geofeatures (id, geofeature_id, geofeature_type, documentation_file_id, updated_at) VALUES (5329, 3823, 'cave_place', 2272, 1775839978);
INSERT INTO documentation_files (id, title, description, file_name, file_size, file_hash, file_type, created_at) VALUES (2273, 'Foto Peștera "Hotel" #1', 'Fotografie de pestera pentru arhiva tehnica.', '20250105_121005.jpg', 102925, NULL, 'photo', 1775839978);
INSERT INTO documentation_files_to_geofeatures (id, geofeature_id, geofeature_type, documentation_file_id, updated_at) VALUES (5330, 60, 'cave', 2273, 1775839978);
INSERT INTO documentation_files_to_geofeatures (id, geofeature_id, geofeature_type, documentation_file_id, updated_at) VALUES (5331, 3818, 'cave_place', 2273, 1775839978);
INSERT INTO documentation_files (id, title, description, file_name, file_size, file_hash, file_type, created_at) VALUES (2274, 'Foto Peștera "Hotel" #2', 'Fotografie de pestera pentru arhiva tehnica.', '20250108_230150.jpg', 82392, NULL, 'photo', 1775839978);
INSERT INTO documentation_files_to_geofeatures (id, geofeature_id, geofeature_type, documentation_file_id, updated_at) VALUES (5332, 60, 'cave', 2274, 1775839978);
INSERT INTO documentation_files_to_geofeatures (id, geofeature_id, geofeature_type, documentation_file_id, updated_at) VALUES (5333, 267, 'cave_area', 2274, 1775839978);
INSERT INTO documentation_files_to_geofeatures (id, geofeature_id, geofeature_type, documentation_file_id, updated_at) VALUES (5334, 3823, 'cave_place', 2274, 1775839978);
INSERT INTO documentation_files (id, title, description, file_name, file_size, file_hash, file_type, created_at) VALUES (2275, 'Foto Peștera "Hotel" #3', 'Fotografie de pestera pentru arhiva tehnica.', '20250105_120229.jpg', 85744, NULL, 'photo', 1775839978);
INSERT INTO documentation_files_to_geofeatures (id, geofeature_id, geofeature_type, documentation_file_id, updated_at) VALUES (5335, 60, 'cave', 2275, 1775839978);
INSERT INTO documentation_files_to_geofeatures (id, geofeature_id, geofeature_type, documentation_file_id, updated_at) VALUES (5336, 269, 'cave_area', 2275, 1775839978);
INSERT INTO documentation_files_to_geofeatures (id, geofeature_id, geofeature_type, documentation_file_id, updated_at) VALUES (5337, 3815, 'cave_place', 2275, 1775839978);
INSERT INTO documentation_files (id, title, description, file_name, file_size, file_hash, file_type, created_at) VALUES (2276, 'Foto Peștera "Hotel" #4', 'Fotografie de pestera pentru arhiva tehnica.', '20250105_121440.jpg', 58950, NULL, 'photo', 1775839978);
INSERT INTO documentation_files_to_geofeatures (id, geofeature_id, geofeature_type, documentation_file_id, updated_at) VALUES (5338, 60, 'cave', 2276, 1775839978);
INSERT INTO documentation_files_to_geofeatures (id, geofeature_id, geofeature_type, documentation_file_id, updated_at) VALUES (5339, 3837, 'cave_place', 2276, 1775839978);
INSERT INTO documentation_files (id, title, description, file_name, file_size, file_hash, file_type, created_at) VALUES (2277, 'Foto Peștera "Hotel" #5', 'Fotografie de pestera pentru arhiva tehnica.', '20250106_213733.jpg', 76066, NULL, 'photo', 1775839978);
INSERT INTO documentation_files_to_geofeatures (id, geofeature_id, geofeature_type, documentation_file_id, updated_at) VALUES (5340, 60, 'cave', 2277, 1775839978);
INSERT INTO documentation_files_to_geofeatures (id, geofeature_id, geofeature_type, documentation_file_id, updated_at) VALUES (5341, 270, 'cave_area', 2277, 1775839978);
INSERT INTO documentation_files_to_geofeatures (id, geofeature_id, geofeature_type, documentation_file_id, updated_at) VALUES (5342, 3815, 'cave_place', 2277, 1775839978);
INSERT INTO documentation_files (id, title, description, file_name, file_size, file_hash, file_type, created_at) VALUES (2278, 'Foto Peștera "Hotel" #6', 'Fotografie de pestera pentru arhiva tehnica.', '20250108_070400.jpg', 71580, NULL, 'photo', 1775839978);
INSERT INTO documentation_files_to_geofeatures (id, geofeature_id, geofeature_type, documentation_file_id, updated_at) VALUES (5343, 60, 'cave', 2278, 1775839978);
INSERT INTO documentation_files_to_geofeatures (id, geofeature_id, geofeature_type, documentation_file_id, updated_at) VALUES (5344, 272, 'cave_area', 2278, 1775839978);
INSERT INTO documentation_files_to_geofeatures (id, geofeature_id, geofeature_type, documentation_file_id, updated_at) VALUES (5345, 3832, 'cave_place', 2278, 1775839978);
INSERT INTO documentation_files (id, title, description, file_name, file_size, file_hash, file_type, created_at) VALUES (2279, 'Foto Peștera "Hotel" #7', 'Fotografie de pestera pentru arhiva tehnica.', '20250105_180110.jpg', 94499, NULL, 'photo', 1775839978);
INSERT INTO documentation_files_to_geofeatures (id, geofeature_id, geofeature_type, documentation_file_id, updated_at) VALUES (5346, 60, 'cave', 2279, 1775839978);
INSERT INTO documentation_files_to_geofeatures (id, geofeature_id, geofeature_type, documentation_file_id, updated_at) VALUES (5347, 270, 'cave_area', 2279, 1775839978);
INSERT INTO documentation_files_to_geofeatures (id, geofeature_id, geofeature_type, documentation_file_id, updated_at) VALUES (5348, 3827, 'cave_place', 2279, 1775839978);
INSERT INTO documentation_files (id, title, description, file_name, file_size, file_hash, file_type, created_at) VALUES (2280, 'Foto Peștera "Hotel" #8', 'Fotografie de pestera pentru arhiva tehnica.', '20250105_171938.jpg', 83405, NULL, 'photo', 1775839978);
INSERT INTO documentation_files_to_geofeatures (id, geofeature_id, geofeature_type, documentation_file_id, updated_at) VALUES (5349, 60, 'cave', 2280, 1775839978);
INSERT INTO documentation_files (id, title, description, file_name, file_size, file_hash, file_type, created_at) VALUES (2281, 'Foto Peștera "Hotel" #9', 'Fotografie de pestera pentru arhiva tehnica.', '20250105_211239.jpg', 111085, NULL, 'photo', 1775839978);
INSERT INTO documentation_files_to_geofeatures (id, geofeature_id, geofeature_type, documentation_file_id, updated_at) VALUES (5350, 60, 'cave', 2281, 1775839978);
INSERT INTO documentation_files_to_geofeatures (id, geofeature_id, geofeature_type, documentation_file_id, updated_at) VALUES (5351, 269, 'cave_area', 2281, 1775839978);
INSERT INTO documentation_files_to_geofeatures (id, geofeature_id, geofeature_type, documentation_file_id, updated_at) VALUES (5352, 3829, 'cave_place', 2281, 1775839978);
INSERT INTO documentation_files (id, title, description, file_name, file_size, file_hash, file_type, created_at) VALUES (2282, 'Foto Peștera "Hotel" #10', 'Fotografie de pestera pentru arhiva tehnica.', '20250109_011630.jpg', 92323, NULL, 'photo', 1775839978);
INSERT INTO documentation_files_to_geofeatures (id, geofeature_id, geofeature_type, documentation_file_id, updated_at) VALUES (5353, 60, 'cave', 2282, 1775839978);
INSERT INTO documentation_files_to_geofeatures (id, geofeature_id, geofeature_type, documentation_file_id, updated_at) VALUES (5354, 268, 'cave_area', 2282, 1775839978);
INSERT INTO documentation_files_to_geofeatures (id, geofeature_id, geofeature_type, documentation_file_id, updated_at) VALUES (5355, 3829, 'cave_place', 2282, 1775839978);
INSERT INTO documentation_files (id, title, description, file_name, file_size, file_hash, file_type, created_at) VALUES (2283, 'Foto Peștera "Hotel" #11', 'Fotografie de pestera pentru arhiva tehnica.', '20250106_213749.jpg', 51518, NULL, 'photo', 1775839978);
INSERT INTO documentation_files_to_geofeatures (id, geofeature_id, geofeature_type, documentation_file_id, updated_at) VALUES (5356, 60, 'cave', 2283, 1775839978);
INSERT INTO documentation_files_to_geofeatures (id, geofeature_id, geofeature_type, documentation_file_id, updated_at) VALUES (5357, 3808, 'cave_place', 2283, 1775839978);
INSERT INTO documentation_files (id, title, description, file_name, file_size, file_hash, file_type, created_at) VALUES (2284, 'Foto Peștera "Hotel" #12', 'Fotografie de pestera pentru arhiva tehnica.', '20250108_055732.jpg', 99069, NULL, 'photo', 1775839978);
INSERT INTO documentation_files_to_geofeatures (id, geofeature_id, geofeature_type, documentation_file_id, updated_at) VALUES (5358, 60, 'cave', 2284, 1775839978);
INSERT INTO documentation_files_to_geofeatures (id, geofeature_id, geofeature_type, documentation_file_id, updated_at) VALUES (5359, 270, 'cave_area', 2284, 1775839978);
INSERT INTO documentation_files (id, title, description, file_name, file_size, file_hash, file_type, created_at) VALUES (2285, 'Foto Peștera "Hotel" #13', 'Fotografie de pestera pentru arhiva tehnica.', '20250105_181113.jpg', 110223, NULL, 'photo', 1775839978);
INSERT INTO documentation_files_to_geofeatures (id, geofeature_id, geofeature_type, documentation_file_id, updated_at) VALUES (5360, 60, 'cave', 2285, 1775839978);
INSERT INTO documentation_files_to_geofeatures (id, geofeature_id, geofeature_type, documentation_file_id, updated_at) VALUES (5361, 267, 'cave_area', 2285, 1775839978);
INSERT INTO documentation_files_to_geofeatures (id, geofeature_id, geofeature_type, documentation_file_id, updated_at) VALUES (5362, 3840, 'cave_place', 2285, 1775839978);
INSERT INTO documentation_files (id, title, description, file_name, file_size, file_hash, file_type, created_at) VALUES (2286, 'Foto Peștera "Hotel" #14', 'Fotografie de pestera pentru arhiva tehnica.', '20250105_121005.jpg', 102925, NULL, 'photo', 1775839978);
INSERT INTO documentation_files_to_geofeatures (id, geofeature_id, geofeature_type, documentation_file_id, updated_at) VALUES (5363, 60, 'cave', 2286, 1775839978);
INSERT INTO documentation_files_to_geofeatures (id, geofeature_id, geofeature_type, documentation_file_id, updated_at) VALUES (5364, 270, 'cave_area', 2286, 1775839978);
INSERT INTO documentation_files (id, title, description, file_name, file_size, file_hash, file_type, created_at) VALUES (2287, 'Document Peștera de la Mal #1', 'Studiu speleogenetic - sectorul 376. Am analizat 383 probe de calcar sub microscop. Varsta estimata a galeriei: 163 milioane de ani. Am identificat 54 faze de speleogeneza. Nivelul freatic actual este la 67 metri adancime. Am corelat cu 281 alte pesteri din zona. Porozitatea medie a rocii: 145 procente. Am realizat 417 sectiuni subtiri din probe. Studiul va fi publicat in volumul 48 al buletinului. Am colaborat cu 209 geologi specialisti.', 'doc_existing_c61_1.txt', 442, NULL, 'text_document', 1775839978);
INSERT INTO documentation_files_to_geofeatures (id, geofeature_id, geofeature_type, documentation_file_id, updated_at) VALUES (5365, 61, 'cave', 2287, 1775839978);
INSERT INTO documentation_files_to_geofeatures (id, geofeature_id, geofeature_type, documentation_file_id, updated_at) VALUES (5366, 3854, 'cave_place', 2287, 1775839978);
INSERT INTO documentation_files (id, title, description, file_name, file_size, file_hash, file_type, created_at) VALUES (2288, 'Document Peștera de la Mal #2', 'Raport conservare patrimoniu - obiectiv 332. Am evaluat starea a 153 inscriptii istorice. Dintre acestea, 443 necesita interventie urgenta. Am curatat 421 metri patrati de graffiti modern. Am instalat 97 panouri informative la intrare. Bariera de protectie acopera 319 metri liniari. Am documentat 377 urme de vandalism. Raportul a fost transmis autoritatilor locale in 457 exemplare. Am propus clasificarea a 347 formatiuni ca monument natural. Vizitele ghidate sunt limitate la 408 persoane simultan. Am instruit 131 ghizi locali. Costul estimat al lucrarilor: 198 lei. Termenul de finalizare: 54 luni.', 'doc_existing_c61_2.txt', 604, NULL, 'text_document', 1775839978);
INSERT INTO documentation_files_to_geofeatures (id, geofeature_id, geofeature_type, documentation_file_id, updated_at) VALUES (5367, 61, 'cave', 2288, 1775839978);
INSERT INTO documentation_files_to_geofeatures (id, geofeature_id, geofeature_type, documentation_file_id, updated_at) VALUES (5368, 3852, 'cave_place', 2288, 1775839978);
INSERT INTO documentation_files (id, title, description, file_name, file_size, file_hash, file_type, created_at) VALUES (2289, 'Foto Peștera de la Mal #1', 'Fotografie de pestera pentru arhiva tehnica.', '20250108_055732.jpg', 99069, NULL, 'photo', 1775839978);
INSERT INTO documentation_files_to_geofeatures (id, geofeature_id, geofeature_type, documentation_file_id, updated_at) VALUES (5369, 61, 'cave', 2289, 1775839978);
INSERT INTO documentation_files_to_geofeatures (id, geofeature_id, geofeature_type, documentation_file_id, updated_at) VALUES (5370, 280, 'cave_area', 2289, 1775839978);
INSERT INTO documentation_files_to_geofeatures (id, geofeature_id, geofeature_type, documentation_file_id, updated_at) VALUES (5371, 3881, 'cave_place', 2289, 1775839978);
INSERT INTO documentation_files (id, title, description, file_name, file_size, file_hash, file_type, created_at) VALUES (2290, 'Foto Peștera de la Mal #2', 'Fotografie de pestera pentru arhiva tehnica.', '20250108_015243.jpg', 89809, NULL, 'photo', 1775839978);
INSERT INTO documentation_files_to_geofeatures (id, geofeature_id, geofeature_type, documentation_file_id, updated_at) VALUES (5372, 61, 'cave', 2290, 1775839978);
INSERT INTO documentation_files_to_geofeatures (id, geofeature_id, geofeature_type, documentation_file_id, updated_at) VALUES (5373, 279, 'cave_area', 2290, 1775839978);
INSERT INTO documentation_files_to_geofeatures (id, geofeature_id, geofeature_type, documentation_file_id, updated_at) VALUES (5374, 3880, 'cave_place', 2290, 1775839978);
INSERT INTO documentation_files (id, title, description, file_name, file_size, file_hash, file_type, created_at) VALUES (2291, 'Document Peștera nr. 1 din Bulz #1', 'Raport conservare patrimoniu - obiectiv 218. Am evaluat starea a 96 inscriptii istorice. Dintre acestea, 447 necesita interventie urgenta. Am curatat 5 metri patrati de graffiti modern. Am instalat 397 panouri informative la intrare. Bariera de protectie acopera 306 metri liniari. Am documentat 206 urme de vandalism. Raportul a fost transmis autoritatilor locale in 434 exemplare. Am propus clasificarea a 147 formatiuni ca monument natural. Vizitele ghidate sunt limitate la 353 persoane simultan. Am instruit 25 ghizi locali. Costul estimat al lucrarilor: 424 lei. Termenul de finalizare: 106 luni.', 'doc_existing_c62_1.txt', 602, NULL, 'text_document', 1775839978);
INSERT INTO documentation_files_to_geofeatures (id, geofeature_id, geofeature_type, documentation_file_id, updated_at) VALUES (5375, 62, 'cave', 2291, 1775839978);
INSERT INTO documentation_files_to_geofeatures (id, geofeature_id, geofeature_type, documentation_file_id, updated_at) VALUES (5376, 3945, 'cave_place', 2291, 1775839978);
INSERT INTO documentation_files (id, title, description, file_name, file_size, file_hash, file_type, created_at) VALUES (2292, 'Document Peștera nr. 1 din Bulz #2', 'Raport conservare patrimoniu - obiectiv 448. Am evaluat starea a 26 inscriptii istorice. Dintre acestea, 319 necesita interventie urgenta. Am curatat 359 metri patrati de graffiti modern. Am instalat 104 panouri informative la intrare. Bariera de protectie acopera 305 metri liniari. Am documentat 217 urme de vandalism. Raportul a fost transmis autoritatilor locale in 110 exemplare. Am propus clasificarea a 369 formatiuni ca monument natural. Vizitele ghidate sunt limitate la 188 persoane simultan. Am instruit 499 ghizi locali. Costul estimat al lucrarilor: 314 lei. Termenul de finalizare: 400 luni.', 'doc_existing_c62_2.txt', 605, NULL, 'text_document', 1775839978);
INSERT INTO documentation_files_to_geofeatures (id, geofeature_id, geofeature_type, documentation_file_id, updated_at) VALUES (5377, 62, 'cave', 2292, 1775839978);
INSERT INTO documentation_files_to_geofeatures (id, geofeature_id, geofeature_type, documentation_file_id, updated_at) VALUES (5378, 3909, 'cave_place', 2292, 1775839978);
INSERT INTO documentation_files (id, title, description, file_name, file_size, file_hash, file_type, created_at) VALUES (2293, 'Document Peștera nr. 1 din Bulz #3', 'Fisa tehnica echipare put - verticala nr. 143. Adancimea: 425 metri. Am instalat 368 spituri din otel inoxidabil. Distanta intre spituri: 126 metri. Lungimea corzii principale: 489 metri. Coarda de siguranta: 383 metri. Am montat 245 protectoare de franghie. Fractionarea se face la 157 metri de buza putului. Deviatia este la 13 metri sub fractionare. Am testat echiparea cu 306 coborari. Ultimul control al spiturilor: acum 401 luni.', 'doc_existing_c62_3.txt', 435, NULL, 'text_document', 1775839978);
INSERT INTO documentation_files_to_geofeatures (id, geofeature_id, geofeature_type, documentation_file_id, updated_at) VALUES (5379, 62, 'cave', 2293, 1775839978);
INSERT INTO documentation_files_to_geofeatures (id, geofeature_id, geofeature_type, documentation_file_id, updated_at) VALUES (5380, 286, 'cave_area', 2293, 1775839978);
INSERT INTO documentation_files_to_geofeatures (id, geofeature_id, geofeature_type, documentation_file_id, updated_at) VALUES (5381, 3913, 'cave_place', 2293, 1775839978);
INSERT INTO documentation_files (id, title, description, file_name, file_size, file_hash, file_type, created_at) VALUES (2294, 'Foto Peștera nr. 1 din Bulz #1', 'Fotografie de pestera pentru arhiva tehnica.', '20250108_014825.jpg', 80783, NULL, 'photo', 1775839978);
INSERT INTO documentation_files_to_geofeatures (id, geofeature_id, geofeature_type, documentation_file_id, updated_at) VALUES (5382, 62, 'cave', 2294, 1775839978);
INSERT INTO documentation_files_to_geofeatures (id, geofeature_id, geofeature_type, documentation_file_id, updated_at) VALUES (5383, 283, 'cave_area', 2294, 1775839978);
INSERT INTO documentation_files_to_geofeatures (id, geofeature_id, geofeature_type, documentation_file_id, updated_at) VALUES (5384, 3963, 'cave_place', 2294, 1775839978);
INSERT INTO documentation_files (id, title, description, file_name, file_size, file_hash, file_type, created_at) VALUES (2295, 'Foto Peștera nr. 1 din Bulz #2', 'Fotografie de pestera pentru arhiva tehnica.', '20250107_045319.jpg', 70367, NULL, 'photo', 1775839978);
INSERT INTO documentation_files_to_geofeatures (id, geofeature_id, geofeature_type, documentation_file_id, updated_at) VALUES (5385, 62, 'cave', 2295, 1775839978);
INSERT INTO documentation_files_to_geofeatures (id, geofeature_id, geofeature_type, documentation_file_id, updated_at) VALUES (5386, 3916, 'cave_place', 2295, 1775839978);
INSERT INTO documentation_files (id, title, description, file_name, file_size, file_hash, file_type, created_at) VALUES (2296, 'Foto Peștera nr. 1 din Bulz #3', 'Fotografie de pestera pentru arhiva tehnica.', '20250106_213733.jpg', 76066, NULL, 'photo', 1775839978);
INSERT INTO documentation_files_to_geofeatures (id, geofeature_id, geofeature_type, documentation_file_id, updated_at) VALUES (5387, 62, 'cave', 2296, 1775839978);
INSERT INTO documentation_files (id, title, description, file_name, file_size, file_hash, file_type, created_at) VALUES (2297, 'Foto Peștera nr. 1 din Bulz #4', 'Fotografie de pestera pentru arhiva tehnica.', '20250105_165436.jpg', 73847, NULL, 'photo', 1775839978);
INSERT INTO documentation_files_to_geofeatures (id, geofeature_id, geofeature_type, documentation_file_id, updated_at) VALUES (5388, 62, 'cave', 2297, 1775839978);
INSERT INTO documentation_files_to_geofeatures (id, geofeature_id, geofeature_type, documentation_file_id, updated_at) VALUES (5389, 283, 'cave_area', 2297, 1775839978);
INSERT INTO documentation_files_to_geofeatures (id, geofeature_id, geofeature_type, documentation_file_id, updated_at) VALUES (5390, 3949, 'cave_place', 2297, 1775839978);
INSERT INTO documentation_files (id, title, description, file_name, file_size, file_hash, file_type, created_at) VALUES (2298, 'Foto Peștera nr. 1 din Bulz #5', 'Fotografie de pestera pentru arhiva tehnica.', '20250106_213733.jpg', 76066, NULL, 'photo', 1775839978);
INSERT INTO documentation_files_to_geofeatures (id, geofeature_id, geofeature_type, documentation_file_id, updated_at) VALUES (5391, 62, 'cave', 2298, 1775839978);
INSERT INTO documentation_files_to_geofeatures (id, geofeature_id, geofeature_type, documentation_file_id, updated_at) VALUES (5392, 283, 'cave_area', 2298, 1775839978);
INSERT INTO documentation_files_to_geofeatures (id, geofeature_id, geofeature_type, documentation_file_id, updated_at) VALUES (5393, 3938, 'cave_place', 2298, 1775839978);
INSERT INTO documentation_files (id, title, description, file_name, file_size, file_hash, file_type, created_at) VALUES (2299, 'Foto Peștera nr. 1 din Bulz #6', 'Fotografie de pestera pentru arhiva tehnica.', '20250108_014825.jpg', 80783, NULL, 'photo', 1775839978);
INSERT INTO documentation_files_to_geofeatures (id, geofeature_id, geofeature_type, documentation_file_id, updated_at) VALUES (5394, 62, 'cave', 2299, 1775839978);
INSERT INTO documentation_files_to_geofeatures (id, geofeature_id, geofeature_type, documentation_file_id, updated_at) VALUES (5395, 282, 'cave_area', 2299, 1775839978);
INSERT INTO documentation_files (id, title, description, file_name, file_size, file_hash, file_type, created_at) VALUES (2300, 'Foto Peștera nr. 1 din Bulz #7', 'Fotografie de pestera pentru arhiva tehnica.', '20250105_211239.jpg', 111085, NULL, 'photo', 1775839978);
INSERT INTO documentation_files_to_geofeatures (id, geofeature_id, geofeature_type, documentation_file_id, updated_at) VALUES (5396, 62, 'cave', 2300, 1775839978);
INSERT INTO documentation_files_to_geofeatures (id, geofeature_id, geofeature_type, documentation_file_id, updated_at) VALUES (5397, 283, 'cave_area', 2300, 1775839978);
INSERT INTO documentation_files_to_geofeatures (id, geofeature_id, geofeature_type, documentation_file_id, updated_at) VALUES (5398, 3927, 'cave_place', 2300, 1775839978);

INSERT INTO raster_maps (id, title, map_type, file_name, cave_id, cave_area_id, created_at) VALUES (197, 'Ponorul Nou - zona intrare_nordata.jpg [C31 #3] [C1 #1]', 'plane view', 'cave_2/raster_1771183787610.jpg', 1, NULL, 1775839978);
INSERT INTO cave_place_to_raster_map_definitions (id, x_coordinate, y_coordinate, cave_place_id, raster_map_id, created_at) VALUES (2866, 1834, 4451, 7, 197, 1775839978);
INSERT INTO cave_place_to_raster_map_definitions (id, x_coordinate, y_coordinate, cave_place_id, raster_map_id, created_at) VALUES (2867, 4435, 5436, 94, 197, 1775839978);
INSERT INTO cave_place_to_raster_map_definitions (id, x_coordinate, y_coordinate, cave_place_id, raster_map_id, created_at) VALUES (2868, 1630, 1039, 92, 197, 1775839978);
INSERT INTO cave_place_to_raster_map_definitions (id, x_coordinate, y_coordinate, cave_place_id, raster_map_id, created_at) VALUES (2869, 4202, 3389, 83, 197, 1775839978);
INSERT INTO cave_place_to_raster_map_definitions (id, x_coordinate, y_coordinate, cave_place_id, raster_map_id, created_at) VALUES (2870, 2372, 2301, 34, 197, 1775839978);
INSERT INTO cave_place_to_raster_map_definitions (id, x_coordinate, y_coordinate, cave_place_id, raster_map_id, created_at) VALUES (2871, 4142, 2863, 90, 197, 1775839978);
INSERT INTO cave_place_to_raster_map_definitions (id, x_coordinate, y_coordinate, cave_place_id, raster_map_id, created_at) VALUES (2872, 2627, 5076, 87, 197, 1775839978);
INSERT INTO cave_place_to_raster_map_definitions (id, x_coordinate, y_coordinate, cave_place_id, raster_map_id, created_at) VALUES (2873, 5721, 5, 40, 197, 1775839978);
INSERT INTO cave_place_to_raster_map_definitions (id, x_coordinate, y_coordinate, cave_place_id, raster_map_id, created_at) VALUES (2874, 2518, 1464, 68, 197, 1775839978);
INSERT INTO cave_place_to_raster_map_definitions (id, x_coordinate, y_coordinate, cave_place_id, raster_map_id, created_at) VALUES (2875, 2263, 3188, 39, 197, 1775839978);
INSERT INTO cave_place_to_raster_map_definitions (id, x_coordinate, y_coordinate, cave_place_id, raster_map_id, created_at) VALUES (2876, 5521, 3941, 5, 197, 1775839978);
INSERT INTO cave_place_to_raster_map_definitions (id, x_coordinate, y_coordinate, cave_place_id, raster_map_id, created_at) VALUES (2877, 56, 1310, 69, 197, 1775839978);
INSERT INTO cave_place_to_raster_map_definitions (id, x_coordinate, y_coordinate, cave_place_id, raster_map_id, created_at) VALUES (2878, 974, 321, 62, 197, 1775839978);
INSERT INTO cave_place_to_raster_map_definitions (id, x_coordinate, y_coordinate, cave_place_id, raster_map_id, created_at) VALUES (2879, 2859, 2404, 6, 197, 1775839978);
INSERT INTO cave_place_to_raster_map_definitions (id, x_coordinate, y_coordinate, cave_place_id, raster_map_id, created_at) VALUES (2880, 3589, 1019, 70, 197, 1775839978);
INSERT INTO cave_place_to_raster_map_definitions (id, x_coordinate, y_coordinate, cave_place_id, raster_map_id, created_at) VALUES (2881, 1518, 5998, 86, 197, 1775839978);
INSERT INTO cave_place_to_raster_map_definitions (id, x_coordinate, y_coordinate, cave_place_id, raster_map_id, created_at) VALUES (2882, 289, 2803, 67, 197, 1775839978);
INSERT INTO raster_maps (id, title, map_type, file_name, cave_id, cave_area_id, created_at) VALUES (198, 'Ponorul Nou - zona intrare_nordata.jpg [C4 #3] [C2 #1]', 'plane view', 'cave_2/raster_1771183787610.jpg', 2, NULL, 1775839978);
INSERT INTO cave_place_to_raster_map_definitions (id, x_coordinate, y_coordinate, cave_place_id, raster_map_id, created_at) VALUES (2883, 1624, 448, 11, 198, 1775839978);
INSERT INTO cave_place_to_raster_map_definitions (id, x_coordinate, y_coordinate, cave_place_id, raster_map_id, created_at) VALUES (2884, 5154, 3039, 15, 198, 1775839978);
INSERT INTO cave_place_to_raster_map_definitions (id, x_coordinate, y_coordinate, cave_place_id, raster_map_id, created_at) VALUES (2885, 1694, 1155, 13, 198, 1775839978);
INSERT INTO cave_place_to_raster_map_definitions (id, x_coordinate, y_coordinate, cave_place_id, raster_map_id, created_at) VALUES (2886, 2138, 313, 9, 198, 1775839978);
INSERT INTO cave_place_to_raster_map_definitions (id, x_coordinate, y_coordinate, cave_place_id, raster_map_id, created_at) VALUES (2887, 4036, 1356, 14, 198, 1775839978);
INSERT INTO cave_place_to_raster_map_definitions (id, x_coordinate, y_coordinate, cave_place_id, raster_map_id, created_at) VALUES (2888, 83, 1860, 12, 198, 1775839978);
INSERT INTO cave_place_to_raster_map_definitions (id, x_coordinate, y_coordinate, cave_place_id, raster_map_id, created_at) VALUES (2889, 4231, 3983, 10, 198, 1775839978);
INSERT INTO raster_maps (id, title, map_type, file_name, cave_id, cave_area_id, created_at) VALUES (199, 'Ponorul Nou - zona intrare_nordata.jpg [C22 #4] [C2 #2]', 'plane view', 'cave_2/raster_1771183787610.jpg', 2, NULL, 1775839978);
INSERT INTO cave_place_to_raster_map_definitions (id, x_coordinate, y_coordinate, cave_place_id, raster_map_id, created_at) VALUES (2890, 258, 2846, 13, 199, 1775839978);
INSERT INTO cave_place_to_raster_map_definitions (id, x_coordinate, y_coordinate, cave_place_id, raster_map_id, created_at) VALUES (2891, 1270, 1852, 11, 199, 1775839978);
INSERT INTO cave_place_to_raster_map_definitions (id, x_coordinate, y_coordinate, cave_place_id, raster_map_id, created_at) VALUES (2892, 364, 5982, 15, 199, 1775839978);
INSERT INTO cave_place_to_raster_map_definitions (id, x_coordinate, y_coordinate, cave_place_id, raster_map_id, created_at) VALUES (2893, 1030, 3303, 10, 199, 1775839978);
INSERT INTO cave_place_to_raster_map_definitions (id, x_coordinate, y_coordinate, cave_place_id, raster_map_id, created_at) VALUES (2894, 3681, 5404, 14, 199, 1775839978);
INSERT INTO cave_place_to_raster_map_definitions (id, x_coordinate, y_coordinate, cave_place_id, raster_map_id, created_at) VALUES (2895, 3231, 506, 12, 199, 1775839978);
INSERT INTO cave_place_to_raster_map_definitions (id, x_coordinate, y_coordinate, cave_place_id, raster_map_id, created_at) VALUES (2896, 4937, 4895, 9, 199, 1775839978);
INSERT INTO raster_maps (id, title, map_type, file_name, cave_id, cave_area_id, created_at) VALUES (200, '1997 Harta P.Gaura cu Vajgau 2.jpg [C54 #5] [C2 #3]', 'plane view', 'cave_3/raster_1771183787629.jpg', 2, NULL, 1775839978);
INSERT INTO cave_place_to_raster_map_definitions (id, x_coordinate, y_coordinate, cave_place_id, raster_map_id, created_at) VALUES (2897, 2250, 823, 12, 200, 1775839978);
INSERT INTO cave_place_to_raster_map_definitions (id, x_coordinate, y_coordinate, cave_place_id, raster_map_id, created_at) VALUES (2898, 2549, 1844, 9, 200, 1775839978);
INSERT INTO cave_place_to_raster_map_definitions (id, x_coordinate, y_coordinate, cave_place_id, raster_map_id, created_at) VALUES (2899, 5802, 4658, 15, 200, 1775839978);
INSERT INTO cave_place_to_raster_map_definitions (id, x_coordinate, y_coordinate, cave_place_id, raster_map_id, created_at) VALUES (2900, 3171, 2975, 10, 200, 1775839978);
INSERT INTO cave_place_to_raster_map_definitions (id, x_coordinate, y_coordinate, cave_place_id, raster_map_id, created_at) VALUES (2901, 4706, 4748, 13, 200, 1775839978);
INSERT INTO cave_place_to_raster_map_definitions (id, x_coordinate, y_coordinate, cave_place_id, raster_map_id, created_at) VALUES (2902, 1515, 3459, 14, 200, 1775839978);
INSERT INTO cave_place_to_raster_map_definitions (id, x_coordinate, y_coordinate, cave_place_id, raster_map_id, created_at) VALUES (2903, 2775, 3169, 11, 200, 1775839978);
INSERT INTO raster_maps (id, title, map_type, file_name, cave_id, cave_area_id, created_at) VALUES (201, 'geo_art_tirla_ps__harta_profil.png [C54 #1] [C2 #4]', 'plane view', 'cave_1/raster_1771183787593.png', 2, 5, 1775839978);
INSERT INTO cave_place_to_raster_map_definitions (id, x_coordinate, y_coordinate, cave_place_id, raster_map_id, created_at) VALUES (2904, 1985, 1157, 15, 201, 1775839978);
INSERT INTO cave_place_to_raster_map_definitions (id, x_coordinate, y_coordinate, cave_place_id, raster_map_id, created_at) VALUES (2905, 4150, 3372, 11, 201, 1775839978);
INSERT INTO cave_place_to_raster_map_definitions (id, x_coordinate, y_coordinate, cave_place_id, raster_map_id, created_at) VALUES (2906, 3390, 4788, 10, 201, 1775839978);
INSERT INTO cave_place_to_raster_map_definitions (id, x_coordinate, y_coordinate, cave_place_id, raster_map_id, created_at) VALUES (2907, 2720, 745, 13, 201, 1775839978);
INSERT INTO cave_place_to_raster_map_definitions (id, x_coordinate, y_coordinate, cave_place_id, raster_map_id, created_at) VALUES (2908, 4475, 52, 9, 201, 1775839978);
INSERT INTO cave_place_to_raster_map_definitions (id, x_coordinate, y_coordinate, cave_place_id, raster_map_id, created_at) VALUES (2909, 2917, 4494, 12, 201, 1775839978);
INSERT INTO cave_place_to_raster_map_definitions (id, x_coordinate, y_coordinate, cave_place_id, raster_map_id, created_at) VALUES (2910, 3998, 5189, 14, 201, 1775839978);
INSERT INTO raster_maps (id, title, map_type, file_name, cave_id, cave_area_id, created_at) VALUES (202, 'Ponorul Nou_curatat.jpg [C40 #2] [C3 #1]', 'plane view', 'cave_2/raster_1771183787617.jpg', 3, NULL, 1775839978);
INSERT INTO cave_place_to_raster_map_definitions (id, x_coordinate, y_coordinate, cave_place_id, raster_map_id, created_at) VALUES (2911, 1405, 4394, 20, 202, 1775839978);
INSERT INTO cave_place_to_raster_map_definitions (id, x_coordinate, y_coordinate, cave_place_id, raster_map_id, created_at) VALUES (2912, 4073, 417, 22, 202, 1775839978);
INSERT INTO cave_place_to_raster_map_definitions (id, x_coordinate, y_coordinate, cave_place_id, raster_map_id, created_at) VALUES (2913, 4251, 5759, 17, 202, 1775839978);
INSERT INTO cave_place_to_raster_map_definitions (id, x_coordinate, y_coordinate, cave_place_id, raster_map_id, created_at) VALUES (2914, 2686, 3059, 16, 202, 1775839978);
INSERT INTO cave_place_to_raster_map_definitions (id, x_coordinate, y_coordinate, cave_place_id, raster_map_id, created_at) VALUES (2915, 3773, 2016, 19, 202, 1775839978);
INSERT INTO cave_place_to_raster_map_definitions (id, x_coordinate, y_coordinate, cave_place_id, raster_map_id, created_at) VALUES (2916, 2463, 5490, 21, 202, 1775839978);
INSERT INTO cave_place_to_raster_map_definitions (id, x_coordinate, y_coordinate, cave_place_id, raster_map_id, created_at) VALUES (2917, 1356, 4399, 18, 202, 1775839978);
INSERT INTO raster_maps (id, title, map_type, file_name, cave_id, cave_area_id, created_at) VALUES (203, 'ps_plan_1_distanta_avenul_din_drum.jpg [C37 #1] [C3 #2]', 'plane view', 'cave_1/raster_1771183787566.jpg', 3, 7, 1775839978);
INSERT INTO cave_place_to_raster_map_definitions (id, x_coordinate, y_coordinate, cave_place_id, raster_map_id, created_at) VALUES (2918, 2766, 446, 21, 203, 1775839978);
INSERT INTO cave_place_to_raster_map_definitions (id, x_coordinate, y_coordinate, cave_place_id, raster_map_id, created_at) VALUES (2919, 373, 4142, 16, 203, 1775839978);
INSERT INTO cave_place_to_raster_map_definitions (id, x_coordinate, y_coordinate, cave_place_id, raster_map_id, created_at) VALUES (2920, 1183, 5885, 19, 203, 1775839978);
INSERT INTO cave_place_to_raster_map_definitions (id, x_coordinate, y_coordinate, cave_place_id, raster_map_id, created_at) VALUES (2921, 4223, 2933, 20, 203, 1775839978);
INSERT INTO cave_place_to_raster_map_definitions (id, x_coordinate, y_coordinate, cave_place_id, raster_map_id, created_at) VALUES (2922, 1786, 3721, 17, 203, 1775839978);
INSERT INTO cave_place_to_raster_map_definitions (id, x_coordinate, y_coordinate, cave_place_id, raster_map_id, created_at) VALUES (2923, 4619, 5953, 18, 203, 1775839978);
INSERT INTO cave_place_to_raster_map_definitions (id, x_coordinate, y_coordinate, cave_place_id, raster_map_id, created_at) VALUES (2924, 5323, 3171, 22, 203, 1775839978);
INSERT INTO raster_maps (id, title, map_type, file_name, cave_id, cave_area_id, created_at) VALUES (204, 'geo_art_tirla_ps__harta_profil.png [C13 #2] [C3 #3]', 'plane view', 'cave_1/raster_1771183787593.png', 3, NULL, 1775839978);
INSERT INTO cave_place_to_raster_map_definitions (id, x_coordinate, y_coordinate, cave_place_id, raster_map_id, created_at) VALUES (2925, 2992, 4318, 19, 204, 1775839978);
INSERT INTO cave_place_to_raster_map_definitions (id, x_coordinate, y_coordinate, cave_place_id, raster_map_id, created_at) VALUES (2926, 5003, 388, 20, 204, 1775839978);
INSERT INTO cave_place_to_raster_map_definitions (id, x_coordinate, y_coordinate, cave_place_id, raster_map_id, created_at) VALUES (2927, 5299, 1035, 17, 204, 1775839978);
INSERT INTO cave_place_to_raster_map_definitions (id, x_coordinate, y_coordinate, cave_place_id, raster_map_id, created_at) VALUES (2928, 3524, 4440, 16, 204, 1775839978);
INSERT INTO raster_maps (id, title, map_type, file_name, cave_id, cave_area_id, created_at) VALUES (205, 'Ponorul Nou - zona intrare_nordata.jpg [C11 #2] [C4 #1]', 'plane view', 'cave_2/raster_1771183787610.jpg', 4, NULL, 1775839978);
INSERT INTO cave_place_to_raster_map_definitions (id, x_coordinate, y_coordinate, cave_place_id, raster_map_id, created_at) VALUES (2929, 3356, 219, 182, 205, 1775839978);
INSERT INTO cave_place_to_raster_map_definitions (id, x_coordinate, y_coordinate, cave_place_id, raster_map_id, created_at) VALUES (2930, 4702, 3672, 187, 205, 1775839978);
INSERT INTO cave_place_to_raster_map_definitions (id, x_coordinate, y_coordinate, cave_place_id, raster_map_id, created_at) VALUES (2931, 5920, 3184, 173, 205, 1775839978);
INSERT INTO cave_place_to_raster_map_definitions (id, x_coordinate, y_coordinate, cave_place_id, raster_map_id, created_at) VALUES (2932, 3795, 5824, 168, 205, 1775839978);
INSERT INTO cave_place_to_raster_map_definitions (id, x_coordinate, y_coordinate, cave_place_id, raster_map_id, created_at) VALUES (2933, 936, 2361, 165, 205, 1775839978);
INSERT INTO cave_place_to_raster_map_definitions (id, x_coordinate, y_coordinate, cave_place_id, raster_map_id, created_at) VALUES (2934, 1562, 2705, 192, 205, 1775839978);
INSERT INTO cave_place_to_raster_map_definitions (id, x_coordinate, y_coordinate, cave_place_id, raster_map_id, created_at) VALUES (2935, 5671, 120, 186, 205, 1775839978);
INSERT INTO cave_place_to_raster_map_definitions (id, x_coordinate, y_coordinate, cave_place_id, raster_map_id, created_at) VALUES (2936, 3539, 520, 163, 205, 1775839978);
INSERT INTO cave_place_to_raster_map_definitions (id, x_coordinate, y_coordinate, cave_place_id, raster_map_id, created_at) VALUES (2937, 1205, 2554, 157, 205, 1775839978);
INSERT INTO cave_place_to_raster_map_definitions (id, x_coordinate, y_coordinate, cave_place_id, raster_map_id, created_at) VALUES (2938, 2942, 19, 178, 205, 1775839978);
INSERT INTO cave_place_to_raster_map_definitions (id, x_coordinate, y_coordinate, cave_place_id, raster_map_id, created_at) VALUES (2939, 5727, 190, 169, 205, 1775839978);
INSERT INTO cave_place_to_raster_map_definitions (id, x_coordinate, y_coordinate, cave_place_id, raster_map_id, created_at) VALUES (2940, 671, 5842, 164, 205, 1775839978);
INSERT INTO cave_place_to_raster_map_definitions (id, x_coordinate, y_coordinate, cave_place_id, raster_map_id, created_at) VALUES (2941, 3092, 5636, 194, 205, 1775839978);
INSERT INTO cave_place_to_raster_map_definitions (id, x_coordinate, y_coordinate, cave_place_id, raster_map_id, created_at) VALUES (2942, 1961, 4840, 188, 205, 1775839978);
INSERT INTO cave_place_to_raster_map_definitions (id, x_coordinate, y_coordinate, cave_place_id, raster_map_id, created_at) VALUES (2943, 535, 1669, 190, 205, 1775839978);
INSERT INTO cave_place_to_raster_map_definitions (id, x_coordinate, y_coordinate, cave_place_id, raster_map_id, created_at) VALUES (2944, 3259, 67, 160, 205, 1775839978);
INSERT INTO cave_place_to_raster_map_definitions (id, x_coordinate, y_coordinate, cave_place_id, raster_map_id, created_at) VALUES (2945, 4856, 1912, 159, 205, 1775839978);
INSERT INTO cave_place_to_raster_map_definitions (id, x_coordinate, y_coordinate, cave_place_id, raster_map_id, created_at) VALUES (2946, 3658, 586, 184, 205, 1775839978);
INSERT INTO cave_place_to_raster_map_definitions (id, x_coordinate, y_coordinate, cave_place_id, raster_map_id, created_at) VALUES (2947, 640, 4203, 189, 205, 1775839978);
INSERT INTO cave_place_to_raster_map_definitions (id, x_coordinate, y_coordinate, cave_place_id, raster_map_id, created_at) VALUES (2948, 1555, 4005, 177, 205, 1775839978);
INSERT INTO raster_maps (id, title, map_type, file_name, cave_id, cave_area_id, created_at) VALUES (206, 'Ponorul Nou_curatat.jpg [C4 #2]', 'plane view', 'cave_2/raster_1771183787617.jpg', 4, 9, 1775839978);
INSERT INTO cave_place_to_raster_map_definitions (id, x_coordinate, y_coordinate, cave_place_id, raster_map_id, created_at) VALUES (2949, 3988, 300, 156, 206, 1775839978);
INSERT INTO cave_place_to_raster_map_definitions (id, x_coordinate, y_coordinate, cave_place_id, raster_map_id, created_at) VALUES (2950, 5822, 4095, 187, 206, 1775839978);
INSERT INTO cave_place_to_raster_map_definitions (id, x_coordinate, y_coordinate, cave_place_id, raster_map_id, created_at) VALUES (2951, 5956, 5603, 162, 206, 1775839978);
INSERT INTO cave_place_to_raster_map_definitions (id, x_coordinate, y_coordinate, cave_place_id, raster_map_id, created_at) VALUES (2952, 990, 3812, 193, 206, 1775839978);
INSERT INTO cave_place_to_raster_map_definitions (id, x_coordinate, y_coordinate, cave_place_id, raster_map_id, created_at) VALUES (2953, 3867, 3263, 183, 206, 1775839978);
INSERT INTO cave_place_to_raster_map_definitions (id, x_coordinate, y_coordinate, cave_place_id, raster_map_id, created_at) VALUES (2954, 1974, 4437, 176, 206, 1775839978);
INSERT INTO cave_place_to_raster_map_definitions (id, x_coordinate, y_coordinate, cave_place_id, raster_map_id, created_at) VALUES (2955, 1761, 1247, 172, 206, 1775839978);
INSERT INTO cave_place_to_raster_map_definitions (id, x_coordinate, y_coordinate, cave_place_id, raster_map_id, created_at) VALUES (2956, 1344, 3573, 181, 206, 1775839978);
INSERT INTO cave_place_to_raster_map_definitions (id, x_coordinate, y_coordinate, cave_place_id, raster_map_id, created_at) VALUES (2957, 3071, 2841, 184, 206, 1775839978);
INSERT INTO cave_place_to_raster_map_definitions (id, x_coordinate, y_coordinate, cave_place_id, raster_map_id, created_at) VALUES (2958, 981, 5380, 194, 206, 1775839978);
INSERT INTO cave_place_to_raster_map_definitions (id, x_coordinate, y_coordinate, cave_place_id, raster_map_id, created_at) VALUES (2959, 3887, 3734, 169, 206, 1775839978);
INSERT INTO cave_place_to_raster_map_definitions (id, x_coordinate, y_coordinate, cave_place_id, raster_map_id, created_at) VALUES (2960, 835, 535, 177, 206, 1775839978);
INSERT INTO cave_place_to_raster_map_definitions (id, x_coordinate, y_coordinate, cave_place_id, raster_map_id, created_at) VALUES (2961, 3027, 4945, 174, 206, 1775839978);
INSERT INTO cave_place_to_raster_map_definitions (id, x_coordinate, y_coordinate, cave_place_id, raster_map_id, created_at) VALUES (2962, 496, 20, 186, 206, 1775839978);
INSERT INTO cave_place_to_raster_map_definitions (id, x_coordinate, y_coordinate, cave_place_id, raster_map_id, created_at) VALUES (2963, 439, 3770, 188, 206, 1775839978);
INSERT INTO cave_place_to_raster_map_definitions (id, x_coordinate, y_coordinate, cave_place_id, raster_map_id, created_at) VALUES (2964, 5385, 2835, 179, 206, 1775839978);
INSERT INTO raster_maps (id, title, map_type, file_name, cave_id, cave_area_id, created_at) VALUES (207, 'ps_20250107_explorari_plan_fundal_negru.jpg [C55 #2] [C4 #3]', 'plane view', 'cave_1/raster_1771183787549.jpg', 4, NULL, 1775839978);
INSERT INTO cave_place_to_raster_map_definitions (id, x_coordinate, y_coordinate, cave_place_id, raster_map_id, created_at) VALUES (2965, 3667, 4327, 191, 207, 1775839978);
INSERT INTO cave_place_to_raster_map_definitions (id, x_coordinate, y_coordinate, cave_place_id, raster_map_id, created_at) VALUES (2966, 2680, 2871, 189, 207, 1775839978);
INSERT INTO cave_place_to_raster_map_definitions (id, x_coordinate, y_coordinate, cave_place_id, raster_map_id, created_at) VALUES (2967, 383, 5625, 159, 207, 1775839978);
INSERT INTO cave_place_to_raster_map_definitions (id, x_coordinate, y_coordinate, cave_place_id, raster_map_id, created_at) VALUES (2968, 2332, 1951, 172, 207, 1775839978);
INSERT INTO cave_place_to_raster_map_definitions (id, x_coordinate, y_coordinate, cave_place_id, raster_map_id, created_at) VALUES (2969, 453, 3463, 166, 207, 1775839978);
INSERT INTO cave_place_to_raster_map_definitions (id, x_coordinate, y_coordinate, cave_place_id, raster_map_id, created_at) VALUES (2970, 5966, 5585, 182, 207, 1775839978);
INSERT INTO cave_place_to_raster_map_definitions (id, x_coordinate, y_coordinate, cave_place_id, raster_map_id, created_at) VALUES (2971, 3244, 3352, 170, 207, 1775839978);
INSERT INTO cave_place_to_raster_map_definitions (id, x_coordinate, y_coordinate, cave_place_id, raster_map_id, created_at) VALUES (2972, 2014, 1397, 158, 207, 1775839978);
INSERT INTO cave_place_to_raster_map_definitions (id, x_coordinate, y_coordinate, cave_place_id, raster_map_id, created_at) VALUES (2973, 3645, 3538, 175, 207, 1775839978);
INSERT INTO cave_place_to_raster_map_definitions (id, x_coordinate, y_coordinate, cave_place_id, raster_map_id, created_at) VALUES (2974, 469, 1560, 188, 207, 1775839978);
INSERT INTO cave_place_to_raster_map_definitions (id, x_coordinate, y_coordinate, cave_place_id, raster_map_id, created_at) VALUES (2975, 3085, 2245, 168, 207, 1775839978);
INSERT INTO cave_place_to_raster_map_definitions (id, x_coordinate, y_coordinate, cave_place_id, raster_map_id, created_at) VALUES (2976, 3168, 4425, 181, 207, 1775839978);
INSERT INTO cave_place_to_raster_map_definitions (id, x_coordinate, y_coordinate, cave_place_id, raster_map_id, created_at) VALUES (2977, 4116, 2752, 184, 207, 1775839978);
INSERT INTO cave_place_to_raster_map_definitions (id, x_coordinate, y_coordinate, cave_place_id, raster_map_id, created_at) VALUES (2978, 1393, 2772, 180, 207, 1775839978);
INSERT INTO cave_place_to_raster_map_definitions (id, x_coordinate, y_coordinate, cave_place_id, raster_map_id, created_at) VALUES (2979, 4987, 3469, 171, 207, 1775839978);
INSERT INTO raster_maps (id, title, map_type, file_name, cave_id, cave_area_id, created_at) VALUES (208, '1997 Harta P.Gaura cu Vajgau 2.jpg [C60 #2] [C4 #4]', 'plane view', 'cave_3/raster_1771183787629.jpg', 4, 13, 1775839978);
INSERT INTO cave_place_to_raster_map_definitions (id, x_coordinate, y_coordinate, cave_place_id, raster_map_id, created_at) VALUES (2980, 340, 4366, 187, 208, 1775839978);
INSERT INTO cave_place_to_raster_map_definitions (id, x_coordinate, y_coordinate, cave_place_id, raster_map_id, created_at) VALUES (2981, 2749, 2858, 186, 208, 1775839978);
INSERT INTO cave_place_to_raster_map_definitions (id, x_coordinate, y_coordinate, cave_place_id, raster_map_id, created_at) VALUES (2982, 3021, 3088, 175, 208, 1775839978);
INSERT INTO cave_place_to_raster_map_definitions (id, x_coordinate, y_coordinate, cave_place_id, raster_map_id, created_at) VALUES (2983, 3226, 4119, 181, 208, 1775839978);
INSERT INTO raster_maps (id, title, map_type, file_name, cave_id, cave_area_id, created_at) VALUES (209, '1997 Harta P.Gaura cu Vajgau 2.jpg [C43 #5] [C5 #1]', 'plane view', 'cave_3/raster_1771183787629.jpg', 5, NULL, 1775839978);
INSERT INTO cave_place_to_raster_map_definitions (id, x_coordinate, y_coordinate, cave_place_id, raster_map_id, created_at) VALUES (2984, 1499, 2151, 242, 209, 1775839978);
INSERT INTO cave_place_to_raster_map_definitions (id, x_coordinate, y_coordinate, cave_place_id, raster_map_id, created_at) VALUES (2985, 283, 3687, 253, 209, 1775839978);
INSERT INTO cave_place_to_raster_map_definitions (id, x_coordinate, y_coordinate, cave_place_id, raster_map_id, created_at) VALUES (2986, 5911, 4427, 221, 209, 1775839978);
INSERT INTO cave_place_to_raster_map_definitions (id, x_coordinate, y_coordinate, cave_place_id, raster_map_id, created_at) VALUES (2987, 4521, 5055, 255, 209, 1775839978);
INSERT INTO cave_place_to_raster_map_definitions (id, x_coordinate, y_coordinate, cave_place_id, raster_map_id, created_at) VALUES (2988, 1288, 5530, 230, 209, 1775839978);
INSERT INTO cave_place_to_raster_map_definitions (id, x_coordinate, y_coordinate, cave_place_id, raster_map_id, created_at) VALUES (2989, 2726, 3660, 216, 209, 1775839978);
INSERT INTO cave_place_to_raster_map_definitions (id, x_coordinate, y_coordinate, cave_place_id, raster_map_id, created_at) VALUES (2990, 4879, 3736, 252, 209, 1775839978);
INSERT INTO cave_place_to_raster_map_definitions (id, x_coordinate, y_coordinate, cave_place_id, raster_map_id, created_at) VALUES (2991, 5885, 4508, 244, 209, 1775839978);
INSERT INTO cave_place_to_raster_map_definitions (id, x_coordinate, y_coordinate, cave_place_id, raster_map_id, created_at) VALUES (2992, 2014, 3145, 201, 209, 1775839978);
INSERT INTO cave_place_to_raster_map_definitions (id, x_coordinate, y_coordinate, cave_place_id, raster_map_id, created_at) VALUES (2993, 1425, 4887, 215, 209, 1775839978);
INSERT INTO cave_place_to_raster_map_definitions (id, x_coordinate, y_coordinate, cave_place_id, raster_map_id, created_at) VALUES (2994, 2853, 5422, 246, 209, 1775839978);
INSERT INTO raster_maps (id, title, map_type, file_name, cave_id, cave_area_id, created_at) VALUES (210, 'cerna_ps_pn_pdp_plan_en_articol.jpg [C45 #3] [C5 #2]', 'plane view', 'cave_1/raster_1771183787584.jpg', 5, NULL, 1775839978);
INSERT INTO cave_place_to_raster_map_definitions (id, x_coordinate, y_coordinate, cave_place_id, raster_map_id, created_at) VALUES (2995, 4309, 5469, 217, 210, 1775839978);
INSERT INTO cave_place_to_raster_map_definitions (id, x_coordinate, y_coordinate, cave_place_id, raster_map_id, created_at) VALUES (2996, 2234, 5159, 255, 210, 1775839978);
INSERT INTO cave_place_to_raster_map_definitions (id, x_coordinate, y_coordinate, cave_place_id, raster_map_id, created_at) VALUES (2997, 1338, 1019, 232, 210, 1775839978);
INSERT INTO cave_place_to_raster_map_definitions (id, x_coordinate, y_coordinate, cave_place_id, raster_map_id, created_at) VALUES (2998, 3545, 1525, 223, 210, 1775839978);
INSERT INTO cave_place_to_raster_map_definitions (id, x_coordinate, y_coordinate, cave_place_id, raster_map_id, created_at) VALUES (2999, 4032, 5095, 244, 210, 1775839978);
INSERT INTO cave_place_to_raster_map_definitions (id, x_coordinate, y_coordinate, cave_place_id, raster_map_id, created_at) VALUES (3000, 329, 5685, 253, 210, 1775839978);
INSERT INTO cave_place_to_raster_map_definitions (id, x_coordinate, y_coordinate, cave_place_id, raster_map_id, created_at) VALUES (3001, 3690, 4826, 242, 210, 1775839978);
INSERT INTO cave_place_to_raster_map_definitions (id, x_coordinate, y_coordinate, cave_place_id, raster_map_id, created_at) VALUES (3002, 3943, 3286, 211, 210, 1775839978);
INSERT INTO cave_place_to_raster_map_definitions (id, x_coordinate, y_coordinate, cave_place_id, raster_map_id, created_at) VALUES (3003, 1977, 4485, 210, 210, 1775839978);
INSERT INTO cave_place_to_raster_map_definitions (id, x_coordinate, y_coordinate, cave_place_id, raster_map_id, created_at) VALUES (3004, 2293, 2359, 233, 210, 1775839978);
INSERT INTO cave_place_to_raster_map_definitions (id, x_coordinate, y_coordinate, cave_place_id, raster_map_id, created_at) VALUES (3005, 362, 2430, 245, 210, 1775839978);
INSERT INTO cave_place_to_raster_map_definitions (id, x_coordinate, y_coordinate, cave_place_id, raster_map_id, created_at) VALUES (3006, 2640, 3852, 201, 210, 1775839978);
INSERT INTO cave_place_to_raster_map_definitions (id, x_coordinate, y_coordinate, cave_place_id, raster_map_id, created_at) VALUES (3007, 4480, 4876, 219, 210, 1775839978);
INSERT INTO cave_place_to_raster_map_definitions (id, x_coordinate, y_coordinate, cave_place_id, raster_map_id, created_at) VALUES (3008, 4206, 171, 205, 210, 1775839978);
INSERT INTO cave_place_to_raster_map_definitions (id, x_coordinate, y_coordinate, cave_place_id, raster_map_id, created_at) VALUES (3009, 379, 2960, 203, 210, 1775839978);
INSERT INTO cave_place_to_raster_map_definitions (id, x_coordinate, y_coordinate, cave_place_id, raster_map_id, created_at) VALUES (3010, 1411, 646, 250, 210, 1775839978);
INSERT INTO cave_place_to_raster_map_definitions (id, x_coordinate, y_coordinate, cave_place_id, raster_map_id, created_at) VALUES (3011, 2477, 2487, 252, 210, 1775839978);
INSERT INTO cave_place_to_raster_map_definitions (id, x_coordinate, y_coordinate, cave_place_id, raster_map_id, created_at) VALUES (3012, 5499, 4183, 240, 210, 1775839978);
INSERT INTO cave_place_to_raster_map_definitions (id, x_coordinate, y_coordinate, cave_place_id, raster_map_id, created_at) VALUES (3013, 5677, 4798, 220, 210, 1775839978);
INSERT INTO cave_place_to_raster_map_definitions (id, x_coordinate, y_coordinate, cave_place_id, raster_map_id, created_at) VALUES (3014, 3329, 5057, 224, 210, 1775839978);
INSERT INTO raster_maps (id, title, map_type, file_name, cave_id, cave_area_id, created_at) VALUES (211, 'Ponorul Nou - zona intrare_nordata.jpg [C45 #4] [C5 #3]', 'plane view', 'cave_2/raster_1771183787610.jpg', 5, 23, 1775839978);
INSERT INTO cave_place_to_raster_map_definitions (id, x_coordinate, y_coordinate, cave_place_id, raster_map_id, created_at) VALUES (3015, 3435, 1894, 247, 211, 1775839978);
INSERT INTO cave_place_to_raster_map_definitions (id, x_coordinate, y_coordinate, cave_place_id, raster_map_id, created_at) VALUES (3016, 1606, 1294, 248, 211, 1775839978);
INSERT INTO cave_place_to_raster_map_definitions (id, x_coordinate, y_coordinate, cave_place_id, raster_map_id, created_at) VALUES (3017, 3617, 1358, 235, 211, 1775839978);
INSERT INTO cave_place_to_raster_map_definitions (id, x_coordinate, y_coordinate, cave_place_id, raster_map_id, created_at) VALUES (3018, 662, 3892, 208, 211, 1775839978);
INSERT INTO cave_place_to_raster_map_definitions (id, x_coordinate, y_coordinate, cave_place_id, raster_map_id, created_at) VALUES (3019, 1625, 1363, 245, 211, 1775839978);
INSERT INTO cave_place_to_raster_map_definitions (id, x_coordinate, y_coordinate, cave_place_id, raster_map_id, created_at) VALUES (3020, 1544, 1135, 216, 211, 1775839978);
INSERT INTO cave_place_to_raster_map_definitions (id, x_coordinate, y_coordinate, cave_place_id, raster_map_id, created_at) VALUES (3021, 5161, 3420, 198, 211, 1775839978);
INSERT INTO cave_place_to_raster_map_definitions (id, x_coordinate, y_coordinate, cave_place_id, raster_map_id, created_at) VALUES (3022, 2712, 3124, 220, 211, 1775839978);
INSERT INTO cave_place_to_raster_map_definitions (id, x_coordinate, y_coordinate, cave_place_id, raster_map_id, created_at) VALUES (3023, 1686, 4845, 237, 211, 1775839978);
INSERT INTO cave_place_to_raster_map_definitions (id, x_coordinate, y_coordinate, cave_place_id, raster_map_id, created_at) VALUES (3024, 1597, 5928, 218, 211, 1775839978);
INSERT INTO cave_place_to_raster_map_definitions (id, x_coordinate, y_coordinate, cave_place_id, raster_map_id, created_at) VALUES (3025, 5372, 1255, 251, 211, 1775839978);
INSERT INTO cave_place_to_raster_map_definitions (id, x_coordinate, y_coordinate, cave_place_id, raster_map_id, created_at) VALUES (3026, 2668, 3986, 226, 211, 1775839978);
INSERT INTO cave_place_to_raster_map_definitions (id, x_coordinate, y_coordinate, cave_place_id, raster_map_id, created_at) VALUES (3027, 3405, 1858, 205, 211, 1775839978);
INSERT INTO cave_place_to_raster_map_definitions (id, x_coordinate, y_coordinate, cave_place_id, raster_map_id, created_at) VALUES (3028, 4029, 3318, 211, 211, 1775839978);
INSERT INTO cave_place_to_raster_map_definitions (id, x_coordinate, y_coordinate, cave_place_id, raster_map_id, created_at) VALUES (3029, 2652, 2879, 221, 211, 1775839978);
INSERT INTO cave_place_to_raster_map_definitions (id, x_coordinate, y_coordinate, cave_place_id, raster_map_id, created_at) VALUES (3030, 2632, 4747, 236, 211, 1775839978);
INSERT INTO raster_maps (id, title, map_type, file_name, cave_id, cave_area_id, created_at) VALUES (212, 'ps_plan_1_distanta_avenul_din_drum.jpg [C58 #2] [C5 #4]', 'plane view', 'cave_1/raster_1771183787566.jpg', 5, NULL, 1775839978);
INSERT INTO cave_place_to_raster_map_definitions (id, x_coordinate, y_coordinate, cave_place_id, raster_map_id, created_at) VALUES (3031, 3262, 4333, 241, 212, 1775839978);
INSERT INTO cave_place_to_raster_map_definitions (id, x_coordinate, y_coordinate, cave_place_id, raster_map_id, created_at) VALUES (3032, 5716, 4347, 239, 212, 1775839978);
INSERT INTO raster_maps (id, title, map_type, file_name, cave_id, cave_area_id, created_at) VALUES (213, 'Ponorul Nou - zona intrare.jpg [C1 #3] [C5 #5]', 'plane view', 'cave_2/raster_1771183787599.jpg', 5, NULL, 1775839978);
INSERT INTO cave_place_to_raster_map_definitions (id, x_coordinate, y_coordinate, cave_place_id, raster_map_id, created_at) VALUES (3033, 1272, 2690, 239, 213, 1775839978);
INSERT INTO cave_place_to_raster_map_definitions (id, x_coordinate, y_coordinate, cave_place_id, raster_map_id, created_at) VALUES (3034, 647, 294, 221, 213, 1775839978);
INSERT INTO cave_place_to_raster_map_definitions (id, x_coordinate, y_coordinate, cave_place_id, raster_map_id, created_at) VALUES (3035, 3556, 2258, 255, 213, 1775839978);
INSERT INTO cave_place_to_raster_map_definitions (id, x_coordinate, y_coordinate, cave_place_id, raster_map_id, created_at) VALUES (3036, 2806, 279, 245, 213, 1775839978);
INSERT INTO cave_place_to_raster_map_definitions (id, x_coordinate, y_coordinate, cave_place_id, raster_map_id, created_at) VALUES (3037, 1170, 3088, 238, 213, 1775839978);
INSERT INTO cave_place_to_raster_map_definitions (id, x_coordinate, y_coordinate, cave_place_id, raster_map_id, created_at) VALUES (3038, 4173, 1181, 237, 213, 1775839978);
INSERT INTO cave_place_to_raster_map_definitions (id, x_coordinate, y_coordinate, cave_place_id, raster_map_id, created_at) VALUES (3039, 1749, 4383, 205, 213, 1775839978);
INSERT INTO cave_place_to_raster_map_definitions (id, x_coordinate, y_coordinate, cave_place_id, raster_map_id, created_at) VALUES (3040, 4475, 4098, 223, 213, 1775839978);
INSERT INTO cave_place_to_raster_map_definitions (id, x_coordinate, y_coordinate, cave_place_id, raster_map_id, created_at) VALUES (3041, 2182, 5276, 201, 213, 1775839978);
INSERT INTO cave_place_to_raster_map_definitions (id, x_coordinate, y_coordinate, cave_place_id, raster_map_id, created_at) VALUES (3042, 453, 4693, 216, 213, 1775839978);
INSERT INTO cave_place_to_raster_map_definitions (id, x_coordinate, y_coordinate, cave_place_id, raster_map_id, created_at) VALUES (3043, 813, 212, 235, 213, 1775839978);
INSERT INTO raster_maps (id, title, map_type, file_name, cave_id, cave_area_id, created_at) VALUES (214, 'Ponorul Nou_curatat.jpg [C49 #3] [C6 #1]', 'plane view', 'cave_2/raster_1771183787617.jpg', 6, 26, 1775839978);
INSERT INTO cave_place_to_raster_map_definitions (id, x_coordinate, y_coordinate, cave_place_id, raster_map_id, created_at) VALUES (3044, 5323, 296, 110, 214, 1775839978);
INSERT INTO cave_place_to_raster_map_definitions (id, x_coordinate, y_coordinate, cave_place_id, raster_map_id, created_at) VALUES (3045, 511, 2740, 130, 214, 1775839978);
INSERT INTO cave_place_to_raster_map_definitions (id, x_coordinate, y_coordinate, cave_place_id, raster_map_id, created_at) VALUES (3046, 2352, 5982, 145, 214, 1775839978);
INSERT INTO cave_place_to_raster_map_definitions (id, x_coordinate, y_coordinate, cave_place_id, raster_map_id, created_at) VALUES (3047, 4543, 881, 140, 214, 1775839978);
INSERT INTO cave_place_to_raster_map_definitions (id, x_coordinate, y_coordinate, cave_place_id, raster_map_id, created_at) VALUES (3048, 783, 4293, 154, 214, 1775839978);
INSERT INTO cave_place_to_raster_map_definitions (id, x_coordinate, y_coordinate, cave_place_id, raster_map_id, created_at) VALUES (3049, 3924, 2627, 151, 214, 1775839978);
INSERT INTO cave_place_to_raster_map_definitions (id, x_coordinate, y_coordinate, cave_place_id, raster_map_id, created_at) VALUES (3050, 4957, 4012, 142, 214, 1775839978);
INSERT INTO cave_place_to_raster_map_definitions (id, x_coordinate, y_coordinate, cave_place_id, raster_map_id, created_at) VALUES (3051, 1940, 4177, 101, 214, 1775839978);
INSERT INTO cave_place_to_raster_map_definitions (id, x_coordinate, y_coordinate, cave_place_id, raster_map_id, created_at) VALUES (3052, 5200, 5708, 114, 214, 1775839978);
INSERT INTO cave_place_to_raster_map_definitions (id, x_coordinate, y_coordinate, cave_place_id, raster_map_id, created_at) VALUES (3053, 3477, 2981, 120, 214, 1775839978);
INSERT INTO cave_place_to_raster_map_definitions (id, x_coordinate, y_coordinate, cave_place_id, raster_map_id, created_at) VALUES (3054, 5084, 2174, 134, 214, 1775839978);
INSERT INTO cave_place_to_raster_map_definitions (id, x_coordinate, y_coordinate, cave_place_id, raster_map_id, created_at) VALUES (3055, 2180, 601, 147, 214, 1775839978);
INSERT INTO cave_place_to_raster_map_definitions (id, x_coordinate, y_coordinate, cave_place_id, raster_map_id, created_at) VALUES (3056, 72, 1547, 106, 214, 1775839978);
INSERT INTO cave_place_to_raster_map_definitions (id, x_coordinate, y_coordinate, cave_place_id, raster_map_id, created_at) VALUES (3057, 322, 4172, 100, 214, 1775839978);
INSERT INTO cave_place_to_raster_map_definitions (id, x_coordinate, y_coordinate, cave_place_id, raster_map_id, created_at) VALUES (3058, 1303, 3015, 139, 214, 1775839978);
INSERT INTO cave_place_to_raster_map_definitions (id, x_coordinate, y_coordinate, cave_place_id, raster_map_id, created_at) VALUES (3059, 255, 5451, 102, 214, 1775839978);
INSERT INTO cave_place_to_raster_map_definitions (id, x_coordinate, y_coordinate, cave_place_id, raster_map_id, created_at) VALUES (3060, 181, 5826, 133, 214, 1775839978);
INSERT INTO cave_place_to_raster_map_definitions (id, x_coordinate, y_coordinate, cave_place_id, raster_map_id, created_at) VALUES (3061, 2438, 2969, 150, 214, 1775839978);
INSERT INTO cave_place_to_raster_map_definitions (id, x_coordinate, y_coordinate, cave_place_id, raster_map_id, created_at) VALUES (3062, 5396, 930, 108, 214, 1775839978);
INSERT INTO cave_place_to_raster_map_definitions (id, x_coordinate, y_coordinate, cave_place_id, raster_map_id, created_at) VALUES (3063, 2878, 2974, 98, 214, 1775839978);
INSERT INTO cave_place_to_raster_map_definitions (id, x_coordinate, y_coordinate, cave_place_id, raster_map_id, created_at) VALUES (3064, 1243, 633, 144, 214, 1775839978);
INSERT INTO cave_place_to_raster_map_definitions (id, x_coordinate, y_coordinate, cave_place_id, raster_map_id, created_at) VALUES (3065, 5905, 1669, 148, 214, 1775839978);
INSERT INTO cave_place_to_raster_map_definitions (id, x_coordinate, y_coordinate, cave_place_id, raster_map_id, created_at) VALUES (3066, 5692, 5594, 152, 214, 1775839978);
INSERT INTO cave_place_to_raster_map_definitions (id, x_coordinate, y_coordinate, cave_place_id, raster_map_id, created_at) VALUES (3067, 2178, 900, 153, 214, 1775839978);
INSERT INTO cave_place_to_raster_map_definitions (id, x_coordinate, y_coordinate, cave_place_id, raster_map_id, created_at) VALUES (3068, 442, 3611, 135, 214, 1775839978);
INSERT INTO cave_place_to_raster_map_definitions (id, x_coordinate, y_coordinate, cave_place_id, raster_map_id, created_at) VALUES (3069, 4180, 4571, 103, 214, 1775839978);
INSERT INTO cave_place_to_raster_map_definitions (id, x_coordinate, y_coordinate, cave_place_id, raster_map_id, created_at) VALUES (3070, 4723, 105, 112, 214, 1775839978);
INSERT INTO cave_place_to_raster_map_definitions (id, x_coordinate, y_coordinate, cave_place_id, raster_map_id, created_at) VALUES (3071, 3419, 4341, 124, 214, 1775839978);
INSERT INTO raster_maps (id, title, map_type, file_name, cave_id, cave_area_id, created_at) VALUES (215, 'Ponorul Nou - zona intrare_nordata.jpg [C30 #5] [C6 #2]', 'plane view', 'cave_2/raster_1771183787610.jpg', 6, 25, 1775839978);
INSERT INTO cave_place_to_raster_map_definitions (id, x_coordinate, y_coordinate, cave_place_id, raster_map_id, created_at) VALUES (3072, 2473, 2966, 102, 215, 1775839978);
INSERT INTO cave_place_to_raster_map_definitions (id, x_coordinate, y_coordinate, cave_place_id, raster_map_id, created_at) VALUES (3073, 496, 4397, 151, 215, 1775839978);
INSERT INTO cave_place_to_raster_map_definitions (id, x_coordinate, y_coordinate, cave_place_id, raster_map_id, created_at) VALUES (3074, 4271, 2589, 103, 215, 1775839978);
INSERT INTO cave_place_to_raster_map_definitions (id, x_coordinate, y_coordinate, cave_place_id, raster_map_id, created_at) VALUES (3075, 4748, 1289, 98, 215, 1775839978);
INSERT INTO cave_place_to_raster_map_definitions (id, x_coordinate, y_coordinate, cave_place_id, raster_map_id, created_at) VALUES (3076, 2366, 3720, 99, 215, 1775839978);
INSERT INTO cave_place_to_raster_map_definitions (id, x_coordinate, y_coordinate, cave_place_id, raster_map_id, created_at) VALUES (3077, 1549, 1293, 147, 215, 1775839978);
INSERT INTO cave_place_to_raster_map_definitions (id, x_coordinate, y_coordinate, cave_place_id, raster_map_id, created_at) VALUES (3078, 790, 3315, 142, 215, 1775839978);
INSERT INTO cave_place_to_raster_map_definitions (id, x_coordinate, y_coordinate, cave_place_id, raster_map_id, created_at) VALUES (3079, 4495, 4373, 136, 215, 1775839978);
INSERT INTO cave_place_to_raster_map_definitions (id, x_coordinate, y_coordinate, cave_place_id, raster_map_id, created_at) VALUES (3080, 1630, 1120, 145, 215, 1775839978);
INSERT INTO cave_place_to_raster_map_definitions (id, x_coordinate, y_coordinate, cave_place_id, raster_map_id, created_at) VALUES (3081, 1160, 313, 131, 215, 1775839978);
INSERT INTO cave_place_to_raster_map_definitions (id, x_coordinate, y_coordinate, cave_place_id, raster_map_id, created_at) VALUES (3082, 4155, 5114, 133, 215, 1775839978);
INSERT INTO cave_place_to_raster_map_definitions (id, x_coordinate, y_coordinate, cave_place_id, raster_map_id, created_at) VALUES (3083, 117, 4500, 107, 215, 1775839978);
INSERT INTO cave_place_to_raster_map_definitions (id, x_coordinate, y_coordinate, cave_place_id, raster_map_id, created_at) VALUES (3084, 2683, 1024, 100, 215, 1775839978);
INSERT INTO raster_maps (id, title, map_type, file_name, cave_id, cave_area_id, created_at) VALUES (216, 'ps_plan_1_distanta_avenul_din_drum.jpg [C6 #3]', 'plane view', 'cave_1/raster_1771183787566.jpg', 6, NULL, 1775839978);
INSERT INTO cave_place_to_raster_map_definitions (id, x_coordinate, y_coordinate, cave_place_id, raster_map_id, created_at) VALUES (3085, 2866, 4941, 130, 216, 1775839978);
INSERT INTO cave_place_to_raster_map_definitions (id, x_coordinate, y_coordinate, cave_place_id, raster_map_id, created_at) VALUES (3086, 4930, 1141, 142, 216, 1775839978);
INSERT INTO cave_place_to_raster_map_definitions (id, x_coordinate, y_coordinate, cave_place_id, raster_map_id, created_at) VALUES (3087, 3867, 1993, 96, 216, 1775839978);
INSERT INTO cave_place_to_raster_map_definitions (id, x_coordinate, y_coordinate, cave_place_id, raster_map_id, created_at) VALUES (3088, 3507, 5117, 104, 216, 1775839978);
INSERT INTO cave_place_to_raster_map_definitions (id, x_coordinate, y_coordinate, cave_place_id, raster_map_id, created_at) VALUES (3089, 4123, 4266, 121, 216, 1775839978);
INSERT INTO cave_place_to_raster_map_definitions (id, x_coordinate, y_coordinate, cave_place_id, raster_map_id, created_at) VALUES (3090, 2159, 5631, 139, 216, 1775839978);
INSERT INTO cave_place_to_raster_map_definitions (id, x_coordinate, y_coordinate, cave_place_id, raster_map_id, created_at) VALUES (3091, 3049, 920, 138, 216, 1775839978);
INSERT INTO cave_place_to_raster_map_definitions (id, x_coordinate, y_coordinate, cave_place_id, raster_map_id, created_at) VALUES (3092, 5843, 1882, 123, 216, 1775839978);
INSERT INTO cave_place_to_raster_map_definitions (id, x_coordinate, y_coordinate, cave_place_id, raster_map_id, created_at) VALUES (3093, 4193, 3546, 106, 216, 1775839978);
INSERT INTO cave_place_to_raster_map_definitions (id, x_coordinate, y_coordinate, cave_place_id, raster_map_id, created_at) VALUES (3094, 3910, 5462, 102, 216, 1775839978);
INSERT INTO cave_place_to_raster_map_definitions (id, x_coordinate, y_coordinate, cave_place_id, raster_map_id, created_at) VALUES (3095, 1538, 4477, 122, 216, 1775839978);
INSERT INTO cave_place_to_raster_map_definitions (id, x_coordinate, y_coordinate, cave_place_id, raster_map_id, created_at) VALUES (3096, 3025, 4027, 146, 216, 1775839978);
INSERT INTO cave_place_to_raster_map_definitions (id, x_coordinate, y_coordinate, cave_place_id, raster_map_id, created_at) VALUES (3097, 2167, 3851, 112, 216, 1775839978);
INSERT INTO cave_place_to_raster_map_definitions (id, x_coordinate, y_coordinate, cave_place_id, raster_map_id, created_at) VALUES (3098, 5523, 5556, 105, 216, 1775839978);
INSERT INTO cave_place_to_raster_map_definitions (id, x_coordinate, y_coordinate, cave_place_id, raster_map_id, created_at) VALUES (3099, 2478, 4882, 128, 216, 1775839978);
INSERT INTO cave_place_to_raster_map_definitions (id, x_coordinate, y_coordinate, cave_place_id, raster_map_id, created_at) VALUES (3100, 550, 3856, 126, 216, 1775839978);
INSERT INTO cave_place_to_raster_map_definitions (id, x_coordinate, y_coordinate, cave_place_id, raster_map_id, created_at) VALUES (3101, 4745, 4616, 113, 216, 1775839978);
INSERT INTO cave_place_to_raster_map_definitions (id, x_coordinate, y_coordinate, cave_place_id, raster_map_id, created_at) VALUES (3102, 3860, 2553, 153, 216, 1775839978);
INSERT INTO raster_maps (id, title, map_type, file_name, cave_id, cave_area_id, created_at) VALUES (217, '1997 Harta P.Gaura cu Vajgau 2.jpg [C18 #5] [C6 #4]', 'plane view', 'cave_3/raster_1771183787629.jpg', 6, NULL, 1775839978);
INSERT INTO cave_place_to_raster_map_definitions (id, x_coordinate, y_coordinate, cave_place_id, raster_map_id, created_at) VALUES (3103, 4382, 4709, 105, 217, 1775839978);
INSERT INTO cave_place_to_raster_map_definitions (id, x_coordinate, y_coordinate, cave_place_id, raster_map_id, created_at) VALUES (3104, 3977, 1713, 148, 217, 1775839978);
INSERT INTO cave_place_to_raster_map_definitions (id, x_coordinate, y_coordinate, cave_place_id, raster_map_id, created_at) VALUES (3105, 931, 5176, 133, 217, 1775839978);
INSERT INTO cave_place_to_raster_map_definitions (id, x_coordinate, y_coordinate, cave_place_id, raster_map_id, created_at) VALUES (3106, 1961, 4715, 102, 217, 1775839978);
INSERT INTO cave_place_to_raster_map_definitions (id, x_coordinate, y_coordinate, cave_place_id, raster_map_id, created_at) VALUES (3107, 3019, 595, 151, 217, 1775839978);
INSERT INTO cave_place_to_raster_map_definitions (id, x_coordinate, y_coordinate, cave_place_id, raster_map_id, created_at) VALUES (3108, 5185, 572, 111, 217, 1775839978);
INSERT INTO cave_place_to_raster_map_definitions (id, x_coordinate, y_coordinate, cave_place_id, raster_map_id, created_at) VALUES (3109, 5413, 4868, 128, 217, 1775839978);
INSERT INTO cave_place_to_raster_map_definitions (id, x_coordinate, y_coordinate, cave_place_id, raster_map_id, created_at) VALUES (3110, 1155, 3861, 122, 217, 1775839978);
INSERT INTO cave_place_to_raster_map_definitions (id, x_coordinate, y_coordinate, cave_place_id, raster_map_id, created_at) VALUES (3111, 1076, 5825, 119, 217, 1775839978);
INSERT INTO cave_place_to_raster_map_definitions (id, x_coordinate, y_coordinate, cave_place_id, raster_map_id, created_at) VALUES (3112, 4238, 5189, 96, 217, 1775839978);
INSERT INTO cave_place_to_raster_map_definitions (id, x_coordinate, y_coordinate, cave_place_id, raster_map_id, created_at) VALUES (3113, 5832, 3469, 135, 217, 1775839978);
INSERT INTO cave_place_to_raster_map_definitions (id, x_coordinate, y_coordinate, cave_place_id, raster_map_id, created_at) VALUES (3114, 892, 2062, 139, 217, 1775839978);
INSERT INTO cave_place_to_raster_map_definitions (id, x_coordinate, y_coordinate, cave_place_id, raster_map_id, created_at) VALUES (3115, 5273, 204, 109, 217, 1775839978);
INSERT INTO cave_place_to_raster_map_definitions (id, x_coordinate, y_coordinate, cave_place_id, raster_map_id, created_at) VALUES (3116, 1439, 2910, 110, 217, 1775839978);
INSERT INTO cave_place_to_raster_map_definitions (id, x_coordinate, y_coordinate, cave_place_id, raster_map_id, created_at) VALUES (3117, 5460, 3233, 145, 217, 1775839978);
INSERT INTO cave_place_to_raster_map_definitions (id, x_coordinate, y_coordinate, cave_place_id, raster_map_id, created_at) VALUES (3118, 2026, 2035, 123, 217, 1775839978);
INSERT INTO cave_place_to_raster_map_definitions (id, x_coordinate, y_coordinate, cave_place_id, raster_map_id, created_at) VALUES (3119, 1464, 32, 115, 217, 1775839978);
INSERT INTO cave_place_to_raster_map_definitions (id, x_coordinate, y_coordinate, cave_place_id, raster_map_id, created_at) VALUES (3120, 4251, 3205, 141, 217, 1775839978);
INSERT INTO cave_place_to_raster_map_definitions (id, x_coordinate, y_coordinate, cave_place_id, raster_map_id, created_at) VALUES (3121, 1352, 3755, 150, 217, 1775839978);
INSERT INTO cave_place_to_raster_map_definitions (id, x_coordinate, y_coordinate, cave_place_id, raster_map_id, created_at) VALUES (3122, 2270, 1571, 114, 217, 1775839978);
INSERT INTO cave_place_to_raster_map_definitions (id, x_coordinate, y_coordinate, cave_place_id, raster_map_id, created_at) VALUES (3123, 289, 54, 140, 217, 1775839978);
INSERT INTO cave_place_to_raster_map_definitions (id, x_coordinate, y_coordinate, cave_place_id, raster_map_id, created_at) VALUES (3124, 2621, 1072, 98, 217, 1775839978);
INSERT INTO cave_place_to_raster_map_definitions (id, x_coordinate, y_coordinate, cave_place_id, raster_map_id, created_at) VALUES (3125, 4155, 3232, 101, 217, 1775839978);
INSERT INTO raster_maps (id, title, map_type, file_name, cave_id, cave_area_id, created_at) VALUES (218, 'ps_plan_1_distanta_avenul_din_drum.jpg [C55 #1] [C6 #5]', 'plane view', 'cave_1/raster_1771183787566.jpg', 6, 26, 1775839978);
INSERT INTO cave_place_to_raster_map_definitions (id, x_coordinate, y_coordinate, cave_place_id, raster_map_id, created_at) VALUES (3126, 3046, 3227, 142, 218, 1775839978);
INSERT INTO cave_place_to_raster_map_definitions (id, x_coordinate, y_coordinate, cave_place_id, raster_map_id, created_at) VALUES (3127, 5525, 4947, 148, 218, 1775839978);
INSERT INTO cave_place_to_raster_map_definitions (id, x_coordinate, y_coordinate, cave_place_id, raster_map_id, created_at) VALUES (3128, 4417, 3993, 126, 218, 1775839978);
INSERT INTO cave_place_to_raster_map_definitions (id, x_coordinate, y_coordinate, cave_place_id, raster_map_id, created_at) VALUES (3129, 1175, 1638, 135, 218, 1775839978);
INSERT INTO cave_place_to_raster_map_definitions (id, x_coordinate, y_coordinate, cave_place_id, raster_map_id, created_at) VALUES (3130, 811, 1746, 115, 218, 1775839978);
INSERT INTO cave_place_to_raster_map_definitions (id, x_coordinate, y_coordinate, cave_place_id, raster_map_id, created_at) VALUES (3131, 3145, 3001, 104, 218, 1775839978);
INSERT INTO cave_place_to_raster_map_definitions (id, x_coordinate, y_coordinate, cave_place_id, raster_map_id, created_at) VALUES (3132, 5227, 5434, 145, 218, 1775839978);
INSERT INTO cave_place_to_raster_map_definitions (id, x_coordinate, y_coordinate, cave_place_id, raster_map_id, created_at) VALUES (3133, 4600, 2566, 105, 218, 1775839978);
INSERT INTO cave_place_to_raster_map_definitions (id, x_coordinate, y_coordinate, cave_place_id, raster_map_id, created_at) VALUES (3134, 2941, 3294, 128, 218, 1775839978);
INSERT INTO cave_place_to_raster_map_definitions (id, x_coordinate, y_coordinate, cave_place_id, raster_map_id, created_at) VALUES (3135, 945, 4172, 106, 218, 1775839978);
INSERT INTO cave_place_to_raster_map_definitions (id, x_coordinate, y_coordinate, cave_place_id, raster_map_id, created_at) VALUES (3136, 5326, 1985, 102, 218, 1775839978);
INSERT INTO raster_maps (id, title, map_type, file_name, cave_id, cave_area_id, created_at) VALUES (219, 'Ponorul Nou - zona intrare_nordata.jpg [C43 #3] [C7 #1]', 'plane view', 'cave_2/raster_1771183787610.jpg', 7, 27, 1775839978);
INSERT INTO cave_place_to_raster_map_definitions (id, x_coordinate, y_coordinate, cave_place_id, raster_map_id, created_at) VALUES (3137, 2267, 3370, 293, 219, 1775839978);
INSERT INTO cave_place_to_raster_map_definitions (id, x_coordinate, y_coordinate, cave_place_id, raster_map_id, created_at) VALUES (3138, 3057, 5857, 301, 219, 1775839978);
INSERT INTO cave_place_to_raster_map_definitions (id, x_coordinate, y_coordinate, cave_place_id, raster_map_id, created_at) VALUES (3139, 3525, 4113, 306, 219, 1775839978);
INSERT INTO cave_place_to_raster_map_definitions (id, x_coordinate, y_coordinate, cave_place_id, raster_map_id, created_at) VALUES (3140, 906, 4468, 329, 219, 1775839978);
INSERT INTO cave_place_to_raster_map_definitions (id, x_coordinate, y_coordinate, cave_place_id, raster_map_id, created_at) VALUES (3141, 2740, 4503, 268, 219, 1775839978);
INSERT INTO cave_place_to_raster_map_definitions (id, x_coordinate, y_coordinate, cave_place_id, raster_map_id, created_at) VALUES (3142, 5365, 769, 258, 219, 1775839978);
INSERT INTO cave_place_to_raster_map_definitions (id, x_coordinate, y_coordinate, cave_place_id, raster_map_id, created_at) VALUES (3143, 2295, 5908, 294, 219, 1775839978);
INSERT INTO cave_place_to_raster_map_definitions (id, x_coordinate, y_coordinate, cave_place_id, raster_map_id, created_at) VALUES (3144, 2286, 307, 266, 219, 1775839978);
INSERT INTO raster_maps (id, title, map_type, file_name, cave_id, cave_area_id, created_at) VALUES (220, 'ps_20250107_explorari_plan_fundal_negru.jpg [C32 #1] [C7 #2]', 'plane view', 'cave_1/raster_1771183787549.jpg', 7, 27, 1775839978);
INSERT INTO cave_place_to_raster_map_definitions (id, x_coordinate, y_coordinate, cave_place_id, raster_map_id, created_at) VALUES (3145, 951, 5818, 269, 220, 1775839978);
INSERT INTO cave_place_to_raster_map_definitions (id, x_coordinate, y_coordinate, cave_place_id, raster_map_id, created_at) VALUES (3146, 949, 332, 272, 220, 1775839978);
INSERT INTO cave_place_to_raster_map_definitions (id, x_coordinate, y_coordinate, cave_place_id, raster_map_id, created_at) VALUES (3147, 5350, 1206, 283, 220, 1775839978);
INSERT INTO cave_place_to_raster_map_definitions (id, x_coordinate, y_coordinate, cave_place_id, raster_map_id, created_at) VALUES (3148, 5507, 3329, 315, 220, 1775839978);
INSERT INTO cave_place_to_raster_map_definitions (id, x_coordinate, y_coordinate, cave_place_id, raster_map_id, created_at) VALUES (3149, 2120, 1636, 294, 220, 1775839978);
INSERT INTO cave_place_to_raster_map_definitions (id, x_coordinate, y_coordinate, cave_place_id, raster_map_id, created_at) VALUES (3150, 4463, 2155, 324, 220, 1775839978);
INSERT INTO cave_place_to_raster_map_definitions (id, x_coordinate, y_coordinate, cave_place_id, raster_map_id, created_at) VALUES (3151, 5383, 180, 332, 220, 1775839978);
INSERT INTO cave_place_to_raster_map_definitions (id, x_coordinate, y_coordinate, cave_place_id, raster_map_id, created_at) VALUES (3152, 2035, 334, 277, 220, 1775839978);
INSERT INTO cave_place_to_raster_map_definitions (id, x_coordinate, y_coordinate, cave_place_id, raster_map_id, created_at) VALUES (3153, 1547, 3047, 321, 220, 1775839978);
INSERT INTO cave_place_to_raster_map_definitions (id, x_coordinate, y_coordinate, cave_place_id, raster_map_id, created_at) VALUES (3154, 5736, 1616, 327, 220, 1775839978);
INSERT INTO cave_place_to_raster_map_definitions (id, x_coordinate, y_coordinate, cave_place_id, raster_map_id, created_at) VALUES (3155, 1874, 2692, 320, 220, 1775839978);
INSERT INTO cave_place_to_raster_map_definitions (id, x_coordinate, y_coordinate, cave_place_id, raster_map_id, created_at) VALUES (3156, 5668, 2958, 298, 220, 1775839978);
INSERT INTO cave_place_to_raster_map_definitions (id, x_coordinate, y_coordinate, cave_place_id, raster_map_id, created_at) VALUES (3157, 662, 5153, 264, 220, 1775839978);
INSERT INTO cave_place_to_raster_map_definitions (id, x_coordinate, y_coordinate, cave_place_id, raster_map_id, created_at) VALUES (3158, 800, 3808, 301, 220, 1775839978);
INSERT INTO cave_place_to_raster_map_definitions (id, x_coordinate, y_coordinate, cave_place_id, raster_map_id, created_at) VALUES (3159, 3922, 4651, 297, 220, 1775839978);
INSERT INTO cave_place_to_raster_map_definitions (id, x_coordinate, y_coordinate, cave_place_id, raster_map_id, created_at) VALUES (3160, 1275, 5439, 285, 220, 1775839978);
INSERT INTO cave_place_to_raster_map_definitions (id, x_coordinate, y_coordinate, cave_place_id, raster_map_id, created_at) VALUES (3161, 4023, 3097, 267, 220, 1775839978);
INSERT INTO raster_maps (id, title, map_type, file_name, cave_id, cave_area_id, created_at) VALUES (221, 'Ponorul Nou - zona intrare_nordata.jpg [C11 #2] [C7 #3]', 'plane view', 'cave_2/raster_1771183787610.jpg', 7, NULL, 1775839978);
INSERT INTO cave_place_to_raster_map_definitions (id, x_coordinate, y_coordinate, cave_place_id, raster_map_id, created_at) VALUES (3162, 4726, 4252, 271, 221, 1775839978);
INSERT INTO cave_place_to_raster_map_definitions (id, x_coordinate, y_coordinate, cave_place_id, raster_map_id, created_at) VALUES (3163, 5857, 3994, 277, 221, 1775839978);
INSERT INTO raster_maps (id, title, map_type, file_name, cave_id, cave_area_id, created_at) VALUES (222, 'geo_art_tirla_ps__harta_profil.png [C58 #4] [C7 #4]', 'plane view', 'cave_1/raster_1771183787593.png', 7, 27, 1775839978);
INSERT INTO cave_place_to_raster_map_definitions (id, x_coordinate, y_coordinate, cave_place_id, raster_map_id, created_at) VALUES (3164, 155, 2343, 286, 222, 1775839978);
INSERT INTO cave_place_to_raster_map_definitions (id, x_coordinate, y_coordinate, cave_place_id, raster_map_id, created_at) VALUES (3165, 1451, 2671, 327, 222, 1775839978);
INSERT INTO cave_place_to_raster_map_definitions (id, x_coordinate, y_coordinate, cave_place_id, raster_map_id, created_at) VALUES (3166, 3644, 635, 307, 222, 1775839978);
INSERT INTO cave_place_to_raster_map_definitions (id, x_coordinate, y_coordinate, cave_place_id, raster_map_id, created_at) VALUES (3167, 5931, 4513, 263, 222, 1775839978);
INSERT INTO cave_place_to_raster_map_definitions (id, x_coordinate, y_coordinate, cave_place_id, raster_map_id, created_at) VALUES (3168, 1348, 4771, 319, 222, 1775839978);
INSERT INTO cave_place_to_raster_map_definitions (id, x_coordinate, y_coordinate, cave_place_id, raster_map_id, created_at) VALUES (3169, 149, 1163, 310, 222, 1775839978);
INSERT INTO raster_maps (id, title, map_type, file_name, cave_id, cave_area_id, created_at) VALUES (223, 'Ponorul Nou - zona intrare_nordata.jpg [C30 #3] [C7 #5]', 'plane view', 'cave_2/raster_1771183787610.jpg', 7, NULL, 1775839978);
INSERT INTO cave_place_to_raster_map_definitions (id, x_coordinate, y_coordinate, cave_place_id, raster_map_id, created_at) VALUES (3170, 3539, 3944, 299, 223, 1775839978);
INSERT INTO cave_place_to_raster_map_definitions (id, x_coordinate, y_coordinate, cave_place_id, raster_map_id, created_at) VALUES (3171, 2099, 3524, 320, 223, 1775839978);
INSERT INTO cave_place_to_raster_map_definitions (id, x_coordinate, y_coordinate, cave_place_id, raster_map_id, created_at) VALUES (3172, 2321, 3590, 277, 223, 1775839978);
INSERT INTO cave_place_to_raster_map_definitions (id, x_coordinate, y_coordinate, cave_place_id, raster_map_id, created_at) VALUES (3173, 5116, 2338, 304, 223, 1775839978);
INSERT INTO cave_place_to_raster_map_definitions (id, x_coordinate, y_coordinate, cave_place_id, raster_map_id, created_at) VALUES (3174, 2906, 4743, 323, 223, 1775839978);
INSERT INTO raster_maps (id, title, map_type, file_name, cave_id, cave_area_id, created_at) VALUES (224, 'ps_20250107_explorari_plan_fundal_negru.jpg [C52 #1] [C8 #1]', 'plane view', 'cave_1/raster_1771183787549.jpg', 8, NULL, 1775839978);
INSERT INTO cave_place_to_raster_map_definitions (id, x_coordinate, y_coordinate, cave_place_id, raster_map_id, created_at) VALUES (3175, 5103, 111, 341, 224, 1775839978);
INSERT INTO cave_place_to_raster_map_definitions (id, x_coordinate, y_coordinate, cave_place_id, raster_map_id, created_at) VALUES (3176, 3526, 5075, 356, 224, 1775839978);
INSERT INTO cave_place_to_raster_map_definitions (id, x_coordinate, y_coordinate, cave_place_id, raster_map_id, created_at) VALUES (3177, 4392, 3773, 377, 224, 1775839978);
INSERT INTO cave_place_to_raster_map_definitions (id, x_coordinate, y_coordinate, cave_place_id, raster_map_id, created_at) VALUES (3178, 4494, 2772, 337, 224, 1775839978);
INSERT INTO cave_place_to_raster_map_definitions (id, x_coordinate, y_coordinate, cave_place_id, raster_map_id, created_at) VALUES (3179, 2069, 3566, 370, 224, 1775839978);
INSERT INTO cave_place_to_raster_map_definitions (id, x_coordinate, y_coordinate, cave_place_id, raster_map_id, created_at) VALUES (3180, 5160, 5663, 366, 224, 1775839978);
INSERT INTO cave_place_to_raster_map_definitions (id, x_coordinate, y_coordinate, cave_place_id, raster_map_id, created_at) VALUES (3181, 2236, 2573, 345, 224, 1775839978);
INSERT INTO cave_place_to_raster_map_definitions (id, x_coordinate, y_coordinate, cave_place_id, raster_map_id, created_at) VALUES (3182, 2122, 5465, 351, 224, 1775839978);
INSERT INTO cave_place_to_raster_map_definitions (id, x_coordinate, y_coordinate, cave_place_id, raster_map_id, created_at) VALUES (3183, 4025, 3770, 380, 224, 1775839978);
INSERT INTO cave_place_to_raster_map_definitions (id, x_coordinate, y_coordinate, cave_place_id, raster_map_id, created_at) VALUES (3184, 2738, 3829, 369, 224, 1775839978);
INSERT INTO cave_place_to_raster_map_definitions (id, x_coordinate, y_coordinate, cave_place_id, raster_map_id, created_at) VALUES (3185, 858, 2530, 367, 224, 1775839978);
INSERT INTO cave_place_to_raster_map_definitions (id, x_coordinate, y_coordinate, cave_place_id, raster_map_id, created_at) VALUES (3186, 1521, 1494, 359, 224, 1775839978);
INSERT INTO cave_place_to_raster_map_definitions (id, x_coordinate, y_coordinate, cave_place_id, raster_map_id, created_at) VALUES (3187, 164, 1033, 378, 224, 1775839978);
INSERT INTO cave_place_to_raster_map_definitions (id, x_coordinate, y_coordinate, cave_place_id, raster_map_id, created_at) VALUES (3188, 983, 5500, 355, 224, 1775839978);
INSERT INTO cave_place_to_raster_map_definitions (id, x_coordinate, y_coordinate, cave_place_id, raster_map_id, created_at) VALUES (3189, 1497, 3940, 354, 224, 1775839978);
INSERT INTO cave_place_to_raster_map_definitions (id, x_coordinate, y_coordinate, cave_place_id, raster_map_id, created_at) VALUES (3190, 5209, 5540, 360, 224, 1775839978);
INSERT INTO cave_place_to_raster_map_definitions (id, x_coordinate, y_coordinate, cave_place_id, raster_map_id, created_at) VALUES (3191, 5423, 5961, 338, 224, 1775839978);
INSERT INTO cave_place_to_raster_map_definitions (id, x_coordinate, y_coordinate, cave_place_id, raster_map_id, created_at) VALUES (3192, 3959, 3716, 344, 224, 1775839978);
INSERT INTO cave_place_to_raster_map_definitions (id, x_coordinate, y_coordinate, cave_place_id, raster_map_id, created_at) VALUES (3193, 3980, 1465, 363, 224, 1775839978);
INSERT INTO raster_maps (id, title, map_type, file_name, cave_id, cave_area_id, created_at) VALUES (225, 'Ponorul Nou - zona intrare.jpg [C39 #2] [C8 #2]', 'plane view', 'cave_2/raster_1771183787599.jpg', 8, NULL, 1775839978);
INSERT INTO cave_place_to_raster_map_definitions (id, x_coordinate, y_coordinate, cave_place_id, raster_map_id, created_at) VALUES (3194, 2781, 3122, 342, 225, 1775839978);
INSERT INTO cave_place_to_raster_map_definitions (id, x_coordinate, y_coordinate, cave_place_id, raster_map_id, created_at) VALUES (3195, 2211, 3418, 353, 225, 1775839978);
INSERT INTO cave_place_to_raster_map_definitions (id, x_coordinate, y_coordinate, cave_place_id, raster_map_id, created_at) VALUES (3196, 5416, 276, 371, 225, 1775839978);
INSERT INTO cave_place_to_raster_map_definitions (id, x_coordinate, y_coordinate, cave_place_id, raster_map_id, created_at) VALUES (3197, 4110, 4520, 335, 225, 1775839978);
INSERT INTO raster_maps (id, title, map_type, file_name, cave_id, cave_area_id, created_at) VALUES (226, 'Ponorul Nou_curatat.jpg [C20 #2] [C8 #3]', 'plane view', 'cave_2/raster_1771183787617.jpg', 8, NULL, 1775839978);
INSERT INTO cave_place_to_raster_map_definitions (id, x_coordinate, y_coordinate, cave_place_id, raster_map_id, created_at) VALUES (3198, 2058, 4591, 378, 226, 1775839978);
INSERT INTO cave_place_to_raster_map_definitions (id, x_coordinate, y_coordinate, cave_place_id, raster_map_id, created_at) VALUES (3199, 5478, 94, 366, 226, 1775839978);
INSERT INTO cave_place_to_raster_map_definitions (id, x_coordinate, y_coordinate, cave_place_id, raster_map_id, created_at) VALUES (3200, 2829, 733, 344, 226, 1775839978);
INSERT INTO cave_place_to_raster_map_definitions (id, x_coordinate, y_coordinate, cave_place_id, raster_map_id, created_at) VALUES (3201, 1323, 1492, 337, 226, 1775839978);
INSERT INTO cave_place_to_raster_map_definitions (id, x_coordinate, y_coordinate, cave_place_id, raster_map_id, created_at) VALUES (3202, 3106, 4084, 353, 226, 1775839978);
INSERT INTO cave_place_to_raster_map_definitions (id, x_coordinate, y_coordinate, cave_place_id, raster_map_id, created_at) VALUES (3203, 207, 3953, 360, 226, 1775839978);
INSERT INTO cave_place_to_raster_map_definitions (id, x_coordinate, y_coordinate, cave_place_id, raster_map_id, created_at) VALUES (3204, 1566, 5426, 336, 226, 1775839978);
INSERT INTO cave_place_to_raster_map_definitions (id, x_coordinate, y_coordinate, cave_place_id, raster_map_id, created_at) VALUES (3205, 1974, 4356, 345, 226, 1775839978);
INSERT INTO cave_place_to_raster_map_definitions (id, x_coordinate, y_coordinate, cave_place_id, raster_map_id, created_at) VALUES (3206, 4014, 1675, 343, 226, 1775839978);
INSERT INTO cave_place_to_raster_map_definitions (id, x_coordinate, y_coordinate, cave_place_id, raster_map_id, created_at) VALUES (3207, 1584, 2414, 348, 226, 1775839978);
INSERT INTO cave_place_to_raster_map_definitions (id, x_coordinate, y_coordinate, cave_place_id, raster_map_id, created_at) VALUES (3208, 3512, 3081, 342, 226, 1775839978);
INSERT INTO cave_place_to_raster_map_definitions (id, x_coordinate, y_coordinate, cave_place_id, raster_map_id, created_at) VALUES (3209, 4487, 2663, 339, 226, 1775839978);
INSERT INTO cave_place_to_raster_map_definitions (id, x_coordinate, y_coordinate, cave_place_id, raster_map_id, created_at) VALUES (3210, 5220, 3794, 356, 226, 1775839978);
INSERT INTO cave_place_to_raster_map_definitions (id, x_coordinate, y_coordinate, cave_place_id, raster_map_id, created_at) VALUES (3211, 1939, 1261, 341, 226, 1775839978);
INSERT INTO cave_place_to_raster_map_definitions (id, x_coordinate, y_coordinate, cave_place_id, raster_map_id, created_at) VALUES (3212, 1604, 1556, 361, 226, 1775839978);
INSERT INTO cave_place_to_raster_map_definitions (id, x_coordinate, y_coordinate, cave_place_id, raster_map_id, created_at) VALUES (3213, 2901, 1692, 375, 226, 1775839978);
INSERT INTO cave_place_to_raster_map_definitions (id, x_coordinate, y_coordinate, cave_place_id, raster_map_id, created_at) VALUES (3214, 3166, 3993, 379, 226, 1775839978);
INSERT INTO cave_place_to_raster_map_definitions (id, x_coordinate, y_coordinate, cave_place_id, raster_map_id, created_at) VALUES (3215, 1927, 805, 335, 226, 1775839978);
INSERT INTO cave_place_to_raster_map_definitions (id, x_coordinate, y_coordinate, cave_place_id, raster_map_id, created_at) VALUES (3216, 2339, 1752, 354, 226, 1775839978);
INSERT INTO cave_place_to_raster_map_definitions (id, x_coordinate, y_coordinate, cave_place_id, raster_map_id, created_at) VALUES (3217, 3066, 5216, 357, 226, 1775839978);
INSERT INTO cave_place_to_raster_map_definitions (id, x_coordinate, y_coordinate, cave_place_id, raster_map_id, created_at) VALUES (3218, 4359, 591, 340, 226, 1775839978);
INSERT INTO cave_place_to_raster_map_definitions (id, x_coordinate, y_coordinate, cave_place_id, raster_map_id, created_at) VALUES (3219, 1851, 3618, 349, 226, 1775839978);
INSERT INTO raster_maps (id, title, map_type, file_name, cave_id, cave_area_id, created_at) VALUES (227, 'Ponorul Nou_curatat.jpg [C6 #2] [C9 #1]', 'plane view', 'cave_2/raster_1771183787617.jpg', 9, NULL, 1775839978);
INSERT INTO cave_place_to_raster_map_definitions (id, x_coordinate, y_coordinate, cave_place_id, raster_map_id, created_at) VALUES (3220, 2477, 3244, 408, 227, 1775839978);
INSERT INTO cave_place_to_raster_map_definitions (id, x_coordinate, y_coordinate, cave_place_id, raster_map_id, created_at) VALUES (3221, 3363, 2420, 412, 227, 1775839978);
INSERT INTO cave_place_to_raster_map_definitions (id, x_coordinate, y_coordinate, cave_place_id, raster_map_id, created_at) VALUES (3222, 2235, 1746, 435, 227, 1775839978);
INSERT INTO cave_place_to_raster_map_definitions (id, x_coordinate, y_coordinate, cave_place_id, raster_map_id, created_at) VALUES (3223, 2716, 5340, 391, 227, 1775839978);
INSERT INTO cave_place_to_raster_map_definitions (id, x_coordinate, y_coordinate, cave_place_id, raster_map_id, created_at) VALUES (3224, 1834, 4928, 409, 227, 1775839978);
INSERT INTO cave_place_to_raster_map_definitions (id, x_coordinate, y_coordinate, cave_place_id, raster_map_id, created_at) VALUES (3225, 4860, 980, 385, 227, 1775839978);
INSERT INTO cave_place_to_raster_map_definitions (id, x_coordinate, y_coordinate, cave_place_id, raster_map_id, created_at) VALUES (3226, 1454, 739, 414, 227, 1775839978);
INSERT INTO cave_place_to_raster_map_definitions (id, x_coordinate, y_coordinate, cave_place_id, raster_map_id, created_at) VALUES (3227, 2493, 4822, 399, 227, 1775839978);
INSERT INTO cave_place_to_raster_map_definitions (id, x_coordinate, y_coordinate, cave_place_id, raster_map_id, created_at) VALUES (3228, 5012, 4396, 421, 227, 1775839978);
INSERT INTO cave_place_to_raster_map_definitions (id, x_coordinate, y_coordinate, cave_place_id, raster_map_id, created_at) VALUES (3229, 4249, 4854, 401, 227, 1775839978);
INSERT INTO cave_place_to_raster_map_definitions (id, x_coordinate, y_coordinate, cave_place_id, raster_map_id, created_at) VALUES (3230, 1415, 2097, 398, 227, 1775839978);
INSERT INTO cave_place_to_raster_map_definitions (id, x_coordinate, y_coordinate, cave_place_id, raster_map_id, created_at) VALUES (3231, 205, 3992, 404, 227, 1775839978);
INSERT INTO cave_place_to_raster_map_definitions (id, x_coordinate, y_coordinate, cave_place_id, raster_map_id, created_at) VALUES (3232, 2448, 475, 427, 227, 1775839978);
INSERT INTO cave_place_to_raster_map_definitions (id, x_coordinate, y_coordinate, cave_place_id, raster_map_id, created_at) VALUES (3233, 4769, 5275, 416, 227, 1775839978);
INSERT INTO cave_place_to_raster_map_definitions (id, x_coordinate, y_coordinate, cave_place_id, raster_map_id, created_at) VALUES (3234, 962, 3665, 432, 227, 1775839978);
INSERT INTO cave_place_to_raster_map_definitions (id, x_coordinate, y_coordinate, cave_place_id, raster_map_id, created_at) VALUES (3235, 2652, 5037, 411, 227, 1775839978);
INSERT INTO cave_place_to_raster_map_definitions (id, x_coordinate, y_coordinate, cave_place_id, raster_map_id, created_at) VALUES (3236, 4536, 4318, 413, 227, 1775839978);
INSERT INTO cave_place_to_raster_map_definitions (id, x_coordinate, y_coordinate, cave_place_id, raster_map_id, created_at) VALUES (3237, 5806, 3123, 402, 227, 1775839978);
INSERT INTO cave_place_to_raster_map_definitions (id, x_coordinate, y_coordinate, cave_place_id, raster_map_id, created_at) VALUES (3238, 4210, 5389, 383, 227, 1775839978);
INSERT INTO cave_place_to_raster_map_definitions (id, x_coordinate, y_coordinate, cave_place_id, raster_map_id, created_at) VALUES (3239, 3797, 1997, 418, 227, 1775839978);
INSERT INTO raster_maps (id, title, map_type, file_name, cave_id, cave_area_id, created_at) VALUES (228, 'ps_profil_proiectat_ortogonal_est_vest_fundalalb.png [C15 #3] [C9 #2]', 'plane view', 'cave_1/raster_1771183787575.png', 9, 37, 1775839978);
INSERT INTO cave_place_to_raster_map_definitions (id, x_coordinate, y_coordinate, cave_place_id, raster_map_id, created_at) VALUES (3240, 1697, 454, 383, 228, 1775839978);
INSERT INTO cave_place_to_raster_map_definitions (id, x_coordinate, y_coordinate, cave_place_id, raster_map_id, created_at) VALUES (3241, 1331, 2070, 422, 228, 1775839978);
INSERT INTO cave_place_to_raster_map_definitions (id, x_coordinate, y_coordinate, cave_place_id, raster_map_id, created_at) VALUES (3242, 3018, 5737, 399, 228, 1775839978);
INSERT INTO raster_maps (id, title, map_type, file_name, cave_id, cave_area_id, created_at) VALUES (229, 'Ponorul Nou - zona intrare.jpg [C1 #1] [C9 #3]', 'plane view', 'cave_2/raster_1771183787599.jpg', 9, NULL, 1775839978);
INSERT INTO cave_place_to_raster_map_definitions (id, x_coordinate, y_coordinate, cave_place_id, raster_map_id, created_at) VALUES (3243, 1439, 3572, 383, 229, 1775839978);
INSERT INTO cave_place_to_raster_map_definitions (id, x_coordinate, y_coordinate, cave_place_id, raster_map_id, created_at) VALUES (3244, 2027, 2893, 397, 229, 1775839978);
INSERT INTO cave_place_to_raster_map_definitions (id, x_coordinate, y_coordinate, cave_place_id, raster_map_id, created_at) VALUES (3245, 4420, 1090, 412, 229, 1775839978);
INSERT INTO cave_place_to_raster_map_definitions (id, x_coordinate, y_coordinate, cave_place_id, raster_map_id, created_at) VALUES (3246, 1643, 2605, 419, 229, 1775839978);
INSERT INTO cave_place_to_raster_map_definitions (id, x_coordinate, y_coordinate, cave_place_id, raster_map_id, created_at) VALUES (3247, 4063, 218, 416, 229, 1775839978);
INSERT INTO cave_place_to_raster_map_definitions (id, x_coordinate, y_coordinate, cave_place_id, raster_map_id, created_at) VALUES (3248, 4474, 2818, 427, 229, 1775839978);
INSERT INTO cave_place_to_raster_map_definitions (id, x_coordinate, y_coordinate, cave_place_id, raster_map_id, created_at) VALUES (3249, 4653, 3661, 387, 229, 1775839978);
INSERT INTO cave_place_to_raster_map_definitions (id, x_coordinate, y_coordinate, cave_place_id, raster_map_id, created_at) VALUES (3250, 2305, 9, 400, 229, 1775839978);
INSERT INTO cave_place_to_raster_map_definitions (id, x_coordinate, y_coordinate, cave_place_id, raster_map_id, created_at) VALUES (3251, 4385, 4551, 384, 229, 1775839978);
INSERT INTO raster_maps (id, title, map_type, file_name, cave_id, cave_area_id, created_at) VALUES (230, 'Ponorul Nou_curatat.jpg [C54 #4] [C9 #4]', 'plane view', 'cave_2/raster_1771183787617.jpg', 9, 41, 1775839978);
INSERT INTO cave_place_to_raster_map_definitions (id, x_coordinate, y_coordinate, cave_place_id, raster_map_id, created_at) VALUES (3252, 4626, 4864, 388, 230, 1775839978);
INSERT INTO cave_place_to_raster_map_definitions (id, x_coordinate, y_coordinate, cave_place_id, raster_map_id, created_at) VALUES (3253, 1835, 3969, 389, 230, 1775839978);
INSERT INTO cave_place_to_raster_map_definitions (id, x_coordinate, y_coordinate, cave_place_id, raster_map_id, created_at) VALUES (3254, 5743, 5819, 414, 230, 1775839978);
INSERT INTO cave_place_to_raster_map_definitions (id, x_coordinate, y_coordinate, cave_place_id, raster_map_id, created_at) VALUES (3255, 1906, 3616, 425, 230, 1775839978);
INSERT INTO raster_maps (id, title, map_type, file_name, cave_id, cave_area_id, created_at) VALUES (231, 'Ponorul Nou - zona intrare_nordata.jpg [C30 #3] [C10 #1]', 'plane view', 'cave_2/raster_1771183787610.jpg', 10, NULL, 1775839978);
INSERT INTO cave_place_to_raster_map_definitions (id, x_coordinate, y_coordinate, cave_place_id, raster_map_id, created_at) VALUES (3256, 4314, 3200, 452, 231, 1775839978);
INSERT INTO cave_place_to_raster_map_definitions (id, x_coordinate, y_coordinate, cave_place_id, raster_map_id, created_at) VALUES (3257, 5802, 2301, 466, 231, 1775839978);
INSERT INTO cave_place_to_raster_map_definitions (id, x_coordinate, y_coordinate, cave_place_id, raster_map_id, created_at) VALUES (3258, 3028, 541, 440, 231, 1775839978);
INSERT INTO cave_place_to_raster_map_definitions (id, x_coordinate, y_coordinate, cave_place_id, raster_map_id, created_at) VALUES (3259, 3961, 5436, 459, 231, 1775839978);
INSERT INTO cave_place_to_raster_map_definitions (id, x_coordinate, y_coordinate, cave_place_id, raster_map_id, created_at) VALUES (3260, 4374, 986, 451, 231, 1775839978);
INSERT INTO cave_place_to_raster_map_definitions (id, x_coordinate, y_coordinate, cave_place_id, raster_map_id, created_at) VALUES (3261, 447, 4018, 460, 231, 1775839978);
INSERT INTO cave_place_to_raster_map_definitions (id, x_coordinate, y_coordinate, cave_place_id, raster_map_id, created_at) VALUES (3262, 2298, 544, 445, 231, 1775839978);
INSERT INTO cave_place_to_raster_map_definitions (id, x_coordinate, y_coordinate, cave_place_id, raster_map_id, created_at) VALUES (3263, 5023, 3212, 474, 231, 1775839978);
INSERT INTO cave_place_to_raster_map_definitions (id, x_coordinate, y_coordinate, cave_place_id, raster_map_id, created_at) VALUES (3264, 5152, 5406, 462, 231, 1775839978);
INSERT INTO cave_place_to_raster_map_definitions (id, x_coordinate, y_coordinate, cave_place_id, raster_map_id, created_at) VALUES (3265, 4642, 1047, 438, 231, 1775839978);
INSERT INTO cave_place_to_raster_map_definitions (id, x_coordinate, y_coordinate, cave_place_id, raster_map_id, created_at) VALUES (3266, 5180, 2481, 456, 231, 1775839978);
INSERT INTO cave_place_to_raster_map_definitions (id, x_coordinate, y_coordinate, cave_place_id, raster_map_id, created_at) VALUES (3267, 5246, 4809, 467, 231, 1775839978);
INSERT INTO cave_place_to_raster_map_definitions (id, x_coordinate, y_coordinate, cave_place_id, raster_map_id, created_at) VALUES (3268, 1049, 601, 439, 231, 1775839978);
INSERT INTO cave_place_to_raster_map_definitions (id, x_coordinate, y_coordinate, cave_place_id, raster_map_id, created_at) VALUES (3269, 1893, 1206, 447, 231, 1775839978);
INSERT INTO cave_place_to_raster_map_definitions (id, x_coordinate, y_coordinate, cave_place_id, raster_map_id, created_at) VALUES (3270, 2009, 4760, 469, 231, 1775839978);
INSERT INTO cave_place_to_raster_map_definitions (id, x_coordinate, y_coordinate, cave_place_id, raster_map_id, created_at) VALUES (3271, 5744, 3938, 446, 231, 1775839978);
INSERT INTO cave_place_to_raster_map_definitions (id, x_coordinate, y_coordinate, cave_place_id, raster_map_id, created_at) VALUES (3272, 5914, 5568, 464, 231, 1775839978);
INSERT INTO cave_place_to_raster_map_definitions (id, x_coordinate, y_coordinate, cave_place_id, raster_map_id, created_at) VALUES (3273, 4905, 5972, 455, 231, 1775839978);
INSERT INTO cave_place_to_raster_map_definitions (id, x_coordinate, y_coordinate, cave_place_id, raster_map_id, created_at) VALUES (3274, 609, 2745, 465, 231, 1775839978);
INSERT INTO cave_place_to_raster_map_definitions (id, x_coordinate, y_coordinate, cave_place_id, raster_map_id, created_at) VALUES (3275, 5103, 5635, 472, 231, 1775839978);
INSERT INTO cave_place_to_raster_map_definitions (id, x_coordinate, y_coordinate, cave_place_id, raster_map_id, created_at) VALUES (3276, 905, 3033, 468, 231, 1775839978);
INSERT INTO raster_maps (id, title, map_type, file_name, cave_id, cave_area_id, created_at) VALUES (232, 'ps_20250107_explorari_plan_fundal_negru.jpg [C19 #2] [C10 #2]', 'plane view', 'cave_1/raster_1771183787549.jpg', 10, 43, 1775839978);
INSERT INTO cave_place_to_raster_map_definitions (id, x_coordinate, y_coordinate, cave_place_id, raster_map_id, created_at) VALUES (3277, 2243, 5209, 444, 232, 1775839978);
INSERT INTO cave_place_to_raster_map_definitions (id, x_coordinate, y_coordinate, cave_place_id, raster_map_id, created_at) VALUES (3278, 1559, 1237, 474, 232, 1775839978);
INSERT INTO cave_place_to_raster_map_definitions (id, x_coordinate, y_coordinate, cave_place_id, raster_map_id, created_at) VALUES (3279, 2213, 4575, 454, 232, 1775839978);
INSERT INTO cave_place_to_raster_map_definitions (id, x_coordinate, y_coordinate, cave_place_id, raster_map_id, created_at) VALUES (3280, 464, 1734, 467, 232, 1775839978);
INSERT INTO cave_place_to_raster_map_definitions (id, x_coordinate, y_coordinate, cave_place_id, raster_map_id, created_at) VALUES (3281, 1255, 4528, 447, 232, 1775839978);
INSERT INTO raster_maps (id, title, map_type, file_name, cave_id, cave_area_id, created_at) VALUES (233, 'ps_profil_proiectat_ortogonal_est_vest_fundalalb.png [C45 #5] [C11 #1]', 'plane view', 'cave_1/raster_1771183787575.png', 11, NULL, 1775839978);
INSERT INTO cave_place_to_raster_map_definitions (id, x_coordinate, y_coordinate, cave_place_id, raster_map_id, created_at) VALUES (3282, 3464, 3665, 529, 233, 1775839978);
INSERT INTO cave_place_to_raster_map_definitions (id, x_coordinate, y_coordinate, cave_place_id, raster_map_id, created_at) VALUES (3283, 415, 5120, 531, 233, 1775839978);
INSERT INTO cave_place_to_raster_map_definitions (id, x_coordinate, y_coordinate, cave_place_id, raster_map_id, created_at) VALUES (3284, 710, 3024, 479, 233, 1775839978);
INSERT INTO cave_place_to_raster_map_definitions (id, x_coordinate, y_coordinate, cave_place_id, raster_map_id, created_at) VALUES (3285, 5216, 2285, 478, 233, 1775839978);
INSERT INTO cave_place_to_raster_map_definitions (id, x_coordinate, y_coordinate, cave_place_id, raster_map_id, created_at) VALUES (3286, 4472, 1746, 508, 233, 1775839978);
INSERT INTO cave_place_to_raster_map_definitions (id, x_coordinate, y_coordinate, cave_place_id, raster_map_id, created_at) VALUES (3287, 3655, 837, 522, 233, 1775839978);
INSERT INTO cave_place_to_raster_map_definitions (id, x_coordinate, y_coordinate, cave_place_id, raster_map_id, created_at) VALUES (3288, 1139, 4860, 510, 233, 1775839978);
INSERT INTO cave_place_to_raster_map_definitions (id, x_coordinate, y_coordinate, cave_place_id, raster_map_id, created_at) VALUES (3289, 3038, 4855, 487, 233, 1775839978);
INSERT INTO cave_place_to_raster_map_definitions (id, x_coordinate, y_coordinate, cave_place_id, raster_map_id, created_at) VALUES (3290, 3738, 921, 517, 233, 1775839978);
INSERT INTO cave_place_to_raster_map_definitions (id, x_coordinate, y_coordinate, cave_place_id, raster_map_id, created_at) VALUES (3291, 2118, 2959, 533, 233, 1775839978);
INSERT INTO cave_place_to_raster_map_definitions (id, x_coordinate, y_coordinate, cave_place_id, raster_map_id, created_at) VALUES (3292, 700, 2773, 514, 233, 1775839978);
INSERT INTO cave_place_to_raster_map_definitions (id, x_coordinate, y_coordinate, cave_place_id, raster_map_id, created_at) VALUES (3293, 5453, 730, 486, 233, 1775839978);
INSERT INTO cave_place_to_raster_map_definitions (id, x_coordinate, y_coordinate, cave_place_id, raster_map_id, created_at) VALUES (3294, 1540, 2664, 536, 233, 1775839978);
INSERT INTO cave_place_to_raster_map_definitions (id, x_coordinate, y_coordinate, cave_place_id, raster_map_id, created_at) VALUES (3295, 369, 5823, 520, 233, 1775839978);
INSERT INTO cave_place_to_raster_map_definitions (id, x_coordinate, y_coordinate, cave_place_id, raster_map_id, created_at) VALUES (3296, 4555, 5243, 498, 233, 1775839978);
INSERT INTO cave_place_to_raster_map_definitions (id, x_coordinate, y_coordinate, cave_place_id, raster_map_id, created_at) VALUES (3297, 3321, 1369, 526, 233, 1775839978);
INSERT INTO cave_place_to_raster_map_definitions (id, x_coordinate, y_coordinate, cave_place_id, raster_map_id, created_at) VALUES (3298, 5621, 2370, 502, 233, 1775839978);
INSERT INTO raster_maps (id, title, map_type, file_name, cave_id, cave_area_id, created_at) VALUES (234, '1997 Harta P.Gaura cu Vajgau 2.jpg [C16 #4] [C12 #1]', 'plane view', 'cave_3/raster_1771183787629.jpg', 12, NULL, 1775839978);
INSERT INTO cave_place_to_raster_map_definitions (id, x_coordinate, y_coordinate, cave_place_id, raster_map_id, created_at) VALUES (3299, 1008, 4797, 578, 234, 1775839978);
INSERT INTO cave_place_to_raster_map_definitions (id, x_coordinate, y_coordinate, cave_place_id, raster_map_id, created_at) VALUES (3300, 444, 3192, 545, 234, 1775839978);
INSERT INTO cave_place_to_raster_map_definitions (id, x_coordinate, y_coordinate, cave_place_id, raster_map_id, created_at) VALUES (3301, 2358, 1940, 589, 234, 1775839978);
INSERT INTO cave_place_to_raster_map_definitions (id, x_coordinate, y_coordinate, cave_place_id, raster_map_id, created_at) VALUES (3302, 1189, 2795, 542, 234, 1775839978);
INSERT INTO cave_place_to_raster_map_definitions (id, x_coordinate, y_coordinate, cave_place_id, raster_map_id, created_at) VALUES (3303, 4671, 203, 544, 234, 1775839978);
INSERT INTO cave_place_to_raster_map_definitions (id, x_coordinate, y_coordinate, cave_place_id, raster_map_id, created_at) VALUES (3304, 2522, 587, 591, 234, 1775839978);
INSERT INTO cave_place_to_raster_map_definitions (id, x_coordinate, y_coordinate, cave_place_id, raster_map_id, created_at) VALUES (3305, 5564, 5564, 570, 234, 1775839978);
INSERT INTO cave_place_to_raster_map_definitions (id, x_coordinate, y_coordinate, cave_place_id, raster_map_id, created_at) VALUES (3306, 824, 2874, 549, 234, 1775839978);
INSERT INTO cave_place_to_raster_map_definitions (id, x_coordinate, y_coordinate, cave_place_id, raster_map_id, created_at) VALUES (3307, 1684, 3938, 600, 234, 1775839978);
INSERT INTO cave_place_to_raster_map_definitions (id, x_coordinate, y_coordinate, cave_place_id, raster_map_id, created_at) VALUES (3308, 4335, 3634, 556, 234, 1775839978);
INSERT INTO cave_place_to_raster_map_definitions (id, x_coordinate, y_coordinate, cave_place_id, raster_map_id, created_at) VALUES (3309, 3358, 2723, 586, 234, 1775839978);
INSERT INTO cave_place_to_raster_map_definitions (id, x_coordinate, y_coordinate, cave_place_id, raster_map_id, created_at) VALUES (3310, 5745, 5519, 595, 234, 1775839978);
INSERT INTO cave_place_to_raster_map_definitions (id, x_coordinate, y_coordinate, cave_place_id, raster_map_id, created_at) VALUES (3311, 4185, 5709, 580, 234, 1775839978);
INSERT INTO cave_place_to_raster_map_definitions (id, x_coordinate, y_coordinate, cave_place_id, raster_map_id, created_at) VALUES (3312, 1931, 2747, 558, 234, 1775839978);
INSERT INTO cave_place_to_raster_map_definitions (id, x_coordinate, y_coordinate, cave_place_id, raster_map_id, created_at) VALUES (3313, 71, 5737, 574, 234, 1775839978);
INSERT INTO cave_place_to_raster_map_definitions (id, x_coordinate, y_coordinate, cave_place_id, raster_map_id, created_at) VALUES (3314, 5096, 3328, 592, 234, 1775839978);
INSERT INTO cave_place_to_raster_map_definitions (id, x_coordinate, y_coordinate, cave_place_id, raster_map_id, created_at) VALUES (3315, 3900, 1153, 585, 234, 1775839978);
INSERT INTO cave_place_to_raster_map_definitions (id, x_coordinate, y_coordinate, cave_place_id, raster_map_id, created_at) VALUES (3316, 5504, 5223, 573, 234, 1775839978);
INSERT INTO cave_place_to_raster_map_definitions (id, x_coordinate, y_coordinate, cave_place_id, raster_map_id, created_at) VALUES (3317, 2704, 737, 572, 234, 1775839978);
INSERT INTO cave_place_to_raster_map_definitions (id, x_coordinate, y_coordinate, cave_place_id, raster_map_id, created_at) VALUES (3318, 925, 2152, 550, 234, 1775839978);
INSERT INTO cave_place_to_raster_map_definitions (id, x_coordinate, y_coordinate, cave_place_id, raster_map_id, created_at) VALUES (3319, 1856, 23, 584, 234, 1775839978);
INSERT INTO cave_place_to_raster_map_definitions (id, x_coordinate, y_coordinate, cave_place_id, raster_map_id, created_at) VALUES (3320, 3652, 141, 553, 234, 1775839978);
INSERT INTO cave_place_to_raster_map_definitions (id, x_coordinate, y_coordinate, cave_place_id, raster_map_id, created_at) VALUES (3321, 463, 5983, 554, 234, 1775839978);
INSERT INTO raster_maps (id, title, map_type, file_name, cave_id, cave_area_id, created_at) VALUES (235, '1997 Harta P.Gaura cu Vajgau 2.jpg [C60 #2] [C12 #2]', 'plane view', 'cave_3/raster_1771183787629.jpg', 12, NULL, 1775839978);
INSERT INTO cave_place_to_raster_map_definitions (id, x_coordinate, y_coordinate, cave_place_id, raster_map_id, created_at) VALUES (3322, 4571, 2383, 568, 235, 1775839978);
INSERT INTO cave_place_to_raster_map_definitions (id, x_coordinate, y_coordinate, cave_place_id, raster_map_id, created_at) VALUES (3323, 5441, 3139, 566, 235, 1775839978);
INSERT INTO cave_place_to_raster_map_definitions (id, x_coordinate, y_coordinate, cave_place_id, raster_map_id, created_at) VALUES (3324, 1309, 2206, 593, 235, 1775839978);
INSERT INTO cave_place_to_raster_map_definitions (id, x_coordinate, y_coordinate, cave_place_id, raster_map_id, created_at) VALUES (3325, 853, 4288, 577, 235, 1775839978);
INSERT INTO cave_place_to_raster_map_definitions (id, x_coordinate, y_coordinate, cave_place_id, raster_map_id, created_at) VALUES (3326, 4518, 3941, 569, 235, 1775839978);
INSERT INTO cave_place_to_raster_map_definitions (id, x_coordinate, y_coordinate, cave_place_id, raster_map_id, created_at) VALUES (3327, 2325, 1423, 578, 235, 1775839978);
INSERT INTO cave_place_to_raster_map_definitions (id, x_coordinate, y_coordinate, cave_place_id, raster_map_id, created_at) VALUES (3328, 4988, 860, 555, 235, 1775839978);
INSERT INTO cave_place_to_raster_map_definitions (id, x_coordinate, y_coordinate, cave_place_id, raster_map_id, created_at) VALUES (3329, 1641, 5365, 591, 235, 1775839978);
INSERT INTO cave_place_to_raster_map_definitions (id, x_coordinate, y_coordinate, cave_place_id, raster_map_id, created_at) VALUES (3330, 3741, 1579, 560, 235, 1775839978);
INSERT INTO cave_place_to_raster_map_definitions (id, x_coordinate, y_coordinate, cave_place_id, raster_map_id, created_at) VALUES (3331, 1800, 3004, 580, 235, 1775839978);
INSERT INTO cave_place_to_raster_map_definitions (id, x_coordinate, y_coordinate, cave_place_id, raster_map_id, created_at) VALUES (3332, 2209, 4305, 559, 235, 1775839978);
INSERT INTO cave_place_to_raster_map_definitions (id, x_coordinate, y_coordinate, cave_place_id, raster_map_id, created_at) VALUES (3333, 2300, 1489, 542, 235, 1775839978);
INSERT INTO cave_place_to_raster_map_definitions (id, x_coordinate, y_coordinate, cave_place_id, raster_map_id, created_at) VALUES (3334, 872, 4527, 582, 235, 1775839978);
INSERT INTO cave_place_to_raster_map_definitions (id, x_coordinate, y_coordinate, cave_place_id, raster_map_id, created_at) VALUES (3335, 2602, 1875, 579, 235, 1775839978);
INSERT INTO cave_place_to_raster_map_definitions (id, x_coordinate, y_coordinate, cave_place_id, raster_map_id, created_at) VALUES (3336, 4032, 3900, 572, 235, 1775839978);
INSERT INTO cave_place_to_raster_map_definitions (id, x_coordinate, y_coordinate, cave_place_id, raster_map_id, created_at) VALUES (3337, 3860, 2326, 562, 235, 1775839978);
INSERT INTO raster_maps (id, title, map_type, file_name, cave_id, cave_area_id, created_at) VALUES (236, 'cerna_ps_pn_pdp_plan_en_articol.jpg [C46 #1] [C13 #1]', 'plane view', 'cave_1/raster_1771183787584.jpg', 13, NULL, 1775839978);
INSERT INTO cave_place_to_raster_map_definitions (id, x_coordinate, y_coordinate, cave_place_id, raster_map_id, created_at) VALUES (3338, 2613, 763, 657, 236, 1775839978);
INSERT INTO cave_place_to_raster_map_definitions (id, x_coordinate, y_coordinate, cave_place_id, raster_map_id, created_at) VALUES (3339, 5573, 277, 616, 236, 1775839978);
INSERT INTO cave_place_to_raster_map_definitions (id, x_coordinate, y_coordinate, cave_place_id, raster_map_id, created_at) VALUES (3340, 4144, 2830, 647, 236, 1775839978);
INSERT INTO cave_place_to_raster_map_definitions (id, x_coordinate, y_coordinate, cave_place_id, raster_map_id, created_at) VALUES (3341, 5508, 376, 602, 236, 1775839978);
INSERT INTO cave_place_to_raster_map_definitions (id, x_coordinate, y_coordinate, cave_place_id, raster_map_id, created_at) VALUES (3342, 151, 3480, 634, 236, 1775839978);
INSERT INTO cave_place_to_raster_map_definitions (id, x_coordinate, y_coordinate, cave_place_id, raster_map_id, created_at) VALUES (3343, 1481, 3321, 609, 236, 1775839978);
INSERT INTO cave_place_to_raster_map_definitions (id, x_coordinate, y_coordinate, cave_place_id, raster_map_id, created_at) VALUES (3344, 1080, 987, 618, 236, 1775839978);
INSERT INTO cave_place_to_raster_map_definitions (id, x_coordinate, y_coordinate, cave_place_id, raster_map_id, created_at) VALUES (3345, 2539, 5625, 637, 236, 1775839978);
INSERT INTO cave_place_to_raster_map_definitions (id, x_coordinate, y_coordinate, cave_place_id, raster_map_id, created_at) VALUES (3346, 3506, 65, 632, 236, 1775839978);
INSERT INTO raster_maps (id, title, map_type, file_name, cave_id, cave_area_id, created_at) VALUES (237, 'Ponorul Nou_curatat.jpg [C17 #3] [C13 #2]', 'plane view', 'cave_2/raster_1771183787617.jpg', 13, 56, 1775839978);
INSERT INTO cave_place_to_raster_map_definitions (id, x_coordinate, y_coordinate, cave_place_id, raster_map_id, created_at) VALUES (3347, 4611, 411, 639, 237, 1775839978);
INSERT INTO cave_place_to_raster_map_definitions (id, x_coordinate, y_coordinate, cave_place_id, raster_map_id, created_at) VALUES (3348, 5761, 2685, 618, 237, 1775839978);
INSERT INTO cave_place_to_raster_map_definitions (id, x_coordinate, y_coordinate, cave_place_id, raster_map_id, created_at) VALUES (3349, 4732, 5924, 643, 237, 1775839978);
INSERT INTO cave_place_to_raster_map_definitions (id, x_coordinate, y_coordinate, cave_place_id, raster_map_id, created_at) VALUES (3350, 5692, 1555, 648, 237, 1775839978);
INSERT INTO cave_place_to_raster_map_definitions (id, x_coordinate, y_coordinate, cave_place_id, raster_map_id, created_at) VALUES (3351, 773, 1517, 609, 237, 1775839978);
INSERT INTO cave_place_to_raster_map_definitions (id, x_coordinate, y_coordinate, cave_place_id, raster_map_id, created_at) VALUES (3352, 5994, 4470, 642, 237, 1775839978);
INSERT INTO cave_place_to_raster_map_definitions (id, x_coordinate, y_coordinate, cave_place_id, raster_map_id, created_at) VALUES (3353, 5042, 2763, 649, 237, 1775839978);
INSERT INTO cave_place_to_raster_map_definitions (id, x_coordinate, y_coordinate, cave_place_id, raster_map_id, created_at) VALUES (3354, 5807, 3340, 622, 237, 1775839978);
INSERT INTO cave_place_to_raster_map_definitions (id, x_coordinate, y_coordinate, cave_place_id, raster_map_id, created_at) VALUES (3355, 1697, 444, 617, 237, 1775839978);
INSERT INTO cave_place_to_raster_map_definitions (id, x_coordinate, y_coordinate, cave_place_id, raster_map_id, created_at) VALUES (3356, 2824, 5334, 654, 237, 1775839978);
INSERT INTO cave_place_to_raster_map_definitions (id, x_coordinate, y_coordinate, cave_place_id, raster_map_id, created_at) VALUES (3357, 4414, 3174, 624, 237, 1775839978);
INSERT INTO cave_place_to_raster_map_definitions (id, x_coordinate, y_coordinate, cave_place_id, raster_map_id, created_at) VALUES (3358, 209, 897, 652, 237, 1775839978);
INSERT INTO cave_place_to_raster_map_definitions (id, x_coordinate, y_coordinate, cave_place_id, raster_map_id, created_at) VALUES (3359, 10, 3668, 626, 237, 1775839978);
INSERT INTO cave_place_to_raster_map_definitions (id, x_coordinate, y_coordinate, cave_place_id, raster_map_id, created_at) VALUES (3360, 1703, 5587, 644, 237, 1775839978);
INSERT INTO cave_place_to_raster_map_definitions (id, x_coordinate, y_coordinate, cave_place_id, raster_map_id, created_at) VALUES (3361, 4079, 2518, 604, 237, 1775839978);
INSERT INTO cave_place_to_raster_map_definitions (id, x_coordinate, y_coordinate, cave_place_id, raster_map_id, created_at) VALUES (3362, 2187, 5967, 657, 237, 1775839978);
INSERT INTO cave_place_to_raster_map_definitions (id, x_coordinate, y_coordinate, cave_place_id, raster_map_id, created_at) VALUES (3363, 4887, 3881, 645, 237, 1775839978);
INSERT INTO cave_place_to_raster_map_definitions (id, x_coordinate, y_coordinate, cave_place_id, raster_map_id, created_at) VALUES (3364, 314, 3328, 631, 237, 1775839978);
INSERT INTO cave_place_to_raster_map_definitions (id, x_coordinate, y_coordinate, cave_place_id, raster_map_id, created_at) VALUES (3365, 647, 2947, 647, 237, 1775839978);
INSERT INTO cave_place_to_raster_map_definitions (id, x_coordinate, y_coordinate, cave_place_id, raster_map_id, created_at) VALUES (3366, 2915, 184, 630, 237, 1775839978);
INSERT INTO cave_place_to_raster_map_definitions (id, x_coordinate, y_coordinate, cave_place_id, raster_map_id, created_at) VALUES (3367, 3387, 1454, 615, 237, 1775839978);
INSERT INTO cave_place_to_raster_map_definitions (id, x_coordinate, y_coordinate, cave_place_id, raster_map_id, created_at) VALUES (3368, 5678, 3999, 640, 237, 1775839978);
INSERT INTO cave_place_to_raster_map_definitions (id, x_coordinate, y_coordinate, cave_place_id, raster_map_id, created_at) VALUES (3369, 1706, 1215, 603, 237, 1775839978);
INSERT INTO cave_place_to_raster_map_definitions (id, x_coordinate, y_coordinate, cave_place_id, raster_map_id, created_at) VALUES (3370, 40, 4580, 656, 237, 1775839978);
INSERT INTO cave_place_to_raster_map_definitions (id, x_coordinate, y_coordinate, cave_place_id, raster_map_id, created_at) VALUES (3371, 3760, 4472, 633, 237, 1775839978);
INSERT INTO cave_place_to_raster_map_definitions (id, x_coordinate, y_coordinate, cave_place_id, raster_map_id, created_at) VALUES (3372, 345, 2897, 636, 237, 1775839978);
INSERT INTO cave_place_to_raster_map_definitions (id, x_coordinate, y_coordinate, cave_place_id, raster_map_id, created_at) VALUES (3373, 2937, 4273, 613, 237, 1775839978);
INSERT INTO raster_maps (id, title, map_type, file_name, cave_id, cave_area_id, created_at) VALUES (238, 'Ponorul Nou - zona intrare_nordata.jpg [C22 #3] [C13 #3]', 'plane view', 'cave_2/raster_1771183787610.jpg', 13, NULL, 1775839978);
INSERT INTO cave_place_to_raster_map_definitions (id, x_coordinate, y_coordinate, cave_place_id, raster_map_id, created_at) VALUES (3374, 5117, 1051, 622, 238, 1775839978);
INSERT INTO cave_place_to_raster_map_definitions (id, x_coordinate, y_coordinate, cave_place_id, raster_map_id, created_at) VALUES (3375, 2548, 56, 625, 238, 1775839978);
INSERT INTO cave_place_to_raster_map_definitions (id, x_coordinate, y_coordinate, cave_place_id, raster_map_id, created_at) VALUES (3376, 4484, 2059, 605, 238, 1775839978);
INSERT INTO cave_place_to_raster_map_definitions (id, x_coordinate, y_coordinate, cave_place_id, raster_map_id, created_at) VALUES (3377, 5019, 5029, 630, 238, 1775839978);
INSERT INTO cave_place_to_raster_map_definitions (id, x_coordinate, y_coordinate, cave_place_id, raster_map_id, created_at) VALUES (3378, 3243, 1177, 650, 238, 1775839978);
INSERT INTO cave_place_to_raster_map_definitions (id, x_coordinate, y_coordinate, cave_place_id, raster_map_id, created_at) VALUES (3379, 2797, 3433, 633, 238, 1775839978);
INSERT INTO cave_place_to_raster_map_definitions (id, x_coordinate, y_coordinate, cave_place_id, raster_map_id, created_at) VALUES (3380, 4091, 5940, 626, 238, 1775839978);
INSERT INTO cave_place_to_raster_map_definitions (id, x_coordinate, y_coordinate, cave_place_id, raster_map_id, created_at) VALUES (3381, 4173, 3225, 636, 238, 1775839978);
INSERT INTO cave_place_to_raster_map_definitions (id, x_coordinate, y_coordinate, cave_place_id, raster_map_id, created_at) VALUES (3382, 3792, 5497, 655, 238, 1775839978);
INSERT INTO cave_place_to_raster_map_definitions (id, x_coordinate, y_coordinate, cave_place_id, raster_map_id, created_at) VALUES (3383, 1362, 4940, 631, 238, 1775839978);
INSERT INTO cave_place_to_raster_map_definitions (id, x_coordinate, y_coordinate, cave_place_id, raster_map_id, created_at) VALUES (3384, 3563, 4097, 652, 238, 1775839978);
INSERT INTO cave_place_to_raster_map_definitions (id, x_coordinate, y_coordinate, cave_place_id, raster_map_id, created_at) VALUES (3385, 867, 4050, 612, 238, 1775839978);
INSERT INTO cave_place_to_raster_map_definitions (id, x_coordinate, y_coordinate, cave_place_id, raster_map_id, created_at) VALUES (3386, 624, 5882, 611, 238, 1775839978);
INSERT INTO cave_place_to_raster_map_definitions (id, x_coordinate, y_coordinate, cave_place_id, raster_map_id, created_at) VALUES (3387, 3699, 5006, 635, 238, 1775839978);
INSERT INTO cave_place_to_raster_map_definitions (id, x_coordinate, y_coordinate, cave_place_id, raster_map_id, created_at) VALUES (3388, 5427, 697, 656, 238, 1775839978);
INSERT INTO raster_maps (id, title, map_type, file_name, cave_id, cave_area_id, created_at) VALUES (239, 'geo_art_tirla_ps__harta_profil.png [C16 #1] [C13 #4]', 'plane view', 'cave_1/raster_1771183787593.png', 13, NULL, 1775839978);
INSERT INTO cave_place_to_raster_map_definitions (id, x_coordinate, y_coordinate, cave_place_id, raster_map_id, created_at) VALUES (3389, 2120, 2537, 646, 239, 1775839978);
INSERT INTO cave_place_to_raster_map_definitions (id, x_coordinate, y_coordinate, cave_place_id, raster_map_id, created_at) VALUES (3390, 2670, 4077, 624, 239, 1775839978);
INSERT INTO cave_place_to_raster_map_definitions (id, x_coordinate, y_coordinate, cave_place_id, raster_map_id, created_at) VALUES (3391, 3508, 5238, 607, 239, 1775839978);
INSERT INTO cave_place_to_raster_map_definitions (id, x_coordinate, y_coordinate, cave_place_id, raster_map_id, created_at) VALUES (3392, 794, 411, 649, 239, 1775839978);
INSERT INTO cave_place_to_raster_map_definitions (id, x_coordinate, y_coordinate, cave_place_id, raster_map_id, created_at) VALUES (3393, 3036, 5273, 610, 239, 1775839978);
INSERT INTO cave_place_to_raster_map_definitions (id, x_coordinate, y_coordinate, cave_place_id, raster_map_id, created_at) VALUES (3394, 1199, 3781, 641, 239, 1775839978);
INSERT INTO cave_place_to_raster_map_definitions (id, x_coordinate, y_coordinate, cave_place_id, raster_map_id, created_at) VALUES (3395, 271, 5657, 636, 239, 1775839978);
INSERT INTO cave_place_to_raster_map_definitions (id, x_coordinate, y_coordinate, cave_place_id, raster_map_id, created_at) VALUES (3396, 784, 2181, 619, 239, 1775839978);
INSERT INTO cave_place_to_raster_map_definitions (id, x_coordinate, y_coordinate, cave_place_id, raster_map_id, created_at) VALUES (3397, 1447, 5904, 608, 239, 1775839978);
INSERT INTO cave_place_to_raster_map_definitions (id, x_coordinate, y_coordinate, cave_place_id, raster_map_id, created_at) VALUES (3398, 4472, 1323, 605, 239, 1775839978);
INSERT INTO cave_place_to_raster_map_definitions (id, x_coordinate, y_coordinate, cave_place_id, raster_map_id, created_at) VALUES (3399, 4901, 4782, 630, 239, 1775839978);
INSERT INTO cave_place_to_raster_map_definitions (id, x_coordinate, y_coordinate, cave_place_id, raster_map_id, created_at) VALUES (3400, 513, 4735, 620, 239, 1775839978);
INSERT INTO cave_place_to_raster_map_definitions (id, x_coordinate, y_coordinate, cave_place_id, raster_map_id, created_at) VALUES (3401, 279, 5922, 601, 239, 1775839978);
INSERT INTO cave_place_to_raster_map_definitions (id, x_coordinate, y_coordinate, cave_place_id, raster_map_id, created_at) VALUES (3402, 5958, 1906, 645, 239, 1775839978);
INSERT INTO cave_place_to_raster_map_definitions (id, x_coordinate, y_coordinate, cave_place_id, raster_map_id, created_at) VALUES (3403, 1748, 275, 634, 239, 1775839978);
INSERT INTO cave_place_to_raster_map_definitions (id, x_coordinate, y_coordinate, cave_place_id, raster_map_id, created_at) VALUES (3404, 507, 1432, 654, 239, 1775839978);
INSERT INTO cave_place_to_raster_map_definitions (id, x_coordinate, y_coordinate, cave_place_id, raster_map_id, created_at) VALUES (3405, 5409, 346, 640, 239, 1775839978);
INSERT INTO raster_maps (id, title, map_type, file_name, cave_id, cave_area_id, created_at) VALUES (240, 'ps_plan_1_distanta_avenul_din_drum.jpg [C8 #4] [C13 #5]', 'plane view', 'cave_1/raster_1771183787566.jpg', 13, NULL, 1775839978);
INSERT INTO cave_place_to_raster_map_definitions (id, x_coordinate, y_coordinate, cave_place_id, raster_map_id, created_at) VALUES (3406, 5369, 2510, 629, 240, 1775839978);
INSERT INTO cave_place_to_raster_map_definitions (id, x_coordinate, y_coordinate, cave_place_id, raster_map_id, created_at) VALUES (3407, 4010, 5170, 652, 240, 1775839978);
INSERT INTO cave_place_to_raster_map_definitions (id, x_coordinate, y_coordinate, cave_place_id, raster_map_id, created_at) VALUES (3408, 5110, 2762, 613, 240, 1775839978);
INSERT INTO cave_place_to_raster_map_definitions (id, x_coordinate, y_coordinate, cave_place_id, raster_map_id, created_at) VALUES (3409, 5859, 4862, 636, 240, 1775839978);
INSERT INTO cave_place_to_raster_map_definitions (id, x_coordinate, y_coordinate, cave_place_id, raster_map_id, created_at) VALUES (3410, 475, 5473, 630, 240, 1775839978);
INSERT INTO cave_place_to_raster_map_definitions (id, x_coordinate, y_coordinate, cave_place_id, raster_map_id, created_at) VALUES (3411, 4583, 5385, 626, 240, 1775839978);
INSERT INTO cave_place_to_raster_map_definitions (id, x_coordinate, y_coordinate, cave_place_id, raster_map_id, created_at) VALUES (3412, 1587, 1372, 610, 240, 1775839978);
INSERT INTO cave_place_to_raster_map_definitions (id, x_coordinate, y_coordinate, cave_place_id, raster_map_id, created_at) VALUES (3413, 5658, 2755, 643, 240, 1775839978);
INSERT INTO cave_place_to_raster_map_definitions (id, x_coordinate, y_coordinate, cave_place_id, raster_map_id, created_at) VALUES (3414, 2961, 3801, 637, 240, 1775839978);
INSERT INTO cave_place_to_raster_map_definitions (id, x_coordinate, y_coordinate, cave_place_id, raster_map_id, created_at) VALUES (3415, 3642, 2132, 621, 240, 1775839978);
INSERT INTO cave_place_to_raster_map_definitions (id, x_coordinate, y_coordinate, cave_place_id, raster_map_id, created_at) VALUES (3416, 639, 1989, 634, 240, 1775839978);
INSERT INTO cave_place_to_raster_map_definitions (id, x_coordinate, y_coordinate, cave_place_id, raster_map_id, created_at) VALUES (3417, 5413, 3269, 651, 240, 1775839978);
INSERT INTO cave_place_to_raster_map_definitions (id, x_coordinate, y_coordinate, cave_place_id, raster_map_id, created_at) VALUES (3418, 973, 3289, 606, 240, 1775839978);
INSERT INTO cave_place_to_raster_map_definitions (id, x_coordinate, y_coordinate, cave_place_id, raster_map_id, created_at) VALUES (3419, 1937, 3397, 640, 240, 1775839978);
INSERT INTO cave_place_to_raster_map_definitions (id, x_coordinate, y_coordinate, cave_place_id, raster_map_id, created_at) VALUES (3420, 5558, 281, 609, 240, 1775839978);
INSERT INTO cave_place_to_raster_map_definitions (id, x_coordinate, y_coordinate, cave_place_id, raster_map_id, created_at) VALUES (3421, 3546, 5218, 648, 240, 1775839978);
INSERT INTO cave_place_to_raster_map_definitions (id, x_coordinate, y_coordinate, cave_place_id, raster_map_id, created_at) VALUES (3422, 2762, 4814, 638, 240, 1775839978);
INSERT INTO raster_maps (id, title, map_type, file_name, cave_id, cave_area_id, created_at) VALUES (241, 'ps_plan_1_distanta_avenul_din_drum.jpg [C20 #1] [C14 #1]', 'plane view', 'cave_1/raster_1771183787566.jpg', 14, NULL, 1775839978);
INSERT INTO cave_place_to_raster_map_definitions (id, x_coordinate, y_coordinate, cave_place_id, raster_map_id, created_at) VALUES (3423, 5275, 4488, 687, 241, 1775839978);
INSERT INTO cave_place_to_raster_map_definitions (id, x_coordinate, y_coordinate, cave_place_id, raster_map_id, created_at) VALUES (3424, 71, 5573, 689, 241, 1775839978);
INSERT INTO raster_maps (id, title, map_type, file_name, cave_id, cave_area_id, created_at) VALUES (242, '1997 Harta P.Gaura cu Vajgau 2.jpg [C31 #2] [C14 #2]', 'plane view', 'cave_3/raster_1771183787629.jpg', 14, NULL, 1775839978);
INSERT INTO cave_place_to_raster_map_definitions (id, x_coordinate, y_coordinate, cave_place_id, raster_map_id, created_at) VALUES (3425, 1481, 5033, 671, 242, 1775839978);
INSERT INTO cave_place_to_raster_map_definitions (id, x_coordinate, y_coordinate, cave_place_id, raster_map_id, created_at) VALUES (3426, 4662, 5497, 672, 242, 1775839978);
INSERT INTO cave_place_to_raster_map_definitions (id, x_coordinate, y_coordinate, cave_place_id, raster_map_id, created_at) VALUES (3427, 1752, 3389, 676, 242, 1775839978);
INSERT INTO cave_place_to_raster_map_definitions (id, x_coordinate, y_coordinate, cave_place_id, raster_map_id, created_at) VALUES (3428, 1567, 5910, 703, 242, 1775839978);
INSERT INTO cave_place_to_raster_map_definitions (id, x_coordinate, y_coordinate, cave_place_id, raster_map_id, created_at) VALUES (3429, 4133, 4693, 668, 242, 1775839978);
INSERT INTO cave_place_to_raster_map_definitions (id, x_coordinate, y_coordinate, cave_place_id, raster_map_id, created_at) VALUES (3430, 1258, 749, 677, 242, 1775839978);
INSERT INTO cave_place_to_raster_map_definitions (id, x_coordinate, y_coordinate, cave_place_id, raster_map_id, created_at) VALUES (3431, 456, 820, 693, 242, 1775839978);
INSERT INTO cave_place_to_raster_map_definitions (id, x_coordinate, y_coordinate, cave_place_id, raster_map_id, created_at) VALUES (3432, 656, 203, 686, 242, 1775839978);
INSERT INTO cave_place_to_raster_map_definitions (id, x_coordinate, y_coordinate, cave_place_id, raster_map_id, created_at) VALUES (3433, 1915, 3074, 675, 242, 1775839978);
INSERT INTO cave_place_to_raster_map_definitions (id, x_coordinate, y_coordinate, cave_place_id, raster_map_id, created_at) VALUES (3434, 291, 4088, 678, 242, 1775839978);
INSERT INTO cave_place_to_raster_map_definitions (id, x_coordinate, y_coordinate, cave_place_id, raster_map_id, created_at) VALUES (3435, 3918, 593, 682, 242, 1775839978);
INSERT INTO cave_place_to_raster_map_definitions (id, x_coordinate, y_coordinate, cave_place_id, raster_map_id, created_at) VALUES (3436, 5404, 1690, 704, 242, 1775839978);
INSERT INTO cave_place_to_raster_map_definitions (id, x_coordinate, y_coordinate, cave_place_id, raster_map_id, created_at) VALUES (3437, 4702, 1274, 664, 242, 1775839978);
INSERT INTO cave_place_to_raster_map_definitions (id, x_coordinate, y_coordinate, cave_place_id, raster_map_id, created_at) VALUES (3438, 5968, 4581, 705, 242, 1775839978);
INSERT INTO raster_maps (id, title, map_type, file_name, cave_id, cave_area_id, created_at) VALUES (243, 'Ponorul Nou_curatat.jpg [C25 #2] [C14 #3]', 'plane view', 'cave_2/raster_1771183787617.jpg', 14, 57, 1775839978);
INSERT INTO cave_place_to_raster_map_definitions (id, x_coordinate, y_coordinate, cave_place_id, raster_map_id, created_at) VALUES (3439, 5450, 27, 703, 243, 1775839978);
INSERT INTO cave_place_to_raster_map_definitions (id, x_coordinate, y_coordinate, cave_place_id, raster_map_id, created_at) VALUES (3440, 693, 5857, 658, 243, 1775839978);
INSERT INTO cave_place_to_raster_map_definitions (id, x_coordinate, y_coordinate, cave_place_id, raster_map_id, created_at) VALUES (3441, 678, 5580, 698, 243, 1775839978);
INSERT INTO cave_place_to_raster_map_definitions (id, x_coordinate, y_coordinate, cave_place_id, raster_map_id, created_at) VALUES (3442, 510, 5089, 661, 243, 1775839978);
INSERT INTO cave_place_to_raster_map_definitions (id, x_coordinate, y_coordinate, cave_place_id, raster_map_id, created_at) VALUES (3443, 2385, 1574, 683, 243, 1775839978);
INSERT INTO raster_maps (id, title, map_type, file_name, cave_id, cave_area_id, created_at) VALUES (244, 'cerna_ps_pn_pdp_plan_en_articol.jpg [C46 #1] [C14 #4]', 'plane view', 'cave_1/raster_1771183787584.jpg', 14, 57, 1775839978);
INSERT INTO cave_place_to_raster_map_definitions (id, x_coordinate, y_coordinate, cave_place_id, raster_map_id, created_at) VALUES (3444, 5574, 715, 675, 244, 1775839978);
INSERT INTO cave_place_to_raster_map_definitions (id, x_coordinate, y_coordinate, cave_place_id, raster_map_id, created_at) VALUES (3445, 3293, 3456, 668, 244, 1775839978);
INSERT INTO cave_place_to_raster_map_definitions (id, x_coordinate, y_coordinate, cave_place_id, raster_map_id, created_at) VALUES (3446, 5821, 2075, 702, 244, 1775839978);
INSERT INTO cave_place_to_raster_map_definitions (id, x_coordinate, y_coordinate, cave_place_id, raster_map_id, created_at) VALUES (3447, 1870, 3098, 676, 244, 1775839978);
INSERT INTO cave_place_to_raster_map_definitions (id, x_coordinate, y_coordinate, cave_place_id, raster_map_id, created_at) VALUES (3448, 2891, 4959, 673, 244, 1775839978);
INSERT INTO cave_place_to_raster_map_definitions (id, x_coordinate, y_coordinate, cave_place_id, raster_map_id, created_at) VALUES (3449, 2287, 4047, 663, 244, 1775839978);
INSERT INTO cave_place_to_raster_map_definitions (id, x_coordinate, y_coordinate, cave_place_id, raster_map_id, created_at) VALUES (3450, 3589, 1439, 662, 244, 1775839978);
INSERT INTO cave_place_to_raster_map_definitions (id, x_coordinate, y_coordinate, cave_place_id, raster_map_id, created_at) VALUES (3451, 5678, 3040, 660, 244, 1775839978);
INSERT INTO cave_place_to_raster_map_definitions (id, x_coordinate, y_coordinate, cave_place_id, raster_map_id, created_at) VALUES (3452, 664, 681, 666, 244, 1775839978);
INSERT INTO cave_place_to_raster_map_definitions (id, x_coordinate, y_coordinate, cave_place_id, raster_map_id, created_at) VALUES (3453, 3000, 1152, 694, 244, 1775839978);
INSERT INTO cave_place_to_raster_map_definitions (id, x_coordinate, y_coordinate, cave_place_id, raster_map_id, created_at) VALUES (3454, 1252, 287, 704, 244, 1775839978);
INSERT INTO cave_place_to_raster_map_definitions (id, x_coordinate, y_coordinate, cave_place_id, raster_map_id, created_at) VALUES (3455, 5352, 5151, 679, 244, 1775839978);
INSERT INTO cave_place_to_raster_map_definitions (id, x_coordinate, y_coordinate, cave_place_id, raster_map_id, created_at) VALUES (3456, 4389, 2847, 699, 244, 1775839978);
INSERT INTO cave_place_to_raster_map_definitions (id, x_coordinate, y_coordinate, cave_place_id, raster_map_id, created_at) VALUES (3457, 504, 5034, 681, 244, 1775839978);
INSERT INTO cave_place_to_raster_map_definitions (id, x_coordinate, y_coordinate, cave_place_id, raster_map_id, created_at) VALUES (3458, 3285, 3883, 658, 244, 1775839978);
INSERT INTO cave_place_to_raster_map_definitions (id, x_coordinate, y_coordinate, cave_place_id, raster_map_id, created_at) VALUES (3459, 844, 3618, 677, 244, 1775839978);
INSERT INTO cave_place_to_raster_map_definitions (id, x_coordinate, y_coordinate, cave_place_id, raster_map_id, created_at) VALUES (3460, 765, 5011, 669, 244, 1775839978);
INSERT INTO cave_place_to_raster_map_definitions (id, x_coordinate, y_coordinate, cave_place_id, raster_map_id, created_at) VALUES (3461, 5706, 2951, 700, 244, 1775839978);
INSERT INTO raster_maps (id, title, map_type, file_name, cave_id, cave_area_id, created_at) VALUES (245, 'geo_art_tirla_ps__harta_profil.png [C12 #1] [C14 #5]', 'plane view', 'cave_1/raster_1771183787593.png', 14, NULL, 1775839978);
INSERT INTO cave_place_to_raster_map_definitions (id, x_coordinate, y_coordinate, cave_place_id, raster_map_id, created_at) VALUES (3462, 5713, 3839, 681, 245, 1775839978);
INSERT INTO cave_place_to_raster_map_definitions (id, x_coordinate, y_coordinate, cave_place_id, raster_map_id, created_at) VALUES (3463, 2730, 4664, 705, 245, 1775839978);
INSERT INTO cave_place_to_raster_map_definitions (id, x_coordinate, y_coordinate, cave_place_id, raster_map_id, created_at) VALUES (3464, 3781, 2247, 662, 245, 1775839978);
INSERT INTO cave_place_to_raster_map_definitions (id, x_coordinate, y_coordinate, cave_place_id, raster_map_id, created_at) VALUES (3465, 5505, 2298, 679, 245, 1775839978);
INSERT INTO cave_place_to_raster_map_definitions (id, x_coordinate, y_coordinate, cave_place_id, raster_map_id, created_at) VALUES (3466, 5831, 1430, 663, 245, 1775839978);
INSERT INTO cave_place_to_raster_map_definitions (id, x_coordinate, y_coordinate, cave_place_id, raster_map_id, created_at) VALUES (3467, 5402, 538, 700, 245, 1775839978);
INSERT INTO cave_place_to_raster_map_definitions (id, x_coordinate, y_coordinate, cave_place_id, raster_map_id, created_at) VALUES (3468, 4399, 4083, 670, 245, 1775839978);
INSERT INTO cave_place_to_raster_map_definitions (id, x_coordinate, y_coordinate, cave_place_id, raster_map_id, created_at) VALUES (3469, 4611, 321, 665, 245, 1775839978);
INSERT INTO cave_place_to_raster_map_definitions (id, x_coordinate, y_coordinate, cave_place_id, raster_map_id, created_at) VALUES (3470, 5849, 121, 684, 245, 1775839978);
INSERT INTO cave_place_to_raster_map_definitions (id, x_coordinate, y_coordinate, cave_place_id, raster_map_id, created_at) VALUES (3471, 3666, 1828, 695, 245, 1775839978);
INSERT INTO cave_place_to_raster_map_definitions (id, x_coordinate, y_coordinate, cave_place_id, raster_map_id, created_at) VALUES (3472, 5698, 4217, 693, 245, 1775839978);
INSERT INTO cave_place_to_raster_map_definitions (id, x_coordinate, y_coordinate, cave_place_id, raster_map_id, created_at) VALUES (3473, 2016, 169, 689, 245, 1775839978);
INSERT INTO cave_place_to_raster_map_definitions (id, x_coordinate, y_coordinate, cave_place_id, raster_map_id, created_at) VALUES (3474, 1984, 1814, 667, 245, 1775839978);
INSERT INTO cave_place_to_raster_map_definitions (id, x_coordinate, y_coordinate, cave_place_id, raster_map_id, created_at) VALUES (3475, 3270, 2701, 698, 245, 1775839978);
INSERT INTO cave_place_to_raster_map_definitions (id, x_coordinate, y_coordinate, cave_place_id, raster_map_id, created_at) VALUES (3476, 4510, 4649, 664, 245, 1775839978);
INSERT INTO cave_place_to_raster_map_definitions (id, x_coordinate, y_coordinate, cave_place_id, raster_map_id, created_at) VALUES (3477, 5675, 4052, 677, 245, 1775839978);
INSERT INTO cave_place_to_raster_map_definitions (id, x_coordinate, y_coordinate, cave_place_id, raster_map_id, created_at) VALUES (3478, 3410, 4415, 678, 245, 1775839978);
INSERT INTO cave_place_to_raster_map_definitions (id, x_coordinate, y_coordinate, cave_place_id, raster_map_id, created_at) VALUES (3479, 4455, 914, 682, 245, 1775839978);
INSERT INTO cave_place_to_raster_map_definitions (id, x_coordinate, y_coordinate, cave_place_id, raster_map_id, created_at) VALUES (3480, 2426, 1044, 687, 245, 1775839978);
INSERT INTO raster_maps (id, title, map_type, file_name, cave_id, cave_area_id, created_at) VALUES (246, 'cerna_ps_pn_pdp_plan_en_articol.jpg [C47 #1] [C15 #1]', 'plane view', 'cave_1/raster_1771183787584.jpg', 15, 58, 1775839978);
INSERT INTO cave_place_to_raster_map_definitions (id, x_coordinate, y_coordinate, cave_place_id, raster_map_id, created_at) VALUES (3481, 3782, 5311, 722, 246, 1775839978);
INSERT INTO cave_place_to_raster_map_definitions (id, x_coordinate, y_coordinate, cave_place_id, raster_map_id, created_at) VALUES (3482, 3868, 1396, 736, 246, 1775839978);
INSERT INTO cave_place_to_raster_map_definitions (id, x_coordinate, y_coordinate, cave_place_id, raster_map_id, created_at) VALUES (3483, 1715, 2805, 760, 246, 1775839978);
INSERT INTO cave_place_to_raster_map_definitions (id, x_coordinate, y_coordinate, cave_place_id, raster_map_id, created_at) VALUES (3484, 2914, 5733, 770, 246, 1775839978);
INSERT INTO cave_place_to_raster_map_definitions (id, x_coordinate, y_coordinate, cave_place_id, raster_map_id, created_at) VALUES (3485, 1615, 1069, 744, 246, 1775839978);
INSERT INTO cave_place_to_raster_map_definitions (id, x_coordinate, y_coordinate, cave_place_id, raster_map_id, created_at) VALUES (3486, 1865, 4368, 707, 246, 1775839978);
INSERT INTO cave_place_to_raster_map_definitions (id, x_coordinate, y_coordinate, cave_place_id, raster_map_id, created_at) VALUES (3487, 3104, 1012, 706, 246, 1775839978);
INSERT INTO cave_place_to_raster_map_definitions (id, x_coordinate, y_coordinate, cave_place_id, raster_map_id, created_at) VALUES (3488, 3170, 5282, 721, 246, 1775839978);
INSERT INTO cave_place_to_raster_map_definitions (id, x_coordinate, y_coordinate, cave_place_id, raster_map_id, created_at) VALUES (3489, 183, 3576, 764, 246, 1775839978);
INSERT INTO cave_place_to_raster_map_definitions (id, x_coordinate, y_coordinate, cave_place_id, raster_map_id, created_at) VALUES (3490, 1462, 5854, 765, 246, 1775839978);
INSERT INTO cave_place_to_raster_map_definitions (id, x_coordinate, y_coordinate, cave_place_id, raster_map_id, created_at) VALUES (3491, 2978, 829, 719, 246, 1775839978);
INSERT INTO cave_place_to_raster_map_definitions (id, x_coordinate, y_coordinate, cave_place_id, raster_map_id, created_at) VALUES (3492, 4774, 4762, 752, 246, 1775839978);
INSERT INTO cave_place_to_raster_map_definitions (id, x_coordinate, y_coordinate, cave_place_id, raster_map_id, created_at) VALUES (3493, 3032, 3832, 766, 246, 1775839978);
INSERT INTO cave_place_to_raster_map_definitions (id, x_coordinate, y_coordinate, cave_place_id, raster_map_id, created_at) VALUES (3494, 1150, 1, 742, 246, 1775839978);
INSERT INTO cave_place_to_raster_map_definitions (id, x_coordinate, y_coordinate, cave_place_id, raster_map_id, created_at) VALUES (3495, 3207, 1145, 728, 246, 1775839978);
INSERT INTO cave_place_to_raster_map_definitions (id, x_coordinate, y_coordinate, cave_place_id, raster_map_id, created_at) VALUES (3496, 5284, 4617, 745, 246, 1775839978);
INSERT INTO cave_place_to_raster_map_definitions (id, x_coordinate, y_coordinate, cave_place_id, raster_map_id, created_at) VALUES (3497, 4467, 3338, 727, 246, 1775839978);
INSERT INTO raster_maps (id, title, map_type, file_name, cave_id, cave_area_id, created_at) VALUES (247, 'Ponorul Nou - zona intrare.jpg [C32 #3] [C15 #2]', 'plane view', 'cave_2/raster_1771183787599.jpg', 15, NULL, 1775839978);
INSERT INTO cave_place_to_raster_map_definitions (id, x_coordinate, y_coordinate, cave_place_id, raster_map_id, created_at) VALUES (3498, 2532, 3516, 749, 247, 1775839978);
INSERT INTO cave_place_to_raster_map_definitions (id, x_coordinate, y_coordinate, cave_place_id, raster_map_id, created_at) VALUES (3499, 5965, 2737, 715, 247, 1775839978);
INSERT INTO cave_place_to_raster_map_definitions (id, x_coordinate, y_coordinate, cave_place_id, raster_map_id, created_at) VALUES (3500, 5534, 2149, 707, 247, 1775839978);
INSERT INTO cave_place_to_raster_map_definitions (id, x_coordinate, y_coordinate, cave_place_id, raster_map_id, created_at) VALUES (3501, 5873, 4930, 741, 247, 1775839978);
INSERT INTO cave_place_to_raster_map_definitions (id, x_coordinate, y_coordinate, cave_place_id, raster_map_id, created_at) VALUES (3502, 951, 5230, 739, 247, 1775839978);
INSERT INTO cave_place_to_raster_map_definitions (id, x_coordinate, y_coordinate, cave_place_id, raster_map_id, created_at) VALUES (3503, 4670, 3062, 712, 247, 1775839978);
INSERT INTO cave_place_to_raster_map_definitions (id, x_coordinate, y_coordinate, cave_place_id, raster_map_id, created_at) VALUES (3504, 50, 2177, 713, 247, 1775839978);
INSERT INTO cave_place_to_raster_map_definitions (id, x_coordinate, y_coordinate, cave_place_id, raster_map_id, created_at) VALUES (3505, 1309, 4313, 758, 247, 1775839978);
INSERT INTO cave_place_to_raster_map_definitions (id, x_coordinate, y_coordinate, cave_place_id, raster_map_id, created_at) VALUES (3506, 1006, 1508, 772, 247, 1775839978);
INSERT INTO cave_place_to_raster_map_definitions (id, x_coordinate, y_coordinate, cave_place_id, raster_map_id, created_at) VALUES (3507, 3101, 5509, 709, 247, 1775839978);
INSERT INTO cave_place_to_raster_map_definitions (id, x_coordinate, y_coordinate, cave_place_id, raster_map_id, created_at) VALUES (3508, 4912, 5761, 742, 247, 1775839978);
INSERT INTO cave_place_to_raster_map_definitions (id, x_coordinate, y_coordinate, cave_place_id, raster_map_id, created_at) VALUES (3509, 624, 5097, 756, 247, 1775839978);
INSERT INTO cave_place_to_raster_map_definitions (id, x_coordinate, y_coordinate, cave_place_id, raster_map_id, created_at) VALUES (3510, 2120, 187, 755, 247, 1775839978);
INSERT INTO cave_place_to_raster_map_definitions (id, x_coordinate, y_coordinate, cave_place_id, raster_map_id, created_at) VALUES (3511, 5556, 2358, 752, 247, 1775839978);
INSERT INTO cave_place_to_raster_map_definitions (id, x_coordinate, y_coordinate, cave_place_id, raster_map_id, created_at) VALUES (3512, 4703, 2964, 770, 247, 1775839978);
INSERT INTO cave_place_to_raster_map_definitions (id, x_coordinate, y_coordinate, cave_place_id, raster_map_id, created_at) VALUES (3513, 3071, 981, 744, 247, 1775839978);
INSERT INTO cave_place_to_raster_map_definitions (id, x_coordinate, y_coordinate, cave_place_id, raster_map_id, created_at) VALUES (3514, 2193, 2482, 735, 247, 1775839978);
INSERT INTO cave_place_to_raster_map_definitions (id, x_coordinate, y_coordinate, cave_place_id, raster_map_id, created_at) VALUES (3515, 4453, 2921, 745, 247, 1775839978);
INSERT INTO cave_place_to_raster_map_definitions (id, x_coordinate, y_coordinate, cave_place_id, raster_map_id, created_at) VALUES (3516, 1170, 740, 764, 247, 1775839978);
INSERT INTO cave_place_to_raster_map_definitions (id, x_coordinate, y_coordinate, cave_place_id, raster_map_id, created_at) VALUES (3517, 832, 2050, 714, 247, 1775839978);
INSERT INTO cave_place_to_raster_map_definitions (id, x_coordinate, y_coordinate, cave_place_id, raster_map_id, created_at) VALUES (3518, 3787, 2451, 720, 247, 1775839978);
INSERT INTO cave_place_to_raster_map_definitions (id, x_coordinate, y_coordinate, cave_place_id, raster_map_id, created_at) VALUES (3519, 2810, 3428, 725, 247, 1775839978);
INSERT INTO raster_maps (id, title, map_type, file_name, cave_id, cave_area_id, created_at) VALUES (248, 'Ponorul Nou - zona intrare_nordata.jpg [C22 #3] [C15 #3]', 'plane view', 'cave_2/raster_1771183787610.jpg', 15, NULL, 1775839978);
INSERT INTO cave_place_to_raster_map_definitions (id, x_coordinate, y_coordinate, cave_place_id, raster_map_id, created_at) VALUES (3520, 575, 1691, 711, 248, 1775839978);
INSERT INTO cave_place_to_raster_map_definitions (id, x_coordinate, y_coordinate, cave_place_id, raster_map_id, created_at) VALUES (3521, 3566, 3756, 742, 248, 1775839978);
INSERT INTO cave_place_to_raster_map_definitions (id, x_coordinate, y_coordinate, cave_place_id, raster_map_id, created_at) VALUES (3522, 1853, 5356, 710, 248, 1775839978);
INSERT INTO cave_place_to_raster_map_definitions (id, x_coordinate, y_coordinate, cave_place_id, raster_map_id, created_at) VALUES (3523, 5727, 1284, 707, 248, 1775839978);
INSERT INTO cave_place_to_raster_map_definitions (id, x_coordinate, y_coordinate, cave_place_id, raster_map_id, created_at) VALUES (3524, 1867, 3620, 731, 248, 1775839978);
INSERT INTO cave_place_to_raster_map_definitions (id, x_coordinate, y_coordinate, cave_place_id, raster_map_id, created_at) VALUES (3525, 1046, 1217, 724, 248, 1775839978);
INSERT INTO cave_place_to_raster_map_definitions (id, x_coordinate, y_coordinate, cave_place_id, raster_map_id, created_at) VALUES (3526, 5500, 2696, 762, 248, 1775839978);
INSERT INTO cave_place_to_raster_map_definitions (id, x_coordinate, y_coordinate, cave_place_id, raster_map_id, created_at) VALUES (3527, 1981, 197, 760, 248, 1775839978);
INSERT INTO cave_place_to_raster_map_definitions (id, x_coordinate, y_coordinate, cave_place_id, raster_map_id, created_at) VALUES (3528, 1019, 109, 728, 248, 1775839978);
INSERT INTO cave_place_to_raster_map_definitions (id, x_coordinate, y_coordinate, cave_place_id, raster_map_id, created_at) VALUES (3529, 5152, 5216, 757, 248, 1775839978);
INSERT INTO cave_place_to_raster_map_definitions (id, x_coordinate, y_coordinate, cave_place_id, raster_map_id, created_at) VALUES (3530, 449, 2832, 739, 248, 1775839978);
INSERT INTO cave_place_to_raster_map_definitions (id, x_coordinate, y_coordinate, cave_place_id, raster_map_id, created_at) VALUES (3531, 1800, 1321, 748, 248, 1775839978);
INSERT INTO cave_place_to_raster_map_definitions (id, x_coordinate, y_coordinate, cave_place_id, raster_map_id, created_at) VALUES (3532, 5959, 4766, 721, 248, 1775839978);
INSERT INTO cave_place_to_raster_map_definitions (id, x_coordinate, y_coordinate, cave_place_id, raster_map_id, created_at) VALUES (3533, 5134, 975, 744, 248, 1775839978);
INSERT INTO cave_place_to_raster_map_definitions (id, x_coordinate, y_coordinate, cave_place_id, raster_map_id, created_at) VALUES (3534, 3463, 17, 763, 248, 1775839978);
INSERT INTO cave_place_to_raster_map_definitions (id, x_coordinate, y_coordinate, cave_place_id, raster_map_id, created_at) VALUES (3535, 2499, 499, 738, 248, 1775839978);
INSERT INTO cave_place_to_raster_map_definitions (id, x_coordinate, y_coordinate, cave_place_id, raster_map_id, created_at) VALUES (3536, 1312, 715, 717, 248, 1775839978);
INSERT INTO cave_place_to_raster_map_definitions (id, x_coordinate, y_coordinate, cave_place_id, raster_map_id, created_at) VALUES (3537, 1462, 1104, 769, 248, 1775839978);
INSERT INTO cave_place_to_raster_map_definitions (id, x_coordinate, y_coordinate, cave_place_id, raster_map_id, created_at) VALUES (3538, 5761, 4745, 745, 248, 1775839978);
INSERT INTO cave_place_to_raster_map_definitions (id, x_coordinate, y_coordinate, cave_place_id, raster_map_id, created_at) VALUES (3539, 812, 4944, 736, 248, 1775839978);
INSERT INTO cave_place_to_raster_map_definitions (id, x_coordinate, y_coordinate, cave_place_id, raster_map_id, created_at) VALUES (3540, 1788, 4273, 747, 248, 1775839978);
INSERT INTO cave_place_to_raster_map_definitions (id, x_coordinate, y_coordinate, cave_place_id, raster_map_id, created_at) VALUES (3541, 3064, 2193, 734, 248, 1775839978);
INSERT INTO cave_place_to_raster_map_definitions (id, x_coordinate, y_coordinate, cave_place_id, raster_map_id, created_at) VALUES (3542, 2406, 1062, 714, 248, 1775839978);
INSERT INTO cave_place_to_raster_map_definitions (id, x_coordinate, y_coordinate, cave_place_id, raster_map_id, created_at) VALUES (3543, 299, 2202, 767, 248, 1775839978);
INSERT INTO cave_place_to_raster_map_definitions (id, x_coordinate, y_coordinate, cave_place_id, raster_map_id, created_at) VALUES (3544, 950, 3780, 730, 248, 1775839978);
INSERT INTO cave_place_to_raster_map_definitions (id, x_coordinate, y_coordinate, cave_place_id, raster_map_id, created_at) VALUES (3545, 2076, 2384, 720, 248, 1775839978);
INSERT INTO raster_maps (id, title, map_type, file_name, cave_id, cave_area_id, created_at) VALUES (249, '1997 Harta P.Gaura cu Vajgau 2.jpg [C59 #2] [C16 #1]', 'plane view', 'cave_3/raster_1771183787629.jpg', 16, NULL, 1775839978);
INSERT INTO cave_place_to_raster_map_definitions (id, x_coordinate, y_coordinate, cave_place_id, raster_map_id, created_at) VALUES (3546, 2054, 987, 808, 249, 1775839978);
INSERT INTO cave_place_to_raster_map_definitions (id, x_coordinate, y_coordinate, cave_place_id, raster_map_id, created_at) VALUES (3547, 5370, 3395, 800, 249, 1775839978);
INSERT INTO cave_place_to_raster_map_definitions (id, x_coordinate, y_coordinate, cave_place_id, raster_map_id, created_at) VALUES (3548, 2047, 3270, 832, 249, 1775839978);
INSERT INTO cave_place_to_raster_map_definitions (id, x_coordinate, y_coordinate, cave_place_id, raster_map_id, created_at) VALUES (3549, 429, 1574, 793, 249, 1775839978);
INSERT INTO cave_place_to_raster_map_definitions (id, x_coordinate, y_coordinate, cave_place_id, raster_map_id, created_at) VALUES (3550, 1992, 2282, 798, 249, 1775839978);
INSERT INTO cave_place_to_raster_map_definitions (id, x_coordinate, y_coordinate, cave_place_id, raster_map_id, created_at) VALUES (3551, 5466, 1681, 801, 249, 1775839978);
INSERT INTO cave_place_to_raster_map_definitions (id, x_coordinate, y_coordinate, cave_place_id, raster_map_id, created_at) VALUES (3552, 2928, 4050, 817, 249, 1775839978);
INSERT INTO cave_place_to_raster_map_definitions (id, x_coordinate, y_coordinate, cave_place_id, raster_map_id, created_at) VALUES (3553, 5245, 4619, 831, 249, 1775839978);
INSERT INTO cave_place_to_raster_map_definitions (id, x_coordinate, y_coordinate, cave_place_id, raster_map_id, created_at) VALUES (3554, 5978, 2371, 814, 249, 1775839978);
INSERT INTO cave_place_to_raster_map_definitions (id, x_coordinate, y_coordinate, cave_place_id, raster_map_id, created_at) VALUES (3555, 5917, 4698, 780, 249, 1775839978);
INSERT INTO cave_place_to_raster_map_definitions (id, x_coordinate, y_coordinate, cave_place_id, raster_map_id, created_at) VALUES (3556, 2474, 4447, 796, 249, 1775839978);
INSERT INTO cave_place_to_raster_map_definitions (id, x_coordinate, y_coordinate, cave_place_id, raster_map_id, created_at) VALUES (3557, 5065, 2451, 816, 249, 1775839978);
INSERT INTO cave_place_to_raster_map_definitions (id, x_coordinate, y_coordinate, cave_place_id, raster_map_id, created_at) VALUES (3558, 2483, 4817, 824, 249, 1775839978);
INSERT INTO cave_place_to_raster_map_definitions (id, x_coordinate, y_coordinate, cave_place_id, raster_map_id, created_at) VALUES (3559, 1491, 4258, 809, 249, 1775839978);
INSERT INTO cave_place_to_raster_map_definitions (id, x_coordinate, y_coordinate, cave_place_id, raster_map_id, created_at) VALUES (3560, 867, 4326, 779, 249, 1775839978);
INSERT INTO cave_place_to_raster_map_definitions (id, x_coordinate, y_coordinate, cave_place_id, raster_map_id, created_at) VALUES (3561, 4761, 5904, 833, 249, 1775839978);
INSERT INTO cave_place_to_raster_map_definitions (id, x_coordinate, y_coordinate, cave_place_id, raster_map_id, created_at) VALUES (3562, 977, 523, 820, 249, 1775839978);
INSERT INTO cave_place_to_raster_map_definitions (id, x_coordinate, y_coordinate, cave_place_id, raster_map_id, created_at) VALUES (3563, 1947, 931, 821, 249, 1775839978);
INSERT INTO cave_place_to_raster_map_definitions (id, x_coordinate, y_coordinate, cave_place_id, raster_map_id, created_at) VALUES (3564, 1802, 2042, 792, 249, 1775839978);
INSERT INTO cave_place_to_raster_map_definitions (id, x_coordinate, y_coordinate, cave_place_id, raster_map_id, created_at) VALUES (3565, 3023, 4518, 803, 249, 1775839978);
INSERT INTO cave_place_to_raster_map_definitions (id, x_coordinate, y_coordinate, cave_place_id, raster_map_id, created_at) VALUES (3566, 4032, 1209, 795, 249, 1775839978);
INSERT INTO cave_place_to_raster_map_definitions (id, x_coordinate, y_coordinate, cave_place_id, raster_map_id, created_at) VALUES (3567, 3581, 5097, 815, 249, 1775839978);
INSERT INTO cave_place_to_raster_map_definitions (id, x_coordinate, y_coordinate, cave_place_id, raster_map_id, created_at) VALUES (3568, 1872, 4753, 789, 249, 1775839978);
INSERT INTO cave_place_to_raster_map_definitions (id, x_coordinate, y_coordinate, cave_place_id, raster_map_id, created_at) VALUES (3569, 3868, 3079, 787, 249, 1775839978);
INSERT INTO cave_place_to_raster_map_definitions (id, x_coordinate, y_coordinate, cave_place_id, raster_map_id, created_at) VALUES (3570, 3561, 4306, 813, 249, 1775839978);
INSERT INTO cave_place_to_raster_map_definitions (id, x_coordinate, y_coordinate, cave_place_id, raster_map_id, created_at) VALUES (3571, 1756, 1507, 794, 249, 1775839978);
INSERT INTO cave_place_to_raster_map_definitions (id, x_coordinate, y_coordinate, cave_place_id, raster_map_id, created_at) VALUES (3572, 4633, 5798, 774, 249, 1775839978);
INSERT INTO cave_place_to_raster_map_definitions (id, x_coordinate, y_coordinate, cave_place_id, raster_map_id, created_at) VALUES (3573, 3723, 746, 775, 249, 1775839978);
INSERT INTO raster_maps (id, title, map_type, file_name, cave_id, cave_area_id, created_at) VALUES (250, '1997 Harta P.Gaura cu Vajgau 2.jpg [C27 #2] [C16 #2]', 'plane view', 'cave_3/raster_1771183787629.jpg', 16, 62, 1775839978);
INSERT INTO cave_place_to_raster_map_definitions (id, x_coordinate, y_coordinate, cave_place_id, raster_map_id, created_at) VALUES (3574, 175, 3403, 786, 250, 1775839978);
INSERT INTO cave_place_to_raster_map_definitions (id, x_coordinate, y_coordinate, cave_place_id, raster_map_id, created_at) VALUES (3575, 908, 5622, 820, 250, 1775839978);
INSERT INTO cave_place_to_raster_map_definitions (id, x_coordinate, y_coordinate, cave_place_id, raster_map_id, created_at) VALUES (3576, 219, 1098, 775, 250, 1775839978);
INSERT INTO cave_place_to_raster_map_definitions (id, x_coordinate, y_coordinate, cave_place_id, raster_map_id, created_at) VALUES (3577, 2283, 2107, 778, 250, 1775839978);
INSERT INTO cave_place_to_raster_map_definitions (id, x_coordinate, y_coordinate, cave_place_id, raster_map_id, created_at) VALUES (3578, 397, 1623, 833, 250, 1775839978);
INSERT INTO cave_place_to_raster_map_definitions (id, x_coordinate, y_coordinate, cave_place_id, raster_map_id, created_at) VALUES (3579, 4737, 2001, 804, 250, 1775839978);
INSERT INTO cave_place_to_raster_map_definitions (id, x_coordinate, y_coordinate, cave_place_id, raster_map_id, created_at) VALUES (3580, 5463, 908, 802, 250, 1775839978);
INSERT INTO cave_place_to_raster_map_definitions (id, x_coordinate, y_coordinate, cave_place_id, raster_map_id, created_at) VALUES (3581, 4368, 5208, 834, 250, 1775839978);
INSERT INTO cave_place_to_raster_map_definitions (id, x_coordinate, y_coordinate, cave_place_id, raster_map_id, created_at) VALUES (3582, 5026, 5223, 809, 250, 1775839978);
INSERT INTO cave_place_to_raster_map_definitions (id, x_coordinate, y_coordinate, cave_place_id, raster_map_id, created_at) VALUES (3583, 5888, 606, 807, 250, 1775839978);
INSERT INTO cave_place_to_raster_map_definitions (id, x_coordinate, y_coordinate, cave_place_id, raster_map_id, created_at) VALUES (3584, 4857, 4915, 830, 250, 1775839978);
INSERT INTO cave_place_to_raster_map_definitions (id, x_coordinate, y_coordinate, cave_place_id, raster_map_id, created_at) VALUES (3585, 2650, 2288, 779, 250, 1775839978);
INSERT INTO cave_place_to_raster_map_definitions (id, x_coordinate, y_coordinate, cave_place_id, raster_map_id, created_at) VALUES (3586, 371, 1260, 798, 250, 1775839978);
INSERT INTO cave_place_to_raster_map_definitions (id, x_coordinate, y_coordinate, cave_place_id, raster_map_id, created_at) VALUES (3587, 1810, 1925, 789, 250, 1775839978);
INSERT INTO cave_place_to_raster_map_definitions (id, x_coordinate, y_coordinate, cave_place_id, raster_map_id, created_at) VALUES (3588, 3864, 4817, 776, 250, 1775839978);
INSERT INTO cave_place_to_raster_map_definitions (id, x_coordinate, y_coordinate, cave_place_id, raster_map_id, created_at) VALUES (3589, 212, 2761, 828, 250, 1775839978);
INSERT INTO cave_place_to_raster_map_definitions (id, x_coordinate, y_coordinate, cave_place_id, raster_map_id, created_at) VALUES (3590, 2870, 2450, 800, 250, 1775839978);
INSERT INTO cave_place_to_raster_map_definitions (id, x_coordinate, y_coordinate, cave_place_id, raster_map_id, created_at) VALUES (3591, 399, 1379, 821, 250, 1775839978);
INSERT INTO cave_place_to_raster_map_definitions (id, x_coordinate, y_coordinate, cave_place_id, raster_map_id, created_at) VALUES (3592, 597, 2363, 780, 250, 1775839978);
INSERT INTO cave_place_to_raster_map_definitions (id, x_coordinate, y_coordinate, cave_place_id, raster_map_id, created_at) VALUES (3593, 3889, 4253, 792, 250, 1775839978);
INSERT INTO cave_place_to_raster_map_definitions (id, x_coordinate, y_coordinate, cave_place_id, raster_map_id, created_at) VALUES (3594, 4625, 102, 819, 250, 1775839978);
INSERT INTO raster_maps (id, title, map_type, file_name, cave_id, cave_area_id, created_at) VALUES (251, '1997 Harta P.Gaura cu Vajgau 2.jpg [C27 #2] [C16 #3]', 'plane view', 'cave_3/raster_1771183787629.jpg', 16, NULL, 1775839978);
INSERT INTO cave_place_to_raster_map_definitions (id, x_coordinate, y_coordinate, cave_place_id, raster_map_id, created_at) VALUES (3595, 1338, 1187, 816, 251, 1775839978);
INSERT INTO cave_place_to_raster_map_definitions (id, x_coordinate, y_coordinate, cave_place_id, raster_map_id, created_at) VALUES (3596, 1879, 2525, 817, 251, 1775839978);
INSERT INTO cave_place_to_raster_map_definitions (id, x_coordinate, y_coordinate, cave_place_id, raster_map_id, created_at) VALUES (3597, 5391, 4337, 789, 251, 1775839978);
INSERT INTO cave_place_to_raster_map_definitions (id, x_coordinate, y_coordinate, cave_place_id, raster_map_id, created_at) VALUES (3598, 3232, 4727, 784, 251, 1775839978);
INSERT INTO cave_place_to_raster_map_definitions (id, x_coordinate, y_coordinate, cave_place_id, raster_map_id, created_at) VALUES (3599, 2260, 1720, 780, 251, 1775839978);
INSERT INTO cave_place_to_raster_map_definitions (id, x_coordinate, y_coordinate, cave_place_id, raster_map_id, created_at) VALUES (3600, 2774, 4273, 828, 251, 1775839978);
INSERT INTO cave_place_to_raster_map_definitions (id, x_coordinate, y_coordinate, cave_place_id, raster_map_id, created_at) VALUES (3601, 1679, 1278, 790, 251, 1775839978);
INSERT INTO cave_place_to_raster_map_definitions (id, x_coordinate, y_coordinate, cave_place_id, raster_map_id, created_at) VALUES (3602, 3411, 3278, 792, 251, 1775839978);
INSERT INTO cave_place_to_raster_map_definitions (id, x_coordinate, y_coordinate, cave_place_id, raster_map_id, created_at) VALUES (3603, 2209, 4371, 818, 251, 1775839978);
INSERT INTO cave_place_to_raster_map_definitions (id, x_coordinate, y_coordinate, cave_place_id, raster_map_id, created_at) VALUES (3604, 818, 1792, 785, 251, 1775839978);
INSERT INTO cave_place_to_raster_map_definitions (id, x_coordinate, y_coordinate, cave_place_id, raster_map_id, created_at) VALUES (3605, 4046, 4331, 798, 251, 1775839978);
INSERT INTO cave_place_to_raster_map_definitions (id, x_coordinate, y_coordinate, cave_place_id, raster_map_id, created_at) VALUES (3606, 4751, 804, 827, 251, 1775839978);
INSERT INTO cave_place_to_raster_map_definitions (id, x_coordinate, y_coordinate, cave_place_id, raster_map_id, created_at) VALUES (3607, 2837, 4088, 832, 251, 1775839978);
INSERT INTO cave_place_to_raster_map_definitions (id, x_coordinate, y_coordinate, cave_place_id, raster_map_id, created_at) VALUES (3608, 2198, 3582, 796, 251, 1775839978);
INSERT INTO cave_place_to_raster_map_definitions (id, x_coordinate, y_coordinate, cave_place_id, raster_map_id, created_at) VALUES (3609, 2650, 2051, 823, 251, 1775839978);
INSERT INTO cave_place_to_raster_map_definitions (id, x_coordinate, y_coordinate, cave_place_id, raster_map_id, created_at) VALUES (3610, 2598, 2258, 812, 251, 1775839978);
INSERT INTO cave_place_to_raster_map_definitions (id, x_coordinate, y_coordinate, cave_place_id, raster_map_id, created_at) VALUES (3611, 5170, 2972, 777, 251, 1775839978);
INSERT INTO cave_place_to_raster_map_definitions (id, x_coordinate, y_coordinate, cave_place_id, raster_map_id, created_at) VALUES (3612, 123, 4634, 782, 251, 1775839978);
INSERT INTO cave_place_to_raster_map_definitions (id, x_coordinate, y_coordinate, cave_place_id, raster_map_id, created_at) VALUES (3613, 1401, 3032, 774, 251, 1775839978);
INSERT INTO cave_place_to_raster_map_definitions (id, x_coordinate, y_coordinate, cave_place_id, raster_map_id, created_at) VALUES (3614, 133, 5187, 811, 251, 1775839978);
INSERT INTO cave_place_to_raster_map_definitions (id, x_coordinate, y_coordinate, cave_place_id, raster_map_id, created_at) VALUES (3615, 954, 3512, 821, 251, 1775839978);
INSERT INTO cave_place_to_raster_map_definitions (id, x_coordinate, y_coordinate, cave_place_id, raster_map_id, created_at) VALUES (3616, 1847, 1233, 794, 251, 1775839978);
INSERT INTO cave_place_to_raster_map_definitions (id, x_coordinate, y_coordinate, cave_place_id, raster_map_id, created_at) VALUES (3617, 5350, 5407, 786, 251, 1775839978);
INSERT INTO cave_place_to_raster_map_definitions (id, x_coordinate, y_coordinate, cave_place_id, raster_map_id, created_at) VALUES (3618, 97, 96, 820, 251, 1775839978);
INSERT INTO cave_place_to_raster_map_definitions (id, x_coordinate, y_coordinate, cave_place_id, raster_map_id, created_at) VALUES (3619, 3232, 2435, 779, 251, 1775839978);
INSERT INTO cave_place_to_raster_map_definitions (id, x_coordinate, y_coordinate, cave_place_id, raster_map_id, created_at) VALUES (3620, 754, 723, 808, 251, 1775839978);
INSERT INTO raster_maps (id, title, map_type, file_name, cave_id, cave_area_id, created_at) VALUES (252, 'ps_20250107_explorari_plan_fundal_negru.jpg [C53 #3] [C16 #4]', 'plane view', 'cave_1/raster_1771183787549.jpg', 16, NULL, 1775839978);
INSERT INTO cave_place_to_raster_map_definitions (id, x_coordinate, y_coordinate, cave_place_id, raster_map_id, created_at) VALUES (3621, 3796, 1240, 828, 252, 1775839978);
INSERT INTO cave_place_to_raster_map_definitions (id, x_coordinate, y_coordinate, cave_place_id, raster_map_id, created_at) VALUES (3622, 753, 3140, 821, 252, 1775839978);
INSERT INTO cave_place_to_raster_map_definitions (id, x_coordinate, y_coordinate, cave_place_id, raster_map_id, created_at) VALUES (3623, 5593, 366, 790, 252, 1775839978);
INSERT INTO cave_place_to_raster_map_definitions (id, x_coordinate, y_coordinate, cave_place_id, raster_map_id, created_at) VALUES (3624, 341, 3229, 834, 252, 1775839978);
INSERT INTO cave_place_to_raster_map_definitions (id, x_coordinate, y_coordinate, cave_place_id, raster_map_id, created_at) VALUES (3625, 5193, 5634, 784, 252, 1775839978);
INSERT INTO cave_place_to_raster_map_definitions (id, x_coordinate, y_coordinate, cave_place_id, raster_map_id, created_at) VALUES (3626, 115, 2589, 820, 252, 1775839978);
INSERT INTO cave_place_to_raster_map_definitions (id, x_coordinate, y_coordinate, cave_place_id, raster_map_id, created_at) VALUES (3627, 4768, 4311, 788, 252, 1775839978);
INSERT INTO cave_place_to_raster_map_definitions (id, x_coordinate, y_coordinate, cave_place_id, raster_map_id, created_at) VALUES (3628, 3801, 5118, 797, 252, 1775839978);
INSERT INTO cave_place_to_raster_map_definitions (id, x_coordinate, y_coordinate, cave_place_id, raster_map_id, created_at) VALUES (3629, 2095, 2144, 806, 252, 1775839978);
INSERT INTO cave_place_to_raster_map_definitions (id, x_coordinate, y_coordinate, cave_place_id, raster_map_id, created_at) VALUES (3630, 145, 2614, 811, 252, 1775839978);
INSERT INTO cave_place_to_raster_map_definitions (id, x_coordinate, y_coordinate, cave_place_id, raster_map_id, created_at) VALUES (3631, 1038, 5174, 775, 252, 1775839978);
INSERT INTO cave_place_to_raster_map_definitions (id, x_coordinate, y_coordinate, cave_place_id, raster_map_id, created_at) VALUES (3632, 278, 5778, 781, 252, 1775839978);
INSERT INTO cave_place_to_raster_map_definitions (id, x_coordinate, y_coordinate, cave_place_id, raster_map_id, created_at) VALUES (3633, 5697, 1054, 787, 252, 1775839978);
INSERT INTO cave_place_to_raster_map_definitions (id, x_coordinate, y_coordinate, cave_place_id, raster_map_id, created_at) VALUES (3634, 3494, 767, 779, 252, 1775839978);
INSERT INTO cave_place_to_raster_map_definitions (id, x_coordinate, y_coordinate, cave_place_id, raster_map_id, created_at) VALUES (3635, 1484, 2616, 799, 252, 1775839978);
INSERT INTO cave_place_to_raster_map_definitions (id, x_coordinate, y_coordinate, cave_place_id, raster_map_id, created_at) VALUES (3636, 3164, 1954, 804, 252, 1775839978);
INSERT INTO cave_place_to_raster_map_definitions (id, x_coordinate, y_coordinate, cave_place_id, raster_map_id, created_at) VALUES (3637, 4191, 2628, 796, 252, 1775839978);
INSERT INTO cave_place_to_raster_map_definitions (id, x_coordinate, y_coordinate, cave_place_id, raster_map_id, created_at) VALUES (3638, 3044, 2217, 802, 252, 1775839978);
INSERT INTO cave_place_to_raster_map_definitions (id, x_coordinate, y_coordinate, cave_place_id, raster_map_id, created_at) VALUES (3639, 74, 1597, 831, 252, 1775839978);
INSERT INTO cave_place_to_raster_map_definitions (id, x_coordinate, y_coordinate, cave_place_id, raster_map_id, created_at) VALUES (3640, 2658, 4560, 825, 252, 1775839978);
INSERT INTO cave_place_to_raster_map_definitions (id, x_coordinate, y_coordinate, cave_place_id, raster_map_id, created_at) VALUES (3641, 3356, 2066, 803, 252, 1775839978);
INSERT INTO cave_place_to_raster_map_definitions (id, x_coordinate, y_coordinate, cave_place_id, raster_map_id, created_at) VALUES (3642, 2929, 605, 816, 252, 1775839978);
INSERT INTO cave_place_to_raster_map_definitions (id, x_coordinate, y_coordinate, cave_place_id, raster_map_id, created_at) VALUES (3643, 4717, 763, 782, 252, 1775839978);
INSERT INTO cave_place_to_raster_map_definitions (id, x_coordinate, y_coordinate, cave_place_id, raster_map_id, created_at) VALUES (3644, 5936, 4882, 791, 252, 1775839978);
INSERT INTO cave_place_to_raster_map_definitions (id, x_coordinate, y_coordinate, cave_place_id, raster_map_id, created_at) VALUES (3645, 472, 1468, 815, 252, 1775839978);
INSERT INTO raster_maps (id, title, map_type, file_name, cave_id, cave_area_id, created_at) VALUES (253, 'ps_profil_proiectat_ortogonal_est_vest_fundalalb.png [C43 #1] [C16 #5]', 'plane view', 'cave_1/raster_1771183787575.png', 16, 62, 1775839978);
INSERT INTO cave_place_to_raster_map_definitions (id, x_coordinate, y_coordinate, cave_place_id, raster_map_id, created_at) VALUES (3646, 322, 3506, 816, 253, 1775839978);
INSERT INTO cave_place_to_raster_map_definitions (id, x_coordinate, y_coordinate, cave_place_id, raster_map_id, created_at) VALUES (3647, 1089, 4573, 815, 253, 1775839978);
INSERT INTO cave_place_to_raster_map_definitions (id, x_coordinate, y_coordinate, cave_place_id, raster_map_id, created_at) VALUES (3648, 3879, 1265, 791, 253, 1775839978);
INSERT INTO cave_place_to_raster_map_definitions (id, x_coordinate, y_coordinate, cave_place_id, raster_map_id, created_at) VALUES (3649, 1028, 1393, 778, 253, 1775839978);
INSERT INTO cave_place_to_raster_map_definitions (id, x_coordinate, y_coordinate, cave_place_id, raster_map_id, created_at) VALUES (3650, 2241, 1899, 799, 253, 1775839978);
INSERT INTO cave_place_to_raster_map_definitions (id, x_coordinate, y_coordinate, cave_place_id, raster_map_id, created_at) VALUES (3651, 1632, 1238, 813, 253, 1775839978);
INSERT INTO cave_place_to_raster_map_definitions (id, x_coordinate, y_coordinate, cave_place_id, raster_map_id, created_at) VALUES (3652, 1703, 406, 834, 253, 1775839978);
INSERT INTO cave_place_to_raster_map_definitions (id, x_coordinate, y_coordinate, cave_place_id, raster_map_id, created_at) VALUES (3653, 5906, 1712, 795, 253, 1775839978);
INSERT INTO cave_place_to_raster_map_definitions (id, x_coordinate, y_coordinate, cave_place_id, raster_map_id, created_at) VALUES (3654, 1453, 1186, 782, 253, 1775839978);
INSERT INTO cave_place_to_raster_map_definitions (id, x_coordinate, y_coordinate, cave_place_id, raster_map_id, created_at) VALUES (3655, 2032, 4874, 780, 253, 1775839978);
INSERT INTO cave_place_to_raster_map_definitions (id, x_coordinate, y_coordinate, cave_place_id, raster_map_id, created_at) VALUES (3656, 3672, 5808, 833, 253, 1775839978);
INSERT INTO cave_place_to_raster_map_definitions (id, x_coordinate, y_coordinate, cave_place_id, raster_map_id, created_at) VALUES (3657, 5555, 2115, 820, 253, 1775839978);
INSERT INTO cave_place_to_raster_map_definitions (id, x_coordinate, y_coordinate, cave_place_id, raster_map_id, created_at) VALUES (3658, 932, 5824, 776, 253, 1775839978);
INSERT INTO cave_place_to_raster_map_definitions (id, x_coordinate, y_coordinate, cave_place_id, raster_map_id, created_at) VALUES (3659, 4962, 3664, 829, 253, 1775839978);
INSERT INTO cave_place_to_raster_map_definitions (id, x_coordinate, y_coordinate, cave_place_id, raster_map_id, created_at) VALUES (3660, 4465, 4014, 793, 253, 1775839978);
INSERT INTO cave_place_to_raster_map_definitions (id, x_coordinate, y_coordinate, cave_place_id, raster_map_id, created_at) VALUES (3661, 1275, 1521, 825, 253, 1775839978);
INSERT INTO cave_place_to_raster_map_definitions (id, x_coordinate, y_coordinate, cave_place_id, raster_map_id, created_at) VALUES (3662, 3325, 5474, 807, 253, 1775839978);
INSERT INTO cave_place_to_raster_map_definitions (id, x_coordinate, y_coordinate, cave_place_id, raster_map_id, created_at) VALUES (3663, 5434, 1920, 814, 253, 1775839978);
INSERT INTO cave_place_to_raster_map_definitions (id, x_coordinate, y_coordinate, cave_place_id, raster_map_id, created_at) VALUES (3664, 1969, 4081, 821, 253, 1775839978);
INSERT INTO cave_place_to_raster_map_definitions (id, x_coordinate, y_coordinate, cave_place_id, raster_map_id, created_at) VALUES (3665, 725, 1172, 804, 253, 1775839978);
INSERT INTO cave_place_to_raster_map_definitions (id, x_coordinate, y_coordinate, cave_place_id, raster_map_id, created_at) VALUES (3666, 2316, 2099, 812, 253, 1775839978);
INSERT INTO cave_place_to_raster_map_definitions (id, x_coordinate, y_coordinate, cave_place_id, raster_map_id, created_at) VALUES (3667, 178, 4836, 796, 253, 1775839978);
INSERT INTO cave_place_to_raster_map_definitions (id, x_coordinate, y_coordinate, cave_place_id, raster_map_id, created_at) VALUES (3668, 2626, 3968, 801, 253, 1775839978);
INSERT INTO cave_place_to_raster_map_definitions (id, x_coordinate, y_coordinate, cave_place_id, raster_map_id, created_at) VALUES (3669, 1027, 4837, 797, 253, 1775839978);
INSERT INTO cave_place_to_raster_map_definitions (id, x_coordinate, y_coordinate, cave_place_id, raster_map_id, created_at) VALUES (3670, 3596, 5051, 792, 253, 1775839978);
INSERT INTO cave_place_to_raster_map_definitions (id, x_coordinate, y_coordinate, cave_place_id, raster_map_id, created_at) VALUES (3671, 5776, 759, 790, 253, 1775839978);
INSERT INTO cave_place_to_raster_map_definitions (id, x_coordinate, y_coordinate, cave_place_id, raster_map_id, created_at) VALUES (3672, 2389, 2178, 787, 253, 1775839978);
INSERT INTO cave_place_to_raster_map_definitions (id, x_coordinate, y_coordinate, cave_place_id, raster_map_id, created_at) VALUES (3673, 4003, 815, 805, 253, 1775839978);
INSERT INTO cave_place_to_raster_map_definitions (id, x_coordinate, y_coordinate, cave_place_id, raster_map_id, created_at) VALUES (3674, 4187, 4511, 800, 253, 1775839978);
INSERT INTO raster_maps (id, title, map_type, file_name, cave_id, cave_area_id, created_at) VALUES (254, 'ps_profil_proiectat_ortogonal_est_vest_fundalalb.png [C35 #4] [C17 #1]', 'plane view', 'cave_1/raster_1771183787575.png', 17, NULL, 1775839978);
INSERT INTO cave_place_to_raster_map_definitions (id, x_coordinate, y_coordinate, cave_place_id, raster_map_id, created_at) VALUES (3675, 495, 970, 854, 254, 1775839978);
INSERT INTO cave_place_to_raster_map_definitions (id, x_coordinate, y_coordinate, cave_place_id, raster_map_id, created_at) VALUES (3676, 4697, 1829, 851, 254, 1775839978);
INSERT INTO cave_place_to_raster_map_definitions (id, x_coordinate, y_coordinate, cave_place_id, raster_map_id, created_at) VALUES (3677, 3225, 2889, 895, 254, 1775839978);
INSERT INTO cave_place_to_raster_map_definitions (id, x_coordinate, y_coordinate, cave_place_id, raster_map_id, created_at) VALUES (3678, 5989, 2837, 862, 254, 1775839978);
INSERT INTO cave_place_to_raster_map_definitions (id, x_coordinate, y_coordinate, cave_place_id, raster_map_id, created_at) VALUES (3679, 4605, 5487, 877, 254, 1775839978);
INSERT INTO cave_place_to_raster_map_definitions (id, x_coordinate, y_coordinate, cave_place_id, raster_map_id, created_at) VALUES (3680, 4237, 4248, 882, 254, 1775839978);
INSERT INTO raster_maps (id, title, map_type, file_name, cave_id, cave_area_id, created_at) VALUES (255, 'Ponorul Nou_curatat.jpg [C17 #2]', 'plane view', 'cave_2/raster_1771183787617.jpg', 17, NULL, 1775839978);
INSERT INTO cave_place_to_raster_map_definitions (id, x_coordinate, y_coordinate, cave_place_id, raster_map_id, created_at) VALUES (3681, 2440, 2378, 843, 255, 1775839978);
INSERT INTO cave_place_to_raster_map_definitions (id, x_coordinate, y_coordinate, cave_place_id, raster_map_id, created_at) VALUES (3682, 1423, 5550, 890, 255, 1775839978);
INSERT INTO cave_place_to_raster_map_definitions (id, x_coordinate, y_coordinate, cave_place_id, raster_map_id, created_at) VALUES (3683, 2444, 1911, 886, 255, 1775839978);
INSERT INTO cave_place_to_raster_map_definitions (id, x_coordinate, y_coordinate, cave_place_id, raster_map_id, created_at) VALUES (3684, 4772, 3852, 836, 255, 1775839978);
INSERT INTO cave_place_to_raster_map_definitions (id, x_coordinate, y_coordinate, cave_place_id, raster_map_id, created_at) VALUES (3685, 4918, 4879, 888, 255, 1775839978);
INSERT INTO cave_place_to_raster_map_definitions (id, x_coordinate, y_coordinate, cave_place_id, raster_map_id, created_at) VALUES (3686, 5346, 4392, 889, 255, 1775839978);
INSERT INTO cave_place_to_raster_map_definitions (id, x_coordinate, y_coordinate, cave_place_id, raster_map_id, created_at) VALUES (3687, 74, 2488, 845, 255, 1775839978);
INSERT INTO cave_place_to_raster_map_definitions (id, x_coordinate, y_coordinate, cave_place_id, raster_map_id, created_at) VALUES (3688, 244, 3088, 892, 255, 1775839978);
INSERT INTO cave_place_to_raster_map_definitions (id, x_coordinate, y_coordinate, cave_place_id, raster_map_id, created_at) VALUES (3689, 11, 31, 876, 255, 1775839978);
INSERT INTO cave_place_to_raster_map_definitions (id, x_coordinate, y_coordinate, cave_place_id, raster_map_id, created_at) VALUES (3690, 2922, 102, 866, 255, 1775839978);
INSERT INTO cave_place_to_raster_map_definitions (id, x_coordinate, y_coordinate, cave_place_id, raster_map_id, created_at) VALUES (3691, 5319, 2380, 878, 255, 1775839978);
INSERT INTO cave_place_to_raster_map_definitions (id, x_coordinate, y_coordinate, cave_place_id, raster_map_id, created_at) VALUES (3692, 2117, 5024, 879, 255, 1775839978);
INSERT INTO cave_place_to_raster_map_definitions (id, x_coordinate, y_coordinate, cave_place_id, raster_map_id, created_at) VALUES (3693, 5463, 5756, 871, 255, 1775839978);
INSERT INTO cave_place_to_raster_map_definitions (id, x_coordinate, y_coordinate, cave_place_id, raster_map_id, created_at) VALUES (3694, 5186, 3292, 893, 255, 1775839978);
INSERT INTO cave_place_to_raster_map_definitions (id, x_coordinate, y_coordinate, cave_place_id, raster_map_id, created_at) VALUES (3695, 684, 5203, 861, 255, 1775839978);
INSERT INTO cave_place_to_raster_map_definitions (id, x_coordinate, y_coordinate, cave_place_id, raster_map_id, created_at) VALUES (3696, 4976, 4966, 840, 255, 1775839978);
INSERT INTO cave_place_to_raster_map_definitions (id, x_coordinate, y_coordinate, cave_place_id, raster_map_id, created_at) VALUES (3697, 1214, 1462, 880, 255, 1775839978);
INSERT INTO cave_place_to_raster_map_definitions (id, x_coordinate, y_coordinate, cave_place_id, raster_map_id, created_at) VALUES (3698, 2278, 870, 844, 255, 1775839978);
INSERT INTO cave_place_to_raster_map_definitions (id, x_coordinate, y_coordinate, cave_place_id, raster_map_id, created_at) VALUES (3699, 329, 2755, 896, 255, 1775839978);
INSERT INTO cave_place_to_raster_map_definitions (id, x_coordinate, y_coordinate, cave_place_id, raster_map_id, created_at) VALUES (3700, 5320, 5058, 872, 255, 1775839978);
INSERT INTO cave_place_to_raster_map_definitions (id, x_coordinate, y_coordinate, cave_place_id, raster_map_id, created_at) VALUES (3701, 4120, 790, 835, 255, 1775839978);
INSERT INTO cave_place_to_raster_map_definitions (id, x_coordinate, y_coordinate, cave_place_id, raster_map_id, created_at) VALUES (3702, 4397, 4785, 859, 255, 1775839978);
INSERT INTO cave_place_to_raster_map_definitions (id, x_coordinate, y_coordinate, cave_place_id, raster_map_id, created_at) VALUES (3703, 5027, 5030, 848, 255, 1775839978);
INSERT INTO cave_place_to_raster_map_definitions (id, x_coordinate, y_coordinate, cave_place_id, raster_map_id, created_at) VALUES (3704, 5631, 807, 865, 255, 1775839978);
INSERT INTO cave_place_to_raster_map_definitions (id, x_coordinate, y_coordinate, cave_place_id, raster_map_id, created_at) VALUES (3705, 4447, 514, 852, 255, 1775839978);
INSERT INTO raster_maps (id, title, map_type, file_name, cave_id, cave_area_id, created_at) VALUES (256, 'cerna_ps_pn_pdp_plan_en_articol.jpg [C43 #2] [C18 #1]', 'plane view', 'cave_1/raster_1771183787584.jpg', 18, 65, 1775839978);
INSERT INTO cave_place_to_raster_map_definitions (id, x_coordinate, y_coordinate, cave_place_id, raster_map_id, created_at) VALUES (3706, 3627, 2675, 904, 256, 1775839978);
INSERT INTO cave_place_to_raster_map_definitions (id, x_coordinate, y_coordinate, cave_place_id, raster_map_id, created_at) VALUES (3707, 4451, 2878, 942, 256, 1775839978);
INSERT INTO cave_place_to_raster_map_definitions (id, x_coordinate, y_coordinate, cave_place_id, raster_map_id, created_at) VALUES (3708, 5321, 4142, 946, 256, 1775839978);
INSERT INTO cave_place_to_raster_map_definitions (id, x_coordinate, y_coordinate, cave_place_id, raster_map_id, created_at) VALUES (3709, 4905, 5412, 921, 256, 1775839978);
INSERT INTO cave_place_to_raster_map_definitions (id, x_coordinate, y_coordinate, cave_place_id, raster_map_id, created_at) VALUES (3710, 608, 3105, 951, 256, 1775839978);
INSERT INTO cave_place_to_raster_map_definitions (id, x_coordinate, y_coordinate, cave_place_id, raster_map_id, created_at) VALUES (3711, 1699, 1402, 950, 256, 1775839978);
INSERT INTO cave_place_to_raster_map_definitions (id, x_coordinate, y_coordinate, cave_place_id, raster_map_id, created_at) VALUES (3712, 1803, 2869, 916, 256, 1775839978);
INSERT INTO cave_place_to_raster_map_definitions (id, x_coordinate, y_coordinate, cave_place_id, raster_map_id, created_at) VALUES (3713, 888, 2882, 922, 256, 1775839978);
INSERT INTO cave_place_to_raster_map_definitions (id, x_coordinate, y_coordinate, cave_place_id, raster_map_id, created_at) VALUES (3714, 3182, 5430, 933, 256, 1775839978);
INSERT INTO cave_place_to_raster_map_definitions (id, x_coordinate, y_coordinate, cave_place_id, raster_map_id, created_at) VALUES (3715, 1769, 5031, 905, 256, 1775839978);
INSERT INTO cave_place_to_raster_map_definitions (id, x_coordinate, y_coordinate, cave_place_id, raster_map_id, created_at) VALUES (3716, 571, 5953, 920, 256, 1775839978);
INSERT INTO cave_place_to_raster_map_definitions (id, x_coordinate, y_coordinate, cave_place_id, raster_map_id, created_at) VALUES (3717, 1113, 402, 970, 256, 1775839978);
INSERT INTO cave_place_to_raster_map_definitions (id, x_coordinate, y_coordinate, cave_place_id, raster_map_id, created_at) VALUES (3718, 1513, 3615, 955, 256, 1775839978);
INSERT INTO cave_place_to_raster_map_definitions (id, x_coordinate, y_coordinate, cave_place_id, raster_map_id, created_at) VALUES (3719, 4876, 318, 939, 256, 1775839978);
INSERT INTO cave_place_to_raster_map_definitions (id, x_coordinate, y_coordinate, cave_place_id, raster_map_id, created_at) VALUES (3720, 1943, 4913, 966, 256, 1775839978);
INSERT INTO cave_place_to_raster_map_definitions (id, x_coordinate, y_coordinate, cave_place_id, raster_map_id, created_at) VALUES (3721, 4466, 2223, 956, 256, 1775839978);
INSERT INTO cave_place_to_raster_map_definitions (id, x_coordinate, y_coordinate, cave_place_id, raster_map_id, created_at) VALUES (3722, 539, 3552, 940, 256, 1775839978);
INSERT INTO cave_place_to_raster_map_definitions (id, x_coordinate, y_coordinate, cave_place_id, raster_map_id, created_at) VALUES (3723, 3891, 2673, 919, 256, 1775839978);
INSERT INTO cave_place_to_raster_map_definitions (id, x_coordinate, y_coordinate, cave_place_id, raster_map_id, created_at) VALUES (3724, 5987, 643, 943, 256, 1775839978);
INSERT INTO cave_place_to_raster_map_definitions (id, x_coordinate, y_coordinate, cave_place_id, raster_map_id, created_at) VALUES (3725, 3515, 2916, 964, 256, 1775839978);
INSERT INTO cave_place_to_raster_map_definitions (id, x_coordinate, y_coordinate, cave_place_id, raster_map_id, created_at) VALUES (3726, 5162, 3528, 927, 256, 1775839978);
INSERT INTO cave_place_to_raster_map_definitions (id, x_coordinate, y_coordinate, cave_place_id, raster_map_id, created_at) VALUES (3727, 3825, 3491, 909, 256, 1775839978);
INSERT INTO cave_place_to_raster_map_definitions (id, x_coordinate, y_coordinate, cave_place_id, raster_map_id, created_at) VALUES (3728, 2780, 1426, 918, 256, 1775839978);
INSERT INTO cave_place_to_raster_map_definitions (id, x_coordinate, y_coordinate, cave_place_id, raster_map_id, created_at) VALUES (3729, 2326, 250, 910, 256, 1775839978);
INSERT INTO raster_maps (id, title, map_type, file_name, cave_id, cave_area_id, created_at) VALUES (257, 'ps_plan_1_distanta_avenul_din_drum.jpg [C37 #2] [C18 #2]', 'plane view', 'cave_1/raster_1771183787566.jpg', 18, NULL, 1775839978);
INSERT INTO cave_place_to_raster_map_definitions (id, x_coordinate, y_coordinate, cave_place_id, raster_map_id, created_at) VALUES (3730, 5459, 5748, 976, 257, 1775839978);
INSERT INTO cave_place_to_raster_map_definitions (id, x_coordinate, y_coordinate, cave_place_id, raster_map_id, created_at) VALUES (3731, 2459, 1481, 979, 257, 1775839978);
INSERT INTO cave_place_to_raster_map_definitions (id, x_coordinate, y_coordinate, cave_place_id, raster_map_id, created_at) VALUES (3732, 3394, 3376, 918, 257, 1775839978);
INSERT INTO cave_place_to_raster_map_definitions (id, x_coordinate, y_coordinate, cave_place_id, raster_map_id, created_at) VALUES (3733, 5791, 2360, 910, 257, 1775839978);
INSERT INTO cave_place_to_raster_map_definitions (id, x_coordinate, y_coordinate, cave_place_id, raster_map_id, created_at) VALUES (3734, 4032, 2850, 950, 257, 1775839978);
INSERT INTO cave_place_to_raster_map_definitions (id, x_coordinate, y_coordinate, cave_place_id, raster_map_id, created_at) VALUES (3735, 3518, 3837, 947, 257, 1775839978);
INSERT INTO cave_place_to_raster_map_definitions (id, x_coordinate, y_coordinate, cave_place_id, raster_map_id, created_at) VALUES (3736, 1478, 3602, 951, 257, 1775839978);
INSERT INTO raster_maps (id, title, map_type, file_name, cave_id, cave_area_id, created_at) VALUES (258, 'ps_20250107_explorari_plan_fundal_negru.jpg [C13 #3] [C19 #1]', 'plane view', 'cave_1/raster_1771183787549.jpg', 19, 74, 1775839978);
INSERT INTO cave_place_to_raster_map_definitions (id, x_coordinate, y_coordinate, cave_place_id, raster_map_id, created_at) VALUES (3737, 5875, 951, 985, 258, 1775839978);
INSERT INTO cave_place_to_raster_map_definitions (id, x_coordinate, y_coordinate, cave_place_id, raster_map_id, created_at) VALUES (3738, 2090, 3168, 1003, 258, 1775839978);
INSERT INTO cave_place_to_raster_map_definitions (id, x_coordinate, y_coordinate, cave_place_id, raster_map_id, created_at) VALUES (3739, 2887, 3984, 1020, 258, 1775839978);
INSERT INTO cave_place_to_raster_map_definitions (id, x_coordinate, y_coordinate, cave_place_id, raster_map_id, created_at) VALUES (3740, 1634, 5394, 1015, 258, 1775839978);
INSERT INTO cave_place_to_raster_map_definitions (id, x_coordinate, y_coordinate, cave_place_id, raster_map_id, created_at) VALUES (3741, 4915, 4963, 1021, 258, 1775839978);
INSERT INTO cave_place_to_raster_map_definitions (id, x_coordinate, y_coordinate, cave_place_id, raster_map_id, created_at) VALUES (3742, 5851, 3636, 999, 258, 1775839978);
INSERT INTO cave_place_to_raster_map_definitions (id, x_coordinate, y_coordinate, cave_place_id, raster_map_id, created_at) VALUES (3743, 1840, 2851, 981, 258, 1775839978);
INSERT INTO cave_place_to_raster_map_definitions (id, x_coordinate, y_coordinate, cave_place_id, raster_map_id, created_at) VALUES (3744, 1267, 4050, 1018, 258, 1775839978);
INSERT INTO cave_place_to_raster_map_definitions (id, x_coordinate, y_coordinate, cave_place_id, raster_map_id, created_at) VALUES (3745, 2880, 504, 998, 258, 1775839978);
INSERT INTO cave_place_to_raster_map_definitions (id, x_coordinate, y_coordinate, cave_place_id, raster_map_id, created_at) VALUES (3746, 2992, 4499, 997, 258, 1775839978);
INSERT INTO cave_place_to_raster_map_definitions (id, x_coordinate, y_coordinate, cave_place_id, raster_map_id, created_at) VALUES (3747, 2331, 4263, 990, 258, 1775839978);
INSERT INTO cave_place_to_raster_map_definitions (id, x_coordinate, y_coordinate, cave_place_id, raster_map_id, created_at) VALUES (3748, 4480, 3206, 1013, 258, 1775839978);
INSERT INTO cave_place_to_raster_map_definitions (id, x_coordinate, y_coordinate, cave_place_id, raster_map_id, created_at) VALUES (3749, 5217, 635, 1016, 258, 1775839978);
INSERT INTO cave_place_to_raster_map_definitions (id, x_coordinate, y_coordinate, cave_place_id, raster_map_id, created_at) VALUES (3750, 5919, 2970, 984, 258, 1775839978);
INSERT INTO cave_place_to_raster_map_definitions (id, x_coordinate, y_coordinate, cave_place_id, raster_map_id, created_at) VALUES (3751, 97, 4436, 992, 258, 1775839978);
INSERT INTO cave_place_to_raster_map_definitions (id, x_coordinate, y_coordinate, cave_place_id, raster_map_id, created_at) VALUES (3752, 3586, 2030, 1014, 258, 1775839978);
INSERT INTO cave_place_to_raster_map_definitions (id, x_coordinate, y_coordinate, cave_place_id, raster_map_id, created_at) VALUES (3753, 3957, 2469, 1011, 258, 1775839978);
INSERT INTO cave_place_to_raster_map_definitions (id, x_coordinate, y_coordinate, cave_place_id, raster_map_id, created_at) VALUES (3754, 99, 5058, 1001, 258, 1775839978);
INSERT INTO cave_place_to_raster_map_definitions (id, x_coordinate, y_coordinate, cave_place_id, raster_map_id, created_at) VALUES (3755, 2435, 3671, 1008, 258, 1775839978);
INSERT INTO cave_place_to_raster_map_definitions (id, x_coordinate, y_coordinate, cave_place_id, raster_map_id, created_at) VALUES (3756, 5267, 5418, 994, 258, 1775839978);
INSERT INTO cave_place_to_raster_map_definitions (id, x_coordinate, y_coordinate, cave_place_id, raster_map_id, created_at) VALUES (3757, 901, 5238, 1007, 258, 1775839978);
INSERT INTO cave_place_to_raster_map_definitions (id, x_coordinate, y_coordinate, cave_place_id, raster_map_id, created_at) VALUES (3758, 4465, 2575, 995, 258, 1775839978);
INSERT INTO cave_place_to_raster_map_definitions (id, x_coordinate, y_coordinate, cave_place_id, raster_map_id, created_at) VALUES (3759, 417, 5524, 1009, 258, 1775839978);
INSERT INTO cave_place_to_raster_map_definitions (id, x_coordinate, y_coordinate, cave_place_id, raster_map_id, created_at) VALUES (3760, 1447, 1708, 1017, 258, 1775839978);
INSERT INTO cave_place_to_raster_map_definitions (id, x_coordinate, y_coordinate, cave_place_id, raster_map_id, created_at) VALUES (3761, 888, 5919, 1004, 258, 1775839978);
INSERT INTO cave_place_to_raster_map_definitions (id, x_coordinate, y_coordinate, cave_place_id, raster_map_id, created_at) VALUES (3762, 5636, 875, 988, 258, 1775839978);
INSERT INTO cave_place_to_raster_map_definitions (id, x_coordinate, y_coordinate, cave_place_id, raster_map_id, created_at) VALUES (3763, 5185, 4744, 1002, 258, 1775839978);
INSERT INTO cave_place_to_raster_map_definitions (id, x_coordinate, y_coordinate, cave_place_id, raster_map_id, created_at) VALUES (3764, 4045, 2410, 982, 258, 1775839978);
INSERT INTO raster_maps (id, title, map_type, file_name, cave_id, cave_area_id, created_at) VALUES (259, 'Ponorul Nou_curatat.jpg [C54 #4] [C19 #2]', 'plane view', 'cave_2/raster_1771183787617.jpg', 19, NULL, 1775839978);
INSERT INTO cave_place_to_raster_map_definitions (id, x_coordinate, y_coordinate, cave_place_id, raster_map_id, created_at) VALUES (3765, 2159, 4931, 997, 259, 1775839978);
INSERT INTO cave_place_to_raster_map_definitions (id, x_coordinate, y_coordinate, cave_place_id, raster_map_id, created_at) VALUES (3766, 3844, 4501, 987, 259, 1775839978);
INSERT INTO cave_place_to_raster_map_definitions (id, x_coordinate, y_coordinate, cave_place_id, raster_map_id, created_at) VALUES (3767, 1738, 5004, 1006, 259, 1775839978);
INSERT INTO cave_place_to_raster_map_definitions (id, x_coordinate, y_coordinate, cave_place_id, raster_map_id, created_at) VALUES (3768, 2689, 353, 995, 259, 1775839978);
INSERT INTO cave_place_to_raster_map_definitions (id, x_coordinate, y_coordinate, cave_place_id, raster_map_id, created_at) VALUES (3769, 3020, 5248, 985, 259, 1775839978);
INSERT INTO cave_place_to_raster_map_definitions (id, x_coordinate, y_coordinate, cave_place_id, raster_map_id, created_at) VALUES (3770, 5473, 5458, 1009, 259, 1775839978);
INSERT INTO cave_place_to_raster_map_definitions (id, x_coordinate, y_coordinate, cave_place_id, raster_map_id, created_at) VALUES (3771, 2142, 5875, 1021, 259, 1775839978);
INSERT INTO cave_place_to_raster_map_definitions (id, x_coordinate, y_coordinate, cave_place_id, raster_map_id, created_at) VALUES (3772, 5702, 4562, 996, 259, 1775839978);
INSERT INTO cave_place_to_raster_map_definitions (id, x_coordinate, y_coordinate, cave_place_id, raster_map_id, created_at) VALUES (3773, 3892, 3542, 1015, 259, 1775839978);
INSERT INTO cave_place_to_raster_map_definitions (id, x_coordinate, y_coordinate, cave_place_id, raster_map_id, created_at) VALUES (3774, 2101, 4712, 991, 259, 1775839978);
INSERT INTO cave_place_to_raster_map_definitions (id, x_coordinate, y_coordinate, cave_place_id, raster_map_id, created_at) VALUES (3775, 1696, 5182, 980, 259, 1775839978);
INSERT INTO raster_maps (id, title, map_type, file_name, cave_id, cave_area_id, created_at) VALUES (260, 'Ponorul Nou_curatat.jpg [C53 #4] [C19 #3]', 'plane view', 'cave_2/raster_1771183787617.jpg', 19, NULL, 1775839978);
INSERT INTO cave_place_to_raster_map_definitions (id, x_coordinate, y_coordinate, cave_place_id, raster_map_id, created_at) VALUES (3776, 5502, 1717, 992, 260, 1775839978);
INSERT INTO cave_place_to_raster_map_definitions (id, x_coordinate, y_coordinate, cave_place_id, raster_map_id, created_at) VALUES (3777, 5106, 207, 1019, 260, 1775839978);
INSERT INTO cave_place_to_raster_map_definitions (id, x_coordinate, y_coordinate, cave_place_id, raster_map_id, created_at) VALUES (3778, 4445, 2032, 995, 260, 1775839978);
INSERT INTO cave_place_to_raster_map_definitions (id, x_coordinate, y_coordinate, cave_place_id, raster_map_id, created_at) VALUES (3779, 4006, 487, 1016, 260, 1775839978);
INSERT INTO cave_place_to_raster_map_definitions (id, x_coordinate, y_coordinate, cave_place_id, raster_map_id, created_at) VALUES (3780, 1216, 5577, 1020, 260, 1775839978);
INSERT INTO raster_maps (id, title, map_type, file_name, cave_id, cave_area_id, created_at) VALUES (261, 'ps_20250107_explorari_plan_fundal_negru.jpg [C59 #3] [C20 #1]', 'plane view', 'cave_1/raster_1771183787549.jpg', 20, NULL, 1775839978);
INSERT INTO cave_place_to_raster_map_definitions (id, x_coordinate, y_coordinate, cave_place_id, raster_map_id, created_at) VALUES (3781, 2009, 1035, 1083, 261, 1775839978);
INSERT INTO cave_place_to_raster_map_definitions (id, x_coordinate, y_coordinate, cave_place_id, raster_map_id, created_at) VALUES (3782, 547, 2004, 1093, 261, 1775839978);
INSERT INTO cave_place_to_raster_map_definitions (id, x_coordinate, y_coordinate, cave_place_id, raster_map_id, created_at) VALUES (3783, 3446, 5419, 1048, 261, 1775839978);
INSERT INTO cave_place_to_raster_map_definitions (id, x_coordinate, y_coordinate, cave_place_id, raster_map_id, created_at) VALUES (3784, 309, 2269, 1034, 261, 1775839978);
INSERT INTO cave_place_to_raster_map_definitions (id, x_coordinate, y_coordinate, cave_place_id, raster_map_id, created_at) VALUES (3785, 540, 1328, 1089, 261, 1775839978);
INSERT INTO cave_place_to_raster_map_definitions (id, x_coordinate, y_coordinate, cave_place_id, raster_map_id, created_at) VALUES (3786, 1649, 4707, 1049, 261, 1775839978);
INSERT INTO cave_place_to_raster_map_definitions (id, x_coordinate, y_coordinate, cave_place_id, raster_map_id, created_at) VALUES (3787, 157, 2345, 1061, 261, 1775839978);
INSERT INTO cave_place_to_raster_map_definitions (id, x_coordinate, y_coordinate, cave_place_id, raster_map_id, created_at) VALUES (3788, 1668, 2584, 1041, 261, 1775839978);
INSERT INTO cave_place_to_raster_map_definitions (id, x_coordinate, y_coordinate, cave_place_id, raster_map_id, created_at) VALUES (3789, 652, 1904, 1078, 261, 1775839978);
INSERT INTO cave_place_to_raster_map_definitions (id, x_coordinate, y_coordinate, cave_place_id, raster_map_id, created_at) VALUES (3790, 5443, 3967, 1084, 261, 1775839978);
INSERT INTO cave_place_to_raster_map_definitions (id, x_coordinate, y_coordinate, cave_place_id, raster_map_id, created_at) VALUES (3791, 5736, 5549, 1067, 261, 1775839978);
INSERT INTO cave_place_to_raster_map_definitions (id, x_coordinate, y_coordinate, cave_place_id, raster_map_id, created_at) VALUES (3792, 2700, 4053, 1074, 261, 1775839978);
INSERT INTO cave_place_to_raster_map_definitions (id, x_coordinate, y_coordinate, cave_place_id, raster_map_id, created_at) VALUES (3793, 4213, 4375, 1054, 261, 1775839978);
INSERT INTO cave_place_to_raster_map_definitions (id, x_coordinate, y_coordinate, cave_place_id, raster_map_id, created_at) VALUES (3794, 4346, 840, 1050, 261, 1775839978);
INSERT INTO cave_place_to_raster_map_definitions (id, x_coordinate, y_coordinate, cave_place_id, raster_map_id, created_at) VALUES (3795, 2580, 328, 1027, 261, 1775839978);
INSERT INTO cave_place_to_raster_map_definitions (id, x_coordinate, y_coordinate, cave_place_id, raster_map_id, created_at) VALUES (3796, 3504, 5574, 1026, 261, 1775839978);
INSERT INTO raster_maps (id, title, map_type, file_name, cave_id, cave_area_id, created_at) VALUES (262, 'ps_plan_1_distanta_avenul_din_drum.jpg [C58 #2] [C20 #2]', 'plane view', 'cave_1/raster_1771183787566.jpg', 20, NULL, 1775839978);
INSERT INTO cave_place_to_raster_map_definitions (id, x_coordinate, y_coordinate, cave_place_id, raster_map_id, created_at) VALUES (3797, 1187, 4998, 1089, 262, 1775839978);
INSERT INTO cave_place_to_raster_map_definitions (id, x_coordinate, y_coordinate, cave_place_id, raster_map_id, created_at) VALUES (3798, 5577, 748, 1046, 262, 1775839978);
INSERT INTO cave_place_to_raster_map_definitions (id, x_coordinate, y_coordinate, cave_place_id, raster_map_id, created_at) VALUES (3799, 5397, 4763, 1084, 262, 1775839978);
INSERT INTO cave_place_to_raster_map_definitions (id, x_coordinate, y_coordinate, cave_place_id, raster_map_id, created_at) VALUES (3800, 5511, 93, 1041, 262, 1775839978);
INSERT INTO cave_place_to_raster_map_definitions (id, x_coordinate, y_coordinate, cave_place_id, raster_map_id, created_at) VALUES (3801, 3251, 3898, 1023, 262, 1775839978);
INSERT INTO cave_place_to_raster_map_definitions (id, x_coordinate, y_coordinate, cave_place_id, raster_map_id, created_at) VALUES (3802, 908, 2064, 1090, 262, 1775839978);
INSERT INTO cave_place_to_raster_map_definitions (id, x_coordinate, y_coordinate, cave_place_id, raster_map_id, created_at) VALUES (3803, 1103, 4600, 1042, 262, 1775839978);
INSERT INTO cave_place_to_raster_map_definitions (id, x_coordinate, y_coordinate, cave_place_id, raster_map_id, created_at) VALUES (3804, 4374, 2802, 1029, 262, 1775839978);
INSERT INTO cave_place_to_raster_map_definitions (id, x_coordinate, y_coordinate, cave_place_id, raster_map_id, created_at) VALUES (3805, 345, 4307, 1064, 262, 1775839978);
INSERT INTO cave_place_to_raster_map_definitions (id, x_coordinate, y_coordinate, cave_place_id, raster_map_id, created_at) VALUES (3806, 2078, 181, 1049, 262, 1775839978);
INSERT INTO cave_place_to_raster_map_definitions (id, x_coordinate, y_coordinate, cave_place_id, raster_map_id, created_at) VALUES (3807, 3078, 5985, 1070, 262, 1775839978);
INSERT INTO cave_place_to_raster_map_definitions (id, x_coordinate, y_coordinate, cave_place_id, raster_map_id, created_at) VALUES (3808, 4905, 5913, 1034, 262, 1775839978);
INSERT INTO cave_place_to_raster_map_definitions (id, x_coordinate, y_coordinate, cave_place_id, raster_map_id, created_at) VALUES (3809, 850, 5633, 1068, 262, 1775839978);
INSERT INTO cave_place_to_raster_map_definitions (id, x_coordinate, y_coordinate, cave_place_id, raster_map_id, created_at) VALUES (3810, 5612, 927, 1052, 262, 1775839978);
INSERT INTO cave_place_to_raster_map_definitions (id, x_coordinate, y_coordinate, cave_place_id, raster_map_id, created_at) VALUES (3811, 1861, 3161, 1058, 262, 1775839978);
INSERT INTO cave_place_to_raster_map_definitions (id, x_coordinate, y_coordinate, cave_place_id, raster_map_id, created_at) VALUES (3812, 3281, 850, 1083, 262, 1775839978);
INSERT INTO cave_place_to_raster_map_definitions (id, x_coordinate, y_coordinate, cave_place_id, raster_map_id, created_at) VALUES (3813, 5312, 2381, 1074, 262, 1775839978);
INSERT INTO cave_place_to_raster_map_definitions (id, x_coordinate, y_coordinate, cave_place_id, raster_map_id, created_at) VALUES (3814, 1424, 5395, 1085, 262, 1775839978);
INSERT INTO cave_place_to_raster_map_definitions (id, x_coordinate, y_coordinate, cave_place_id, raster_map_id, created_at) VALUES (3815, 894, 3666, 1026, 262, 1775839978);
INSERT INTO cave_place_to_raster_map_definitions (id, x_coordinate, y_coordinate, cave_place_id, raster_map_id, created_at) VALUES (3816, 5810, 5858, 1024, 262, 1775839978);
INSERT INTO cave_place_to_raster_map_definitions (id, x_coordinate, y_coordinate, cave_place_id, raster_map_id, created_at) VALUES (3817, 59, 3385, 1077, 262, 1775839978);
INSERT INTO cave_place_to_raster_map_definitions (id, x_coordinate, y_coordinate, cave_place_id, raster_map_id, created_at) VALUES (3818, 4597, 2842, 1061, 262, 1775839978);
INSERT INTO cave_place_to_raster_map_definitions (id, x_coordinate, y_coordinate, cave_place_id, raster_map_id, created_at) VALUES (3819, 2683, 2307, 1050, 262, 1775839978);
INSERT INTO cave_place_to_raster_map_definitions (id, x_coordinate, y_coordinate, cave_place_id, raster_map_id, created_at) VALUES (3820, 5714, 1938, 1071, 262, 1775839978);
INSERT INTO cave_place_to_raster_map_definitions (id, x_coordinate, y_coordinate, cave_place_id, raster_map_id, created_at) VALUES (3821, 4313, 4814, 1032, 262, 1775839978);
INSERT INTO cave_place_to_raster_map_definitions (id, x_coordinate, y_coordinate, cave_place_id, raster_map_id, created_at) VALUES (3822, 1645, 3030, 1065, 262, 1775839978);
INSERT INTO cave_place_to_raster_map_definitions (id, x_coordinate, y_coordinate, cave_place_id, raster_map_id, created_at) VALUES (3823, 2672, 4089, 1056, 262, 1775839978);
INSERT INTO cave_place_to_raster_map_definitions (id, x_coordinate, y_coordinate, cave_place_id, raster_map_id, created_at) VALUES (3824, 3218, 5639, 1059, 262, 1775839978);
INSERT INTO cave_place_to_raster_map_definitions (id, x_coordinate, y_coordinate, cave_place_id, raster_map_id, created_at) VALUES (3825, 469, 1652, 1075, 262, 1775839978);
INSERT INTO raster_maps (id, title, map_type, file_name, cave_id, cave_area_id, created_at) VALUES (263, '1997 Harta P.Gaura cu Vajgau 2.jpg [C43 #5] [C20 #3]', 'plane view', 'cave_3/raster_1771183787629.jpg', 20, NULL, 1775839978);
INSERT INTO cave_place_to_raster_map_definitions (id, x_coordinate, y_coordinate, cave_place_id, raster_map_id, created_at) VALUES (3826, 4626, 125, 1087, 263, 1775839978);
INSERT INTO cave_place_to_raster_map_definitions (id, x_coordinate, y_coordinate, cave_place_id, raster_map_id, created_at) VALUES (3827, 5676, 5056, 1049, 263, 1775839978);
INSERT INTO cave_place_to_raster_map_definitions (id, x_coordinate, y_coordinate, cave_place_id, raster_map_id, created_at) VALUES (3828, 5237, 578, 1077, 263, 1775839978);
INSERT INTO cave_place_to_raster_map_definitions (id, x_coordinate, y_coordinate, cave_place_id, raster_map_id, created_at) VALUES (3829, 5718, 4227, 1061, 263, 1775839978);
INSERT INTO cave_place_to_raster_map_definitions (id, x_coordinate, y_coordinate, cave_place_id, raster_map_id, created_at) VALUES (3830, 1938, 4649, 1043, 263, 1775839978);
INSERT INTO cave_place_to_raster_map_definitions (id, x_coordinate, y_coordinate, cave_place_id, raster_map_id, created_at) VALUES (3831, 5095, 843, 1062, 263, 1775839978);
INSERT INTO cave_place_to_raster_map_definitions (id, x_coordinate, y_coordinate, cave_place_id, raster_map_id, created_at) VALUES (3832, 675, 247, 1037, 263, 1775839978);
INSERT INTO cave_place_to_raster_map_definitions (id, x_coordinate, y_coordinate, cave_place_id, raster_map_id, created_at) VALUES (3833, 3871, 3321, 1039, 263, 1775839978);
INSERT INTO cave_place_to_raster_map_definitions (id, x_coordinate, y_coordinate, cave_place_id, raster_map_id, created_at) VALUES (3834, 4702, 3847, 1038, 263, 1775839978);
INSERT INTO cave_place_to_raster_map_definitions (id, x_coordinate, y_coordinate, cave_place_id, raster_map_id, created_at) VALUES (3835, 1729, 2847, 1075, 263, 1775839978);
INSERT INTO cave_place_to_raster_map_definitions (id, x_coordinate, y_coordinate, cave_place_id, raster_map_id, created_at) VALUES (3836, 4500, 1665, 1072, 263, 1775839978);
INSERT INTO cave_place_to_raster_map_definitions (id, x_coordinate, y_coordinate, cave_place_id, raster_map_id, created_at) VALUES (3837, 2405, 1789, 1069, 263, 1775839978);
INSERT INTO cave_place_to_raster_map_definitions (id, x_coordinate, y_coordinate, cave_place_id, raster_map_id, created_at) VALUES (3838, 2697, 3071, 1065, 263, 1775839978);
INSERT INTO cave_place_to_raster_map_definitions (id, x_coordinate, y_coordinate, cave_place_id, raster_map_id, created_at) VALUES (3839, 2511, 316, 1059, 263, 1775839978);
INSERT INTO cave_place_to_raster_map_definitions (id, x_coordinate, y_coordinate, cave_place_id, raster_map_id, created_at) VALUES (3840, 3459, 2631, 1094, 263, 1775839978);
INSERT INTO cave_place_to_raster_map_definitions (id, x_coordinate, y_coordinate, cave_place_id, raster_map_id, created_at) VALUES (3841, 2830, 2834, 1089, 263, 1775839978);
INSERT INTO cave_place_to_raster_map_definitions (id, x_coordinate, y_coordinate, cave_place_id, raster_map_id, created_at) VALUES (3842, 1527, 2947, 1045, 263, 1775839978);
INSERT INTO cave_place_to_raster_map_definitions (id, x_coordinate, y_coordinate, cave_place_id, raster_map_id, created_at) VALUES (3843, 715, 5650, 1053, 263, 1775839978);
INSERT INTO cave_place_to_raster_map_definitions (id, x_coordinate, y_coordinate, cave_place_id, raster_map_id, created_at) VALUES (3844, 4439, 2704, 1044, 263, 1775839978);
INSERT INTO cave_place_to_raster_map_definitions (id, x_coordinate, y_coordinate, cave_place_id, raster_map_id, created_at) VALUES (3845, 1662, 4290, 1057, 263, 1775839978);
INSERT INTO cave_place_to_raster_map_definitions (id, x_coordinate, y_coordinate, cave_place_id, raster_map_id, created_at) VALUES (3846, 4705, 2133, 1068, 263, 1775839978);
INSERT INTO cave_place_to_raster_map_definitions (id, x_coordinate, y_coordinate, cave_place_id, raster_map_id, created_at) VALUES (3847, 1515, 1288, 1047, 263, 1775839978);
INSERT INTO cave_place_to_raster_map_definitions (id, x_coordinate, y_coordinate, cave_place_id, raster_map_id, created_at) VALUES (3848, 3934, 1325, 1090, 263, 1775839978);
INSERT INTO cave_place_to_raster_map_definitions (id, x_coordinate, y_coordinate, cave_place_id, raster_map_id, created_at) VALUES (3849, 839, 3309, 1060, 263, 1775839978);
INSERT INTO cave_place_to_raster_map_definitions (id, x_coordinate, y_coordinate, cave_place_id, raster_map_id, created_at) VALUES (3850, 2130, 1463, 1024, 263, 1775839978);
INSERT INTO cave_place_to_raster_map_definitions (id, x_coordinate, y_coordinate, cave_place_id, raster_map_id, created_at) VALUES (3851, 1591, 1978, 1040, 263, 1775839978);
INSERT INTO raster_maps (id, title, map_type, file_name, cave_id, cave_area_id, created_at) VALUES (264, 'ps_20250107_explorari_plan_fundal_negru.jpg [C40 #3] [C20 #4]', 'plane view', 'cave_1/raster_1771183787549.jpg', 20, 81, 1775839978);
INSERT INTO cave_place_to_raster_map_definitions (id, x_coordinate, y_coordinate, cave_place_id, raster_map_id, created_at) VALUES (3852, 1971, 3112, 1056, 264, 1775839978);
INSERT INTO cave_place_to_raster_map_definitions (id, x_coordinate, y_coordinate, cave_place_id, raster_map_id, created_at) VALUES (3853, 172, 1832, 1044, 264, 1775839978);
INSERT INTO raster_maps (id, title, map_type, file_name, cave_id, cave_area_id, created_at) VALUES (265, 'ps_20250107_explorari_plan_fundal_negru.jpg [C13 #3] [C21 #1]', 'plane view', 'cave_1/raster_1771183787549.jpg', 21, 87, 1775839978);
INSERT INTO cave_place_to_raster_map_definitions (id, x_coordinate, y_coordinate, cave_place_id, raster_map_id, created_at) VALUES (3854, 1008, 398, 1110, 265, 1775839978);
INSERT INTO cave_place_to_raster_map_definitions (id, x_coordinate, y_coordinate, cave_place_id, raster_map_id, created_at) VALUES (3855, 624, 4504, 1144, 265, 1775839978);
INSERT INTO cave_place_to_raster_map_definitions (id, x_coordinate, y_coordinate, cave_place_id, raster_map_id, created_at) VALUES (3856, 5853, 4616, 1133, 265, 1775839978);
INSERT INTO cave_place_to_raster_map_definitions (id, x_coordinate, y_coordinate, cave_place_id, raster_map_id, created_at) VALUES (3857, 4793, 1042, 1130, 265, 1775839978);
INSERT INTO cave_place_to_raster_map_definitions (id, x_coordinate, y_coordinate, cave_place_id, raster_map_id, created_at) VALUES (3858, 5042, 5357, 1135, 265, 1775839978);
INSERT INTO cave_place_to_raster_map_definitions (id, x_coordinate, y_coordinate, cave_place_id, raster_map_id, created_at) VALUES (3859, 5745, 5157, 1124, 265, 1775839978);
INSERT INTO cave_place_to_raster_map_definitions (id, x_coordinate, y_coordinate, cave_place_id, raster_map_id, created_at) VALUES (3860, 2973, 6, 1128, 265, 1775839978);
INSERT INTO cave_place_to_raster_map_definitions (id, x_coordinate, y_coordinate, cave_place_id, raster_map_id, created_at) VALUES (3861, 1546, 5687, 1137, 265, 1775839978);
INSERT INTO cave_place_to_raster_map_definitions (id, x_coordinate, y_coordinate, cave_place_id, raster_map_id, created_at) VALUES (3862, 2260, 5918, 1108, 265, 1775839978);
INSERT INTO cave_place_to_raster_map_definitions (id, x_coordinate, y_coordinate, cave_place_id, raster_map_id, created_at) VALUES (3863, 2059, 3760, 1140, 265, 1775839978);
INSERT INTO cave_place_to_raster_map_definitions (id, x_coordinate, y_coordinate, cave_place_id, raster_map_id, created_at) VALUES (3864, 1713, 314, 1103, 265, 1775839978);
INSERT INTO cave_place_to_raster_map_definitions (id, x_coordinate, y_coordinate, cave_place_id, raster_map_id, created_at) VALUES (3865, 3312, 2269, 1119, 265, 1775839978);
INSERT INTO cave_place_to_raster_map_definitions (id, x_coordinate, y_coordinate, cave_place_id, raster_map_id, created_at) VALUES (3866, 4452, 5246, 1125, 265, 1775839978);
INSERT INTO cave_place_to_raster_map_definitions (id, x_coordinate, y_coordinate, cave_place_id, raster_map_id, created_at) VALUES (3867, 5347, 3833, 1122, 265, 1775839978);
INSERT INTO cave_place_to_raster_map_definitions (id, x_coordinate, y_coordinate, cave_place_id, raster_map_id, created_at) VALUES (3868, 1363, 3749, 1142, 265, 1775839978);
INSERT INTO cave_place_to_raster_map_definitions (id, x_coordinate, y_coordinate, cave_place_id, raster_map_id, created_at) VALUES (3869, 3377, 194, 1118, 265, 1775839978);
INSERT INTO cave_place_to_raster_map_definitions (id, x_coordinate, y_coordinate, cave_place_id, raster_map_id, created_at) VALUES (3870, 2336, 966, 1138, 265, 1775839978);
INSERT INTO cave_place_to_raster_map_definitions (id, x_coordinate, y_coordinate, cave_place_id, raster_map_id, created_at) VALUES (3871, 4441, 1725, 1120, 265, 1775839978);
INSERT INTO raster_maps (id, title, map_type, file_name, cave_id, cave_area_id, created_at) VALUES (266, 'Ponorul Nou_curatat.jpg [C53 #4] [C21 #2]', 'plane view', 'cave_2/raster_1771183787617.jpg', 21, NULL, 1775839978);
INSERT INTO cave_place_to_raster_map_definitions (id, x_coordinate, y_coordinate, cave_place_id, raster_map_id, created_at) VALUES (3872, 1183, 2022, 1096, 266, 1775839978);
INSERT INTO cave_place_to_raster_map_definitions (id, x_coordinate, y_coordinate, cave_place_id, raster_map_id, created_at) VALUES (3873, 2985, 2088, 1147, 266, 1775839978);
INSERT INTO cave_place_to_raster_map_definitions (id, x_coordinate, y_coordinate, cave_place_id, raster_map_id, created_at) VALUES (3874, 4629, 2040, 1101, 266, 1775839978);
INSERT INTO cave_place_to_raster_map_definitions (id, x_coordinate, y_coordinate, cave_place_id, raster_map_id, created_at) VALUES (3875, 600, 1661, 1117, 266, 1775839978);
INSERT INTO cave_place_to_raster_map_definitions (id, x_coordinate, y_coordinate, cave_place_id, raster_map_id, created_at) VALUES (3876, 1437, 1411, 1145, 266, 1775839978);
INSERT INTO cave_place_to_raster_map_definitions (id, x_coordinate, y_coordinate, cave_place_id, raster_map_id, created_at) VALUES (3877, 351, 3949, 1099, 266, 1775839978);
INSERT INTO cave_place_to_raster_map_definitions (id, x_coordinate, y_coordinate, cave_place_id, raster_map_id, created_at) VALUES (3878, 124, 4263, 1108, 266, 1775839978);
INSERT INTO cave_place_to_raster_map_definitions (id, x_coordinate, y_coordinate, cave_place_id, raster_map_id, created_at) VALUES (3879, 5118, 3521, 1137, 266, 1775839978);
INSERT INTO cave_place_to_raster_map_definitions (id, x_coordinate, y_coordinate, cave_place_id, raster_map_id, created_at) VALUES (3880, 2886, 3106, 1112, 266, 1775839978);
INSERT INTO cave_place_to_raster_map_definitions (id, x_coordinate, y_coordinate, cave_place_id, raster_map_id, created_at) VALUES (3881, 464, 4742, 1122, 266, 1775839978);
INSERT INTO cave_place_to_raster_map_definitions (id, x_coordinate, y_coordinate, cave_place_id, raster_map_id, created_at) VALUES (3882, 2528, 295, 1141, 266, 1775839978);
INSERT INTO cave_place_to_raster_map_definitions (id, x_coordinate, y_coordinate, cave_place_id, raster_map_id, created_at) VALUES (3883, 3419, 2806, 1140, 266, 1775839978);
INSERT INTO cave_place_to_raster_map_definitions (id, x_coordinate, y_coordinate, cave_place_id, raster_map_id, created_at) VALUES (3884, 1076, 4264, 1111, 266, 1775839978);
INSERT INTO cave_place_to_raster_map_definitions (id, x_coordinate, y_coordinate, cave_place_id, raster_map_id, created_at) VALUES (3885, 2692, 3607, 1102, 266, 1775839978);
INSERT INTO cave_place_to_raster_map_definitions (id, x_coordinate, y_coordinate, cave_place_id, raster_map_id, created_at) VALUES (3886, 180, 5594, 1125, 266, 1775839978);
INSERT INTO cave_place_to_raster_map_definitions (id, x_coordinate, y_coordinate, cave_place_id, raster_map_id, created_at) VALUES (3887, 5418, 2121, 1109, 266, 1775839978);
INSERT INTO cave_place_to_raster_map_definitions (id, x_coordinate, y_coordinate, cave_place_id, raster_map_id, created_at) VALUES (3888, 1917, 3355, 1107, 266, 1775839978);
INSERT INTO cave_place_to_raster_map_definitions (id, x_coordinate, y_coordinate, cave_place_id, raster_map_id, created_at) VALUES (3889, 2293, 3209, 1129, 266, 1775839978);
INSERT INTO cave_place_to_raster_map_definitions (id, x_coordinate, y_coordinate, cave_place_id, raster_map_id, created_at) VALUES (3890, 3207, 1329, 1113, 266, 1775839978);
INSERT INTO cave_place_to_raster_map_definitions (id, x_coordinate, y_coordinate, cave_place_id, raster_map_id, created_at) VALUES (3891, 2085, 2681, 1116, 266, 1775839978);
INSERT INTO cave_place_to_raster_map_definitions (id, x_coordinate, y_coordinate, cave_place_id, raster_map_id, created_at) VALUES (3892, 4572, 3060, 1100, 266, 1775839978);
INSERT INTO cave_place_to_raster_map_definitions (id, x_coordinate, y_coordinate, cave_place_id, raster_map_id, created_at) VALUES (3893, 2053, 5101, 1131, 266, 1775839978);
INSERT INTO cave_place_to_raster_map_definitions (id, x_coordinate, y_coordinate, cave_place_id, raster_map_id, created_at) VALUES (3894, 1854, 1596, 1097, 266, 1775839978);
INSERT INTO raster_maps (id, title, map_type, file_name, cave_id, cave_area_id, created_at) VALUES (267, 'geo_art_tirla_ps__harta_profil.png [C12 #1] [C21 #3]', 'plane view', 'cave_1/raster_1771183787593.png', 21, 85, 1775839978);
INSERT INTO cave_place_to_raster_map_definitions (id, x_coordinate, y_coordinate, cave_place_id, raster_map_id, created_at) VALUES (3895, 5263, 1572, 1103, 267, 1775839978);
INSERT INTO cave_place_to_raster_map_definitions (id, x_coordinate, y_coordinate, cave_place_id, raster_map_id, created_at) VALUES (3896, 980, 466, 1117, 267, 1775839978);
INSERT INTO cave_place_to_raster_map_definitions (id, x_coordinate, y_coordinate, cave_place_id, raster_map_id, created_at) VALUES (3897, 973, 444, 1135, 267, 1775839978);
INSERT INTO cave_place_to_raster_map_definitions (id, x_coordinate, y_coordinate, cave_place_id, raster_map_id, created_at) VALUES (3898, 5775, 5215, 1143, 267, 1775839978);
INSERT INTO cave_place_to_raster_map_definitions (id, x_coordinate, y_coordinate, cave_place_id, raster_map_id, created_at) VALUES (3899, 3235, 1980, 1112, 267, 1775839978);
INSERT INTO cave_place_to_raster_map_definitions (id, x_coordinate, y_coordinate, cave_place_id, raster_map_id, created_at) VALUES (3900, 5846, 973, 1116, 267, 1775839978);
INSERT INTO cave_place_to_raster_map_definitions (id, x_coordinate, y_coordinate, cave_place_id, raster_map_id, created_at) VALUES (3901, 1293, 1800, 1133, 267, 1775839978);
INSERT INTO cave_place_to_raster_map_definitions (id, x_coordinate, y_coordinate, cave_place_id, raster_map_id, created_at) VALUES (3902, 1345, 135, 1096, 267, 1775839978);
INSERT INTO cave_place_to_raster_map_definitions (id, x_coordinate, y_coordinate, cave_place_id, raster_map_id, created_at) VALUES (3903, 5869, 5460, 1114, 267, 1775839978);
INSERT INTO cave_place_to_raster_map_definitions (id, x_coordinate, y_coordinate, cave_place_id, raster_map_id, created_at) VALUES (3904, 330, 3111, 1144, 267, 1775839978);
INSERT INTO cave_place_to_raster_map_definitions (id, x_coordinate, y_coordinate, cave_place_id, raster_map_id, created_at) VALUES (3905, 5845, 3015, 1131, 267, 1775839978);
INSERT INTO cave_place_to_raster_map_definitions (id, x_coordinate, y_coordinate, cave_place_id, raster_map_id, created_at) VALUES (3906, 3872, 2202, 1105, 267, 1775839978);
INSERT INTO cave_place_to_raster_map_definitions (id, x_coordinate, y_coordinate, cave_place_id, raster_map_id, created_at) VALUES (3907, 2223, 3618, 1140, 267, 1775839978);
INSERT INTO cave_place_to_raster_map_definitions (id, x_coordinate, y_coordinate, cave_place_id, raster_map_id, created_at) VALUES (3908, 801, 804, 1125, 267, 1775839978);
INSERT INTO cave_place_to_raster_map_definitions (id, x_coordinate, y_coordinate, cave_place_id, raster_map_id, created_at) VALUES (3909, 1449, 3136, 1108, 267, 1775839978);
INSERT INTO cave_place_to_raster_map_definitions (id, x_coordinate, y_coordinate, cave_place_id, raster_map_id, created_at) VALUES (3910, 476, 2800, 1142, 267, 1775839978);
INSERT INTO cave_place_to_raster_map_definitions (id, x_coordinate, y_coordinate, cave_place_id, raster_map_id, created_at) VALUES (3911, 4308, 5860, 1115, 267, 1775839978);
INSERT INTO cave_place_to_raster_map_definitions (id, x_coordinate, y_coordinate, cave_place_id, raster_map_id, created_at) VALUES (3912, 2181, 4991, 1120, 267, 1775839978);
INSERT INTO cave_place_to_raster_map_definitions (id, x_coordinate, y_coordinate, cave_place_id, raster_map_id, created_at) VALUES (3913, 4591, 1717, 1128, 267, 1775839978);
INSERT INTO cave_place_to_raster_map_definitions (id, x_coordinate, y_coordinate, cave_place_id, raster_map_id, created_at) VALUES (3914, 4570, 4858, 1098, 267, 1775839978);
INSERT INTO cave_place_to_raster_map_definitions (id, x_coordinate, y_coordinate, cave_place_id, raster_map_id, created_at) VALUES (3915, 2703, 2919, 1099, 267, 1775839978);
INSERT INTO cave_place_to_raster_map_definitions (id, x_coordinate, y_coordinate, cave_place_id, raster_map_id, created_at) VALUES (3916, 318, 5669, 1126, 267, 1775839978);
INSERT INTO cave_place_to_raster_map_definitions (id, x_coordinate, y_coordinate, cave_place_id, raster_map_id, created_at) VALUES (3917, 4790, 2415, 1101, 267, 1775839978);
INSERT INTO raster_maps (id, title, map_type, file_name, cave_id, cave_area_id, created_at) VALUES (268, 'geo_art_tirla_ps__harta_profil.png [C33 #1] [C21 #4]', 'plane view', 'cave_1/raster_1771183787593.png', 21, 88, 1775839978);
INSERT INTO cave_place_to_raster_map_definitions (id, x_coordinate, y_coordinate, cave_place_id, raster_map_id, created_at) VALUES (3918, 1842, 1948, 1101, 268, 1775839978);
INSERT INTO cave_place_to_raster_map_definitions (id, x_coordinate, y_coordinate, cave_place_id, raster_map_id, created_at) VALUES (3919, 871, 3942, 1110, 268, 1775839978);
INSERT INTO cave_place_to_raster_map_definitions (id, x_coordinate, y_coordinate, cave_place_id, raster_map_id, created_at) VALUES (3920, 2983, 5856, 1136, 268, 1775839978);
INSERT INTO cave_place_to_raster_map_definitions (id, x_coordinate, y_coordinate, cave_place_id, raster_map_id, created_at) VALUES (3921, 947, 5111, 1113, 268, 1775839978);
INSERT INTO cave_place_to_raster_map_definitions (id, x_coordinate, y_coordinate, cave_place_id, raster_map_id, created_at) VALUES (3922, 5951, 877, 1123, 268, 1775839978);
INSERT INTO cave_place_to_raster_map_definitions (id, x_coordinate, y_coordinate, cave_place_id, raster_map_id, created_at) VALUES (3923, 3686, 458, 1103, 268, 1775839978);
INSERT INTO cave_place_to_raster_map_definitions (id, x_coordinate, y_coordinate, cave_place_id, raster_map_id, created_at) VALUES (3924, 1482, 508, 1105, 268, 1775839978);
INSERT INTO cave_place_to_raster_map_definitions (id, x_coordinate, y_coordinate, cave_place_id, raster_map_id, created_at) VALUES (3925, 4608, 1078, 1126, 268, 1775839978);
INSERT INTO cave_place_to_raster_map_definitions (id, x_coordinate, y_coordinate, cave_place_id, raster_map_id, created_at) VALUES (3926, 5963, 1406, 1133, 268, 1775839978);
INSERT INTO cave_place_to_raster_map_definitions (id, x_coordinate, y_coordinate, cave_place_id, raster_map_id, created_at) VALUES (3927, 1987, 3421, 1127, 268, 1775839978);
INSERT INTO cave_place_to_raster_map_definitions (id, x_coordinate, y_coordinate, cave_place_id, raster_map_id, created_at) VALUES (3928, 607, 407, 1117, 268, 1775839978);
INSERT INTO cave_place_to_raster_map_definitions (id, x_coordinate, y_coordinate, cave_place_id, raster_map_id, created_at) VALUES (3929, 1193, 103, 1109, 268, 1775839978);
INSERT INTO cave_place_to_raster_map_definitions (id, x_coordinate, y_coordinate, cave_place_id, raster_map_id, created_at) VALUES (3930, 3363, 2500, 1146, 268, 1775839978);
INSERT INTO cave_place_to_raster_map_definitions (id, x_coordinate, y_coordinate, cave_place_id, raster_map_id, created_at) VALUES (3931, 4054, 1870, 1115, 268, 1775839978);
INSERT INTO cave_place_to_raster_map_definitions (id, x_coordinate, y_coordinate, cave_place_id, raster_map_id, created_at) VALUES (3932, 686, 2950, 1144, 268, 1775839978);
INSERT INTO cave_place_to_raster_map_definitions (id, x_coordinate, y_coordinate, cave_place_id, raster_map_id, created_at) VALUES (3933, 1275, 1239, 1120, 268, 1775839978);
INSERT INTO cave_place_to_raster_map_definitions (id, x_coordinate, y_coordinate, cave_place_id, raster_map_id, created_at) VALUES (3934, 4789, 4779, 1128, 268, 1775839978);
INSERT INTO cave_place_to_raster_map_definitions (id, x_coordinate, y_coordinate, cave_place_id, raster_map_id, created_at) VALUES (3935, 1007, 5826, 1141, 268, 1775839978);
INSERT INTO cave_place_to_raster_map_definitions (id, x_coordinate, y_coordinate, cave_place_id, raster_map_id, created_at) VALUES (3936, 2835, 922, 1112, 268, 1775839978);
INSERT INTO cave_place_to_raster_map_definitions (id, x_coordinate, y_coordinate, cave_place_id, raster_map_id, created_at) VALUES (3937, 5134, 1662, 1107, 268, 1775839978);
INSERT INTO raster_maps (id, title, map_type, file_name, cave_id, cave_area_id, created_at) VALUES (269, 'ps_plan_1_distanta_avenul_din_drum.jpg [C11 #1] [C22 #1]', 'plane view', 'cave_1/raster_1771183787566.jpg', 22, NULL, 1775839978);
INSERT INTO cave_place_to_raster_map_definitions (id, x_coordinate, y_coordinate, cave_place_id, raster_map_id, created_at) VALUES (3938, 1627, 287, 1207, 269, 1775839978);
INSERT INTO cave_place_to_raster_map_definitions (id, x_coordinate, y_coordinate, cave_place_id, raster_map_id, created_at) VALUES (3939, 844, 2455, 1165, 269, 1775839978);
INSERT INTO cave_place_to_raster_map_definitions (id, x_coordinate, y_coordinate, cave_place_id, raster_map_id, created_at) VALUES (3940, 1248, 4595, 1221, 269, 1775839978);
INSERT INTO cave_place_to_raster_map_definitions (id, x_coordinate, y_coordinate, cave_place_id, raster_map_id, created_at) VALUES (3941, 5017, 810, 1158, 269, 1775839978);
INSERT INTO cave_place_to_raster_map_definitions (id, x_coordinate, y_coordinate, cave_place_id, raster_map_id, created_at) VALUES (3942, 4662, 5, 1204, 269, 1775839978);
INSERT INTO raster_maps (id, title, map_type, file_name, cave_id, cave_area_id, created_at) VALUES (270, 'geo_art_tirla_ps__harta_profil.png [C22 #1] [C23 #1]', 'plane view', 'cave_1/raster_1771183787593.png', 23, NULL, 1775839978);
INSERT INTO cave_place_to_raster_map_definitions (id, x_coordinate, y_coordinate, cave_place_id, raster_map_id, created_at) VALUES (3943, 1800, 1102, 1268, 270, 1775839978);
INSERT INTO cave_place_to_raster_map_definitions (id, x_coordinate, y_coordinate, cave_place_id, raster_map_id, created_at) VALUES (3944, 4378, 245, 1243, 270, 1775839978);
INSERT INTO cave_place_to_raster_map_definitions (id, x_coordinate, y_coordinate, cave_place_id, raster_map_id, created_at) VALUES (3945, 4462, 5777, 1264, 270, 1775839978);
INSERT INTO cave_place_to_raster_map_definitions (id, x_coordinate, y_coordinate, cave_place_id, raster_map_id, created_at) VALUES (3946, 5920, 5671, 1239, 270, 1775839978);
INSERT INTO cave_place_to_raster_map_definitions (id, x_coordinate, y_coordinate, cave_place_id, raster_map_id, created_at) VALUES (3947, 671, 543, 1269, 270, 1775839978);
INSERT INTO cave_place_to_raster_map_definitions (id, x_coordinate, y_coordinate, cave_place_id, raster_map_id, created_at) VALUES (3948, 5721, 1320, 1258, 270, 1775839978);
INSERT INTO cave_place_to_raster_map_definitions (id, x_coordinate, y_coordinate, cave_place_id, raster_map_id, created_at) VALUES (3949, 1861, 2218, 1242, 270, 1775839978);
INSERT INTO cave_place_to_raster_map_definitions (id, x_coordinate, y_coordinate, cave_place_id, raster_map_id, created_at) VALUES (3950, 2793, 2120, 1240, 270, 1775839978);
INSERT INTO cave_place_to_raster_map_definitions (id, x_coordinate, y_coordinate, cave_place_id, raster_map_id, created_at) VALUES (3951, 706, 2590, 1235, 270, 1775839978);
INSERT INTO cave_place_to_raster_map_definitions (id, x_coordinate, y_coordinate, cave_place_id, raster_map_id, created_at) VALUES (3952, 5644, 1622, 1273, 270, 1775839978);
INSERT INTO cave_place_to_raster_map_definitions (id, x_coordinate, y_coordinate, cave_place_id, raster_map_id, created_at) VALUES (3953, 5487, 1365, 1274, 270, 1775839978);
INSERT INTO cave_place_to_raster_map_definitions (id, x_coordinate, y_coordinate, cave_place_id, raster_map_id, created_at) VALUES (3954, 2996, 4733, 1247, 270, 1775839978);
INSERT INTO cave_place_to_raster_map_definitions (id, x_coordinate, y_coordinate, cave_place_id, raster_map_id, created_at) VALUES (3955, 4336, 3799, 1257, 270, 1775839978);
INSERT INTO cave_place_to_raster_map_definitions (id, x_coordinate, y_coordinate, cave_place_id, raster_map_id, created_at) VALUES (3956, 1376, 5248, 1262, 270, 1775839978);
INSERT INTO cave_place_to_raster_map_definitions (id, x_coordinate, y_coordinate, cave_place_id, raster_map_id, created_at) VALUES (3957, 4498, 657, 1256, 270, 1775839978);
INSERT INTO cave_place_to_raster_map_definitions (id, x_coordinate, y_coordinate, cave_place_id, raster_map_id, created_at) VALUES (3958, 5468, 3513, 1267, 270, 1775839978);
INSERT INTO cave_place_to_raster_map_definitions (id, x_coordinate, y_coordinate, cave_place_id, raster_map_id, created_at) VALUES (3959, 1303, 5354, 1245, 270, 1775839978);
INSERT INTO cave_place_to_raster_map_definitions (id, x_coordinate, y_coordinate, cave_place_id, raster_map_id, created_at) VALUES (3960, 3320, 1646, 1249, 270, 1775839978);
INSERT INTO cave_place_to_raster_map_definitions (id, x_coordinate, y_coordinate, cave_place_id, raster_map_id, created_at) VALUES (3961, 924, 2529, 1236, 270, 1775839978);
INSERT INTO cave_place_to_raster_map_definitions (id, x_coordinate, y_coordinate, cave_place_id, raster_map_id, created_at) VALUES (3962, 1363, 2483, 1248, 270, 1775839978);
INSERT INTO cave_place_to_raster_map_definitions (id, x_coordinate, y_coordinate, cave_place_id, raster_map_id, created_at) VALUES (3963, 5352, 3075, 1252, 270, 1775839978);
INSERT INTO raster_maps (id, title, map_type, file_name, cave_id, cave_area_id, created_at) VALUES (271, 'Ponorul Nou - zona intrare.jpg [C58 #3] [C23 #2]', 'plane view', 'cave_2/raster_1771183787599.jpg', 23, NULL, 1775839978);
INSERT INTO cave_place_to_raster_map_definitions (id, x_coordinate, y_coordinate, cave_place_id, raster_map_id, created_at) VALUES (3964, 4784, 764, 1249, 271, 1775839978);
INSERT INTO cave_place_to_raster_map_definitions (id, x_coordinate, y_coordinate, cave_place_id, raster_map_id, created_at) VALUES (3965, 5716, 1948, 1246, 271, 1775839978);
INSERT INTO cave_place_to_raster_map_definitions (id, x_coordinate, y_coordinate, cave_place_id, raster_map_id, created_at) VALUES (3966, 5130, 5121, 1236, 271, 1775839978);
INSERT INTO cave_place_to_raster_map_definitions (id, x_coordinate, y_coordinate, cave_place_id, raster_map_id, created_at) VALUES (3967, 5526, 1963, 1253, 271, 1775839978);
INSERT INTO cave_place_to_raster_map_definitions (id, x_coordinate, y_coordinate, cave_place_id, raster_map_id, created_at) VALUES (3968, 3531, 5693, 1261, 271, 1775839978);
INSERT INTO cave_place_to_raster_map_definitions (id, x_coordinate, y_coordinate, cave_place_id, raster_map_id, created_at) VALUES (3969, 1306, 5767, 1270, 271, 1775839978);
INSERT INTO cave_place_to_raster_map_definitions (id, x_coordinate, y_coordinate, cave_place_id, raster_map_id, created_at) VALUES (3970, 5231, 5175, 1237, 271, 1775839978);
INSERT INTO cave_place_to_raster_map_definitions (id, x_coordinate, y_coordinate, cave_place_id, raster_map_id, created_at) VALUES (3971, 2429, 4492, 1259, 271, 1775839978);
INSERT INTO cave_place_to_raster_map_definitions (id, x_coordinate, y_coordinate, cave_place_id, raster_map_id, created_at) VALUES (3972, 3472, 485, 1271, 271, 1775839978);
INSERT INTO cave_place_to_raster_map_definitions (id, x_coordinate, y_coordinate, cave_place_id, raster_map_id, created_at) VALUES (3973, 4933, 984, 1258, 271, 1775839978);
INSERT INTO cave_place_to_raster_map_definitions (id, x_coordinate, y_coordinate, cave_place_id, raster_map_id, created_at) VALUES (3974, 5461, 2789, 1239, 271, 1775839978);
INSERT INTO cave_place_to_raster_map_definitions (id, x_coordinate, y_coordinate, cave_place_id, raster_map_id, created_at) VALUES (3975, 3659, 411, 1260, 271, 1775839978);
INSERT INTO cave_place_to_raster_map_definitions (id, x_coordinate, y_coordinate, cave_place_id, raster_map_id, created_at) VALUES (3976, 5160, 3055, 1267, 271, 1775839978);
INSERT INTO cave_place_to_raster_map_definitions (id, x_coordinate, y_coordinate, cave_place_id, raster_map_id, created_at) VALUES (3977, 2445, 962, 1257, 271, 1775839978);
INSERT INTO cave_place_to_raster_map_definitions (id, x_coordinate, y_coordinate, cave_place_id, raster_map_id, created_at) VALUES (3978, 133, 3620, 1238, 271, 1775839978);
INSERT INTO cave_place_to_raster_map_definitions (id, x_coordinate, y_coordinate, cave_place_id, raster_map_id, created_at) VALUES (3979, 3926, 2033, 1272, 271, 1775839978);
INSERT INTO cave_place_to_raster_map_definitions (id, x_coordinate, y_coordinate, cave_place_id, raster_map_id, created_at) VALUES (3980, 1307, 2941, 1269, 271, 1775839978);
INSERT INTO cave_place_to_raster_map_definitions (id, x_coordinate, y_coordinate, cave_place_id, raster_map_id, created_at) VALUES (3981, 988, 5134, 1235, 271, 1775839978);
INSERT INTO cave_place_to_raster_map_definitions (id, x_coordinate, y_coordinate, cave_place_id, raster_map_id, created_at) VALUES (3982, 791, 3245, 1273, 271, 1775839978);
INSERT INTO cave_place_to_raster_map_definitions (id, x_coordinate, y_coordinate, cave_place_id, raster_map_id, created_at) VALUES (3983, 5032, 4564, 1251, 271, 1775839978);
INSERT INTO raster_maps (id, title, map_type, file_name, cave_id, cave_area_id, created_at) VALUES (272, 'ps_20250107_explorari_plan_fundal_negru.jpg [C4 #1] [C23 #3]', 'plane view', 'cave_1/raster_1771183787549.jpg', 23, NULL, 1775839978);
INSERT INTO cave_place_to_raster_map_definitions (id, x_coordinate, y_coordinate, cave_place_id, raster_map_id, created_at) VALUES (3984, 858, 2638, 1240, 272, 1775839978);
INSERT INTO cave_place_to_raster_map_definitions (id, x_coordinate, y_coordinate, cave_place_id, raster_map_id, created_at) VALUES (3985, 2411, 2435, 1249, 272, 1775839978);
INSERT INTO cave_place_to_raster_map_definitions (id, x_coordinate, y_coordinate, cave_place_id, raster_map_id, created_at) VALUES (3986, 5324, 125, 1255, 272, 1775839978);
INSERT INTO cave_place_to_raster_map_definitions (id, x_coordinate, y_coordinate, cave_place_id, raster_map_id, created_at) VALUES (3987, 1141, 2655, 1245, 272, 1775839978);
INSERT INTO cave_place_to_raster_map_definitions (id, x_coordinate, y_coordinate, cave_place_id, raster_map_id, created_at) VALUES (3988, 4713, 3135, 1273, 272, 1775839978);
INSERT INTO cave_place_to_raster_map_definitions (id, x_coordinate, y_coordinate, cave_place_id, raster_map_id, created_at) VALUES (3989, 4978, 2966, 1271, 272, 1775839978);
INSERT INTO cave_place_to_raster_map_definitions (id, x_coordinate, y_coordinate, cave_place_id, raster_map_id, created_at) VALUES (3990, 597, 3910, 1250, 272, 1775839978);
INSERT INTO cave_place_to_raster_map_definitions (id, x_coordinate, y_coordinate, cave_place_id, raster_map_id, created_at) VALUES (3991, 1708, 5906, 1244, 272, 1775839978);
INSERT INTO cave_place_to_raster_map_definitions (id, x_coordinate, y_coordinate, cave_place_id, raster_map_id, created_at) VALUES (3992, 3594, 2638, 1247, 272, 1775839978);
INSERT INTO cave_place_to_raster_map_definitions (id, x_coordinate, y_coordinate, cave_place_id, raster_map_id, created_at) VALUES (3993, 1760, 1327, 1242, 272, 1775839978);
INSERT INTO cave_place_to_raster_map_definitions (id, x_coordinate, y_coordinate, cave_place_id, raster_map_id, created_at) VALUES (3994, 2085, 3399, 1275, 272, 1775839978);
INSERT INTO raster_maps (id, title, map_type, file_name, cave_id, cave_area_id, created_at) VALUES (273, 'ps_plan_1_distanta_avenul_din_drum.jpg [C54 #2] [C24 #1]', 'plane view', 'cave_1/raster_1771183787566.jpg', 24, NULL, 1775839978);
INSERT INTO cave_place_to_raster_map_definitions (id, x_coordinate, y_coordinate, cave_place_id, raster_map_id, created_at) VALUES (3995, 2317, 5991, 1336, 273, 1775839978);
INSERT INTO cave_place_to_raster_map_definitions (id, x_coordinate, y_coordinate, cave_place_id, raster_map_id, created_at) VALUES (3996, 5433, 2867, 1300, 273, 1775839978);
INSERT INTO cave_place_to_raster_map_definitions (id, x_coordinate, y_coordinate, cave_place_id, raster_map_id, created_at) VALUES (3997, 3176, 5620, 1280, 273, 1775839978);
INSERT INTO cave_place_to_raster_map_definitions (id, x_coordinate, y_coordinate, cave_place_id, raster_map_id, created_at) VALUES (3998, 5219, 4238, 1324, 273, 1775839978);
INSERT INTO cave_place_to_raster_map_definitions (id, x_coordinate, y_coordinate, cave_place_id, raster_map_id, created_at) VALUES (3999, 2236, 2567, 1298, 273, 1775839978);
INSERT INTO cave_place_to_raster_map_definitions (id, x_coordinate, y_coordinate, cave_place_id, raster_map_id, created_at) VALUES (4000, 2950, 4315, 1301, 273, 1775839978);
INSERT INTO cave_place_to_raster_map_definitions (id, x_coordinate, y_coordinate, cave_place_id, raster_map_id, created_at) VALUES (4001, 2310, 294, 1318, 273, 1775839978);
INSERT INTO cave_place_to_raster_map_definitions (id, x_coordinate, y_coordinate, cave_place_id, raster_map_id, created_at) VALUES (4002, 2932, 3409, 1297, 273, 1775839978);
INSERT INTO raster_maps (id, title, map_type, file_name, cave_id, cave_area_id, created_at) VALUES (274, 'Ponorul Nou - zona intrare_nordata.jpg [C56 #2] [C25 #1]', 'plane view', 'cave_2/raster_1771183787610.jpg', 25, NULL, 1775839978);
INSERT INTO cave_place_to_raster_map_definitions (id, x_coordinate, y_coordinate, cave_place_id, raster_map_id, created_at) VALUES (4003, 4646, 5942, 1367, 274, 1775839978);
INSERT INTO cave_place_to_raster_map_definitions (id, x_coordinate, y_coordinate, cave_place_id, raster_map_id, created_at) VALUES (4004, 1773, 1823, 1404, 274, 1775839978);
INSERT INTO cave_place_to_raster_map_definitions (id, x_coordinate, y_coordinate, cave_place_id, raster_map_id, created_at) VALUES (4005, 92, 322, 1363, 274, 1775839978);
INSERT INTO cave_place_to_raster_map_definitions (id, x_coordinate, y_coordinate, cave_place_id, raster_map_id, created_at) VALUES (4006, 2940, 1594, 1419, 274, 1775839978);
INSERT INTO cave_place_to_raster_map_definitions (id, x_coordinate, y_coordinate, cave_place_id, raster_map_id, created_at) VALUES (4007, 696, 4009, 1339, 274, 1775839978);
INSERT INTO cave_place_to_raster_map_definitions (id, x_coordinate, y_coordinate, cave_place_id, raster_map_id, created_at) VALUES (4008, 5719, 5906, 1409, 274, 1775839978);
INSERT INTO cave_place_to_raster_map_definitions (id, x_coordinate, y_coordinate, cave_place_id, raster_map_id, created_at) VALUES (4009, 4409, 5461, 1354, 274, 1775839978);
INSERT INTO cave_place_to_raster_map_definitions (id, x_coordinate, y_coordinate, cave_place_id, raster_map_id, created_at) VALUES (4010, 3098, 5350, 1415, 274, 1775839978);
INSERT INTO cave_place_to_raster_map_definitions (id, x_coordinate, y_coordinate, cave_place_id, raster_map_id, created_at) VALUES (4011, 934, 3272, 1389, 274, 1775839978);
INSERT INTO cave_place_to_raster_map_definitions (id, x_coordinate, y_coordinate, cave_place_id, raster_map_id, created_at) VALUES (4012, 5058, 624, 1377, 274, 1775839978);
INSERT INTO cave_place_to_raster_map_definitions (id, x_coordinate, y_coordinate, cave_place_id, raster_map_id, created_at) VALUES (4013, 4373, 730, 1388, 274, 1775839978);
INSERT INTO cave_place_to_raster_map_definitions (id, x_coordinate, y_coordinate, cave_place_id, raster_map_id, created_at) VALUES (4014, 1176, 5889, 1369, 274, 1775839978);
INSERT INTO raster_maps (id, title, map_type, file_name, cave_id, cave_area_id, created_at) VALUES (275, 'ps_profil_proiectat_ortogonal_est_vest_fundalalb.png [C14 #1] [C25 #2]', 'plane view', 'cave_1/raster_1771183787575.png', 25, NULL, 1775839978);
INSERT INTO cave_place_to_raster_map_definitions (id, x_coordinate, y_coordinate, cave_place_id, raster_map_id, created_at) VALUES (4015, 3100, 1921, 1402, 275, 1775839978);
INSERT INTO cave_place_to_raster_map_definitions (id, x_coordinate, y_coordinate, cave_place_id, raster_map_id, created_at) VALUES (4016, 4747, 3016, 1359, 275, 1775839978);
INSERT INTO cave_place_to_raster_map_definitions (id, x_coordinate, y_coordinate, cave_place_id, raster_map_id, created_at) VALUES (4017, 5639, 4710, 1392, 275, 1775839978);
INSERT INTO cave_place_to_raster_map_definitions (id, x_coordinate, y_coordinate, cave_place_id, raster_map_id, created_at) VALUES (4018, 1290, 1221, 1348, 275, 1775839978);
INSERT INTO cave_place_to_raster_map_definitions (id, x_coordinate, y_coordinate, cave_place_id, raster_map_id, created_at) VALUES (4019, 3033, 3133, 1366, 275, 1775839978);
INSERT INTO cave_place_to_raster_map_definitions (id, x_coordinate, y_coordinate, cave_place_id, raster_map_id, created_at) VALUES (4020, 2997, 3187, 1341, 275, 1775839978);
INSERT INTO cave_place_to_raster_map_definitions (id, x_coordinate, y_coordinate, cave_place_id, raster_map_id, created_at) VALUES (4021, 5381, 4649, 1370, 275, 1775839978);
INSERT INTO cave_place_to_raster_map_definitions (id, x_coordinate, y_coordinate, cave_place_id, raster_map_id, created_at) VALUES (4022, 2489, 5259, 1377, 275, 1775839978);
INSERT INTO cave_place_to_raster_map_definitions (id, x_coordinate, y_coordinate, cave_place_id, raster_map_id, created_at) VALUES (4023, 426, 186, 1349, 275, 1775839978);
INSERT INTO cave_place_to_raster_map_definitions (id, x_coordinate, y_coordinate, cave_place_id, raster_map_id, created_at) VALUES (4024, 546, 4887, 1350, 275, 1775839978);
INSERT INTO cave_place_to_raster_map_definitions (id, x_coordinate, y_coordinate, cave_place_id, raster_map_id, created_at) VALUES (4025, 2972, 1785, 1411, 275, 1775839978);
INSERT INTO cave_place_to_raster_map_definitions (id, x_coordinate, y_coordinate, cave_place_id, raster_map_id, created_at) VALUES (4026, 5645, 4942, 1369, 275, 1775839978);
INSERT INTO cave_place_to_raster_map_definitions (id, x_coordinate, y_coordinate, cave_place_id, raster_map_id, created_at) VALUES (4027, 534, 4108, 1397, 275, 1775839978);
INSERT INTO cave_place_to_raster_map_definitions (id, x_coordinate, y_coordinate, cave_place_id, raster_map_id, created_at) VALUES (4028, 4817, 5124, 1367, 275, 1775839978);
INSERT INTO cave_place_to_raster_map_definitions (id, x_coordinate, y_coordinate, cave_place_id, raster_map_id, created_at) VALUES (4029, 2954, 5889, 1398, 275, 1775839978);
INSERT INTO cave_place_to_raster_map_definitions (id, x_coordinate, y_coordinate, cave_place_id, raster_map_id, created_at) VALUES (4030, 1020, 4572, 1421, 275, 1775839978);
INSERT INTO cave_place_to_raster_map_definitions (id, x_coordinate, y_coordinate, cave_place_id, raster_map_id, created_at) VALUES (4031, 4900, 2233, 1365, 275, 1775839978);
INSERT INTO cave_place_to_raster_map_definitions (id, x_coordinate, y_coordinate, cave_place_id, raster_map_id, created_at) VALUES (4032, 4579, 49, 1363, 275, 1775839978);
INSERT INTO cave_place_to_raster_map_definitions (id, x_coordinate, y_coordinate, cave_place_id, raster_map_id, created_at) VALUES (4033, 3138, 1419, 1380, 275, 1775839978);
INSERT INTO raster_maps (id, title, map_type, file_name, cave_id, cave_area_id, created_at) VALUES (276, 'cerna_ps_pn_pdp_plan_en_articol.jpg [C1 #2] [C25 #3]', 'plane view', 'cave_1/raster_1771183787584.jpg', 25, NULL, 1775839978);
INSERT INTO cave_place_to_raster_map_definitions (id, x_coordinate, y_coordinate, cave_place_id, raster_map_id, created_at) VALUES (4034, 94, 110, 1351, 276, 1775839978);
INSERT INTO cave_place_to_raster_map_definitions (id, x_coordinate, y_coordinate, cave_place_id, raster_map_id, created_at) VALUES (4035, 195, 5623, 1364, 276, 1775839978);
INSERT INTO cave_place_to_raster_map_definitions (id, x_coordinate, y_coordinate, cave_place_id, raster_map_id, created_at) VALUES (4036, 1438, 3016, 1363, 276, 1775839978);
INSERT INTO cave_place_to_raster_map_definitions (id, x_coordinate, y_coordinate, cave_place_id, raster_map_id, created_at) VALUES (4037, 811, 5378, 1361, 276, 1775839978);
INSERT INTO cave_place_to_raster_map_definitions (id, x_coordinate, y_coordinate, cave_place_id, raster_map_id, created_at) VALUES (4038, 2180, 1232, 1345, 276, 1775839978);
INSERT INTO cave_place_to_raster_map_definitions (id, x_coordinate, y_coordinate, cave_place_id, raster_map_id, created_at) VALUES (4039, 1767, 3477, 1353, 276, 1775839978);
INSERT INTO cave_place_to_raster_map_definitions (id, x_coordinate, y_coordinate, cave_place_id, raster_map_id, created_at) VALUES (4040, 4641, 1902, 1393, 276, 1775839978);
INSERT INTO cave_place_to_raster_map_definitions (id, x_coordinate, y_coordinate, cave_place_id, raster_map_id, created_at) VALUES (4041, 4942, 4753, 1418, 276, 1775839978);
INSERT INTO cave_place_to_raster_map_definitions (id, x_coordinate, y_coordinate, cave_place_id, raster_map_id, created_at) VALUES (4042, 4844, 3556, 1342, 276, 1775839978);
INSERT INTO cave_place_to_raster_map_definitions (id, x_coordinate, y_coordinate, cave_place_id, raster_map_id, created_at) VALUES (4043, 3040, 171, 1405, 276, 1775839978);
INSERT INTO cave_place_to_raster_map_definitions (id, x_coordinate, y_coordinate, cave_place_id, raster_map_id, created_at) VALUES (4044, 4157, 2832, 1374, 276, 1775839978);
INSERT INTO cave_place_to_raster_map_definitions (id, x_coordinate, y_coordinate, cave_place_id, raster_map_id, created_at) VALUES (4045, 1082, 2589, 1356, 276, 1775839978);
INSERT INTO cave_place_to_raster_map_definitions (id, x_coordinate, y_coordinate, cave_place_id, raster_map_id, created_at) VALUES (4046, 5372, 5431, 1417, 276, 1775839978);
INSERT INTO cave_place_to_raster_map_definitions (id, x_coordinate, y_coordinate, cave_place_id, raster_map_id, created_at) VALUES (4047, 3198, 587, 1392, 276, 1775839978);
INSERT INTO cave_place_to_raster_map_definitions (id, x_coordinate, y_coordinate, cave_place_id, raster_map_id, created_at) VALUES (4048, 1393, 5267, 1372, 276, 1775839978);
INSERT INTO cave_place_to_raster_map_definitions (id, x_coordinate, y_coordinate, cave_place_id, raster_map_id, created_at) VALUES (4049, 850, 4324, 1349, 276, 1775839978);
INSERT INTO cave_place_to_raster_map_definitions (id, x_coordinate, y_coordinate, cave_place_id, raster_map_id, created_at) VALUES (4050, 5093, 2578, 1379, 276, 1775839978);
INSERT INTO cave_place_to_raster_map_definitions (id, x_coordinate, y_coordinate, cave_place_id, raster_map_id, created_at) VALUES (4051, 5427, 2701, 1409, 276, 1775839978);
INSERT INTO cave_place_to_raster_map_definitions (id, x_coordinate, y_coordinate, cave_place_id, raster_map_id, created_at) VALUES (4052, 4504, 3794, 1421, 276, 1775839978);
INSERT INTO cave_place_to_raster_map_definitions (id, x_coordinate, y_coordinate, cave_place_id, raster_map_id, created_at) VALUES (4053, 176, 2705, 1371, 276, 1775839978);
INSERT INTO cave_place_to_raster_map_definitions (id, x_coordinate, y_coordinate, cave_place_id, raster_map_id, created_at) VALUES (4054, 5549, 3019, 1402, 276, 1775839978);
INSERT INTO cave_place_to_raster_map_definitions (id, x_coordinate, y_coordinate, cave_place_id, raster_map_id, created_at) VALUES (4055, 369, 5163, 1339, 276, 1775839978);
INSERT INTO cave_place_to_raster_map_definitions (id, x_coordinate, y_coordinate, cave_place_id, raster_map_id, created_at) VALUES (4056, 1106, 4044, 1352, 276, 1775839978);
INSERT INTO cave_place_to_raster_map_definitions (id, x_coordinate, y_coordinate, cave_place_id, raster_map_id, created_at) VALUES (4057, 1078, 4684, 1413, 276, 1775839978);
INSERT INTO cave_place_to_raster_map_definitions (id, x_coordinate, y_coordinate, cave_place_id, raster_map_id, created_at) VALUES (4058, 1036, 5606, 1375, 276, 1775839978);
INSERT INTO raster_maps (id, title, map_type, file_name, cave_id, cave_area_id, created_at) VALUES (277, 'ps_profil_proiectat_ortogonal_est_vest_fundalalb.png [C35 #4] [C25 #4]', 'plane view', 'cave_1/raster_1771183787575.png', 25, NULL, 1775839978);
INSERT INTO cave_place_to_raster_map_definitions (id, x_coordinate, y_coordinate, cave_place_id, raster_map_id, created_at) VALUES (4059, 4634, 735, 1413, 277, 1775839978);
INSERT INTO cave_place_to_raster_map_definitions (id, x_coordinate, y_coordinate, cave_place_id, raster_map_id, created_at) VALUES (4060, 5096, 4693, 1351, 277, 1775839978);
INSERT INTO cave_place_to_raster_map_definitions (id, x_coordinate, y_coordinate, cave_place_id, raster_map_id, created_at) VALUES (4061, 2495, 3192, 1349, 277, 1775839978);
INSERT INTO cave_place_to_raster_map_definitions (id, x_coordinate, y_coordinate, cave_place_id, raster_map_id, created_at) VALUES (4062, 4972, 2584, 1404, 277, 1775839978);
INSERT INTO cave_place_to_raster_map_definitions (id, x_coordinate, y_coordinate, cave_place_id, raster_map_id, created_at) VALUES (4063, 1394, 5273, 1342, 277, 1775839978);
INSERT INTO cave_place_to_raster_map_definitions (id, x_coordinate, y_coordinate, cave_place_id, raster_map_id, created_at) VALUES (4064, 752, 3452, 1384, 277, 1775839978);
INSERT INTO cave_place_to_raster_map_definitions (id, x_coordinate, y_coordinate, cave_place_id, raster_map_id, created_at) VALUES (4065, 964, 301, 1363, 277, 1775839978);
INSERT INTO cave_place_to_raster_map_definitions (id, x_coordinate, y_coordinate, cave_place_id, raster_map_id, created_at) VALUES (4066, 2307, 5400, 1355, 277, 1775839978);
INSERT INTO cave_place_to_raster_map_definitions (id, x_coordinate, y_coordinate, cave_place_id, raster_map_id, created_at) VALUES (4067, 4954, 619, 1357, 277, 1775839978);
INSERT INTO cave_place_to_raster_map_definitions (id, x_coordinate, y_coordinate, cave_place_id, raster_map_id, created_at) VALUES (4068, 5146, 3100, 1392, 277, 1775839978);
INSERT INTO cave_place_to_raster_map_definitions (id, x_coordinate, y_coordinate, cave_place_id, raster_map_id, created_at) VALUES (4069, 1399, 1374, 1409, 277, 1775839978);
INSERT INTO cave_place_to_raster_map_definitions (id, x_coordinate, y_coordinate, cave_place_id, raster_map_id, created_at) VALUES (4070, 2129, 2577, 1380, 277, 1775839978);
INSERT INTO cave_place_to_raster_map_definitions (id, x_coordinate, y_coordinate, cave_place_id, raster_map_id, created_at) VALUES (4071, 2879, 4916, 1414, 277, 1775839978);
INSERT INTO cave_place_to_raster_map_definitions (id, x_coordinate, y_coordinate, cave_place_id, raster_map_id, created_at) VALUES (4072, 5038, 5563, 1347, 277, 1775839978);
INSERT INTO cave_place_to_raster_map_definitions (id, x_coordinate, y_coordinate, cave_place_id, raster_map_id, created_at) VALUES (4073, 432, 747, 1353, 277, 1775839978);
INSERT INTO cave_place_to_raster_map_definitions (id, x_coordinate, y_coordinate, cave_place_id, raster_map_id, created_at) VALUES (4074, 215, 2303, 1344, 277, 1775839978);
INSERT INTO cave_place_to_raster_map_definitions (id, x_coordinate, y_coordinate, cave_place_id, raster_map_id, created_at) VALUES (4075, 2636, 3717, 1360, 277, 1775839978);
INSERT INTO cave_place_to_raster_map_definitions (id, x_coordinate, y_coordinate, cave_place_id, raster_map_id, created_at) VALUES (4076, 1036, 200, 1386, 277, 1775839978);
INSERT INTO cave_place_to_raster_map_definitions (id, x_coordinate, y_coordinate, cave_place_id, raster_map_id, created_at) VALUES (4077, 344, 2261, 1400, 277, 1775839978);
INSERT INTO raster_maps (id, title, map_type, file_name, cave_id, cave_area_id, created_at) VALUES (278, 'geo_art_tirla_ps__harta_profil.png [C34 #2] [C25 #5]', 'plane view', 'cave_1/raster_1771183787593.png', 25, 110, 1775839978);
INSERT INTO cave_place_to_raster_map_definitions (id, x_coordinate, y_coordinate, cave_place_id, raster_map_id, created_at) VALUES (4078, 4080, 1268, 1398, 278, 1775839978);
INSERT INTO cave_place_to_raster_map_definitions (id, x_coordinate, y_coordinate, cave_place_id, raster_map_id, created_at) VALUES (4079, 4545, 2109, 1344, 278, 1775839978);
INSERT INTO cave_place_to_raster_map_definitions (id, x_coordinate, y_coordinate, cave_place_id, raster_map_id, created_at) VALUES (4080, 2571, 5536, 1363, 278, 1775839978);
INSERT INTO cave_place_to_raster_map_definitions (id, x_coordinate, y_coordinate, cave_place_id, raster_map_id, created_at) VALUES (4081, 1032, 4172, 1362, 278, 1775839978);
INSERT INTO cave_place_to_raster_map_definitions (id, x_coordinate, y_coordinate, cave_place_id, raster_map_id, created_at) VALUES (4082, 1225, 5685, 1369, 278, 1775839978);
INSERT INTO cave_place_to_raster_map_definitions (id, x_coordinate, y_coordinate, cave_place_id, raster_map_id, created_at) VALUES (4083, 4075, 3103, 1420, 278, 1775839978);
INSERT INTO cave_place_to_raster_map_definitions (id, x_coordinate, y_coordinate, cave_place_id, raster_map_id, created_at) VALUES (4084, 2989, 1973, 1386, 278, 1775839978);
INSERT INTO cave_place_to_raster_map_definitions (id, x_coordinate, y_coordinate, cave_place_id, raster_map_id, created_at) VALUES (4085, 500, 3617, 1373, 278, 1775839978);
INSERT INTO cave_place_to_raster_map_definitions (id, x_coordinate, y_coordinate, cave_place_id, raster_map_id, created_at) VALUES (4086, 4067, 5631, 1341, 278, 1775839978);
INSERT INTO cave_place_to_raster_map_definitions (id, x_coordinate, y_coordinate, cave_place_id, raster_map_id, created_at) VALUES (4087, 3268, 4476, 1409, 278, 1775839978);
INSERT INTO cave_place_to_raster_map_definitions (id, x_coordinate, y_coordinate, cave_place_id, raster_map_id, created_at) VALUES (4088, 3819, 917, 1400, 278, 1775839978);
INSERT INTO cave_place_to_raster_map_definitions (id, x_coordinate, y_coordinate, cave_place_id, raster_map_id, created_at) VALUES (4089, 3348, 1724, 1348, 278, 1775839978);
INSERT INTO cave_place_to_raster_map_definitions (id, x_coordinate, y_coordinate, cave_place_id, raster_map_id, created_at) VALUES (4090, 5595, 2954, 1367, 278, 1775839978);
INSERT INTO cave_place_to_raster_map_definitions (id, x_coordinate, y_coordinate, cave_place_id, raster_map_id, created_at) VALUES (4091, 2448, 434, 1371, 278, 1775839978);
INSERT INTO cave_place_to_raster_map_definitions (id, x_coordinate, y_coordinate, cave_place_id, raster_map_id, created_at) VALUES (4092, 3206, 4587, 1356, 278, 1775839978);
INSERT INTO cave_place_to_raster_map_definitions (id, x_coordinate, y_coordinate, cave_place_id, raster_map_id, created_at) VALUES (4093, 4658, 831, 1401, 278, 1775839978);
INSERT INTO cave_place_to_raster_map_definitions (id, x_coordinate, y_coordinate, cave_place_id, raster_map_id, created_at) VALUES (4094, 1868, 1142, 1351, 278, 1775839978);
INSERT INTO cave_place_to_raster_map_definitions (id, x_coordinate, y_coordinate, cave_place_id, raster_map_id, created_at) VALUES (4095, 2608, 68, 1352, 278, 1775839978);
INSERT INTO cave_place_to_raster_map_definitions (id, x_coordinate, y_coordinate, cave_place_id, raster_map_id, created_at) VALUES (4096, 531, 4667, 1358, 278, 1775839978);
INSERT INTO cave_place_to_raster_map_definitions (id, x_coordinate, y_coordinate, cave_place_id, raster_map_id, created_at) VALUES (4097, 2386, 5831, 1407, 278, 1775839978);
INSERT INTO cave_place_to_raster_map_definitions (id, x_coordinate, y_coordinate, cave_place_id, raster_map_id, created_at) VALUES (4098, 1796, 1286, 1395, 278, 1775839978);
INSERT INTO cave_place_to_raster_map_definitions (id, x_coordinate, y_coordinate, cave_place_id, raster_map_id, created_at) VALUES (4099, 1266, 1895, 1410, 278, 1775839978);
INSERT INTO cave_place_to_raster_map_definitions (id, x_coordinate, y_coordinate, cave_place_id, raster_map_id, created_at) VALUES (4100, 300, 948, 1397, 278, 1775839978);
INSERT INTO raster_maps (id, title, map_type, file_name, cave_id, cave_area_id, created_at) VALUES (279, '1997 Harta P.Gaura cu Vajgau 2.jpg [C36 #2] [C26 #1]', 'plane view', 'cave_3/raster_1771183787629.jpg', 26, NULL, 1775839978);
INSERT INTO cave_place_to_raster_map_definitions (id, x_coordinate, y_coordinate, cave_place_id, raster_map_id, created_at) VALUES (4101, 98, 3896, 1438, 279, 1775839978);
INSERT INTO cave_place_to_raster_map_definitions (id, x_coordinate, y_coordinate, cave_place_id, raster_map_id, created_at) VALUES (4102, 3796, 4677, 1472, 279, 1775839978);
INSERT INTO cave_place_to_raster_map_definitions (id, x_coordinate, y_coordinate, cave_place_id, raster_map_id, created_at) VALUES (4103, 5122, 1105, 1479, 279, 1775839978);
INSERT INTO cave_place_to_raster_map_definitions (id, x_coordinate, y_coordinate, cave_place_id, raster_map_id, created_at) VALUES (4104, 5299, 5614, 1473, 279, 1775839978);
INSERT INTO cave_place_to_raster_map_definitions (id, x_coordinate, y_coordinate, cave_place_id, raster_map_id, created_at) VALUES (4105, 5263, 706, 1477, 279, 1775839978);
INSERT INTO cave_place_to_raster_map_definitions (id, x_coordinate, y_coordinate, cave_place_id, raster_map_id, created_at) VALUES (4106, 4118, 5272, 1461, 279, 1775839978);
INSERT INTO cave_place_to_raster_map_definitions (id, x_coordinate, y_coordinate, cave_place_id, raster_map_id, created_at) VALUES (4107, 119, 1986, 1452, 279, 1775839978);
INSERT INTO cave_place_to_raster_map_definitions (id, x_coordinate, y_coordinate, cave_place_id, raster_map_id, created_at) VALUES (4108, 1973, 3495, 1474, 279, 1775839978);
INSERT INTO cave_place_to_raster_map_definitions (id, x_coordinate, y_coordinate, cave_place_id, raster_map_id, created_at) VALUES (4109, 5631, 1521, 1453, 279, 1775839978);
INSERT INTO raster_maps (id, title, map_type, file_name, cave_id, cave_area_id, created_at) VALUES (280, '1997 Harta P.Gaura cu Vajgau 2.jpg [C48 #1] [C27 #1]', 'plane view', 'cave_3/raster_1771183787629.jpg', 27, NULL, 1775839978);
INSERT INTO cave_place_to_raster_map_definitions (id, x_coordinate, y_coordinate, cave_place_id, raster_map_id, created_at) VALUES (4110, 335, 1884, 1519, 280, 1775839978);
INSERT INTO cave_place_to_raster_map_definitions (id, x_coordinate, y_coordinate, cave_place_id, raster_map_id, created_at) VALUES (4111, 2405, 3106, 1538, 280, 1775839978);
INSERT INTO cave_place_to_raster_map_definitions (id, x_coordinate, y_coordinate, cave_place_id, raster_map_id, created_at) VALUES (4112, 4487, 1065, 1516, 280, 1775839978);
INSERT INTO cave_place_to_raster_map_definitions (id, x_coordinate, y_coordinate, cave_place_id, raster_map_id, created_at) VALUES (4113, 52, 2953, 1502, 280, 1775839978);
INSERT INTO cave_place_to_raster_map_definitions (id, x_coordinate, y_coordinate, cave_place_id, raster_map_id, created_at) VALUES (4114, 621, 1669, 1552, 280, 1775839978);
INSERT INTO cave_place_to_raster_map_definitions (id, x_coordinate, y_coordinate, cave_place_id, raster_map_id, created_at) VALUES (4115, 3458, 5280, 1555, 280, 1775839978);
INSERT INTO cave_place_to_raster_map_definitions (id, x_coordinate, y_coordinate, cave_place_id, raster_map_id, created_at) VALUES (4116, 5045, 2162, 1515, 280, 1775839978);
INSERT INTO cave_place_to_raster_map_definitions (id, x_coordinate, y_coordinate, cave_place_id, raster_map_id, created_at) VALUES (4117, 1939, 1372, 1551, 280, 1775839978);
INSERT INTO cave_place_to_raster_map_definitions (id, x_coordinate, y_coordinate, cave_place_id, raster_map_id, created_at) VALUES (4118, 4128, 2755, 1545, 280, 1775839978);
INSERT INTO cave_place_to_raster_map_definitions (id, x_coordinate, y_coordinate, cave_place_id, raster_map_id, created_at) VALUES (4119, 5762, 1258, 1554, 280, 1775839978);
INSERT INTO cave_place_to_raster_map_definitions (id, x_coordinate, y_coordinate, cave_place_id, raster_map_id, created_at) VALUES (4120, 3407, 5559, 1534, 280, 1775839978);
INSERT INTO cave_place_to_raster_map_definitions (id, x_coordinate, y_coordinate, cave_place_id, raster_map_id, created_at) VALUES (4121, 650, 2490, 1537, 280, 1775839978);
INSERT INTO cave_place_to_raster_map_definitions (id, x_coordinate, y_coordinate, cave_place_id, raster_map_id, created_at) VALUES (4122, 102, 3860, 1498, 280, 1775839978);
INSERT INTO cave_place_to_raster_map_definitions (id, x_coordinate, y_coordinate, cave_place_id, raster_map_id, created_at) VALUES (4123, 2686, 4552, 1526, 280, 1775839978);
INSERT INTO cave_place_to_raster_map_definitions (id, x_coordinate, y_coordinate, cave_place_id, raster_map_id, created_at) VALUES (4124, 3168, 4932, 1483, 280, 1775839978);
INSERT INTO cave_place_to_raster_map_definitions (id, x_coordinate, y_coordinate, cave_place_id, raster_map_id, created_at) VALUES (4125, 1756, 3955, 1533, 280, 1775839978);
INSERT INTO cave_place_to_raster_map_definitions (id, x_coordinate, y_coordinate, cave_place_id, raster_map_id, created_at) VALUES (4126, 5984, 2274, 1514, 280, 1775839978);
INSERT INTO cave_place_to_raster_map_definitions (id, x_coordinate, y_coordinate, cave_place_id, raster_map_id, created_at) VALUES (4127, 3917, 4211, 1508, 280, 1775839978);
INSERT INTO cave_place_to_raster_map_definitions (id, x_coordinate, y_coordinate, cave_place_id, raster_map_id, created_at) VALUES (4128, 2712, 1444, 1527, 280, 1775839978);
INSERT INTO cave_place_to_raster_map_definitions (id, x_coordinate, y_coordinate, cave_place_id, raster_map_id, created_at) VALUES (4129, 5769, 3544, 1556, 280, 1775839978);
INSERT INTO cave_place_to_raster_map_definitions (id, x_coordinate, y_coordinate, cave_place_id, raster_map_id, created_at) VALUES (4130, 1002, 5141, 1558, 280, 1775839978);
INSERT INTO cave_place_to_raster_map_definitions (id, x_coordinate, y_coordinate, cave_place_id, raster_map_id, created_at) VALUES (4131, 4807, 5732, 1546, 280, 1775839978);
INSERT INTO cave_place_to_raster_map_definitions (id, x_coordinate, y_coordinate, cave_place_id, raster_map_id, created_at) VALUES (4132, 4979, 961, 1512, 280, 1775839978);
INSERT INTO cave_place_to_raster_map_definitions (id, x_coordinate, y_coordinate, cave_place_id, raster_map_id, created_at) VALUES (4133, 4050, 698, 1497, 280, 1775839978);
INSERT INTO cave_place_to_raster_map_definitions (id, x_coordinate, y_coordinate, cave_place_id, raster_map_id, created_at) VALUES (4134, 1589, 476, 1492, 280, 1775839978);
INSERT INTO cave_place_to_raster_map_definitions (id, x_coordinate, y_coordinate, cave_place_id, raster_map_id, created_at) VALUES (4135, 3567, 216, 1513, 280, 1775839978);
INSERT INTO raster_maps (id, title, map_type, file_name, cave_id, cave_area_id, created_at) VALUES (281, 'Ponorul Nou - zona intrare.jpg [C38 #2] [C28 #1]', 'plane view', 'cave_2/raster_1771183787599.jpg', 28, NULL, 1775839978);
INSERT INTO cave_place_to_raster_map_definitions (id, x_coordinate, y_coordinate, cave_place_id, raster_map_id, created_at) VALUES (4136, 3971, 3543, 1561, 281, 1775839978);
INSERT INTO cave_place_to_raster_map_definitions (id, x_coordinate, y_coordinate, cave_place_id, raster_map_id, created_at) VALUES (4137, 4523, 3461, 1621, 281, 1775839978);
INSERT INTO cave_place_to_raster_map_definitions (id, x_coordinate, y_coordinate, cave_place_id, raster_map_id, created_at) VALUES (4138, 3335, 5269, 1571, 281, 1775839978);
INSERT INTO cave_place_to_raster_map_definitions (id, x_coordinate, y_coordinate, cave_place_id, raster_map_id, created_at) VALUES (4139, 1937, 2773, 1637, 281, 1775839978);
INSERT INTO cave_place_to_raster_map_definitions (id, x_coordinate, y_coordinate, cave_place_id, raster_map_id, created_at) VALUES (4140, 4386, 918, 1563, 281, 1775839978);
INSERT INTO cave_place_to_raster_map_definitions (id, x_coordinate, y_coordinate, cave_place_id, raster_map_id, created_at) VALUES (4141, 1292, 4376, 1581, 281, 1775839978);
INSERT INTO cave_place_to_raster_map_definitions (id, x_coordinate, y_coordinate, cave_place_id, raster_map_id, created_at) VALUES (4142, 1882, 2934, 1584, 281, 1775839978);
INSERT INTO cave_place_to_raster_map_definitions (id, x_coordinate, y_coordinate, cave_place_id, raster_map_id, created_at) VALUES (4143, 5738, 519, 1591, 281, 1775839978);
INSERT INTO cave_place_to_raster_map_definitions (id, x_coordinate, y_coordinate, cave_place_id, raster_map_id, created_at) VALUES (4144, 2887, 838, 1635, 281, 1775839978);
INSERT INTO cave_place_to_raster_map_definitions (id, x_coordinate, y_coordinate, cave_place_id, raster_map_id, created_at) VALUES (4145, 549, 1979, 1595, 281, 1775839978);
INSERT INTO cave_place_to_raster_map_definitions (id, x_coordinate, y_coordinate, cave_place_id, raster_map_id, created_at) VALUES (4146, 5115, 4583, 1604, 281, 1775839978);
INSERT INTO cave_place_to_raster_map_definitions (id, x_coordinate, y_coordinate, cave_place_id, raster_map_id, created_at) VALUES (4147, 411, 979, 1638, 281, 1775839978);
INSERT INTO cave_place_to_raster_map_definitions (id, x_coordinate, y_coordinate, cave_place_id, raster_map_id, created_at) VALUES (4148, 1803, 1766, 1572, 281, 1775839978);
INSERT INTO cave_place_to_raster_map_definitions (id, x_coordinate, y_coordinate, cave_place_id, raster_map_id, created_at) VALUES (4149, 2505, 5202, 1577, 281, 1775839978);
INSERT INTO cave_place_to_raster_map_definitions (id, x_coordinate, y_coordinate, cave_place_id, raster_map_id, created_at) VALUES (4150, 2245, 3073, 1627, 281, 1775839978);
INSERT INTO cave_place_to_raster_map_definitions (id, x_coordinate, y_coordinate, cave_place_id, raster_map_id, created_at) VALUES (4151, 5765, 5608, 1617, 281, 1775839978);
INSERT INTO cave_place_to_raster_map_definitions (id, x_coordinate, y_coordinate, cave_place_id, raster_map_id, created_at) VALUES (4152, 4338, 235, 1641, 281, 1775839978);
INSERT INTO cave_place_to_raster_map_definitions (id, x_coordinate, y_coordinate, cave_place_id, raster_map_id, created_at) VALUES (4153, 5241, 3827, 1565, 281, 1775839978);
INSERT INTO cave_place_to_raster_map_definitions (id, x_coordinate, y_coordinate, cave_place_id, raster_map_id, created_at) VALUES (4154, 1311, 3566, 1606, 281, 1775839978);
INSERT INTO cave_place_to_raster_map_definitions (id, x_coordinate, y_coordinate, cave_place_id, raster_map_id, created_at) VALUES (4155, 5428, 4839, 1567, 281, 1775839978);
INSERT INTO cave_place_to_raster_map_definitions (id, x_coordinate, y_coordinate, cave_place_id, raster_map_id, created_at) VALUES (4156, 1930, 3915, 1582, 281, 1775839978);
INSERT INTO cave_place_to_raster_map_definitions (id, x_coordinate, y_coordinate, cave_place_id, raster_map_id, created_at) VALUES (4157, 4703, 5889, 1562, 281, 1775839978);
INSERT INTO cave_place_to_raster_map_definitions (id, x_coordinate, y_coordinate, cave_place_id, raster_map_id, created_at) VALUES (4158, 5800, 3833, 1619, 281, 1775839978);
INSERT INTO cave_place_to_raster_map_definitions (id, x_coordinate, y_coordinate, cave_place_id, raster_map_id, created_at) VALUES (4159, 5371, 3351, 1646, 281, 1775839978);
INSERT INTO cave_place_to_raster_map_definitions (id, x_coordinate, y_coordinate, cave_place_id, raster_map_id, created_at) VALUES (4160, 1033, 3516, 1626, 281, 1775839978);
INSERT INTO cave_place_to_raster_map_definitions (id, x_coordinate, y_coordinate, cave_place_id, raster_map_id, created_at) VALUES (4161, 5276, 3084, 1640, 281, 1775839978);
INSERT INTO cave_place_to_raster_map_definitions (id, x_coordinate, y_coordinate, cave_place_id, raster_map_id, created_at) VALUES (4162, 3502, 4725, 1593, 281, 1775839978);
INSERT INTO cave_place_to_raster_map_definitions (id, x_coordinate, y_coordinate, cave_place_id, raster_map_id, created_at) VALUES (4163, 2864, 3707, 1608, 281, 1775839978);
INSERT INTO cave_place_to_raster_map_definitions (id, x_coordinate, y_coordinate, cave_place_id, raster_map_id, created_at) VALUES (4164, 2477, 2791, 1625, 281, 1775839978);
INSERT INTO raster_maps (id, title, map_type, file_name, cave_id, cave_area_id, created_at) VALUES (282, 'ps_profil_proiectat_ortogonal_est_vest_fundalalb.png [C4 #2] [C28 #2]', 'plane view', 'cave_1/raster_1771183787575.png', 28, NULL, 1775839978);
INSERT INTO cave_place_to_raster_map_definitions (id, x_coordinate, y_coordinate, cave_place_id, raster_map_id, created_at) VALUES (4165, 91, 1784, 1604, 282, 1775839978);
INSERT INTO cave_place_to_raster_map_definitions (id, x_coordinate, y_coordinate, cave_place_id, raster_map_id, created_at) VALUES (4166, 285, 2240, 1592, 282, 1775839978);
INSERT INTO cave_place_to_raster_map_definitions (id, x_coordinate, y_coordinate, cave_place_id, raster_map_id, created_at) VALUES (4167, 1073, 5918, 1628, 282, 1775839978);
INSERT INTO cave_place_to_raster_map_definitions (id, x_coordinate, y_coordinate, cave_place_id, raster_map_id, created_at) VALUES (4168, 742, 1028, 1636, 282, 1775839978);
INSERT INTO cave_place_to_raster_map_definitions (id, x_coordinate, y_coordinate, cave_place_id, raster_map_id, created_at) VALUES (4169, 5408, 5333, 1646, 282, 1775839978);
INSERT INTO cave_place_to_raster_map_definitions (id, x_coordinate, y_coordinate, cave_place_id, raster_map_id, created_at) VALUES (4170, 141, 5773, 1575, 282, 1775839978);
INSERT INTO cave_place_to_raster_map_definitions (id, x_coordinate, y_coordinate, cave_place_id, raster_map_id, created_at) VALUES (4171, 1031, 4650, 1629, 282, 1775839978);
INSERT INTO cave_place_to_raster_map_definitions (id, x_coordinate, y_coordinate, cave_place_id, raster_map_id, created_at) VALUES (4172, 2923, 3789, 1607, 282, 1775839978);
INSERT INTO cave_place_to_raster_map_definitions (id, x_coordinate, y_coordinate, cave_place_id, raster_map_id, created_at) VALUES (4173, 2164, 1502, 1559, 282, 1775839978);
INSERT INTO cave_place_to_raster_map_definitions (id, x_coordinate, y_coordinate, cave_place_id, raster_map_id, created_at) VALUES (4174, 303, 445, 1585, 282, 1775839978);
INSERT INTO cave_place_to_raster_map_definitions (id, x_coordinate, y_coordinate, cave_place_id, raster_map_id, created_at) VALUES (4175, 4794, 2968, 1622, 282, 1775839978);
INSERT INTO cave_place_to_raster_map_definitions (id, x_coordinate, y_coordinate, cave_place_id, raster_map_id, created_at) VALUES (4176, 1563, 5586, 1625, 282, 1775839978);
INSERT INTO cave_place_to_raster_map_definitions (id, x_coordinate, y_coordinate, cave_place_id, raster_map_id, created_at) VALUES (4177, 5071, 3389, 1584, 282, 1775839978);
INSERT INTO cave_place_to_raster_map_definitions (id, x_coordinate, y_coordinate, cave_place_id, raster_map_id, created_at) VALUES (4178, 2698, 244, 1560, 282, 1775839978);
INSERT INTO cave_place_to_raster_map_definitions (id, x_coordinate, y_coordinate, cave_place_id, raster_map_id, created_at) VALUES (4179, 5584, 340, 1564, 282, 1775839978);
INSERT INTO cave_place_to_raster_map_definitions (id, x_coordinate, y_coordinate, cave_place_id, raster_map_id, created_at) VALUES (4180, 3234, 309, 1589, 282, 1775839978);
INSERT INTO cave_place_to_raster_map_definitions (id, x_coordinate, y_coordinate, cave_place_id, raster_map_id, created_at) VALUES (4181, 3221, 4696, 1642, 282, 1775839978);
INSERT INTO raster_maps (id, title, map_type, file_name, cave_id, cave_area_id, created_at) VALUES (283, 'Ponorul Nou - zona intrare_nordata.jpg [C60 #3] [C29 #1]', 'plane view', 'cave_2/raster_1771183787610.jpg', 29, 125, 1775839978);
INSERT INTO cave_place_to_raster_map_definitions (id, x_coordinate, y_coordinate, cave_place_id, raster_map_id, created_at) VALUES (4182, 704, 5271, 1651, 283, 1775839978);
INSERT INTO cave_place_to_raster_map_definitions (id, x_coordinate, y_coordinate, cave_place_id, raster_map_id, created_at) VALUES (4183, 4821, 3439, 1713, 283, 1775839978);
INSERT INTO cave_place_to_raster_map_definitions (id, x_coordinate, y_coordinate, cave_place_id, raster_map_id, created_at) VALUES (4184, 3309, 5739, 1665, 283, 1775839978);
INSERT INTO cave_place_to_raster_map_definitions (id, x_coordinate, y_coordinate, cave_place_id, raster_map_id, created_at) VALUES (4185, 5364, 4087, 1670, 283, 1775839978);
INSERT INTO cave_place_to_raster_map_definitions (id, x_coordinate, y_coordinate, cave_place_id, raster_map_id, created_at) VALUES (4186, 5252, 1813, 1709, 283, 1775839978);
INSERT INTO cave_place_to_raster_map_definitions (id, x_coordinate, y_coordinate, cave_place_id, raster_map_id, created_at) VALUES (4187, 4853, 244, 1671, 283, 1775839978);
INSERT INTO cave_place_to_raster_map_definitions (id, x_coordinate, y_coordinate, cave_place_id, raster_map_id, created_at) VALUES (4188, 343, 4800, 1675, 283, 1775839978);
INSERT INTO cave_place_to_raster_map_definitions (id, x_coordinate, y_coordinate, cave_place_id, raster_map_id, created_at) VALUES (4189, 5207, 4902, 1681, 283, 1775839978);
INSERT INTO cave_place_to_raster_map_definitions (id, x_coordinate, y_coordinate, cave_place_id, raster_map_id, created_at) VALUES (4190, 4881, 5406, 1663, 283, 1775839978);
INSERT INTO cave_place_to_raster_map_definitions (id, x_coordinate, y_coordinate, cave_place_id, raster_map_id, created_at) VALUES (4191, 5174, 2093, 1695, 283, 1775839978);
INSERT INTO raster_maps (id, title, map_type, file_name, cave_id, cave_area_id, created_at) VALUES (284, 'ps_plan_1_distanta_avenul_din_drum.jpg [C24 #1] [C30 #1]', 'plane view', 'cave_1/raster_1771183787566.jpg', 30, NULL, 1775839978);
INSERT INTO cave_place_to_raster_map_definitions (id, x_coordinate, y_coordinate, cave_place_id, raster_map_id, created_at) VALUES (4192, 3527, 10, 1720, 284, 1775839978);
INSERT INTO cave_place_to_raster_map_definitions (id, x_coordinate, y_coordinate, cave_place_id, raster_map_id, created_at) VALUES (4193, 2948, 2981, 1790, 284, 1775839978);
INSERT INTO cave_place_to_raster_map_definitions (id, x_coordinate, y_coordinate, cave_place_id, raster_map_id, created_at) VALUES (4194, 643, 750, 1758, 284, 1775839978);
INSERT INTO cave_place_to_raster_map_definitions (id, x_coordinate, y_coordinate, cave_place_id, raster_map_id, created_at) VALUES (4195, 3504, 5402, 1757, 284, 1775839978);
INSERT INTO cave_place_to_raster_map_definitions (id, x_coordinate, y_coordinate, cave_place_id, raster_map_id, created_at) VALUES (4196, 1688, 5463, 1741, 284, 1775839978);
INSERT INTO cave_place_to_raster_map_definitions (id, x_coordinate, y_coordinate, cave_place_id, raster_map_id, created_at) VALUES (4197, 4119, 3003, 1751, 284, 1775839978);
INSERT INTO cave_place_to_raster_map_definitions (id, x_coordinate, y_coordinate, cave_place_id, raster_map_id, created_at) VALUES (4198, 2284, 4728, 1726, 284, 1775839978);
INSERT INTO cave_place_to_raster_map_definitions (id, x_coordinate, y_coordinate, cave_place_id, raster_map_id, created_at) VALUES (4199, 3801, 5603, 1736, 284, 1775839978);
INSERT INTO cave_place_to_raster_map_definitions (id, x_coordinate, y_coordinate, cave_place_id, raster_map_id, created_at) VALUES (4200, 4845, 776, 1719, 284, 1775839978);
INSERT INTO cave_place_to_raster_map_definitions (id, x_coordinate, y_coordinate, cave_place_id, raster_map_id, created_at) VALUES (4201, 5619, 4158, 1769, 284, 1775839978);
INSERT INTO cave_place_to_raster_map_definitions (id, x_coordinate, y_coordinate, cave_place_id, raster_map_id, created_at) VALUES (4202, 1582, 5448, 1748, 284, 1775839978);
INSERT INTO cave_place_to_raster_map_definitions (id, x_coordinate, y_coordinate, cave_place_id, raster_map_id, created_at) VALUES (4203, 853, 5451, 1723, 284, 1775839978);
INSERT INTO cave_place_to_raster_map_definitions (id, x_coordinate, y_coordinate, cave_place_id, raster_map_id, created_at) VALUES (4204, 2448, 1163, 1761, 284, 1775839978);
INSERT INTO cave_place_to_raster_map_definitions (id, x_coordinate, y_coordinate, cave_place_id, raster_map_id, created_at) VALUES (4205, 2282, 469, 1733, 284, 1775839978);
INSERT INTO cave_place_to_raster_map_definitions (id, x_coordinate, y_coordinate, cave_place_id, raster_map_id, created_at) VALUES (4206, 3385, 1523, 1778, 284, 1775839978);
INSERT INTO cave_place_to_raster_map_definitions (id, x_coordinate, y_coordinate, cave_place_id, raster_map_id, created_at) VALUES (4207, 1196, 539, 1731, 284, 1775839978);
INSERT INTO cave_place_to_raster_map_definitions (id, x_coordinate, y_coordinate, cave_place_id, raster_map_id, created_at) VALUES (4208, 3987, 1501, 1727, 284, 1775839978);
INSERT INTO raster_maps (id, title, map_type, file_name, cave_id, cave_area_id, created_at) VALUES (285, 'ps_plan_1_distanta_avenul_din_drum.jpg [C3 #1] [C31 #1]', 'plane view', 'cave_1/raster_1771183787566.jpg', 31, 134, 1775839978);
INSERT INTO cave_place_to_raster_map_definitions (id, x_coordinate, y_coordinate, cave_place_id, raster_map_id, created_at) VALUES (4209, 3430, 5992, 1792, 285, 1775839978);
INSERT INTO cave_place_to_raster_map_definitions (id, x_coordinate, y_coordinate, cave_place_id, raster_map_id, created_at) VALUES (4210, 1367, 5808, 1836, 285, 1775839978);
INSERT INTO cave_place_to_raster_map_definitions (id, x_coordinate, y_coordinate, cave_place_id, raster_map_id, created_at) VALUES (4211, 1009, 4663, 1795, 285, 1775839978);
INSERT INTO cave_place_to_raster_map_definitions (id, x_coordinate, y_coordinate, cave_place_id, raster_map_id, created_at) VALUES (4212, 476, 5832, 1810, 285, 1775839978);
INSERT INTO cave_place_to_raster_map_definitions (id, x_coordinate, y_coordinate, cave_place_id, raster_map_id, created_at) VALUES (4213, 244, 2539, 1830, 285, 1775839978);
INSERT INTO cave_place_to_raster_map_definitions (id, x_coordinate, y_coordinate, cave_place_id, raster_map_id, created_at) VALUES (4214, 4136, 3147, 1831, 285, 1775839978);
INSERT INTO cave_place_to_raster_map_definitions (id, x_coordinate, y_coordinate, cave_place_id, raster_map_id, created_at) VALUES (4215, 1541, 5525, 1813, 285, 1775839978);
INSERT INTO cave_place_to_raster_map_definitions (id, x_coordinate, y_coordinate, cave_place_id, raster_map_id, created_at) VALUES (4216, 4181, 90, 1798, 285, 1775839978);
INSERT INTO cave_place_to_raster_map_definitions (id, x_coordinate, y_coordinate, cave_place_id, raster_map_id, created_at) VALUES (4217, 1731, 1425, 1822, 285, 1775839978);
INSERT INTO raster_maps (id, title, map_type, file_name, cave_id, cave_area_id, created_at) VALUES (286, 'ps_20250107_explorari_plan_fundal_negru.jpg [C36 #1] [C32 #1]', 'plane view', 'cave_1/raster_1771183787549.jpg', 32, NULL, 1775839978);
INSERT INTO cave_place_to_raster_map_definitions (id, x_coordinate, y_coordinate, cave_place_id, raster_map_id, created_at) VALUES (4218, 4228, 4068, 1896, 286, 1775839978);
INSERT INTO cave_place_to_raster_map_definitions (id, x_coordinate, y_coordinate, cave_place_id, raster_map_id, created_at) VALUES (4219, 4590, 4126, 1902, 286, 1775839978);
INSERT INTO cave_place_to_raster_map_definitions (id, x_coordinate, y_coordinate, cave_place_id, raster_map_id, created_at) VALUES (4220, 5242, 2587, 1895, 286, 1775839978);
INSERT INTO cave_place_to_raster_map_definitions (id, x_coordinate, y_coordinate, cave_place_id, raster_map_id, created_at) VALUES (4221, 5202, 3851, 1888, 286, 1775839978);
INSERT INTO cave_place_to_raster_map_definitions (id, x_coordinate, y_coordinate, cave_place_id, raster_map_id, created_at) VALUES (4222, 4730, 4224, 1865, 286, 1775839978);
INSERT INTO cave_place_to_raster_map_definitions (id, x_coordinate, y_coordinate, cave_place_id, raster_map_id, created_at) VALUES (4223, 1544, 2421, 1891, 286, 1775839978);
INSERT INTO cave_place_to_raster_map_definitions (id, x_coordinate, y_coordinate, cave_place_id, raster_map_id, created_at) VALUES (4224, 4613, 3145, 1859, 286, 1775839978);
INSERT INTO cave_place_to_raster_map_definitions (id, x_coordinate, y_coordinate, cave_place_id, raster_map_id, created_at) VALUES (4225, 3249, 4993, 1876, 286, 1775839978);
INSERT INTO cave_place_to_raster_map_definitions (id, x_coordinate, y_coordinate, cave_place_id, raster_map_id, created_at) VALUES (4226, 2614, 3180, 1909, 286, 1775839978);
INSERT INTO cave_place_to_raster_map_definitions (id, x_coordinate, y_coordinate, cave_place_id, raster_map_id, created_at) VALUES (4227, 4656, 371, 1848, 286, 1775839978);
INSERT INTO cave_place_to_raster_map_definitions (id, x_coordinate, y_coordinate, cave_place_id, raster_map_id, created_at) VALUES (4228, 2738, 3084, 1903, 286, 1775839978);
INSERT INTO raster_maps (id, title, map_type, file_name, cave_id, cave_area_id, created_at) VALUES (287, 'Ponorul Nou - zona intrare_nordata.jpg [C35 #1] [C33 #1]', 'plane view', 'cave_2/raster_1771183787610.jpg', 33, 144, 1775839978);
INSERT INTO cave_place_to_raster_map_definitions (id, x_coordinate, y_coordinate, cave_place_id, raster_map_id, created_at) VALUES (4229, 2674, 3578, 1954, 287, 1775839978);
INSERT INTO cave_place_to_raster_map_definitions (id, x_coordinate, y_coordinate, cave_place_id, raster_map_id, created_at) VALUES (4230, 328, 811, 1994, 287, 1775839978);
INSERT INTO cave_place_to_raster_map_definitions (id, x_coordinate, y_coordinate, cave_place_id, raster_map_id, created_at) VALUES (4231, 5421, 5919, 1925, 287, 1775839978);
INSERT INTO cave_place_to_raster_map_definitions (id, x_coordinate, y_coordinate, cave_place_id, raster_map_id, created_at) VALUES (4232, 1151, 4473, 1926, 287, 1775839978);
INSERT INTO cave_place_to_raster_map_definitions (id, x_coordinate, y_coordinate, cave_place_id, raster_map_id, created_at) VALUES (4233, 2549, 649, 1958, 287, 1775839978);
INSERT INTO cave_place_to_raster_map_definitions (id, x_coordinate, y_coordinate, cave_place_id, raster_map_id, created_at) VALUES (4234, 805, 5505, 1980, 287, 1775839978);
INSERT INTO cave_place_to_raster_map_definitions (id, x_coordinate, y_coordinate, cave_place_id, raster_map_id, created_at) VALUES (4235, 4940, 4729, 1962, 287, 1775839978);
INSERT INTO cave_place_to_raster_map_definitions (id, x_coordinate, y_coordinate, cave_place_id, raster_map_id, created_at) VALUES (4236, 2417, 4782, 1977, 287, 1775839978);
INSERT INTO cave_place_to_raster_map_definitions (id, x_coordinate, y_coordinate, cave_place_id, raster_map_id, created_at) VALUES (4237, 2583, 1851, 1957, 287, 1775839978);
INSERT INTO cave_place_to_raster_map_definitions (id, x_coordinate, y_coordinate, cave_place_id, raster_map_id, created_at) VALUES (4238, 2457, 4906, 1920, 287, 1775839978);
INSERT INTO cave_place_to_raster_map_definitions (id, x_coordinate, y_coordinate, cave_place_id, raster_map_id, created_at) VALUES (4239, 1841, 5815, 1943, 287, 1775839978);
INSERT INTO cave_place_to_raster_map_definitions (id, x_coordinate, y_coordinate, cave_place_id, raster_map_id, created_at) VALUES (4240, 3342, 168, 1923, 287, 1775839978);
INSERT INTO cave_place_to_raster_map_definitions (id, x_coordinate, y_coordinate, cave_place_id, raster_map_id, created_at) VALUES (4241, 5580, 4284, 1955, 287, 1775839978);
INSERT INTO cave_place_to_raster_map_definitions (id, x_coordinate, y_coordinate, cave_place_id, raster_map_id, created_at) VALUES (4242, 3439, 1574, 1918, 287, 1775839978);
INSERT INTO cave_place_to_raster_map_definitions (id, x_coordinate, y_coordinate, cave_place_id, raster_map_id, created_at) VALUES (4243, 4215, 4104, 1998, 287, 1775839978);
INSERT INTO cave_place_to_raster_map_definitions (id, x_coordinate, y_coordinate, cave_place_id, raster_map_id, created_at) VALUES (4244, 4406, 603, 1916, 287, 1775839978);
INSERT INTO cave_place_to_raster_map_definitions (id, x_coordinate, y_coordinate, cave_place_id, raster_map_id, created_at) VALUES (4245, 4712, 4243, 1989, 287, 1775839978);
INSERT INTO cave_place_to_raster_map_definitions (id, x_coordinate, y_coordinate, cave_place_id, raster_map_id, created_at) VALUES (4246, 3526, 2917, 1975, 287, 1775839978);
INSERT INTO cave_place_to_raster_map_definitions (id, x_coordinate, y_coordinate, cave_place_id, raster_map_id, created_at) VALUES (4247, 5087, 2921, 1930, 287, 1775839978);
INSERT INTO cave_place_to_raster_map_definitions (id, x_coordinate, y_coordinate, cave_place_id, raster_map_id, created_at) VALUES (4248, 4017, 4303, 1928, 287, 1775839978);
INSERT INTO cave_place_to_raster_map_definitions (id, x_coordinate, y_coordinate, cave_place_id, raster_map_id, created_at) VALUES (4249, 950, 958, 1987, 287, 1775839978);
INSERT INTO cave_place_to_raster_map_definitions (id, x_coordinate, y_coordinate, cave_place_id, raster_map_id, created_at) VALUES (4250, 692, 3603, 1985, 287, 1775839978);
INSERT INTO raster_maps (id, title, map_type, file_name, cave_id, cave_area_id, created_at) VALUES (288, 'Ponorul Nou_curatat.jpg [C41 #5] [C33 #2]', 'plane view', 'cave_2/raster_1771183787617.jpg', 33, 145, 1775839978);
INSERT INTO cave_place_to_raster_map_definitions (id, x_coordinate, y_coordinate, cave_place_id, raster_map_id, created_at) VALUES (4251, 5499, 3073, 1968, 288, 1775839978);
INSERT INTO cave_place_to_raster_map_definitions (id, x_coordinate, y_coordinate, cave_place_id, raster_map_id, created_at) VALUES (4252, 4867, 2880, 1998, 288, 1775839978);
INSERT INTO cave_place_to_raster_map_definitions (id, x_coordinate, y_coordinate, cave_place_id, raster_map_id, created_at) VALUES (4253, 2647, 2091, 1965, 288, 1775839978);
INSERT INTO cave_place_to_raster_map_definitions (id, x_coordinate, y_coordinate, cave_place_id, raster_map_id, created_at) VALUES (4254, 4418, 2877, 1922, 288, 1775839978);
INSERT INTO cave_place_to_raster_map_definitions (id, x_coordinate, y_coordinate, cave_place_id, raster_map_id, created_at) VALUES (4255, 4919, 1187, 1983, 288, 1775839978);
INSERT INTO cave_place_to_raster_map_definitions (id, x_coordinate, y_coordinate, cave_place_id, raster_map_id, created_at) VALUES (4256, 241, 2960, 1934, 288, 1775839978);
INSERT INTO cave_place_to_raster_map_definitions (id, x_coordinate, y_coordinate, cave_place_id, raster_map_id, created_at) VALUES (4257, 5451, 2487, 1915, 288, 1775839978);
INSERT INTO cave_place_to_raster_map_definitions (id, x_coordinate, y_coordinate, cave_place_id, raster_map_id, created_at) VALUES (4258, 5754, 2392, 1937, 288, 1775839978);
INSERT INTO cave_place_to_raster_map_definitions (id, x_coordinate, y_coordinate, cave_place_id, raster_map_id, created_at) VALUES (4259, 507, 2402, 1931, 288, 1775839978);
INSERT INTO cave_place_to_raster_map_definitions (id, x_coordinate, y_coordinate, cave_place_id, raster_map_id, created_at) VALUES (4260, 2640, 5181, 1995, 288, 1775839978);
INSERT INTO cave_place_to_raster_map_definitions (id, x_coordinate, y_coordinate, cave_place_id, raster_map_id, created_at) VALUES (4261, 1080, 197, 1981, 288, 1775839978);
INSERT INTO raster_maps (id, title, map_type, file_name, cave_id, cave_area_id, created_at) VALUES (289, '1997 Harta P.Gaura cu Vajgau 2.jpg [C53 #5] [C33 #3]', 'plane view', 'cave_3/raster_1771183787629.jpg', 33, 145, 1775839978);
INSERT INTO cave_place_to_raster_map_definitions (id, x_coordinate, y_coordinate, cave_place_id, raster_map_id, created_at) VALUES (4262, 4244, 5718, 1981, 289, 1775839978);
INSERT INTO cave_place_to_raster_map_definitions (id, x_coordinate, y_coordinate, cave_place_id, raster_map_id, created_at) VALUES (4263, 5566, 1549, 1923, 289, 1775839978);
INSERT INTO cave_place_to_raster_map_definitions (id, x_coordinate, y_coordinate, cave_place_id, raster_map_id, created_at) VALUES (4264, 3286, 2021, 1968, 289, 1775839978);
INSERT INTO cave_place_to_raster_map_definitions (id, x_coordinate, y_coordinate, cave_place_id, raster_map_id, created_at) VALUES (4265, 2396, 2039, 1950, 289, 1775839978);
INSERT INTO cave_place_to_raster_map_definitions (id, x_coordinate, y_coordinate, cave_place_id, raster_map_id, created_at) VALUES (4266, 4234, 3488, 1916, 289, 1775839978);
INSERT INTO cave_place_to_raster_map_definitions (id, x_coordinate, y_coordinate, cave_place_id, raster_map_id, created_at) VALUES (4267, 3163, 5468, 1997, 289, 1775839978);
INSERT INTO cave_place_to_raster_map_definitions (id, x_coordinate, y_coordinate, cave_place_id, raster_map_id, created_at) VALUES (4268, 1686, 2040, 1987, 289, 1775839978);
INSERT INTO cave_place_to_raster_map_definitions (id, x_coordinate, y_coordinate, cave_place_id, raster_map_id, created_at) VALUES (4269, 978, 955, 1948, 289, 1775839978);
INSERT INTO cave_place_to_raster_map_definitions (id, x_coordinate, y_coordinate, cave_place_id, raster_map_id, created_at) VALUES (4270, 3877, 2826, 1926, 289, 1775839978);
INSERT INTO cave_place_to_raster_map_definitions (id, x_coordinate, y_coordinate, cave_place_id, raster_map_id, created_at) VALUES (4271, 4941, 1636, 1943, 289, 1775839978);
INSERT INTO cave_place_to_raster_map_definitions (id, x_coordinate, y_coordinate, cave_place_id, raster_map_id, created_at) VALUES (4272, 992, 3953, 1956, 289, 1775839978);
INSERT INTO cave_place_to_raster_map_definitions (id, x_coordinate, y_coordinate, cave_place_id, raster_map_id, created_at) VALUES (4273, 5695, 3243, 1922, 289, 1775839978);
INSERT INTO cave_place_to_raster_map_definitions (id, x_coordinate, y_coordinate, cave_place_id, raster_map_id, created_at) VALUES (4274, 5390, 4966, 1965, 289, 1775839978);
INSERT INTO cave_place_to_raster_map_definitions (id, x_coordinate, y_coordinate, cave_place_id, raster_map_id, created_at) VALUES (4275, 4071, 5276, 1977, 289, 1775839978);
INSERT INTO raster_maps (id, title, map_type, file_name, cave_id, cave_area_id, created_at) VALUES (290, 'Ponorul Nou_curatat.jpg [C39 #1] [C33 #4]', 'plane view', 'cave_2/raster_1771183787617.jpg', 33, NULL, 1775839978);
INSERT INTO cave_place_to_raster_map_definitions (id, x_coordinate, y_coordinate, cave_place_id, raster_map_id, created_at) VALUES (4276, 4279, 5038, 1983, 290, 1775839978);
INSERT INTO cave_place_to_raster_map_definitions (id, x_coordinate, y_coordinate, cave_place_id, raster_map_id, created_at) VALUES (4277, 5169, 4974, 1961, 290, 1775839978);
INSERT INTO cave_place_to_raster_map_definitions (id, x_coordinate, y_coordinate, cave_place_id, raster_map_id, created_at) VALUES (4278, 2182, 1893, 1965, 290, 1775839978);
INSERT INTO cave_place_to_raster_map_definitions (id, x_coordinate, y_coordinate, cave_place_id, raster_map_id, created_at) VALUES (4279, 20, 2865, 1981, 290, 1775839978);
INSERT INTO cave_place_to_raster_map_definitions (id, x_coordinate, y_coordinate, cave_place_id, raster_map_id, created_at) VALUES (4280, 5984, 1600, 1918, 290, 1775839978);
INSERT INTO cave_place_to_raster_map_definitions (id, x_coordinate, y_coordinate, cave_place_id, raster_map_id, created_at) VALUES (4281, 3193, 3005, 1967, 290, 1775839978);
INSERT INTO cave_place_to_raster_map_definitions (id, x_coordinate, y_coordinate, cave_place_id, raster_map_id, created_at) VALUES (4282, 5268, 895, 1948, 290, 1775839978);
INSERT INTO cave_place_to_raster_map_definitions (id, x_coordinate, y_coordinate, cave_place_id, raster_map_id, created_at) VALUES (4283, 3974, 2571, 1945, 290, 1775839978);
INSERT INTO cave_place_to_raster_map_definitions (id, x_coordinate, y_coordinate, cave_place_id, raster_map_id, created_at) VALUES (4284, 2223, 745, 1997, 290, 1775839978);
INSERT INTO cave_place_to_raster_map_definitions (id, x_coordinate, y_coordinate, cave_place_id, raster_map_id, created_at) VALUES (4285, 1626, 4068, 1936, 290, 1775839978);
INSERT INTO cave_place_to_raster_map_definitions (id, x_coordinate, y_coordinate, cave_place_id, raster_map_id, created_at) VALUES (4286, 3616, 2046, 1992, 290, 1775839978);
INSERT INTO cave_place_to_raster_map_definitions (id, x_coordinate, y_coordinate, cave_place_id, raster_map_id, created_at) VALUES (4287, 5444, 2256, 1956, 290, 1775839978);
INSERT INTO cave_place_to_raster_map_definitions (id, x_coordinate, y_coordinate, cave_place_id, raster_map_id, created_at) VALUES (4288, 1101, 1895, 1985, 290, 1775839978);
INSERT INTO cave_place_to_raster_map_definitions (id, x_coordinate, y_coordinate, cave_place_id, raster_map_id, created_at) VALUES (4289, 3819, 1369, 1949, 290, 1775839978);
INSERT INTO cave_place_to_raster_map_definitions (id, x_coordinate, y_coordinate, cave_place_id, raster_map_id, created_at) VALUES (4290, 268, 481, 1982, 290, 1775839978);
INSERT INTO cave_place_to_raster_map_definitions (id, x_coordinate, y_coordinate, cave_place_id, raster_map_id, created_at) VALUES (4291, 2147, 407, 1962, 290, 1775839978);
INSERT INTO cave_place_to_raster_map_definitions (id, x_coordinate, y_coordinate, cave_place_id, raster_map_id, created_at) VALUES (4292, 3524, 5286, 1964, 290, 1775839978);
INSERT INTO cave_place_to_raster_map_definitions (id, x_coordinate, y_coordinate, cave_place_id, raster_map_id, created_at) VALUES (4293, 4337, 5915, 1925, 290, 1775839978);
INSERT INTO cave_place_to_raster_map_definitions (id, x_coordinate, y_coordinate, cave_place_id, raster_map_id, created_at) VALUES (4294, 4078, 3178, 1954, 290, 1775839978);
INSERT INTO cave_place_to_raster_map_definitions (id, x_coordinate, y_coordinate, cave_place_id, raster_map_id, created_at) VALUES (4295, 798, 3961, 1944, 290, 1775839978);
INSERT INTO cave_place_to_raster_map_definitions (id, x_coordinate, y_coordinate, cave_place_id, raster_map_id, created_at) VALUES (4296, 463, 2261, 1979, 290, 1775839978);
INSERT INTO cave_place_to_raster_map_definitions (id, x_coordinate, y_coordinate, cave_place_id, raster_map_id, created_at) VALUES (4297, 4752, 2666, 1950, 290, 1775839978);
INSERT INTO cave_place_to_raster_map_definitions (id, x_coordinate, y_coordinate, cave_place_id, raster_map_id, created_at) VALUES (4298, 5898, 434, 1998, 290, 1775839978);
INSERT INTO cave_place_to_raster_map_definitions (id, x_coordinate, y_coordinate, cave_place_id, raster_map_id, created_at) VALUES (4299, 848, 5176, 1952, 290, 1775839978);
INSERT INTO cave_place_to_raster_map_definitions (id, x_coordinate, y_coordinate, cave_place_id, raster_map_id, created_at) VALUES (4300, 733, 2478, 1955, 290, 1775839978);
INSERT INTO cave_place_to_raster_map_definitions (id, x_coordinate, y_coordinate, cave_place_id, raster_map_id, created_at) VALUES (4301, 5887, 3055, 1988, 290, 1775839978);
INSERT INTO cave_place_to_raster_map_definitions (id, x_coordinate, y_coordinate, cave_place_id, raster_map_id, created_at) VALUES (4302, 432, 4712, 1960, 290, 1775839978);
INSERT INTO cave_place_to_raster_map_definitions (id, x_coordinate, y_coordinate, cave_place_id, raster_map_id, created_at) VALUES (4303, 5478, 2906, 1978, 290, 1775839978);
INSERT INTO raster_maps (id, title, map_type, file_name, cave_id, cave_area_id, created_at) VALUES (291, '1997 Harta P.Gaura cu Vajgau 2.jpg [C43 #5] [C33 #5]', 'plane view', 'cave_3/raster_1771183787629.jpg', 33, 144, 1775839978);
INSERT INTO cave_place_to_raster_map_definitions (id, x_coordinate, y_coordinate, cave_place_id, raster_map_id, created_at) VALUES (4304, 4216, 2133, 1918, 291, 1775839978);
INSERT INTO cave_place_to_raster_map_definitions (id, x_coordinate, y_coordinate, cave_place_id, raster_map_id, created_at) VALUES (4305, 3314, 1729, 1937, 291, 1775839978);
INSERT INTO cave_place_to_raster_map_definitions (id, x_coordinate, y_coordinate, cave_place_id, raster_map_id, created_at) VALUES (4306, 2953, 4850, 1912, 291, 1775839978);
INSERT INTO cave_place_to_raster_map_definitions (id, x_coordinate, y_coordinate, cave_place_id, raster_map_id, created_at) VALUES (4307, 626, 2096, 1919, 291, 1775839978);
INSERT INTO cave_place_to_raster_map_definitions (id, x_coordinate, y_coordinate, cave_place_id, raster_map_id, created_at) VALUES (4308, 1404, 5960, 1926, 291, 1775839978);
INSERT INTO cave_place_to_raster_map_definitions (id, x_coordinate, y_coordinate, cave_place_id, raster_map_id, created_at) VALUES (4309, 2797, 159, 1953, 291, 1775839978);
INSERT INTO cave_place_to_raster_map_definitions (id, x_coordinate, y_coordinate, cave_place_id, raster_map_id, created_at) VALUES (4310, 1253, 2180, 1945, 291, 1775839978);
INSERT INTO cave_place_to_raster_map_definitions (id, x_coordinate, y_coordinate, cave_place_id, raster_map_id, created_at) VALUES (4311, 4801, 5988, 1958, 291, 1775839978);
INSERT INTO cave_place_to_raster_map_definitions (id, x_coordinate, y_coordinate, cave_place_id, raster_map_id, created_at) VALUES (4312, 2356, 4536, 1956, 291, 1775839978);
INSERT INTO cave_place_to_raster_map_definitions (id, x_coordinate, y_coordinate, cave_place_id, raster_map_id, created_at) VALUES (4313, 2640, 4167, 1973, 291, 1775839978);
INSERT INTO cave_place_to_raster_map_definitions (id, x_coordinate, y_coordinate, cave_place_id, raster_map_id, created_at) VALUES (4314, 5622, 1066, 1986, 291, 1775839978);
INSERT INTO cave_place_to_raster_map_definitions (id, x_coordinate, y_coordinate, cave_place_id, raster_map_id, created_at) VALUES (4315, 5904, 5166, 1962, 291, 1775839978);
INSERT INTO raster_maps (id, title, map_type, file_name, cave_id, cave_area_id, created_at) VALUES (292, 'ps_profil_proiectat_ortogonal_est_vest_fundalalb.png [C39 #4] [C34 #1]', 'plane view', 'cave_1/raster_1771183787575.png', 34, NULL, 1775839978);
INSERT INTO cave_place_to_raster_map_definitions (id, x_coordinate, y_coordinate, cave_place_id, raster_map_id, created_at) VALUES (4316, 5127, 3056, 2009, 292, 1775839978);
INSERT INTO cave_place_to_raster_map_definitions (id, x_coordinate, y_coordinate, cave_place_id, raster_map_id, created_at) VALUES (4317, 981, 5831, 2043, 292, 1775839978);
INSERT INTO cave_place_to_raster_map_definitions (id, x_coordinate, y_coordinate, cave_place_id, raster_map_id, created_at) VALUES (4318, 2044, 4413, 2052, 292, 1775839978);
INSERT INTO cave_place_to_raster_map_definitions (id, x_coordinate, y_coordinate, cave_place_id, raster_map_id, created_at) VALUES (4319, 1089, 4866, 2021, 292, 1775839978);
INSERT INTO cave_place_to_raster_map_definitions (id, x_coordinate, y_coordinate, cave_place_id, raster_map_id, created_at) VALUES (4320, 242, 1847, 2049, 292, 1775839978);
INSERT INTO cave_place_to_raster_map_definitions (id, x_coordinate, y_coordinate, cave_place_id, raster_map_id, created_at) VALUES (4321, 5321, 3951, 2014, 292, 1775839978);
INSERT INTO cave_place_to_raster_map_definitions (id, x_coordinate, y_coordinate, cave_place_id, raster_map_id, created_at) VALUES (4322, 712, 1651, 2051, 292, 1775839978);
INSERT INTO cave_place_to_raster_map_definitions (id, x_coordinate, y_coordinate, cave_place_id, raster_map_id, created_at) VALUES (4323, 3835, 2612, 2017, 292, 1775839978);
INSERT INTO cave_place_to_raster_map_definitions (id, x_coordinate, y_coordinate, cave_place_id, raster_map_id, created_at) VALUES (4324, 1104, 4763, 1999, 292, 1775839978);
INSERT INTO cave_place_to_raster_map_definitions (id, x_coordinate, y_coordinate, cave_place_id, raster_map_id, created_at) VALUES (4325, 3680, 2747, 2013, 292, 1775839978);
INSERT INTO cave_place_to_raster_map_definitions (id, x_coordinate, y_coordinate, cave_place_id, raster_map_id, created_at) VALUES (4326, 5445, 766, 2011, 292, 1775839978);
INSERT INTO cave_place_to_raster_map_definitions (id, x_coordinate, y_coordinate, cave_place_id, raster_map_id, created_at) VALUES (4327, 4648, 472, 2040, 292, 1775839978);
INSERT INTO raster_maps (id, title, map_type, file_name, cave_id, cave_area_id, created_at) VALUES (293, 'ps_profil_proiectat_ortogonal_est_vest_fundalalb.png [C14 #1] [C34 #2]', 'plane view', 'cave_1/raster_1771183787575.png', 34, 148, 1775839978);
INSERT INTO cave_place_to_raster_map_definitions (id, x_coordinate, y_coordinate, cave_place_id, raster_map_id, created_at) VALUES (4328, 3013, 423, 2061, 293, 1775839978);
INSERT INTO cave_place_to_raster_map_definitions (id, x_coordinate, y_coordinate, cave_place_id, raster_map_id, created_at) VALUES (4329, 2114, 4913, 2055, 293, 1775839978);
INSERT INTO cave_place_to_raster_map_definitions (id, x_coordinate, y_coordinate, cave_place_id, raster_map_id, created_at) VALUES (4330, 1019, 1163, 2053, 293, 1775839978);
INSERT INTO cave_place_to_raster_map_definitions (id, x_coordinate, y_coordinate, cave_place_id, raster_map_id, created_at) VALUES (4331, 5316, 4238, 2043, 293, 1775839978);
INSERT INTO cave_place_to_raster_map_definitions (id, x_coordinate, y_coordinate, cave_place_id, raster_map_id, created_at) VALUES (4332, 4753, 989, 2037, 293, 1775839978);
INSERT INTO cave_place_to_raster_map_definitions (id, x_coordinate, y_coordinate, cave_place_id, raster_map_id, created_at) VALUES (4333, 1299, 3961, 2022, 293, 1775839978);
INSERT INTO cave_place_to_raster_map_definitions (id, x_coordinate, y_coordinate, cave_place_id, raster_map_id, created_at) VALUES (4334, 1320, 1403, 2060, 293, 1775839978);
INSERT INTO cave_place_to_raster_map_definitions (id, x_coordinate, y_coordinate, cave_place_id, raster_map_id, created_at) VALUES (4335, 1431, 2092, 2054, 293, 1775839978);
INSERT INTO cave_place_to_raster_map_definitions (id, x_coordinate, y_coordinate, cave_place_id, raster_map_id, created_at) VALUES (4336, 316, 3052, 2015, 293, 1775839978);
INSERT INTO raster_maps (id, title, map_type, file_name, cave_id, cave_area_id, created_at) VALUES (294, 'ps_plan_1_distanta_avenul_din_drum.jpg [C55 #1] [C34 #3]', 'plane view', 'cave_1/raster_1771183787566.jpg', 34, NULL, 1775839978);
INSERT INTO cave_place_to_raster_map_definitions (id, x_coordinate, y_coordinate, cave_place_id, raster_map_id, created_at) VALUES (4337, 3116, 5069, 2067, 294, 1775839978);
INSERT INTO cave_place_to_raster_map_definitions (id, x_coordinate, y_coordinate, cave_place_id, raster_map_id, created_at) VALUES (4338, 4107, 4733, 2079, 294, 1775839978);
INSERT INTO cave_place_to_raster_map_definitions (id, x_coordinate, y_coordinate, cave_place_id, raster_map_id, created_at) VALUES (4339, 1036, 2015, 2038, 294, 1775839978);
INSERT INTO cave_place_to_raster_map_definitions (id, x_coordinate, y_coordinate, cave_place_id, raster_map_id, created_at) VALUES (4340, 3331, 3709, 2064, 294, 1775839978);
INSERT INTO cave_place_to_raster_map_definitions (id, x_coordinate, y_coordinate, cave_place_id, raster_map_id, created_at) VALUES (4341, 2316, 5121, 2053, 294, 1775839978);
INSERT INTO cave_place_to_raster_map_definitions (id, x_coordinate, y_coordinate, cave_place_id, raster_map_id, created_at) VALUES (4342, 5577, 3126, 2068, 294, 1775839978);
INSERT INTO cave_place_to_raster_map_definitions (id, x_coordinate, y_coordinate, cave_place_id, raster_map_id, created_at) VALUES (4343, 5509, 4563, 2001, 294, 1775839978);
INSERT INTO raster_maps (id, title, map_type, file_name, cave_id, cave_area_id, created_at) VALUES (295, 'Ponorul Nou_curatat.jpg [C54 #4] [C34 #4]', 'plane view', 'cave_2/raster_1771183787617.jpg', 34, NULL, 1775839978);
INSERT INTO cave_place_to_raster_map_definitions (id, x_coordinate, y_coordinate, cave_place_id, raster_map_id, created_at) VALUES (4344, 3746, 3043, 2025, 295, 1775839978);
INSERT INTO cave_place_to_raster_map_definitions (id, x_coordinate, y_coordinate, cave_place_id, raster_map_id, created_at) VALUES (4345, 5682, 3831, 2058, 295, 1775839978);
INSERT INTO cave_place_to_raster_map_definitions (id, x_coordinate, y_coordinate, cave_place_id, raster_map_id, created_at) VALUES (4346, 5252, 4651, 2010, 295, 1775839978);
INSERT INTO cave_place_to_raster_map_definitions (id, x_coordinate, y_coordinate, cave_place_id, raster_map_id, created_at) VALUES (4347, 5512, 999, 2023, 295, 1775839978);
INSERT INTO cave_place_to_raster_map_definitions (id, x_coordinate, y_coordinate, cave_place_id, raster_map_id, created_at) VALUES (4348, 4873, 1971, 2072, 295, 1775839978);
INSERT INTO raster_maps (id, title, map_type, file_name, cave_id, cave_area_id, created_at) VALUES (296, 'ps_20250107_explorari_plan_fundal_negru.jpg [C23 #1] [C35 #1]', 'plane view', 'cave_1/raster_1771183787549.jpg', 35, NULL, 1775839978);
INSERT INTO cave_place_to_raster_map_definitions (id, x_coordinate, y_coordinate, cave_place_id, raster_map_id, created_at) VALUES (4349, 2228, 2871, 2130, 296, 1775839978);
INSERT INTO cave_place_to_raster_map_definitions (id, x_coordinate, y_coordinate, cave_place_id, raster_map_id, created_at) VALUES (4350, 2311, 2961, 2141, 296, 1775839978);
INSERT INTO cave_place_to_raster_map_definitions (id, x_coordinate, y_coordinate, cave_place_id, raster_map_id, created_at) VALUES (4351, 1324, 3201, 2094, 296, 1775839978);
INSERT INTO cave_place_to_raster_map_definitions (id, x_coordinate, y_coordinate, cave_place_id, raster_map_id, created_at) VALUES (4352, 1162, 930, 2165, 296, 1775839978);
INSERT INTO cave_place_to_raster_map_definitions (id, x_coordinate, y_coordinate, cave_place_id, raster_map_id, created_at) VALUES (4353, 1042, 4420, 2112, 296, 1775839978);
INSERT INTO cave_place_to_raster_map_definitions (id, x_coordinate, y_coordinate, cave_place_id, raster_map_id, created_at) VALUES (4354, 3016, 1310, 2097, 296, 1775839978);
INSERT INTO raster_maps (id, title, map_type, file_name, cave_id, cave_area_id, created_at) VALUES (297, 'Ponorul Nou - zona intrare.jpg [C53 #2] [C35 #2]', 'plane view', 'cave_2/raster_1771183787599.jpg', 35, 155, 1775839978);
INSERT INTO cave_place_to_raster_map_definitions (id, x_coordinate, y_coordinate, cave_place_id, raster_map_id, created_at) VALUES (4355, 5892, 3771, 2115, 297, 1775839978);
INSERT INTO cave_place_to_raster_map_definitions (id, x_coordinate, y_coordinate, cave_place_id, raster_map_id, created_at) VALUES (4356, 4467, 3235, 2081, 297, 1775839978);
INSERT INTO cave_place_to_raster_map_definitions (id, x_coordinate, y_coordinate, cave_place_id, raster_map_id, created_at) VALUES (4357, 2043, 2119, 2167, 297, 1775839978);
INSERT INTO cave_place_to_raster_map_definitions (id, x_coordinate, y_coordinate, cave_place_id, raster_map_id, created_at) VALUES (4358, 422, 61, 2101, 297, 1775839978);
INSERT INTO cave_place_to_raster_map_definitions (id, x_coordinate, y_coordinate, cave_place_id, raster_map_id, created_at) VALUES (4359, 433, 2088, 2083, 297, 1775839978);
INSERT INTO cave_place_to_raster_map_definitions (id, x_coordinate, y_coordinate, cave_place_id, raster_map_id, created_at) VALUES (4360, 3539, 4853, 2134, 297, 1775839978);
INSERT INTO cave_place_to_raster_map_definitions (id, x_coordinate, y_coordinate, cave_place_id, raster_map_id, created_at) VALUES (4361, 2834, 5868, 2114, 297, 1775839978);
INSERT INTO cave_place_to_raster_map_definitions (id, x_coordinate, y_coordinate, cave_place_id, raster_map_id, created_at) VALUES (4362, 4894, 2931, 2165, 297, 1775839978);
INSERT INTO cave_place_to_raster_map_definitions (id, x_coordinate, y_coordinate, cave_place_id, raster_map_id, created_at) VALUES (4363, 5955, 557, 2146, 297, 1775839978);
INSERT INTO cave_place_to_raster_map_definitions (id, x_coordinate, y_coordinate, cave_place_id, raster_map_id, created_at) VALUES (4364, 5835, 1207, 2098, 297, 1775839978);
INSERT INTO cave_place_to_raster_map_definitions (id, x_coordinate, y_coordinate, cave_place_id, raster_map_id, created_at) VALUES (4365, 2630, 4350, 2133, 297, 1775839978);
INSERT INTO cave_place_to_raster_map_definitions (id, x_coordinate, y_coordinate, cave_place_id, raster_map_id, created_at) VALUES (4366, 1234, 1574, 2156, 297, 1775839978);
INSERT INTO cave_place_to_raster_map_definitions (id, x_coordinate, y_coordinate, cave_place_id, raster_map_id, created_at) VALUES (4367, 2262, 5636, 2105, 297, 1775839978);
INSERT INTO cave_place_to_raster_map_definitions (id, x_coordinate, y_coordinate, cave_place_id, raster_map_id, created_at) VALUES (4368, 4011, 1666, 2168, 297, 1775839978);
INSERT INTO cave_place_to_raster_map_definitions (id, x_coordinate, y_coordinate, cave_place_id, raster_map_id, created_at) VALUES (4369, 3164, 450, 2128, 297, 1775839978);
INSERT INTO cave_place_to_raster_map_definitions (id, x_coordinate, y_coordinate, cave_place_id, raster_map_id, created_at) VALUES (4370, 1359, 2299, 2143, 297, 1775839978);
INSERT INTO cave_place_to_raster_map_definitions (id, x_coordinate, y_coordinate, cave_place_id, raster_map_id, created_at) VALUES (4371, 3586, 1593, 2082, 297, 1775839978);
INSERT INTO cave_place_to_raster_map_definitions (id, x_coordinate, y_coordinate, cave_place_id, raster_map_id, created_at) VALUES (4372, 1522, 1531, 2096, 297, 1775839978);
INSERT INTO cave_place_to_raster_map_definitions (id, x_coordinate, y_coordinate, cave_place_id, raster_map_id, created_at) VALUES (4373, 5297, 685, 2102, 297, 1775839978);
INSERT INTO cave_place_to_raster_map_definitions (id, x_coordinate, y_coordinate, cave_place_id, raster_map_id, created_at) VALUES (4374, 544, 4271, 2092, 297, 1775839978);
INSERT INTO cave_place_to_raster_map_definitions (id, x_coordinate, y_coordinate, cave_place_id, raster_map_id, created_at) VALUES (4375, 3031, 3527, 2159, 297, 1775839978);
INSERT INTO cave_place_to_raster_map_definitions (id, x_coordinate, y_coordinate, cave_place_id, raster_map_id, created_at) VALUES (4376, 160, 1831, 2084, 297, 1775839978);
INSERT INTO raster_maps (id, title, map_type, file_name, cave_id, cave_area_id, created_at) VALUES (298, 'ps_profil_proiectat_ortogonal_est_vest_fundalalb.png [C14 #1] [C35 #3]', 'plane view', 'cave_1/raster_1771183787575.png', 35, NULL, 1775839978);
INSERT INTO cave_place_to_raster_map_definitions (id, x_coordinate, y_coordinate, cave_place_id, raster_map_id, created_at) VALUES (4377, 90, 1943, 2162, 298, 1775839978);
INSERT INTO cave_place_to_raster_map_definitions (id, x_coordinate, y_coordinate, cave_place_id, raster_map_id, created_at) VALUES (4378, 3335, 2356, 2139, 298, 1775839978);
INSERT INTO cave_place_to_raster_map_definitions (id, x_coordinate, y_coordinate, cave_place_id, raster_map_id, created_at) VALUES (4379, 2972, 4191, 2083, 298, 1775839978);
INSERT INTO cave_place_to_raster_map_definitions (id, x_coordinate, y_coordinate, cave_place_id, raster_map_id, created_at) VALUES (4380, 2583, 98, 2132, 298, 1775839978);
INSERT INTO cave_place_to_raster_map_definitions (id, x_coordinate, y_coordinate, cave_place_id, raster_map_id, created_at) VALUES (4381, 1993, 4588, 2088, 298, 1775839978);
INSERT INTO cave_place_to_raster_map_definitions (id, x_coordinate, y_coordinate, cave_place_id, raster_map_id, created_at) VALUES (4382, 2103, 1725, 2120, 298, 1775839978);
INSERT INTO cave_place_to_raster_map_definitions (id, x_coordinate, y_coordinate, cave_place_id, raster_map_id, created_at) VALUES (4383, 5702, 5930, 2118, 298, 1775839978);
INSERT INTO cave_place_to_raster_map_definitions (id, x_coordinate, y_coordinate, cave_place_id, raster_map_id, created_at) VALUES (4384, 716, 2813, 2110, 298, 1775839978);
INSERT INTO cave_place_to_raster_map_definitions (id, x_coordinate, y_coordinate, cave_place_id, raster_map_id, created_at) VALUES (4385, 1629, 3371, 2092, 298, 1775839978);
INSERT INTO cave_place_to_raster_map_definitions (id, x_coordinate, y_coordinate, cave_place_id, raster_map_id, created_at) VALUES (4386, 2956, 5331, 2144, 298, 1775839978);
INSERT INTO cave_place_to_raster_map_definitions (id, x_coordinate, y_coordinate, cave_place_id, raster_map_id, created_at) VALUES (4387, 1252, 4846, 2113, 298, 1775839978);
INSERT INTO cave_place_to_raster_map_definitions (id, x_coordinate, y_coordinate, cave_place_id, raster_map_id, created_at) VALUES (4388, 1326, 3031, 2149, 298, 1775839978);
INSERT INTO cave_place_to_raster_map_definitions (id, x_coordinate, y_coordinate, cave_place_id, raster_map_id, created_at) VALUES (4389, 5021, 390, 2166, 298, 1775839978);
INSERT INTO cave_place_to_raster_map_definitions (id, x_coordinate, y_coordinate, cave_place_id, raster_map_id, created_at) VALUES (4390, 1176, 3265, 2103, 298, 1775839978);
INSERT INTO cave_place_to_raster_map_definitions (id, x_coordinate, y_coordinate, cave_place_id, raster_map_id, created_at) VALUES (4391, 5602, 5531, 2126, 298, 1775839978);
INSERT INTO raster_maps (id, title, map_type, file_name, cave_id, cave_area_id, created_at) VALUES (299, '1997 Harta P.Gaura cu Vajgau 2.jpg [C43 #5] [C35 #4]', 'plane view', 'cave_3/raster_1771183787629.jpg', 35, 149, 1775839978);
INSERT INTO cave_place_to_raster_map_definitions (id, x_coordinate, y_coordinate, cave_place_id, raster_map_id, created_at) VALUES (4392, 1550, 1409, 2151, 299, 1775839978);
INSERT INTO cave_place_to_raster_map_definitions (id, x_coordinate, y_coordinate, cave_place_id, raster_map_id, created_at) VALUES (4393, 1781, 3329, 2166, 299, 1775839978);
INSERT INTO cave_place_to_raster_map_definitions (id, x_coordinate, y_coordinate, cave_place_id, raster_map_id, created_at) VALUES (4394, 848, 1687, 2142, 299, 1775839978);
INSERT INTO cave_place_to_raster_map_definitions (id, x_coordinate, y_coordinate, cave_place_id, raster_map_id, created_at) VALUES (4395, 2616, 692, 2093, 299, 1775839978);
INSERT INTO cave_place_to_raster_map_definitions (id, x_coordinate, y_coordinate, cave_place_id, raster_map_id, created_at) VALUES (4396, 3171, 3334, 2145, 299, 1775839978);
INSERT INTO cave_place_to_raster_map_definitions (id, x_coordinate, y_coordinate, cave_place_id, raster_map_id, created_at) VALUES (4397, 741, 856, 2092, 299, 1775839978);
INSERT INTO cave_place_to_raster_map_definitions (id, x_coordinate, y_coordinate, cave_place_id, raster_map_id, created_at) VALUES (4398, 3481, 368, 2140, 299, 1775839978);
INSERT INTO cave_place_to_raster_map_definitions (id, x_coordinate, y_coordinate, cave_place_id, raster_map_id, created_at) VALUES (4399, 5573, 4209, 2130, 299, 1775839978);
INSERT INTO raster_maps (id, title, map_type, file_name, cave_id, cave_area_id, created_at) VALUES (300, 'cerna_ps_pn_pdp_plan_en_articol.jpg [C11 #4] [C36 #1]', 'plane view', 'cave_1/raster_1771183787584.jpg', 36, 157, 1775839978);
INSERT INTO cave_place_to_raster_map_definitions (id, x_coordinate, y_coordinate, cave_place_id, raster_map_id, created_at) VALUES (4400, 5282, 4082, 2238, 300, 1775839978);
INSERT INTO cave_place_to_raster_map_definitions (id, x_coordinate, y_coordinate, cave_place_id, raster_map_id, created_at) VALUES (4401, 5425, 5995, 2172, 300, 1775839978);
INSERT INTO cave_place_to_raster_map_definitions (id, x_coordinate, y_coordinate, cave_place_id, raster_map_id, created_at) VALUES (4402, 1903, 96, 2248, 300, 1775839978);
INSERT INTO cave_place_to_raster_map_definitions (id, x_coordinate, y_coordinate, cave_place_id, raster_map_id, created_at) VALUES (4403, 3043, 2719, 2214, 300, 1775839978);
INSERT INTO cave_place_to_raster_map_definitions (id, x_coordinate, y_coordinate, cave_place_id, raster_map_id, created_at) VALUES (4404, 1534, 2336, 2246, 300, 1775839978);
INSERT INTO cave_place_to_raster_map_definitions (id, x_coordinate, y_coordinate, cave_place_id, raster_map_id, created_at) VALUES (4405, 5399, 5218, 2226, 300, 1775839978);
INSERT INTO cave_place_to_raster_map_definitions (id, x_coordinate, y_coordinate, cave_place_id, raster_map_id, created_at) VALUES (4406, 3403, 2252, 2173, 300, 1775839978);
INSERT INTO cave_place_to_raster_map_definitions (id, x_coordinate, y_coordinate, cave_place_id, raster_map_id, created_at) VALUES (4407, 2807, 4849, 2215, 300, 1775839978);
INSERT INTO raster_maps (id, title, map_type, file_name, cave_id, cave_area_id, created_at) VALUES (301, 'Ponorul Nou - zona intrare.jpg [C29 #1] [C36 #2]', 'plane view', 'cave_2/raster_1771183787599.jpg', 36, NULL, 1775839978);
INSERT INTO cave_place_to_raster_map_definitions (id, x_coordinate, y_coordinate, cave_place_id, raster_map_id, created_at) VALUES (4408, 4864, 5325, 2202, 301, 1775839978);
INSERT INTO cave_place_to_raster_map_definitions (id, x_coordinate, y_coordinate, cave_place_id, raster_map_id, created_at) VALUES (4409, 256, 1980, 2205, 301, 1775839978);
INSERT INTO cave_place_to_raster_map_definitions (id, x_coordinate, y_coordinate, cave_place_id, raster_map_id, created_at) VALUES (4410, 1379, 1455, 2200, 301, 1775839978);
INSERT INTO cave_place_to_raster_map_definitions (id, x_coordinate, y_coordinate, cave_place_id, raster_map_id, created_at) VALUES (4411, 5807, 3911, 2210, 301, 1775839978);
INSERT INTO cave_place_to_raster_map_definitions (id, x_coordinate, y_coordinate, cave_place_id, raster_map_id, created_at) VALUES (4412, 1215, 2238, 2242, 301, 1775839978);
INSERT INTO cave_place_to_raster_map_definitions (id, x_coordinate, y_coordinate, cave_place_id, raster_map_id, created_at) VALUES (4413, 3716, 5983, 2247, 301, 1775839978);
INSERT INTO cave_place_to_raster_map_definitions (id, x_coordinate, y_coordinate, cave_place_id, raster_map_id, created_at) VALUES (4414, 5692, 1503, 2212, 301, 1775839978);
INSERT INTO cave_place_to_raster_map_definitions (id, x_coordinate, y_coordinate, cave_place_id, raster_map_id, created_at) VALUES (4415, 1129, 3262, 2172, 301, 1775839978);
INSERT INTO cave_place_to_raster_map_definitions (id, x_coordinate, y_coordinate, cave_place_id, raster_map_id, created_at) VALUES (4416, 773, 5469, 2209, 301, 1775839978);
INSERT INTO cave_place_to_raster_map_definitions (id, x_coordinate, y_coordinate, cave_place_id, raster_map_id, created_at) VALUES (4417, 3278, 5828, 2254, 301, 1775839978);
INSERT INTO cave_place_to_raster_map_definitions (id, x_coordinate, y_coordinate, cave_place_id, raster_map_id, created_at) VALUES (4418, 230, 3554, 2253, 301, 1775839978);
INSERT INTO cave_place_to_raster_map_definitions (id, x_coordinate, y_coordinate, cave_place_id, raster_map_id, created_at) VALUES (4419, 3594, 2887, 2213, 301, 1775839978);
INSERT INTO cave_place_to_raster_map_definitions (id, x_coordinate, y_coordinate, cave_place_id, raster_map_id, created_at) VALUES (4420, 1705, 3266, 2203, 301, 1775839978);
INSERT INTO cave_place_to_raster_map_definitions (id, x_coordinate, y_coordinate, cave_place_id, raster_map_id, created_at) VALUES (4421, 32, 1877, 2255, 301, 1775839978);
INSERT INTO cave_place_to_raster_map_definitions (id, x_coordinate, y_coordinate, cave_place_id, raster_map_id, created_at) VALUES (4422, 3492, 4722, 2196, 301, 1775839978);
INSERT INTO cave_place_to_raster_map_definitions (id, x_coordinate, y_coordinate, cave_place_id, raster_map_id, created_at) VALUES (4423, 932, 5583, 2182, 301, 1775839978);
INSERT INTO cave_place_to_raster_map_definitions (id, x_coordinate, y_coordinate, cave_place_id, raster_map_id, created_at) VALUES (4424, 1245, 2615, 2199, 301, 1775839978);
INSERT INTO cave_place_to_raster_map_definitions (id, x_coordinate, y_coordinate, cave_place_id, raster_map_id, created_at) VALUES (4425, 5849, 2014, 2223, 301, 1775839978);
INSERT INTO cave_place_to_raster_map_definitions (id, x_coordinate, y_coordinate, cave_place_id, raster_map_id, created_at) VALUES (4426, 5651, 5141, 2230, 301, 1775839978);
INSERT INTO cave_place_to_raster_map_definitions (id, x_coordinate, y_coordinate, cave_place_id, raster_map_id, created_at) VALUES (4427, 1136, 5847, 2195, 301, 1775839978);
INSERT INTO cave_place_to_raster_map_definitions (id, x_coordinate, y_coordinate, cave_place_id, raster_map_id, created_at) VALUES (4428, 26, 372, 2179, 301, 1775839978);
INSERT INTO cave_place_to_raster_map_definitions (id, x_coordinate, y_coordinate, cave_place_id, raster_map_id, created_at) VALUES (4429, 4392, 871, 2249, 301, 1775839978);
INSERT INTO raster_maps (id, title, map_type, file_name, cave_id, cave_area_id, created_at) VALUES (302, 'ps_plan_1_distanta_avenul_din_drum.jpg [C8 #4] [C36 #3]', 'plane view', 'cave_1/raster_1771183787566.jpg', 36, NULL, 1775839978);
INSERT INTO cave_place_to_raster_map_definitions (id, x_coordinate, y_coordinate, cave_place_id, raster_map_id, created_at) VALUES (4430, 1083, 1843, 2218, 302, 1775839978);
INSERT INTO cave_place_to_raster_map_definitions (id, x_coordinate, y_coordinate, cave_place_id, raster_map_id, created_at) VALUES (4431, 2367, 4778, 2250, 302, 1775839978);
INSERT INTO cave_place_to_raster_map_definitions (id, x_coordinate, y_coordinate, cave_place_id, raster_map_id, created_at) VALUES (4432, 3558, 1505, 2226, 302, 1775839978);
INSERT INTO cave_place_to_raster_map_definitions (id, x_coordinate, y_coordinate, cave_place_id, raster_map_id, created_at) VALUES (4433, 966, 2048, 2173, 302, 1775839978);
INSERT INTO cave_place_to_raster_map_definitions (id, x_coordinate, y_coordinate, cave_place_id, raster_map_id, created_at) VALUES (4434, 3148, 3056, 2174, 302, 1775839978);
INSERT INTO cave_place_to_raster_map_definitions (id, x_coordinate, y_coordinate, cave_place_id, raster_map_id, created_at) VALUES (4435, 5171, 2847, 2192, 302, 1775839978);
INSERT INTO cave_place_to_raster_map_definitions (id, x_coordinate, y_coordinate, cave_place_id, raster_map_id, created_at) VALUES (4436, 4229, 3201, 2235, 302, 1775839978);
INSERT INTO cave_place_to_raster_map_definitions (id, x_coordinate, y_coordinate, cave_place_id, raster_map_id, created_at) VALUES (4437, 3298, 5640, 2229, 302, 1775839978);
INSERT INTO cave_place_to_raster_map_definitions (id, x_coordinate, y_coordinate, cave_place_id, raster_map_id, created_at) VALUES (4438, 5290, 5947, 2237, 302, 1775839978);
INSERT INTO cave_place_to_raster_map_definitions (id, x_coordinate, y_coordinate, cave_place_id, raster_map_id, created_at) VALUES (4439, 2934, 1986, 2175, 302, 1775839978);
INSERT INTO cave_place_to_raster_map_definitions (id, x_coordinate, y_coordinate, cave_place_id, raster_map_id, created_at) VALUES (4440, 4046, 2037, 2193, 302, 1775839978);
INSERT INTO cave_place_to_raster_map_definitions (id, x_coordinate, y_coordinate, cave_place_id, raster_map_id, created_at) VALUES (4441, 2983, 1556, 2217, 302, 1775839978);
INSERT INTO cave_place_to_raster_map_definitions (id, x_coordinate, y_coordinate, cave_place_id, raster_map_id, created_at) VALUES (4442, 3420, 1428, 2249, 302, 1775839978);
INSERT INTO cave_place_to_raster_map_definitions (id, x_coordinate, y_coordinate, cave_place_id, raster_map_id, created_at) VALUES (4443, 580, 1700, 2216, 302, 1775839978);
INSERT INTO cave_place_to_raster_map_definitions (id, x_coordinate, y_coordinate, cave_place_id, raster_map_id, created_at) VALUES (4444, 1786, 4329, 2202, 302, 1775839978);
INSERT INTO cave_place_to_raster_map_definitions (id, x_coordinate, y_coordinate, cave_place_id, raster_map_id, created_at) VALUES (4445, 5236, 1342, 2247, 302, 1775839978);
INSERT INTO cave_place_to_raster_map_definitions (id, x_coordinate, y_coordinate, cave_place_id, raster_map_id, created_at) VALUES (4446, 243, 4238, 2177, 302, 1775839978);
INSERT INTO cave_place_to_raster_map_definitions (id, x_coordinate, y_coordinate, cave_place_id, raster_map_id, created_at) VALUES (4447, 725, 1844, 2194, 302, 1775839978);
INSERT INTO raster_maps (id, title, map_type, file_name, cave_id, cave_area_id, created_at) VALUES (303, '1997 Harta P.Gaura cu Vajgau 2.jpg [C27 #2] [C37 #1]', 'plane view', 'cave_3/raster_1771183787629.jpg', 37, 165, 1775839978);
INSERT INTO cave_place_to_raster_map_definitions (id, x_coordinate, y_coordinate, cave_place_id, raster_map_id, created_at) VALUES (4448, 1685, 4803, 2285, 303, 1775839978);
INSERT INTO cave_place_to_raster_map_definitions (id, x_coordinate, y_coordinate, cave_place_id, raster_map_id, created_at) VALUES (4449, 5318, 2617, 2288, 303, 1775839978);
INSERT INTO cave_place_to_raster_map_definitions (id, x_coordinate, y_coordinate, cave_place_id, raster_map_id, created_at) VALUES (4450, 4596, 1332, 2270, 303, 1775839978);
INSERT INTO cave_place_to_raster_map_definitions (id, x_coordinate, y_coordinate, cave_place_id, raster_map_id, created_at) VALUES (4451, 5647, 5504, 2289, 303, 1775839978);
INSERT INTO cave_place_to_raster_map_definitions (id, x_coordinate, y_coordinate, cave_place_id, raster_map_id, created_at) VALUES (4452, 365, 5183, 2278, 303, 1775839978);
INSERT INTO cave_place_to_raster_map_definitions (id, x_coordinate, y_coordinate, cave_place_id, raster_map_id, created_at) VALUES (4453, 3582, 2431, 2291, 303, 1775839978);
INSERT INTO cave_place_to_raster_map_definitions (id, x_coordinate, y_coordinate, cave_place_id, raster_map_id, created_at) VALUES (4454, 3820, 5528, 2263, 303, 1775839978);
INSERT INTO cave_place_to_raster_map_definitions (id, x_coordinate, y_coordinate, cave_place_id, raster_map_id, created_at) VALUES (4455, 3882, 477, 2284, 303, 1775839978);
INSERT INTO cave_place_to_raster_map_definitions (id, x_coordinate, y_coordinate, cave_place_id, raster_map_id, created_at) VALUES (4456, 1920, 1387, 2273, 303, 1775839978);
INSERT INTO cave_place_to_raster_map_definitions (id, x_coordinate, y_coordinate, cave_place_id, raster_map_id, created_at) VALUES (4457, 4066, 973, 2274, 303, 1775839978);
INSERT INTO cave_place_to_raster_map_definitions (id, x_coordinate, y_coordinate, cave_place_id, raster_map_id, created_at) VALUES (4458, 1118, 667, 2257, 303, 1775839978);
INSERT INTO cave_place_to_raster_map_definitions (id, x_coordinate, y_coordinate, cave_place_id, raster_map_id, created_at) VALUES (4459, 2411, 5797, 2271, 303, 1775839978);
INSERT INTO cave_place_to_raster_map_definitions (id, x_coordinate, y_coordinate, cave_place_id, raster_map_id, created_at) VALUES (4460, 4415, 3707, 2282, 303, 1775839978);
INSERT INTO cave_place_to_raster_map_definitions (id, x_coordinate, y_coordinate, cave_place_id, raster_map_id, created_at) VALUES (4461, 3944, 85, 2279, 303, 1775839978);
INSERT INTO cave_place_to_raster_map_definitions (id, x_coordinate, y_coordinate, cave_place_id, raster_map_id, created_at) VALUES (4462, 3110, 1613, 2294, 303, 1775839978);
INSERT INTO cave_place_to_raster_map_definitions (id, x_coordinate, y_coordinate, cave_place_id, raster_map_id, created_at) VALUES (4463, 3148, 2522, 2277, 303, 1775839978);
INSERT INTO cave_place_to_raster_map_definitions (id, x_coordinate, y_coordinate, cave_place_id, raster_map_id, created_at) VALUES (4464, 2899, 4899, 2269, 303, 1775839978);
INSERT INTO cave_place_to_raster_map_definitions (id, x_coordinate, y_coordinate, cave_place_id, raster_map_id, created_at) VALUES (4465, 4938, 5290, 2281, 303, 1775839978);
INSERT INTO cave_place_to_raster_map_definitions (id, x_coordinate, y_coordinate, cave_place_id, raster_map_id, created_at) VALUES (4466, 3299, 105, 2280, 303, 1775839978);
INSERT INTO cave_place_to_raster_map_definitions (id, x_coordinate, y_coordinate, cave_place_id, raster_map_id, created_at) VALUES (4467, 3170, 1510, 2290, 303, 1775839978);
INSERT INTO raster_maps (id, title, map_type, file_name, cave_id, cave_area_id, created_at) VALUES (304, '1997 Harta P.Gaura cu Vajgau 2.jpg [C57 #2] [C37 #2]', 'plane view', 'cave_3/raster_1771183787629.jpg', 37, 162, 1775839978);
INSERT INTO cave_place_to_raster_map_definitions (id, x_coordinate, y_coordinate, cave_place_id, raster_map_id, created_at) VALUES (4468, 2962, 746, 2264, 304, 1775839978);
INSERT INTO raster_maps (id, title, map_type, file_name, cave_id, cave_area_id, created_at) VALUES (305, '1997 Harta P.Gaura cu Vajgau 2.jpg [C48 #1] [C37 #3]', 'plane view', 'cave_3/raster_1771183787629.jpg', 37, NULL, 1775839978);
INSERT INTO cave_place_to_raster_map_definitions (id, x_coordinate, y_coordinate, cave_place_id, raster_map_id, created_at) VALUES (4469, 4102, 3271, 2290, 305, 1775839978);
INSERT INTO cave_place_to_raster_map_definitions (id, x_coordinate, y_coordinate, cave_place_id, raster_map_id, created_at) VALUES (4470, 3250, 664, 2288, 305, 1775839978);
INSERT INTO cave_place_to_raster_map_definitions (id, x_coordinate, y_coordinate, cave_place_id, raster_map_id, created_at) VALUES (4471, 2629, 5181, 2260, 305, 1775839978);
INSERT INTO cave_place_to_raster_map_definitions (id, x_coordinate, y_coordinate, cave_place_id, raster_map_id, created_at) VALUES (4472, 2484, 5346, 2267, 305, 1775839978);
INSERT INTO cave_place_to_raster_map_definitions (id, x_coordinate, y_coordinate, cave_place_id, raster_map_id, created_at) VALUES (4473, 12, 225, 2284, 305, 1775839978);
INSERT INTO cave_place_to_raster_map_definitions (id, x_coordinate, y_coordinate, cave_place_id, raster_map_id, created_at) VALUES (4474, 417, 2697, 2279, 305, 1775839978);
INSERT INTO raster_maps (id, title, map_type, file_name, cave_id, cave_area_id, created_at) VALUES (306, 'ps_20250107_explorari_plan_fundal_negru.jpg [C13 #3] [C37 #4]', 'plane view', 'cave_1/raster_1771183787549.jpg', 37, 167, 1775839978);
INSERT INTO cave_place_to_raster_map_definitions (id, x_coordinate, y_coordinate, cave_place_id, raster_map_id, created_at) VALUES (4475, 2208, 2446, 2280, 306, 1775839978);
INSERT INTO cave_place_to_raster_map_definitions (id, x_coordinate, y_coordinate, cave_place_id, raster_map_id, created_at) VALUES (4476, 5739, 5173, 2293, 306, 1775839978);
INSERT INTO cave_place_to_raster_map_definitions (id, x_coordinate, y_coordinate, cave_place_id, raster_map_id, created_at) VALUES (4477, 1616, 316, 2269, 306, 1775839978);
INSERT INTO cave_place_to_raster_map_definitions (id, x_coordinate, y_coordinate, cave_place_id, raster_map_id, created_at) VALUES (4478, 1642, 2795, 2259, 306, 1775839978);
INSERT INTO raster_maps (id, title, map_type, file_name, cave_id, cave_area_id, created_at) VALUES (307, 'ps_plan_1_distanta_avenul_din_drum.jpg [C40 #4] [C37 #5]', 'plane view', 'cave_1/raster_1771183787566.jpg', 37, 165, 1775839978);
INSERT INTO cave_place_to_raster_map_definitions (id, x_coordinate, y_coordinate, cave_place_id, raster_map_id, created_at) VALUES (4479, 3220, 4376, 2275, 307, 1775839978);
INSERT INTO cave_place_to_raster_map_definitions (id, x_coordinate, y_coordinate, cave_place_id, raster_map_id, created_at) VALUES (4480, 817, 547, 2268, 307, 1775839978);
INSERT INTO cave_place_to_raster_map_definitions (id, x_coordinate, y_coordinate, cave_place_id, raster_map_id, created_at) VALUES (4481, 4138, 4135, 2286, 307, 1775839978);
INSERT INTO cave_place_to_raster_map_definitions (id, x_coordinate, y_coordinate, cave_place_id, raster_map_id, created_at) VALUES (4482, 3799, 4369, 2262, 307, 1775839978);
INSERT INTO cave_place_to_raster_map_definitions (id, x_coordinate, y_coordinate, cave_place_id, raster_map_id, created_at) VALUES (4483, 3744, 1032, 2258, 307, 1775839978);
INSERT INTO cave_place_to_raster_map_definitions (id, x_coordinate, y_coordinate, cave_place_id, raster_map_id, created_at) VALUES (4484, 1128, 2353, 2284, 307, 1775839978);
INSERT INTO cave_place_to_raster_map_definitions (id, x_coordinate, y_coordinate, cave_place_id, raster_map_id, created_at) VALUES (4485, 1504, 2769, 2280, 307, 1775839978);
INSERT INTO cave_place_to_raster_map_definitions (id, x_coordinate, y_coordinate, cave_place_id, raster_map_id, created_at) VALUES (4486, 2804, 584, 2285, 307, 1775839978);
INSERT INTO cave_place_to_raster_map_definitions (id, x_coordinate, y_coordinate, cave_place_id, raster_map_id, created_at) VALUES (4487, 4294, 5531, 2263, 307, 1775839978);
INSERT INTO cave_place_to_raster_map_definitions (id, x_coordinate, y_coordinate, cave_place_id, raster_map_id, created_at) VALUES (4488, 387, 1376, 2292, 307, 1775839978);
INSERT INTO cave_place_to_raster_map_definitions (id, x_coordinate, y_coordinate, cave_place_id, raster_map_id, created_at) VALUES (4489, 3061, 2102, 2265, 307, 1775839978);
INSERT INTO cave_place_to_raster_map_definitions (id, x_coordinate, y_coordinate, cave_place_id, raster_map_id, created_at) VALUES (4490, 758, 3049, 2271, 307, 1775839978);
INSERT INTO cave_place_to_raster_map_definitions (id, x_coordinate, y_coordinate, cave_place_id, raster_map_id, created_at) VALUES (4491, 560, 2706, 2274, 307, 1775839978);
INSERT INTO cave_place_to_raster_map_definitions (id, x_coordinate, y_coordinate, cave_place_id, raster_map_id, created_at) VALUES (4492, 2618, 969, 2276, 307, 1775839978);
INSERT INTO cave_place_to_raster_map_definitions (id, x_coordinate, y_coordinate, cave_place_id, raster_map_id, created_at) VALUES (4493, 305, 2999, 2281, 307, 1775839978);
INSERT INTO cave_place_to_raster_map_definitions (id, x_coordinate, y_coordinate, cave_place_id, raster_map_id, created_at) VALUES (4494, 5436, 4760, 2294, 307, 1775839978);
INSERT INTO cave_place_to_raster_map_definitions (id, x_coordinate, y_coordinate, cave_place_id, raster_map_id, created_at) VALUES (4495, 2741, 5400, 2278, 307, 1775839978);
INSERT INTO cave_place_to_raster_map_definitions (id, x_coordinate, y_coordinate, cave_place_id, raster_map_id, created_at) VALUES (4496, 1895, 3844, 2269, 307, 1775839978);
INSERT INTO cave_place_to_raster_map_definitions (id, x_coordinate, y_coordinate, cave_place_id, raster_map_id, created_at) VALUES (4497, 671, 2830, 2290, 307, 1775839978);
INSERT INTO cave_place_to_raster_map_definitions (id, x_coordinate, y_coordinate, cave_place_id, raster_map_id, created_at) VALUES (4498, 328, 302, 2289, 307, 1775839978);
INSERT INTO raster_maps (id, title, map_type, file_name, cave_id, cave_area_id, created_at) VALUES (308, 'ps_profil_proiectat_ortogonal_est_vest_fundalalb.png [C14 #1] [C38 #1]', 'plane view', 'cave_1/raster_1771183787575.png', 38, 169, 1775839978);
INSERT INTO cave_place_to_raster_map_definitions (id, x_coordinate, y_coordinate, cave_place_id, raster_map_id, created_at) VALUES (4499, 2373, 3559, 2301, 308, 1775839978);
INSERT INTO cave_place_to_raster_map_definitions (id, x_coordinate, y_coordinate, cave_place_id, raster_map_id, created_at) VALUES (4500, 3601, 2465, 2357, 308, 1775839978);
INSERT INTO cave_place_to_raster_map_definitions (id, x_coordinate, y_coordinate, cave_place_id, raster_map_id, created_at) VALUES (4501, 5447, 4817, 2337, 308, 1775839978);
INSERT INTO cave_place_to_raster_map_definitions (id, x_coordinate, y_coordinate, cave_place_id, raster_map_id, created_at) VALUES (4502, 2815, 4798, 2305, 308, 1775839978);
INSERT INTO raster_maps (id, title, map_type, file_name, cave_id, cave_area_id, created_at) VALUES (309, 'ps_20250107_explorari_plan_fundal_negru.jpg [C18 #1] [C38 #2]', 'plane view', 'cave_1/raster_1771183787549.jpg', 38, 169, 1775839978);
INSERT INTO cave_place_to_raster_map_definitions (id, x_coordinate, y_coordinate, cave_place_id, raster_map_id, created_at) VALUES (4503, 355, 599, 2332, 309, 1775839978);
INSERT INTO cave_place_to_raster_map_definitions (id, x_coordinate, y_coordinate, cave_place_id, raster_map_id, created_at) VALUES (4504, 4776, 2445, 2313, 309, 1775839978);
INSERT INTO cave_place_to_raster_map_definitions (id, x_coordinate, y_coordinate, cave_place_id, raster_map_id, created_at) VALUES (4505, 2898, 3887, 2360, 309, 1775839978);
INSERT INTO cave_place_to_raster_map_definitions (id, x_coordinate, y_coordinate, cave_place_id, raster_map_id, created_at) VALUES (4506, 5521, 3358, 2359, 309, 1775839978);
INSERT INTO cave_place_to_raster_map_definitions (id, x_coordinate, y_coordinate, cave_place_id, raster_map_id, created_at) VALUES (4507, 4725, 5599, 2316, 309, 1775839978);
INSERT INTO cave_place_to_raster_map_definitions (id, x_coordinate, y_coordinate, cave_place_id, raster_map_id, created_at) VALUES (4508, 3880, 741, 2363, 309, 1775839978);
INSERT INTO cave_place_to_raster_map_definitions (id, x_coordinate, y_coordinate, cave_place_id, raster_map_id, created_at) VALUES (4509, 5309, 1357, 2299, 309, 1775839978);
INSERT INTO cave_place_to_raster_map_definitions (id, x_coordinate, y_coordinate, cave_place_id, raster_map_id, created_at) VALUES (4510, 2636, 2188, 2337, 309, 1775839978);
INSERT INTO cave_place_to_raster_map_definitions (id, x_coordinate, y_coordinate, cave_place_id, raster_map_id, created_at) VALUES (4511, 760, 557, 2320, 309, 1775839978);
INSERT INTO cave_place_to_raster_map_definitions (id, x_coordinate, y_coordinate, cave_place_id, raster_map_id, created_at) VALUES (4512, 2048, 1970, 2310, 309, 1775839978);
INSERT INTO cave_place_to_raster_map_definitions (id, x_coordinate, y_coordinate, cave_place_id, raster_map_id, created_at) VALUES (4513, 5035, 2691, 2300, 309, 1775839978);
INSERT INTO cave_place_to_raster_map_definitions (id, x_coordinate, y_coordinate, cave_place_id, raster_map_id, created_at) VALUES (4514, 4280, 1729, 2350, 309, 1775839978);
INSERT INTO cave_place_to_raster_map_definitions (id, x_coordinate, y_coordinate, cave_place_id, raster_map_id, created_at) VALUES (4515, 5207, 4286, 2343, 309, 1775839978);
INSERT INTO cave_place_to_raster_map_definitions (id, x_coordinate, y_coordinate, cave_place_id, raster_map_id, created_at) VALUES (4516, 5195, 5371, 2306, 309, 1775839978);
INSERT INTO cave_place_to_raster_map_definitions (id, x_coordinate, y_coordinate, cave_place_id, raster_map_id, created_at) VALUES (4517, 3225, 3794, 2323, 309, 1775839978);
INSERT INTO cave_place_to_raster_map_definitions (id, x_coordinate, y_coordinate, cave_place_id, raster_map_id, created_at) VALUES (4518, 3830, 884, 2364, 309, 1775839978);
INSERT INTO cave_place_to_raster_map_definitions (id, x_coordinate, y_coordinate, cave_place_id, raster_map_id, created_at) VALUES (4519, 1552, 840, 2335, 309, 1775839978);
INSERT INTO cave_place_to_raster_map_definitions (id, x_coordinate, y_coordinate, cave_place_id, raster_map_id, created_at) VALUES (4520, 1563, 2839, 2333, 309, 1775839978);
INSERT INTO cave_place_to_raster_map_definitions (id, x_coordinate, y_coordinate, cave_place_id, raster_map_id, created_at) VALUES (4521, 1700, 1578, 2330, 309, 1775839978);
INSERT INTO cave_place_to_raster_map_definitions (id, x_coordinate, y_coordinate, cave_place_id, raster_map_id, created_at) VALUES (4522, 295, 3863, 2307, 309, 1775839978);
INSERT INTO cave_place_to_raster_map_definitions (id, x_coordinate, y_coordinate, cave_place_id, raster_map_id, created_at) VALUES (4523, 5201, 2329, 2317, 309, 1775839978);
INSERT INTO cave_place_to_raster_map_definitions (id, x_coordinate, y_coordinate, cave_place_id, raster_map_id, created_at) VALUES (4524, 1815, 331, 2362, 309, 1775839978);
INSERT INTO cave_place_to_raster_map_definitions (id, x_coordinate, y_coordinate, cave_place_id, raster_map_id, created_at) VALUES (4525, 2967, 1782, 2296, 309, 1775839978);
INSERT INTO cave_place_to_raster_map_definitions (id, x_coordinate, y_coordinate, cave_place_id, raster_map_id, created_at) VALUES (4526, 2860, 2252, 2357, 309, 1775839978);
INSERT INTO cave_place_to_raster_map_definitions (id, x_coordinate, y_coordinate, cave_place_id, raster_map_id, created_at) VALUES (4527, 873, 3702, 2328, 309, 1775839978);
INSERT INTO cave_place_to_raster_map_definitions (id, x_coordinate, y_coordinate, cave_place_id, raster_map_id, created_at) VALUES (4528, 987, 4584, 2314, 309, 1775839978);
INSERT INTO cave_place_to_raster_map_definitions (id, x_coordinate, y_coordinate, cave_place_id, raster_map_id, created_at) VALUES (4529, 4757, 2828, 2298, 309, 1775839978);
INSERT INTO raster_maps (id, title, map_type, file_name, cave_id, cave_area_id, created_at) VALUES (310, 'ps_20250107_explorari_plan_fundal_negru.jpg [C25 #1] [C38 #3]', 'plane view', 'cave_1/raster_1771183787549.jpg', 38, 169, 1775839978);
INSERT INTO cave_place_to_raster_map_definitions (id, x_coordinate, y_coordinate, cave_place_id, raster_map_id, created_at) VALUES (4530, 3997, 4067, 2325, 310, 1775839978);
INSERT INTO cave_place_to_raster_map_definitions (id, x_coordinate, y_coordinate, cave_place_id, raster_map_id, created_at) VALUES (4531, 3951, 4687, 2354, 310, 1775839978);
INSERT INTO cave_place_to_raster_map_definitions (id, x_coordinate, y_coordinate, cave_place_id, raster_map_id, created_at) VALUES (4532, 2235, 2695, 2304, 310, 1775839978);
INSERT INTO cave_place_to_raster_map_definitions (id, x_coordinate, y_coordinate, cave_place_id, raster_map_id, created_at) VALUES (4533, 744, 3599, 2303, 310, 1775839978);
INSERT INTO cave_place_to_raster_map_definitions (id, x_coordinate, y_coordinate, cave_place_id, raster_map_id, created_at) VALUES (4534, 2505, 1665, 2333, 310, 1775839978);
INSERT INTO cave_place_to_raster_map_definitions (id, x_coordinate, y_coordinate, cave_place_id, raster_map_id, created_at) VALUES (4535, 4199, 5380, 2331, 310, 1775839978);
INSERT INTO cave_place_to_raster_map_definitions (id, x_coordinate, y_coordinate, cave_place_id, raster_map_id, created_at) VALUES (4536, 3040, 2919, 2318, 310, 1775839978);
INSERT INTO cave_place_to_raster_map_definitions (id, x_coordinate, y_coordinate, cave_place_id, raster_map_id, created_at) VALUES (4537, 2369, 1168, 2355, 310, 1775839978);
INSERT INTO cave_place_to_raster_map_definitions (id, x_coordinate, y_coordinate, cave_place_id, raster_map_id, created_at) VALUES (4538, 1909, 2043, 2366, 310, 1775839978);
INSERT INTO cave_place_to_raster_map_definitions (id, x_coordinate, y_coordinate, cave_place_id, raster_map_id, created_at) VALUES (4539, 2548, 410, 2305, 310, 1775839978);
INSERT INTO cave_place_to_raster_map_definitions (id, x_coordinate, y_coordinate, cave_place_id, raster_map_id, created_at) VALUES (4540, 2520, 5106, 2299, 310, 1775839978);
INSERT INTO cave_place_to_raster_map_definitions (id, x_coordinate, y_coordinate, cave_place_id, raster_map_id, created_at) VALUES (4541, 3851, 5506, 2334, 310, 1775839978);
INSERT INTO cave_place_to_raster_map_definitions (id, x_coordinate, y_coordinate, cave_place_id, raster_map_id, created_at) VALUES (4542, 3684, 3543, 2316, 310, 1775839978);
INSERT INTO cave_place_to_raster_map_definitions (id, x_coordinate, y_coordinate, cave_place_id, raster_map_id, created_at) VALUES (4543, 5474, 4762, 2332, 310, 1775839978);
INSERT INTO cave_place_to_raster_map_definitions (id, x_coordinate, y_coordinate, cave_place_id, raster_map_id, created_at) VALUES (4544, 2980, 5635, 2338, 310, 1775839978);
INSERT INTO cave_place_to_raster_map_definitions (id, x_coordinate, y_coordinate, cave_place_id, raster_map_id, created_at) VALUES (4545, 4941, 5414, 2357, 310, 1775839978);
INSERT INTO cave_place_to_raster_map_definitions (id, x_coordinate, y_coordinate, cave_place_id, raster_map_id, created_at) VALUES (4546, 3865, 287, 2314, 310, 1775839978);
INSERT INTO cave_place_to_raster_map_definitions (id, x_coordinate, y_coordinate, cave_place_id, raster_map_id, created_at) VALUES (4547, 2486, 5499, 2302, 310, 1775839978);
INSERT INTO cave_place_to_raster_map_definitions (id, x_coordinate, y_coordinate, cave_place_id, raster_map_id, created_at) VALUES (4548, 5354, 3098, 2297, 310, 1775839978);
INSERT INTO cave_place_to_raster_map_definitions (id, x_coordinate, y_coordinate, cave_place_id, raster_map_id, created_at) VALUES (4549, 5798, 4782, 2346, 310, 1775839978);
INSERT INTO raster_maps (id, title, map_type, file_name, cave_id, cave_area_id, created_at) VALUES (311, 'Ponorul Nou - zona intrare_nordata.jpg [C15 #1] [C38 #4]', 'plane view', 'cave_2/raster_1771183787610.jpg', 38, 169, 1775839978);
INSERT INTO cave_place_to_raster_map_definitions (id, x_coordinate, y_coordinate, cave_place_id, raster_map_id, created_at) VALUES (4550, 2728, 1429, 2350, 311, 1775839978);
INSERT INTO cave_place_to_raster_map_definitions (id, x_coordinate, y_coordinate, cave_place_id, raster_map_id, created_at) VALUES (4551, 5270, 5327, 2300, 311, 1775839978);
INSERT INTO cave_place_to_raster_map_definitions (id, x_coordinate, y_coordinate, cave_place_id, raster_map_id, created_at) VALUES (4552, 1771, 4705, 2301, 311, 1775839978);
INSERT INTO cave_place_to_raster_map_definitions (id, x_coordinate, y_coordinate, cave_place_id, raster_map_id, created_at) VALUES (4553, 5998, 4575, 2340, 311, 1775839978);
INSERT INTO cave_place_to_raster_map_definitions (id, x_coordinate, y_coordinate, cave_place_id, raster_map_id, created_at) VALUES (4554, 4636, 2552, 2319, 311, 1775839978);
INSERT INTO cave_place_to_raster_map_definitions (id, x_coordinate, y_coordinate, cave_place_id, raster_map_id, created_at) VALUES (4555, 3591, 2017, 2353, 311, 1775839978);
INSERT INTO cave_place_to_raster_map_definitions (id, x_coordinate, y_coordinate, cave_place_id, raster_map_id, created_at) VALUES (4556, 993, 1643, 2364, 311, 1775839978);
INSERT INTO cave_place_to_raster_map_definitions (id, x_coordinate, y_coordinate, cave_place_id, raster_map_id, created_at) VALUES (4557, 5504, 1075, 2326, 311, 1775839978);
INSERT INTO raster_maps (id, title, map_type, file_name, cave_id, cave_area_id, created_at) VALUES (312, 'cerna_ps_pn_pdp_plan_en_articol.jpg [C45 #3] [C39 #1]', 'plane view', 'cave_1/raster_1771183787584.jpg', 39, 174, 1775839978);
INSERT INTO cave_place_to_raster_map_definitions (id, x_coordinate, y_coordinate, cave_place_id, raster_map_id, created_at) VALUES (4558, 1773, 1876, 2374, 312, 1775839978);
INSERT INTO cave_place_to_raster_map_definitions (id, x_coordinate, y_coordinate, cave_place_id, raster_map_id, created_at) VALUES (4559, 3547, 3485, 2405, 312, 1775839978);
INSERT INTO cave_place_to_raster_map_definitions (id, x_coordinate, y_coordinate, cave_place_id, raster_map_id, created_at) VALUES (4560, 2862, 757, 2384, 312, 1775839978);
INSERT INTO cave_place_to_raster_map_definitions (id, x_coordinate, y_coordinate, cave_place_id, raster_map_id, created_at) VALUES (4561, 3062, 4643, 2387, 312, 1775839978);
INSERT INTO cave_place_to_raster_map_definitions (id, x_coordinate, y_coordinate, cave_place_id, raster_map_id, created_at) VALUES (4562, 5300, 743, 2428, 312, 1775839978);
INSERT INTO cave_place_to_raster_map_definitions (id, x_coordinate, y_coordinate, cave_place_id, raster_map_id, created_at) VALUES (4563, 605, 1929, 2372, 312, 1775839978);
INSERT INTO cave_place_to_raster_map_definitions (id, x_coordinate, y_coordinate, cave_place_id, raster_map_id, created_at) VALUES (4564, 3548, 3062, 2424, 312, 1775839978);
INSERT INTO cave_place_to_raster_map_definitions (id, x_coordinate, y_coordinate, cave_place_id, raster_map_id, created_at) VALUES (4565, 4292, 1550, 2393, 312, 1775839978);
INSERT INTO cave_place_to_raster_map_definitions (id, x_coordinate, y_coordinate, cave_place_id, raster_map_id, created_at) VALUES (4566, 5242, 3199, 2419, 312, 1775839978);
INSERT INTO cave_place_to_raster_map_definitions (id, x_coordinate, y_coordinate, cave_place_id, raster_map_id, created_at) VALUES (4567, 1841, 4465, 2379, 312, 1775839978);
INSERT INTO cave_place_to_raster_map_definitions (id, x_coordinate, y_coordinate, cave_place_id, raster_map_id, created_at) VALUES (4568, 3377, 3769, 2395, 312, 1775839978);
INSERT INTO cave_place_to_raster_map_definitions (id, x_coordinate, y_coordinate, cave_place_id, raster_map_id, created_at) VALUES (4569, 1876, 2974, 2407, 312, 1775839978);
INSERT INTO cave_place_to_raster_map_definitions (id, x_coordinate, y_coordinate, cave_place_id, raster_map_id, created_at) VALUES (4570, 3227, 870, 2383, 312, 1775839978);
INSERT INTO cave_place_to_raster_map_definitions (id, x_coordinate, y_coordinate, cave_place_id, raster_map_id, created_at) VALUES (4571, 5784, 5190, 2376, 312, 1775839978);
INSERT INTO cave_place_to_raster_map_definitions (id, x_coordinate, y_coordinate, cave_place_id, raster_map_id, created_at) VALUES (4572, 5644, 2771, 2406, 312, 1775839978);
INSERT INTO cave_place_to_raster_map_definitions (id, x_coordinate, y_coordinate, cave_place_id, raster_map_id, created_at) VALUES (4573, 2167, 4372, 2443, 312, 1775839978);
INSERT INTO cave_place_to_raster_map_definitions (id, x_coordinate, y_coordinate, cave_place_id, raster_map_id, created_at) VALUES (4574, 5366, 3239, 2371, 312, 1775839978);
INSERT INTO cave_place_to_raster_map_definitions (id, x_coordinate, y_coordinate, cave_place_id, raster_map_id, created_at) VALUES (4575, 2651, 2607, 2410, 312, 1775839978);
INSERT INTO cave_place_to_raster_map_definitions (id, x_coordinate, y_coordinate, cave_place_id, raster_map_id, created_at) VALUES (4576, 2439, 705, 2417, 312, 1775839978);
INSERT INTO cave_place_to_raster_map_definitions (id, x_coordinate, y_coordinate, cave_place_id, raster_map_id, created_at) VALUES (4577, 3027, 333, 2399, 312, 1775839978);
INSERT INTO cave_place_to_raster_map_definitions (id, x_coordinate, y_coordinate, cave_place_id, raster_map_id, created_at) VALUES (4578, 5182, 4923, 2412, 312, 1775839978);
INSERT INTO cave_place_to_raster_map_definitions (id, x_coordinate, y_coordinate, cave_place_id, raster_map_id, created_at) VALUES (4579, 5356, 5227, 2408, 312, 1775839978);
INSERT INTO raster_maps (id, title, map_type, file_name, cave_id, cave_area_id, created_at) VALUES (313, 'ps_profil_proiectat_ortogonal_est_vest_fundalalb.png [C1 #4] [C39 #2]', 'plane view', 'cave_1/raster_1771183787575.png', 39, NULL, 1775839978);
INSERT INTO cave_place_to_raster_map_definitions (id, x_coordinate, y_coordinate, cave_place_id, raster_map_id, created_at) VALUES (4580, 4385, 1872, 2402, 313, 1775839978);
INSERT INTO cave_place_to_raster_map_definitions (id, x_coordinate, y_coordinate, cave_place_id, raster_map_id, created_at) VALUES (4581, 5199, 3474, 2392, 313, 1775839978);
INSERT INTO cave_place_to_raster_map_definitions (id, x_coordinate, y_coordinate, cave_place_id, raster_map_id, created_at) VALUES (4582, 3299, 4291, 2384, 313, 1775839978);
INSERT INTO cave_place_to_raster_map_definitions (id, x_coordinate, y_coordinate, cave_place_id, raster_map_id, created_at) VALUES (4583, 5362, 1902, 2382, 313, 1775839978);
INSERT INTO cave_place_to_raster_map_definitions (id, x_coordinate, y_coordinate, cave_place_id, raster_map_id, created_at) VALUES (4584, 4646, 1888, 2446, 313, 1775839978);
INSERT INTO cave_place_to_raster_map_definitions (id, x_coordinate, y_coordinate, cave_place_id, raster_map_id, created_at) VALUES (4585, 3220, 4955, 2434, 313, 1775839978);
INSERT INTO cave_place_to_raster_map_definitions (id, x_coordinate, y_coordinate, cave_place_id, raster_map_id, created_at) VALUES (4586, 2763, 3231, 2379, 313, 1775839978);
INSERT INTO cave_place_to_raster_map_definitions (id, x_coordinate, y_coordinate, cave_place_id, raster_map_id, created_at) VALUES (4587, 817, 3865, 2444, 313, 1775839978);
INSERT INTO raster_maps (id, title, map_type, file_name, cave_id, cave_area_id, created_at) VALUES (314, 'geo_art_tirla_ps__harta_profil.png [C61 #1] [C39 #3]', 'plane view', 'cave_1/raster_1771183787593.png', 39, 174, 1775839978);
INSERT INTO cave_place_to_raster_map_definitions (id, x_coordinate, y_coordinate, cave_place_id, raster_map_id, created_at) VALUES (4588, 36, 1987, 2410, 314, 1775839978);
INSERT INTO cave_place_to_raster_map_definitions (id, x_coordinate, y_coordinate, cave_place_id, raster_map_id, created_at) VALUES (4589, 809, 174, 2376, 314, 1775839978);
INSERT INTO cave_place_to_raster_map_definitions (id, x_coordinate, y_coordinate, cave_place_id, raster_map_id, created_at) VALUES (4590, 1238, 1495, 2391, 314, 1775839978);
INSERT INTO cave_place_to_raster_map_definitions (id, x_coordinate, y_coordinate, cave_place_id, raster_map_id, created_at) VALUES (4591, 3551, 3042, 2375, 314, 1775839978);
INSERT INTO cave_place_to_raster_map_definitions (id, x_coordinate, y_coordinate, cave_place_id, raster_map_id, created_at) VALUES (4592, 1476, 5704, 2396, 314, 1775839978);
INSERT INTO cave_place_to_raster_map_definitions (id, x_coordinate, y_coordinate, cave_place_id, raster_map_id, created_at) VALUES (4593, 2809, 1844, 2372, 314, 1775839978);
INSERT INTO cave_place_to_raster_map_definitions (id, x_coordinate, y_coordinate, cave_place_id, raster_map_id, created_at) VALUES (4594, 104, 3610, 2424, 314, 1775839978);
INSERT INTO cave_place_to_raster_map_definitions (id, x_coordinate, y_coordinate, cave_place_id, raster_map_id, created_at) VALUES (4595, 863, 2060, 2431, 314, 1775839978);
INSERT INTO cave_place_to_raster_map_definitions (id, x_coordinate, y_coordinate, cave_place_id, raster_map_id, created_at) VALUES (4596, 3887, 4715, 2439, 314, 1775839978);
INSERT INTO cave_place_to_raster_map_definitions (id, x_coordinate, y_coordinate, cave_place_id, raster_map_id, created_at) VALUES (4597, 2889, 354, 2423, 314, 1775839978);
INSERT INTO cave_place_to_raster_map_definitions (id, x_coordinate, y_coordinate, cave_place_id, raster_map_id, created_at) VALUES (4598, 680, 2514, 2417, 314, 1775839978);
INSERT INTO cave_place_to_raster_map_definitions (id, x_coordinate, y_coordinate, cave_place_id, raster_map_id, created_at) VALUES (4599, 4248, 5746, 2390, 314, 1775839978);
INSERT INTO cave_place_to_raster_map_definitions (id, x_coordinate, y_coordinate, cave_place_id, raster_map_id, created_at) VALUES (4600, 5161, 1390, 2383, 314, 1775839978);
INSERT INTO cave_place_to_raster_map_definitions (id, x_coordinate, y_coordinate, cave_place_id, raster_map_id, created_at) VALUES (4601, 2686, 5091, 2407, 314, 1775839978);
INSERT INTO cave_place_to_raster_map_definitions (id, x_coordinate, y_coordinate, cave_place_id, raster_map_id, created_at) VALUES (4602, 2370, 2775, 2425, 314, 1775839978);
INSERT INTO cave_place_to_raster_map_definitions (id, x_coordinate, y_coordinate, cave_place_id, raster_map_id, created_at) VALUES (4603, 763, 5061, 2398, 314, 1775839978);
INSERT INTO cave_place_to_raster_map_definitions (id, x_coordinate, y_coordinate, cave_place_id, raster_map_id, created_at) VALUES (4604, 1087, 1907, 2414, 314, 1775839978);
INSERT INTO cave_place_to_raster_map_definitions (id, x_coordinate, y_coordinate, cave_place_id, raster_map_id, created_at) VALUES (4605, 84, 451, 2415, 314, 1775839978);
INSERT INTO cave_place_to_raster_map_definitions (id, x_coordinate, y_coordinate, cave_place_id, raster_map_id, created_at) VALUES (4606, 4297, 4201, 2408, 314, 1775839978);
INSERT INTO cave_place_to_raster_map_definitions (id, x_coordinate, y_coordinate, cave_place_id, raster_map_id, created_at) VALUES (4607, 3268, 1111, 2379, 314, 1775839978);
INSERT INTO cave_place_to_raster_map_definitions (id, x_coordinate, y_coordinate, cave_place_id, raster_map_id, created_at) VALUES (4608, 1237, 134, 2420, 314, 1775839978);
INSERT INTO cave_place_to_raster_map_definitions (id, x_coordinate, y_coordinate, cave_place_id, raster_map_id, created_at) VALUES (4609, 1479, 2768, 2416, 314, 1775839978);
INSERT INTO cave_place_to_raster_map_definitions (id, x_coordinate, y_coordinate, cave_place_id, raster_map_id, created_at) VALUES (4610, 64, 2284, 2430, 314, 1775839978);
INSERT INTO cave_place_to_raster_map_definitions (id, x_coordinate, y_coordinate, cave_place_id, raster_map_id, created_at) VALUES (4611, 632, 3317, 2368, 314, 1775839978);
INSERT INTO cave_place_to_raster_map_definitions (id, x_coordinate, y_coordinate, cave_place_id, raster_map_id, created_at) VALUES (4612, 304, 5371, 2411, 314, 1775839978);
INSERT INTO cave_place_to_raster_map_definitions (id, x_coordinate, y_coordinate, cave_place_id, raster_map_id, created_at) VALUES (4613, 4738, 5466, 2447, 314, 1775839978);
INSERT INTO cave_place_to_raster_map_definitions (id, x_coordinate, y_coordinate, cave_place_id, raster_map_id, created_at) VALUES (4614, 2176, 2294, 2369, 314, 1775839978);
INSERT INTO cave_place_to_raster_map_definitions (id, x_coordinate, y_coordinate, cave_place_id, raster_map_id, created_at) VALUES (4615, 3372, 671, 2402, 314, 1775839978);
INSERT INTO cave_place_to_raster_map_definitions (id, x_coordinate, y_coordinate, cave_place_id, raster_map_id, created_at) VALUES (4616, 702, 246, 2382, 314, 1775839978);
INSERT INTO raster_maps (id, title, map_type, file_name, cave_id, cave_area_id, created_at) VALUES (315, 'cerna_ps_pn_pdp_plan_en_articol.jpg [C11 #4] [C39 #4]', 'plane view', 'cave_1/raster_1771183787584.jpg', 39, NULL, 1775839978);
INSERT INTO cave_place_to_raster_map_definitions (id, x_coordinate, y_coordinate, cave_place_id, raster_map_id, created_at) VALUES (4617, 4508, 3064, 2413, 315, 1775839978);
INSERT INTO cave_place_to_raster_map_definitions (id, x_coordinate, y_coordinate, cave_place_id, raster_map_id, created_at) VALUES (4618, 5859, 390, 2437, 315, 1775839978);
INSERT INTO cave_place_to_raster_map_definitions (id, x_coordinate, y_coordinate, cave_place_id, raster_map_id, created_at) VALUES (4619, 1621, 4744, 2432, 315, 1775839978);
INSERT INTO cave_place_to_raster_map_definitions (id, x_coordinate, y_coordinate, cave_place_id, raster_map_id, created_at) VALUES (4620, 597, 418, 2420, 315, 1775839978);
INSERT INTO cave_place_to_raster_map_definitions (id, x_coordinate, y_coordinate, cave_place_id, raster_map_id, created_at) VALUES (4621, 506, 1481, 2403, 315, 1775839978);
INSERT INTO cave_place_to_raster_map_definitions (id, x_coordinate, y_coordinate, cave_place_id, raster_map_id, created_at) VALUES (4622, 5502, 4110, 2369, 315, 1775839978);
INSERT INTO cave_place_to_raster_map_definitions (id, x_coordinate, y_coordinate, cave_place_id, raster_map_id, created_at) VALUES (4623, 1746, 600, 2424, 315, 1775839978);
INSERT INTO cave_place_to_raster_map_definitions (id, x_coordinate, y_coordinate, cave_place_id, raster_map_id, created_at) VALUES (4624, 5804, 3828, 2402, 315, 1775839978);
INSERT INTO cave_place_to_raster_map_definitions (id, x_coordinate, y_coordinate, cave_place_id, raster_map_id, created_at) VALUES (4625, 1184, 5132, 2380, 315, 1775839978);
INSERT INTO cave_place_to_raster_map_definitions (id, x_coordinate, y_coordinate, cave_place_id, raster_map_id, created_at) VALUES (4626, 4278, 1724, 2388, 315, 1775839978);
INSERT INTO cave_place_to_raster_map_definitions (id, x_coordinate, y_coordinate, cave_place_id, raster_map_id, created_at) VALUES (4627, 1625, 5456, 2392, 315, 1775839978);
INSERT INTO cave_place_to_raster_map_definitions (id, x_coordinate, y_coordinate, cave_place_id, raster_map_id, created_at) VALUES (4628, 3126, 4386, 2379, 315, 1775839978);
INSERT INTO cave_place_to_raster_map_definitions (id, x_coordinate, y_coordinate, cave_place_id, raster_map_id, created_at) VALUES (4629, 4804, 1506, 2414, 315, 1775839978);
INSERT INTO cave_place_to_raster_map_definitions (id, x_coordinate, y_coordinate, cave_place_id, raster_map_id, created_at) VALUES (4630, 4708, 1998, 2405, 315, 1775839978);
INSERT INTO cave_place_to_raster_map_definitions (id, x_coordinate, y_coordinate, cave_place_id, raster_map_id, created_at) VALUES (4631, 4741, 2875, 2385, 315, 1775839978);
INSERT INTO cave_place_to_raster_map_definitions (id, x_coordinate, y_coordinate, cave_place_id, raster_map_id, created_at) VALUES (4632, 361, 5209, 2447, 315, 1775839978);
INSERT INTO cave_place_to_raster_map_definitions (id, x_coordinate, y_coordinate, cave_place_id, raster_map_id, created_at) VALUES (4633, 5052, 1702, 2425, 315, 1775839978);
INSERT INTO cave_place_to_raster_map_definitions (id, x_coordinate, y_coordinate, cave_place_id, raster_map_id, created_at) VALUES (4634, 3698, 5807, 2368, 315, 1775839978);
INSERT INTO cave_place_to_raster_map_definitions (id, x_coordinate, y_coordinate, cave_place_id, raster_map_id, created_at) VALUES (4635, 1461, 1396, 2395, 315, 1775839978);
INSERT INTO cave_place_to_raster_map_definitions (id, x_coordinate, y_coordinate, cave_place_id, raster_map_id, created_at) VALUES (4636, 3223, 189, 2415, 315, 1775839978);
INSERT INTO cave_place_to_raster_map_definitions (id, x_coordinate, y_coordinate, cave_place_id, raster_map_id, created_at) VALUES (4637, 2858, 5921, 2444, 315, 1775839978);
INSERT INTO cave_place_to_raster_map_definitions (id, x_coordinate, y_coordinate, cave_place_id, raster_map_id, created_at) VALUES (4638, 4767, 5476, 2401, 315, 1775839978);
INSERT INTO cave_place_to_raster_map_definitions (id, x_coordinate, y_coordinate, cave_place_id, raster_map_id, created_at) VALUES (4639, 5702, 5735, 2431, 315, 1775839978);
INSERT INTO cave_place_to_raster_map_definitions (id, x_coordinate, y_coordinate, cave_place_id, raster_map_id, created_at) VALUES (4640, 3977, 5284, 2382, 315, 1775839978);
INSERT INTO cave_place_to_raster_map_definitions (id, x_coordinate, y_coordinate, cave_place_id, raster_map_id, created_at) VALUES (4641, 3173, 4793, 2370, 315, 1775839978);
INSERT INTO cave_place_to_raster_map_definitions (id, x_coordinate, y_coordinate, cave_place_id, raster_map_id, created_at) VALUES (4642, 1950, 3724, 2422, 315, 1775839978);
INSERT INTO cave_place_to_raster_map_definitions (id, x_coordinate, y_coordinate, cave_place_id, raster_map_id, created_at) VALUES (4643, 4999, 4847, 2390, 315, 1775839978);
INSERT INTO cave_place_to_raster_map_definitions (id, x_coordinate, y_coordinate, cave_place_id, raster_map_id, created_at) VALUES (4644, 1633, 5516, 2407, 315, 1775839978);
INSERT INTO cave_place_to_raster_map_definitions (id, x_coordinate, y_coordinate, cave_place_id, raster_map_id, created_at) VALUES (4645, 2381, 4468, 2417, 315, 1775839978);
INSERT INTO raster_maps (id, title, map_type, file_name, cave_id, cave_area_id, created_at) VALUES (316, 'cerna_ps_pn_pdp_plan_en_articol.jpg [C46 #1] [C39 #5]', 'plane view', 'cave_1/raster_1771183787584.jpg', 39, 173, 1775839978);
INSERT INTO cave_place_to_raster_map_definitions (id, x_coordinate, y_coordinate, cave_place_id, raster_map_id, created_at) VALUES (4646, 4501, 1730, 2430, 316, 1775839978);
INSERT INTO cave_place_to_raster_map_definitions (id, x_coordinate, y_coordinate, cave_place_id, raster_map_id, created_at) VALUES (4647, 4144, 2157, 2440, 316, 1775839978);
INSERT INTO cave_place_to_raster_map_definitions (id, x_coordinate, y_coordinate, cave_place_id, raster_map_id, created_at) VALUES (4648, 4134, 5877, 2439, 316, 1775839978);
INSERT INTO cave_place_to_raster_map_definitions (id, x_coordinate, y_coordinate, cave_place_id, raster_map_id, created_at) VALUES (4649, 3840, 995, 2380, 316, 1775839978);
INSERT INTO cave_place_to_raster_map_definitions (id, x_coordinate, y_coordinate, cave_place_id, raster_map_id, created_at) VALUES (4650, 1361, 1341, 2420, 316, 1775839978);
INSERT INTO cave_place_to_raster_map_definitions (id, x_coordinate, y_coordinate, cave_place_id, raster_map_id, created_at) VALUES (4651, 229, 2644, 2405, 316, 1775839978);
INSERT INTO cave_place_to_raster_map_definitions (id, x_coordinate, y_coordinate, cave_place_id, raster_map_id, created_at) VALUES (4652, 4615, 2102, 2375, 316, 1775839978);
INSERT INTO cave_place_to_raster_map_definitions (id, x_coordinate, y_coordinate, cave_place_id, raster_map_id, created_at) VALUES (4653, 2981, 3997, 2369, 316, 1775839978);
INSERT INTO cave_place_to_raster_map_definitions (id, x_coordinate, y_coordinate, cave_place_id, raster_map_id, created_at) VALUES (4654, 2154, 5452, 2407, 316, 1775839978);
INSERT INTO cave_place_to_raster_map_definitions (id, x_coordinate, y_coordinate, cave_place_id, raster_map_id, created_at) VALUES (4655, 4470, 3972, 2418, 316, 1775839978);
INSERT INTO cave_place_to_raster_map_definitions (id, x_coordinate, y_coordinate, cave_place_id, raster_map_id, created_at) VALUES (4656, 3982, 3310, 2443, 316, 1775839978);
INSERT INTO cave_place_to_raster_map_definitions (id, x_coordinate, y_coordinate, cave_place_id, raster_map_id, created_at) VALUES (4657, 3175, 4638, 2382, 316, 1775839978);
INSERT INTO cave_place_to_raster_map_definitions (id, x_coordinate, y_coordinate, cave_place_id, raster_map_id, created_at) VALUES (4658, 483, 1963, 2446, 316, 1775839978);
INSERT INTO cave_place_to_raster_map_definitions (id, x_coordinate, y_coordinate, cave_place_id, raster_map_id, created_at) VALUES (4659, 5771, 904, 2400, 316, 1775839978);
INSERT INTO cave_place_to_raster_map_definitions (id, x_coordinate, y_coordinate, cave_place_id, raster_map_id, created_at) VALUES (4660, 4519, 646, 2419, 316, 1775839978);
INSERT INTO cave_place_to_raster_map_definitions (id, x_coordinate, y_coordinate, cave_place_id, raster_map_id, created_at) VALUES (4661, 2711, 4274, 2368, 316, 1775839978);
INSERT INTO cave_place_to_raster_map_definitions (id, x_coordinate, y_coordinate, cave_place_id, raster_map_id, created_at) VALUES (4662, 5247, 279, 2373, 316, 1775839978);
INSERT INTO cave_place_to_raster_map_definitions (id, x_coordinate, y_coordinate, cave_place_id, raster_map_id, created_at) VALUES (4663, 4053, 4264, 2434, 316, 1775839978);
INSERT INTO cave_place_to_raster_map_definitions (id, x_coordinate, y_coordinate, cave_place_id, raster_map_id, created_at) VALUES (4664, 4288, 3098, 2408, 316, 1775839978);
INSERT INTO cave_place_to_raster_map_definitions (id, x_coordinate, y_coordinate, cave_place_id, raster_map_id, created_at) VALUES (4665, 4826, 4961, 2425, 316, 1775839978);
INSERT INTO raster_maps (id, title, map_type, file_name, cave_id, cave_area_id, created_at) VALUES (317, 'ps_plan_1_distanta_avenul_din_drum.jpg [C24 #1] [C40 #1]', 'plane view', 'cave_1/raster_1771183787566.jpg', 40, NULL, 1775839978);
INSERT INTO cave_place_to_raster_map_definitions (id, x_coordinate, y_coordinate, cave_place_id, raster_map_id, created_at) VALUES (4666, 410, 242, 2518, 317, 1775839978);
INSERT INTO cave_place_to_raster_map_definitions (id, x_coordinate, y_coordinate, cave_place_id, raster_map_id, created_at) VALUES (4667, 5826, 5020, 2525, 317, 1775839978);
INSERT INTO cave_place_to_raster_map_definitions (id, x_coordinate, y_coordinate, cave_place_id, raster_map_id, created_at) VALUES (4668, 1557, 332, 2527, 317, 1775839978);
INSERT INTO cave_place_to_raster_map_definitions (id, x_coordinate, y_coordinate, cave_place_id, raster_map_id, created_at) VALUES (4669, 4405, 3821, 2519, 317, 1775839978);
INSERT INTO cave_place_to_raster_map_definitions (id, x_coordinate, y_coordinate, cave_place_id, raster_map_id, created_at) VALUES (4670, 5476, 881, 2452, 317, 1775839978);
INSERT INTO cave_place_to_raster_map_definitions (id, x_coordinate, y_coordinate, cave_place_id, raster_map_id, created_at) VALUES (4671, 1288, 4388, 2530, 317, 1775839978);
INSERT INTO cave_place_to_raster_map_definitions (id, x_coordinate, y_coordinate, cave_place_id, raster_map_id, created_at) VALUES (4672, 159, 2297, 2490, 317, 1775839978);
INSERT INTO cave_place_to_raster_map_definitions (id, x_coordinate, y_coordinate, cave_place_id, raster_map_id, created_at) VALUES (4673, 4663, 3828, 2473, 317, 1775839978);
INSERT INTO cave_place_to_raster_map_definitions (id, x_coordinate, y_coordinate, cave_place_id, raster_map_id, created_at) VALUES (4674, 1561, 3598, 2476, 317, 1775839978);
INSERT INTO cave_place_to_raster_map_definitions (id, x_coordinate, y_coordinate, cave_place_id, raster_map_id, created_at) VALUES (4675, 2894, 134, 2470, 317, 1775839978);
INSERT INTO cave_place_to_raster_map_definitions (id, x_coordinate, y_coordinate, cave_place_id, raster_map_id, created_at) VALUES (4676, 1106, 3519, 2511, 317, 1775839978);
INSERT INTO cave_place_to_raster_map_definitions (id, x_coordinate, y_coordinate, cave_place_id, raster_map_id, created_at) VALUES (4677, 343, 3881, 2508, 317, 1775839978);
INSERT INTO cave_place_to_raster_map_definitions (id, x_coordinate, y_coordinate, cave_place_id, raster_map_id, created_at) VALUES (4678, 1544, 941, 2491, 317, 1775839978);
INSERT INTO cave_place_to_raster_map_definitions (id, x_coordinate, y_coordinate, cave_place_id, raster_map_id, created_at) VALUES (4679, 491, 5922, 2494, 317, 1775839978);
INSERT INTO cave_place_to_raster_map_definitions (id, x_coordinate, y_coordinate, cave_place_id, raster_map_id, created_at) VALUES (4680, 5399, 316, 2504, 317, 1775839978);
INSERT INTO cave_place_to_raster_map_definitions (id, x_coordinate, y_coordinate, cave_place_id, raster_map_id, created_at) VALUES (4681, 3024, 2639, 2456, 317, 1775839978);
INSERT INTO cave_place_to_raster_map_definitions (id, x_coordinate, y_coordinate, cave_place_id, raster_map_id, created_at) VALUES (4682, 1073, 584, 2505, 317, 1775839978);
INSERT INTO cave_place_to_raster_map_definitions (id, x_coordinate, y_coordinate, cave_place_id, raster_map_id, created_at) VALUES (4683, 1221, 1666, 2497, 317, 1775839978);
INSERT INTO cave_place_to_raster_map_definitions (id, x_coordinate, y_coordinate, cave_place_id, raster_map_id, created_at) VALUES (4684, 5427, 3364, 2479, 317, 1775839978);
INSERT INTO raster_maps (id, title, map_type, file_name, cave_id, cave_area_id, created_at) VALUES (318, 'ps_profil_proiectat_ortogonal_est_vest_fundalalb.png [C14 #1] [C40 #2]', 'plane view', 'cave_1/raster_1771183787575.png', 40, NULL, 1775839978);
INSERT INTO cave_place_to_raster_map_definitions (id, x_coordinate, y_coordinate, cave_place_id, raster_map_id, created_at) VALUES (4685, 328, 2499, 2493, 318, 1775839978);
INSERT INTO cave_place_to_raster_map_definitions (id, x_coordinate, y_coordinate, cave_place_id, raster_map_id, created_at) VALUES (4686, 754, 4659, 2510, 318, 1775839978);
INSERT INTO cave_place_to_raster_map_definitions (id, x_coordinate, y_coordinate, cave_place_id, raster_map_id, created_at) VALUES (4687, 1961, 2192, 2518, 318, 1775839978);
INSERT INTO cave_place_to_raster_map_definitions (id, x_coordinate, y_coordinate, cave_place_id, raster_map_id, created_at) VALUES (4688, 5691, 2350, 2458, 318, 1775839978);
INSERT INTO cave_place_to_raster_map_definitions (id, x_coordinate, y_coordinate, cave_place_id, raster_map_id, created_at) VALUES (4689, 1800, 1004, 2503, 318, 1775839978);
INSERT INTO cave_place_to_raster_map_definitions (id, x_coordinate, y_coordinate, cave_place_id, raster_map_id, created_at) VALUES (4690, 1279, 289, 2499, 318, 1775839978);
INSERT INTO cave_place_to_raster_map_definitions (id, x_coordinate, y_coordinate, cave_place_id, raster_map_id, created_at) VALUES (4691, 933, 3726, 2473, 318, 1775839978);
INSERT INTO cave_place_to_raster_map_definitions (id, x_coordinate, y_coordinate, cave_place_id, raster_map_id, created_at) VALUES (4692, 5451, 5952, 2462, 318, 1775839978);
INSERT INTO cave_place_to_raster_map_definitions (id, x_coordinate, y_coordinate, cave_place_id, raster_map_id, created_at) VALUES (4693, 4821, 2185, 2456, 318, 1775839978);
INSERT INTO cave_place_to_raster_map_definitions (id, x_coordinate, y_coordinate, cave_place_id, raster_map_id, created_at) VALUES (4694, 1457, 5158, 2494, 318, 1775839978);
INSERT INTO cave_place_to_raster_map_definitions (id, x_coordinate, y_coordinate, cave_place_id, raster_map_id, created_at) VALUES (4695, 2063, 2120, 2477, 318, 1775839978);
INSERT INTO cave_place_to_raster_map_definitions (id, x_coordinate, y_coordinate, cave_place_id, raster_map_id, created_at) VALUES (4696, 2486, 905, 2485, 318, 1775839978);
INSERT INTO cave_place_to_raster_map_definitions (id, x_coordinate, y_coordinate, cave_place_id, raster_map_id, created_at) VALUES (4697, 3373, 3295, 2529, 318, 1775839978);
INSERT INTO cave_place_to_raster_map_definitions (id, x_coordinate, y_coordinate, cave_place_id, raster_map_id, created_at) VALUES (4698, 2881, 1574, 2496, 318, 1775839978);
INSERT INTO cave_place_to_raster_map_definitions (id, x_coordinate, y_coordinate, cave_place_id, raster_map_id, created_at) VALUES (4699, 3578, 2749, 2469, 318, 1775839978);
INSERT INTO cave_place_to_raster_map_definitions (id, x_coordinate, y_coordinate, cave_place_id, raster_map_id, created_at) VALUES (4700, 1578, 508, 2515, 318, 1775839978);
INSERT INTO cave_place_to_raster_map_definitions (id, x_coordinate, y_coordinate, cave_place_id, raster_map_id, created_at) VALUES (4701, 2903, 263, 2514, 318, 1775839978);
INSERT INTO cave_place_to_raster_map_definitions (id, x_coordinate, y_coordinate, cave_place_id, raster_map_id, created_at) VALUES (4702, 3227, 1199, 2482, 318, 1775839978);
INSERT INTO cave_place_to_raster_map_definitions (id, x_coordinate, y_coordinate, cave_place_id, raster_map_id, created_at) VALUES (4703, 2003, 2263, 2489, 318, 1775839978);
INSERT INTO cave_place_to_raster_map_definitions (id, x_coordinate, y_coordinate, cave_place_id, raster_map_id, created_at) VALUES (4704, 817, 5014, 2519, 318, 1775839978);
INSERT INTO cave_place_to_raster_map_definitions (id, x_coordinate, y_coordinate, cave_place_id, raster_map_id, created_at) VALUES (4705, 4771, 88, 2470, 318, 1775839978);
INSERT INTO cave_place_to_raster_map_definitions (id, x_coordinate, y_coordinate, cave_place_id, raster_map_id, created_at) VALUES (4706, 1043, 2665, 2484, 318, 1775839978);
INSERT INTO cave_place_to_raster_map_definitions (id, x_coordinate, y_coordinate, cave_place_id, raster_map_id, created_at) VALUES (4707, 5900, 1609, 2502, 318, 1775839978);
INSERT INTO cave_place_to_raster_map_definitions (id, x_coordinate, y_coordinate, cave_place_id, raster_map_id, created_at) VALUES (4708, 5763, 1519, 2495, 318, 1775839978);
INSERT INTO cave_place_to_raster_map_definitions (id, x_coordinate, y_coordinate, cave_place_id, raster_map_id, created_at) VALUES (4709, 26, 4498, 2528, 318, 1775839978);
INSERT INTO cave_place_to_raster_map_definitions (id, x_coordinate, y_coordinate, cave_place_id, raster_map_id, created_at) VALUES (4710, 5185, 5625, 2472, 318, 1775839978);
INSERT INTO cave_place_to_raster_map_definitions (id, x_coordinate, y_coordinate, cave_place_id, raster_map_id, created_at) VALUES (4711, 198, 3672, 2521, 318, 1775839978);
INSERT INTO cave_place_to_raster_map_definitions (id, x_coordinate, y_coordinate, cave_place_id, raster_map_id, created_at) VALUES (4712, 5449, 4639, 2483, 318, 1775839978);
INSERT INTO cave_place_to_raster_map_definitions (id, x_coordinate, y_coordinate, cave_place_id, raster_map_id, created_at) VALUES (4713, 4490, 1160, 2511, 318, 1775839978);
INSERT INTO raster_maps (id, title, map_type, file_name, cave_id, cave_area_id, created_at) VALUES (319, 'Ponorul Nou_curatat.jpg [C40 #3]', 'plane view', 'cave_2/raster_1771183787617.jpg', 40, 178, 1775839978);
INSERT INTO cave_place_to_raster_map_definitions (id, x_coordinate, y_coordinate, cave_place_id, raster_map_id, created_at) VALUES (4714, 3894, 4246, 2517, 319, 1775839978);
INSERT INTO cave_place_to_raster_map_definitions (id, x_coordinate, y_coordinate, cave_place_id, raster_map_id, created_at) VALUES (4715, 1769, 1636, 2448, 319, 1775839978);
INSERT INTO cave_place_to_raster_map_definitions (id, x_coordinate, y_coordinate, cave_place_id, raster_map_id, created_at) VALUES (4716, 3349, 990, 2528, 319, 1775839978);
INSERT INTO cave_place_to_raster_map_definitions (id, x_coordinate, y_coordinate, cave_place_id, raster_map_id, created_at) VALUES (4717, 198, 3385, 2486, 319, 1775839978);
INSERT INTO cave_place_to_raster_map_definitions (id, x_coordinate, y_coordinate, cave_place_id, raster_map_id, created_at) VALUES (4718, 5880, 5031, 2485, 319, 1775839978);
INSERT INTO cave_place_to_raster_map_definitions (id, x_coordinate, y_coordinate, cave_place_id, raster_map_id, created_at) VALUES (4719, 1543, 784, 2462, 319, 1775839978);
INSERT INTO cave_place_to_raster_map_definitions (id, x_coordinate, y_coordinate, cave_place_id, raster_map_id, created_at) VALUES (4720, 4003, 705, 2471, 319, 1775839978);
INSERT INTO cave_place_to_raster_map_definitions (id, x_coordinate, y_coordinate, cave_place_id, raster_map_id, created_at) VALUES (4721, 4771, 5704, 2487, 319, 1775839978);
INSERT INTO cave_place_to_raster_map_definitions (id, x_coordinate, y_coordinate, cave_place_id, raster_map_id, created_at) VALUES (4722, 1289, 1746, 2458, 319, 1775839978);
INSERT INTO cave_place_to_raster_map_definitions (id, x_coordinate, y_coordinate, cave_place_id, raster_map_id, created_at) VALUES (4723, 5956, 492, 2473, 319, 1775839978);
INSERT INTO cave_place_to_raster_map_definitions (id, x_coordinate, y_coordinate, cave_place_id, raster_map_id, created_at) VALUES (4724, 1218, 534, 2453, 319, 1775839978);
INSERT INTO cave_place_to_raster_map_definitions (id, x_coordinate, y_coordinate, cave_place_id, raster_map_id, created_at) VALUES (4725, 4739, 2620, 2479, 319, 1775839978);
INSERT INTO cave_place_to_raster_map_definitions (id, x_coordinate, y_coordinate, cave_place_id, raster_map_id, created_at) VALUES (4726, 190, 3691, 2451, 319, 1775839978);
INSERT INTO cave_place_to_raster_map_definitions (id, x_coordinate, y_coordinate, cave_place_id, raster_map_id, created_at) VALUES (4727, 4500, 5221, 2513, 319, 1775839978);
INSERT INTO cave_place_to_raster_map_definitions (id, x_coordinate, y_coordinate, cave_place_id, raster_map_id, created_at) VALUES (4728, 786, 1033, 2496, 319, 1775839978);
INSERT INTO cave_place_to_raster_map_definitions (id, x_coordinate, y_coordinate, cave_place_id, raster_map_id, created_at) VALUES (4729, 3903, 0, 2500, 319, 1775839978);
INSERT INTO cave_place_to_raster_map_definitions (id, x_coordinate, y_coordinate, cave_place_id, raster_map_id, created_at) VALUES (4730, 131, 2291, 2493, 319, 1775839978);
INSERT INTO cave_place_to_raster_map_definitions (id, x_coordinate, y_coordinate, cave_place_id, raster_map_id, created_at) VALUES (4731, 1540, 3605, 2491, 319, 1775839978);
INSERT INTO cave_place_to_raster_map_definitions (id, x_coordinate, y_coordinate, cave_place_id, raster_map_id, created_at) VALUES (4732, 3553, 3339, 2514, 319, 1775839978);
INSERT INTO cave_place_to_raster_map_definitions (id, x_coordinate, y_coordinate, cave_place_id, raster_map_id, created_at) VALUES (4733, 523, 5451, 2468, 319, 1775839978);
INSERT INTO cave_place_to_raster_map_definitions (id, x_coordinate, y_coordinate, cave_place_id, raster_map_id, created_at) VALUES (4734, 2971, 396, 2511, 319, 1775839978);
INSERT INTO cave_place_to_raster_map_definitions (id, x_coordinate, y_coordinate, cave_place_id, raster_map_id, created_at) VALUES (4735, 2730, 2954, 2503, 319, 1775839978);
INSERT INTO cave_place_to_raster_map_definitions (id, x_coordinate, y_coordinate, cave_place_id, raster_map_id, created_at) VALUES (4736, 3942, 4729, 2449, 319, 1775839978);
INSERT INTO cave_place_to_raster_map_definitions (id, x_coordinate, y_coordinate, cave_place_id, raster_map_id, created_at) VALUES (4737, 1359, 5119, 2495, 319, 1775839978);
INSERT INTO cave_place_to_raster_map_definitions (id, x_coordinate, y_coordinate, cave_place_id, raster_map_id, created_at) VALUES (4738, 3673, 5426, 2512, 319, 1775839978);
INSERT INTO cave_place_to_raster_map_definitions (id, x_coordinate, y_coordinate, cave_place_id, raster_map_id, created_at) VALUES (4739, 1866, 2693, 2477, 319, 1775839978);
INSERT INTO cave_place_to_raster_map_definitions (id, x_coordinate, y_coordinate, cave_place_id, raster_map_id, created_at) VALUES (4740, 3959, 2711, 2459, 319, 1775839978);
INSERT INTO raster_maps (id, title, map_type, file_name, cave_id, cave_area_id, created_at) VALUES (320, 'cerna_ps_pn_pdp_plan_en_articol.jpg [C40 #4]', 'plane view', 'cave_1/raster_1771183787584.jpg', 40, 177, 1775839978);
INSERT INTO cave_place_to_raster_map_definitions (id, x_coordinate, y_coordinate, cave_place_id, raster_map_id, created_at) VALUES (4741, 2563, 3744, 2512, 320, 1775839978);
INSERT INTO cave_place_to_raster_map_definitions (id, x_coordinate, y_coordinate, cave_place_id, raster_map_id, created_at) VALUES (4742, 548, 1594, 2464, 320, 1775839978);
INSERT INTO cave_place_to_raster_map_definitions (id, x_coordinate, y_coordinate, cave_place_id, raster_map_id, created_at) VALUES (4743, 1734, 2902, 2457, 320, 1775839978);
INSERT INTO cave_place_to_raster_map_definitions (id, x_coordinate, y_coordinate, cave_place_id, raster_map_id, created_at) VALUES (4744, 80, 703, 2474, 320, 1775839978);
INSERT INTO cave_place_to_raster_map_definitions (id, x_coordinate, y_coordinate, cave_place_id, raster_map_id, created_at) VALUES (4745, 844, 5131, 2479, 320, 1775839978);
INSERT INTO cave_place_to_raster_map_definitions (id, x_coordinate, y_coordinate, cave_place_id, raster_map_id, created_at) VALUES (4746, 3048, 3517, 2524, 320, 1775839978);
INSERT INTO cave_place_to_raster_map_definitions (id, x_coordinate, y_coordinate, cave_place_id, raster_map_id, created_at) VALUES (4747, 4498, 930, 2458, 320, 1775839978);
INSERT INTO cave_place_to_raster_map_definitions (id, x_coordinate, y_coordinate, cave_place_id, raster_map_id, created_at) VALUES (4748, 946, 213, 2482, 320, 1775839978);
INSERT INTO cave_place_to_raster_map_definitions (id, x_coordinate, y_coordinate, cave_place_id, raster_map_id, created_at) VALUES (4749, 4645, 3552, 2520, 320, 1775839978);
INSERT INTO raster_maps (id, title, map_type, file_name, cave_id, cave_area_id, created_at) VALUES (321, 'ps_plan_1_distanta_avenul_din_drum.jpg [C57 #1] [C40 #5]', 'plane view', 'cave_1/raster_1771183787566.jpg', 40, NULL, 1775839978);
INSERT INTO cave_place_to_raster_map_definitions (id, x_coordinate, y_coordinate, cave_place_id, raster_map_id, created_at) VALUES (4750, 1721, 4870, 2473, 321, 1775839978);
INSERT INTO cave_place_to_raster_map_definitions (id, x_coordinate, y_coordinate, cave_place_id, raster_map_id, created_at) VALUES (4751, 4776, 5506, 2470, 321, 1775839978);
INSERT INTO cave_place_to_raster_map_definitions (id, x_coordinate, y_coordinate, cave_place_id, raster_map_id, created_at) VALUES (4752, 997, 5962, 2464, 321, 1775839978);
INSERT INTO cave_place_to_raster_map_definitions (id, x_coordinate, y_coordinate, cave_place_id, raster_map_id, created_at) VALUES (4753, 2618, 556, 2477, 321, 1775839978);
INSERT INTO cave_place_to_raster_map_definitions (id, x_coordinate, y_coordinate, cave_place_id, raster_map_id, created_at) VALUES (4754, 3906, 1159, 2475, 321, 1775839978);
INSERT INTO cave_place_to_raster_map_definitions (id, x_coordinate, y_coordinate, cave_place_id, raster_map_id, created_at) VALUES (4755, 3673, 5543, 2496, 321, 1775839978);
INSERT INTO cave_place_to_raster_map_definitions (id, x_coordinate, y_coordinate, cave_place_id, raster_map_id, created_at) VALUES (4756, 915, 2406, 2483, 321, 1775839978);
INSERT INTO cave_place_to_raster_map_definitions (id, x_coordinate, y_coordinate, cave_place_id, raster_map_id, created_at) VALUES (4757, 2359, 891, 2511, 321, 1775839978);
INSERT INTO cave_place_to_raster_map_definitions (id, x_coordinate, y_coordinate, cave_place_id, raster_map_id, created_at) VALUES (4758, 2066, 5004, 2497, 321, 1775839978);
INSERT INTO cave_place_to_raster_map_definitions (id, x_coordinate, y_coordinate, cave_place_id, raster_map_id, created_at) VALUES (4759, 3161, 748, 2466, 321, 1775839978);
INSERT INTO cave_place_to_raster_map_definitions (id, x_coordinate, y_coordinate, cave_place_id, raster_map_id, created_at) VALUES (4760, 3093, 2373, 2505, 321, 1775839978);
INSERT INTO cave_place_to_raster_map_definitions (id, x_coordinate, y_coordinate, cave_place_id, raster_map_id, created_at) VALUES (4761, 3758, 2442, 2476, 321, 1775839978);
INSERT INTO cave_place_to_raster_map_definitions (id, x_coordinate, y_coordinate, cave_place_id, raster_map_id, created_at) VALUES (4762, 1109, 5808, 2519, 321, 1775839978);
INSERT INTO cave_place_to_raster_map_definitions (id, x_coordinate, y_coordinate, cave_place_id, raster_map_id, created_at) VALUES (4763, 4011, 491, 2462, 321, 1775839978);
INSERT INTO cave_place_to_raster_map_definitions (id, x_coordinate, y_coordinate, cave_place_id, raster_map_id, created_at) VALUES (4764, 3008, 720, 2488, 321, 1775839978);
INSERT INTO cave_place_to_raster_map_definitions (id, x_coordinate, y_coordinate, cave_place_id, raster_map_id, created_at) VALUES (4765, 2797, 3966, 2522, 321, 1775839978);
INSERT INTO cave_place_to_raster_map_definitions (id, x_coordinate, y_coordinate, cave_place_id, raster_map_id, created_at) VALUES (4766, 5171, 2776, 2454, 321, 1775839978);
INSERT INTO cave_place_to_raster_map_definitions (id, x_coordinate, y_coordinate, cave_place_id, raster_map_id, created_at) VALUES (4767, 5419, 5898, 2459, 321, 1775839978);
INSERT INTO cave_place_to_raster_map_definitions (id, x_coordinate, y_coordinate, cave_place_id, raster_map_id, created_at) VALUES (4768, 3251, 2178, 2491, 321, 1775839978);
INSERT INTO cave_place_to_raster_map_definitions (id, x_coordinate, y_coordinate, cave_place_id, raster_map_id, created_at) VALUES (4769, 5471, 1971, 2529, 321, 1775839978);
INSERT INTO cave_place_to_raster_map_definitions (id, x_coordinate, y_coordinate, cave_place_id, raster_map_id, created_at) VALUES (4770, 4049, 1248, 2528, 321, 1775839978);
INSERT INTO cave_place_to_raster_map_definitions (id, x_coordinate, y_coordinate, cave_place_id, raster_map_id, created_at) VALUES (4771, 576, 4210, 2498, 321, 1775839978);
INSERT INTO cave_place_to_raster_map_definitions (id, x_coordinate, y_coordinate, cave_place_id, raster_map_id, created_at) VALUES (4772, 2403, 3510, 2518, 321, 1775839978);
INSERT INTO cave_place_to_raster_map_definitions (id, x_coordinate, y_coordinate, cave_place_id, raster_map_id, created_at) VALUES (4773, 2960, 1179, 2448, 321, 1775839978);
INSERT INTO cave_place_to_raster_map_definitions (id, x_coordinate, y_coordinate, cave_place_id, raster_map_id, created_at) VALUES (4774, 1915, 5887, 2500, 321, 1775839978);
INSERT INTO cave_place_to_raster_map_definitions (id, x_coordinate, y_coordinate, cave_place_id, raster_map_id, created_at) VALUES (4775, 4739, 3869, 2469, 321, 1775839978);
INSERT INTO cave_place_to_raster_map_definitions (id, x_coordinate, y_coordinate, cave_place_id, raster_map_id, created_at) VALUES (4776, 1488, 1478, 2495, 321, 1775839978);
INSERT INTO cave_place_to_raster_map_definitions (id, x_coordinate, y_coordinate, cave_place_id, raster_map_id, created_at) VALUES (4777, 20, 3753, 2510, 321, 1775839978);
INSERT INTO cave_place_to_raster_map_definitions (id, x_coordinate, y_coordinate, cave_place_id, raster_map_id, created_at) VALUES (4778, 5, 538, 2457, 321, 1775839978);
INSERT INTO raster_maps (id, title, map_type, file_name, cave_id, cave_area_id, created_at) VALUES (322, 'geo_art_tirla_ps__harta_profil.png [C54 #1] [C41 #1]', 'plane view', 'cave_1/raster_1771183787593.png', 41, NULL, 1775839978);
INSERT INTO cave_place_to_raster_map_definitions (id, x_coordinate, y_coordinate, cave_place_id, raster_map_id, created_at) VALUES (4779, 2560, 307, 2555, 322, 1775839978);
INSERT INTO cave_place_to_raster_map_definitions (id, x_coordinate, y_coordinate, cave_place_id, raster_map_id, created_at) VALUES (4780, 941, 5191, 2563, 322, 1775839978);
INSERT INTO cave_place_to_raster_map_definitions (id, x_coordinate, y_coordinate, cave_place_id, raster_map_id, created_at) VALUES (4781, 2214, 5397, 2542, 322, 1775839978);
INSERT INTO cave_place_to_raster_map_definitions (id, x_coordinate, y_coordinate, cave_place_id, raster_map_id, created_at) VALUES (4782, 2986, 4558, 2546, 322, 1775839978);
INSERT INTO cave_place_to_raster_map_definitions (id, x_coordinate, y_coordinate, cave_place_id, raster_map_id, created_at) VALUES (4783, 5279, 1835, 2557, 322, 1775839978);
INSERT INTO cave_place_to_raster_map_definitions (id, x_coordinate, y_coordinate, cave_place_id, raster_map_id, created_at) VALUES (4784, 887, 5907, 2541, 322, 1775839978);
INSERT INTO cave_place_to_raster_map_definitions (id, x_coordinate, y_coordinate, cave_place_id, raster_map_id, created_at) VALUES (4785, 195, 1643, 2571, 322, 1775839978);
INSERT INTO cave_place_to_raster_map_definitions (id, x_coordinate, y_coordinate, cave_place_id, raster_map_id, created_at) VALUES (4786, 4086, 1420, 2547, 322, 1775839978);
INSERT INTO cave_place_to_raster_map_definitions (id, x_coordinate, y_coordinate, cave_place_id, raster_map_id, created_at) VALUES (4787, 2510, 5450, 2551, 322, 1775839978);
INSERT INTO cave_place_to_raster_map_definitions (id, x_coordinate, y_coordinate, cave_place_id, raster_map_id, created_at) VALUES (4788, 3654, 1157, 2548, 322, 1775839978);
INSERT INTO cave_place_to_raster_map_definitions (id, x_coordinate, y_coordinate, cave_place_id, raster_map_id, created_at) VALUES (4789, 2637, 5601, 2569, 322, 1775839978);
INSERT INTO cave_place_to_raster_map_definitions (id, x_coordinate, y_coordinate, cave_place_id, raster_map_id, created_at) VALUES (4790, 5057, 4730, 2532, 322, 1775839978);
INSERT INTO cave_place_to_raster_map_definitions (id, x_coordinate, y_coordinate, cave_place_id, raster_map_id, created_at) VALUES (4791, 5064, 2031, 2543, 322, 1775839978);
INSERT INTO cave_place_to_raster_map_definitions (id, x_coordinate, y_coordinate, cave_place_id, raster_map_id, created_at) VALUES (4792, 789, 2241, 2565, 322, 1775839978);
INSERT INTO cave_place_to_raster_map_definitions (id, x_coordinate, y_coordinate, cave_place_id, raster_map_id, created_at) VALUES (4793, 2395, 5556, 2561, 322, 1775839978);
INSERT INTO cave_place_to_raster_map_definitions (id, x_coordinate, y_coordinate, cave_place_id, raster_map_id, created_at) VALUES (4794, 1375, 5048, 2556, 322, 1775839978);
INSERT INTO cave_place_to_raster_map_definitions (id, x_coordinate, y_coordinate, cave_place_id, raster_map_id, created_at) VALUES (4795, 4788, 2232, 2533, 322, 1775839978);
INSERT INTO cave_place_to_raster_map_definitions (id, x_coordinate, y_coordinate, cave_place_id, raster_map_id, created_at) VALUES (4796, 4483, 2136, 2537, 322, 1775839978);
INSERT INTO cave_place_to_raster_map_definitions (id, x_coordinate, y_coordinate, cave_place_id, raster_map_id, created_at) VALUES (4797, 350, 1722, 2566, 322, 1775839978);
INSERT INTO cave_place_to_raster_map_definitions (id, x_coordinate, y_coordinate, cave_place_id, raster_map_id, created_at) VALUES (4798, 3349, 14, 2553, 322, 1775839978);
INSERT INTO raster_maps (id, title, map_type, file_name, cave_id, cave_area_id, created_at) VALUES (323, 'ps_profil_proiectat_ortogonal_est_vest_fundalalb.png [C30 #2] [C41 #2]', 'plane view', 'cave_1/raster_1771183787575.png', 41, NULL, 1775839978);
INSERT INTO cave_place_to_raster_map_definitions (id, x_coordinate, y_coordinate, cave_place_id, raster_map_id, created_at) VALUES (4799, 1952, 2834, 2545, 323, 1775839978);
INSERT INTO cave_place_to_raster_map_definitions (id, x_coordinate, y_coordinate, cave_place_id, raster_map_id, created_at) VALUES (4800, 5825, 5459, 2565, 323, 1775839978);
INSERT INTO cave_place_to_raster_map_definitions (id, x_coordinate, y_coordinate, cave_place_id, raster_map_id, created_at) VALUES (4801, 1125, 2057, 2568, 323, 1775839978);
INSERT INTO cave_place_to_raster_map_definitions (id, x_coordinate, y_coordinate, cave_place_id, raster_map_id, created_at) VALUES (4802, 137, 3557, 2534, 323, 1775839978);
INSERT INTO cave_place_to_raster_map_definitions (id, x_coordinate, y_coordinate, cave_place_id, raster_map_id, created_at) VALUES (4803, 1611, 4905, 2561, 323, 1775839978);
INSERT INTO cave_place_to_raster_map_definitions (id, x_coordinate, y_coordinate, cave_place_id, raster_map_id, created_at) VALUES (4804, 4661, 1131, 2541, 323, 1775839978);
INSERT INTO raster_maps (id, title, map_type, file_name, cave_id, cave_area_id, created_at) VALUES (324, 'Ponorul Nou_curatat.jpg [C15 #5] [C42 #1]', 'plane view', 'cave_2/raster_1771183787617.jpg', 42, 189, 1775839978);
INSERT INTO cave_place_to_raster_map_definitions (id, x_coordinate, y_coordinate, cave_place_id, raster_map_id, created_at) VALUES (4805, 4762, 1408, 2610, 324, 1775839978);
INSERT INTO cave_place_to_raster_map_definitions (id, x_coordinate, y_coordinate, cave_place_id, raster_map_id, created_at) VALUES (4806, 4220, 3295, 2612, 324, 1775839978);
INSERT INTO cave_place_to_raster_map_definitions (id, x_coordinate, y_coordinate, cave_place_id, raster_map_id, created_at) VALUES (4807, 2854, 1441, 2574, 324, 1775839978);
INSERT INTO cave_place_to_raster_map_definitions (id, x_coordinate, y_coordinate, cave_place_id, raster_map_id, created_at) VALUES (4808, 1155, 4058, 2598, 324, 1775839978);
INSERT INTO cave_place_to_raster_map_definitions (id, x_coordinate, y_coordinate, cave_place_id, raster_map_id, created_at) VALUES (4809, 5097, 5806, 2573, 324, 1775839978);
INSERT INTO cave_place_to_raster_map_definitions (id, x_coordinate, y_coordinate, cave_place_id, raster_map_id, created_at) VALUES (4810, 4179, 4438, 2609, 324, 1775839978);
INSERT INTO cave_place_to_raster_map_definitions (id, x_coordinate, y_coordinate, cave_place_id, raster_map_id, created_at) VALUES (4811, 413, 2940, 2606, 324, 1775839978);
INSERT INTO cave_place_to_raster_map_definitions (id, x_coordinate, y_coordinate, cave_place_id, raster_map_id, created_at) VALUES (4812, 4286, 2902, 2587, 324, 1775839978);
INSERT INTO cave_place_to_raster_map_definitions (id, x_coordinate, y_coordinate, cave_place_id, raster_map_id, created_at) VALUES (4813, 3010, 135, 2576, 324, 1775839978);
INSERT INTO cave_place_to_raster_map_definitions (id, x_coordinate, y_coordinate, cave_place_id, raster_map_id, created_at) VALUES (4814, 2434, 755, 2578, 324, 1775839978);
INSERT INTO cave_place_to_raster_map_definitions (id, x_coordinate, y_coordinate, cave_place_id, raster_map_id, created_at) VALUES (4815, 5547, 5960, 2581, 324, 1775839978);
INSERT INTO cave_place_to_raster_map_definitions (id, x_coordinate, y_coordinate, cave_place_id, raster_map_id, created_at) VALUES (4816, 2960, 4489, 2615, 324, 1775839978);
INSERT INTO cave_place_to_raster_map_definitions (id, x_coordinate, y_coordinate, cave_place_id, raster_map_id, created_at) VALUES (4817, 1193, 411, 2607, 324, 1775839978);
INSERT INTO cave_place_to_raster_map_definitions (id, x_coordinate, y_coordinate, cave_place_id, raster_map_id, created_at) VALUES (4818, 4381, 4507, 2577, 324, 1775839978);
INSERT INTO cave_place_to_raster_map_definitions (id, x_coordinate, y_coordinate, cave_place_id, raster_map_id, created_at) VALUES (4819, 2422, 2901, 2592, 324, 1775839978);
INSERT INTO cave_place_to_raster_map_definitions (id, x_coordinate, y_coordinate, cave_place_id, raster_map_id, created_at) VALUES (4820, 5543, 1472, 2613, 324, 1775839978);
INSERT INTO cave_place_to_raster_map_definitions (id, x_coordinate, y_coordinate, cave_place_id, raster_map_id, created_at) VALUES (4821, 4186, 2474, 2593, 324, 1775839978);
INSERT INTO cave_place_to_raster_map_definitions (id, x_coordinate, y_coordinate, cave_place_id, raster_map_id, created_at) VALUES (4822, 706, 1276, 2595, 324, 1775839978);
INSERT INTO cave_place_to_raster_map_definitions (id, x_coordinate, y_coordinate, cave_place_id, raster_map_id, created_at) VALUES (4823, 5730, 202, 2611, 324, 1775839978);
INSERT INTO cave_place_to_raster_map_definitions (id, x_coordinate, y_coordinate, cave_place_id, raster_map_id, created_at) VALUES (4824, 312, 2848, 2602, 324, 1775839978);
INSERT INTO raster_maps (id, title, map_type, file_name, cave_id, cave_area_id, created_at) VALUES (325, 'Ponorul Nou - zona intrare.jpg [C42 #3] [C42 #2]', 'plane view', 'cave_2/raster_1771183787599.jpg', 42, NULL, 1775839978);
INSERT INTO cave_place_to_raster_map_definitions (id, x_coordinate, y_coordinate, cave_place_id, raster_map_id, created_at) VALUES (4825, 4383, 3900, 2578, 325, 1775839978);
INSERT INTO cave_place_to_raster_map_definitions (id, x_coordinate, y_coordinate, cave_place_id, raster_map_id, created_at) VALUES (4826, 2948, 2008, 2575, 325, 1775839978);
INSERT INTO cave_place_to_raster_map_definitions (id, x_coordinate, y_coordinate, cave_place_id, raster_map_id, created_at) VALUES (4827, 4779, 4465, 2583, 325, 1775839978);
INSERT INTO cave_place_to_raster_map_definitions (id, x_coordinate, y_coordinate, cave_place_id, raster_map_id, created_at) VALUES (4828, 624, 1192, 2597, 325, 1775839978);
INSERT INTO cave_place_to_raster_map_definitions (id, x_coordinate, y_coordinate, cave_place_id, raster_map_id, created_at) VALUES (4829, 4800, 1865, 2592, 325, 1775839978);
INSERT INTO cave_place_to_raster_map_definitions (id, x_coordinate, y_coordinate, cave_place_id, raster_map_id, created_at) VALUES (4830, 767, 3700, 2584, 325, 1775839978);
INSERT INTO cave_place_to_raster_map_definitions (id, x_coordinate, y_coordinate, cave_place_id, raster_map_id, created_at) VALUES (4831, 4126, 4485, 2610, 325, 1775839978);
INSERT INTO cave_place_to_raster_map_definitions (id, x_coordinate, y_coordinate, cave_place_id, raster_map_id, created_at) VALUES (4832, 1643, 221, 2588, 325, 1775839978);
INSERT INTO cave_place_to_raster_map_definitions (id, x_coordinate, y_coordinate, cave_place_id, raster_map_id, created_at) VALUES (4833, 197, 2063, 2594, 325, 1775839978);
INSERT INTO cave_place_to_raster_map_definitions (id, x_coordinate, y_coordinate, cave_place_id, raster_map_id, created_at) VALUES (4834, 2613, 5474, 2613, 325, 1775839978);
INSERT INTO cave_place_to_raster_map_definitions (id, x_coordinate, y_coordinate, cave_place_id, raster_map_id, created_at) VALUES (4835, 1030, 2500, 2587, 325, 1775839978);
INSERT INTO cave_place_to_raster_map_definitions (id, x_coordinate, y_coordinate, cave_place_id, raster_map_id, created_at) VALUES (4836, 3965, 5446, 2616, 325, 1775839978);
INSERT INTO cave_place_to_raster_map_definitions (id, x_coordinate, y_coordinate, cave_place_id, raster_map_id, created_at) VALUES (4837, 5706, 439, 2602, 325, 1775839978);
INSERT INTO cave_place_to_raster_map_definitions (id, x_coordinate, y_coordinate, cave_place_id, raster_map_id, created_at) VALUES (4838, 1384, 3478, 2593, 325, 1775839978);
INSERT INTO cave_place_to_raster_map_definitions (id, x_coordinate, y_coordinate, cave_place_id, raster_map_id, created_at) VALUES (4839, 2819, 5564, 2598, 325, 1775839978);
INSERT INTO cave_place_to_raster_map_definitions (id, x_coordinate, y_coordinate, cave_place_id, raster_map_id, created_at) VALUES (4840, 2025, 4060, 2589, 325, 1775839978);
INSERT INTO cave_place_to_raster_map_definitions (id, x_coordinate, y_coordinate, cave_place_id, raster_map_id, created_at) VALUES (4841, 1630, 5055, 2612, 325, 1775839978);
INSERT INTO cave_place_to_raster_map_definitions (id, x_coordinate, y_coordinate, cave_place_id, raster_map_id, created_at) VALUES (4842, 1122, 1023, 2585, 325, 1775839978);
INSERT INTO cave_place_to_raster_map_definitions (id, x_coordinate, y_coordinate, cave_place_id, raster_map_id, created_at) VALUES (4843, 3800, 3452, 2606, 325, 1775839978);
INSERT INTO cave_place_to_raster_map_definitions (id, x_coordinate, y_coordinate, cave_place_id, raster_map_id, created_at) VALUES (4844, 4551, 3986, 2586, 325, 1775839978);
INSERT INTO cave_place_to_raster_map_definitions (id, x_coordinate, y_coordinate, cave_place_id, raster_map_id, created_at) VALUES (4845, 4873, 4882, 2595, 325, 1775839978);
INSERT INTO cave_place_to_raster_map_definitions (id, x_coordinate, y_coordinate, cave_place_id, raster_map_id, created_at) VALUES (4846, 850, 853, 2579, 325, 1775839978);
INSERT INTO cave_place_to_raster_map_definitions (id, x_coordinate, y_coordinate, cave_place_id, raster_map_id, created_at) VALUES (4847, 3291, 5535, 2591, 325, 1775839978);
INSERT INTO raster_maps (id, title, map_type, file_name, cave_id, cave_area_id, created_at) VALUES (326, 'Ponorul Nou_curatat.jpg [C17 #3] [C42 #3]', 'plane view', 'cave_2/raster_1771183787617.jpg', 42, NULL, 1775839978);
INSERT INTO cave_place_to_raster_map_definitions (id, x_coordinate, y_coordinate, cave_place_id, raster_map_id, created_at) VALUES (4848, 5272, 343, 2578, 326, 1775839978);
INSERT INTO cave_place_to_raster_map_definitions (id, x_coordinate, y_coordinate, cave_place_id, raster_map_id, created_at) VALUES (4849, 1010, 5670, 2614, 326, 1775839978);
INSERT INTO cave_place_to_raster_map_definitions (id, x_coordinate, y_coordinate, cave_place_id, raster_map_id, created_at) VALUES (4850, 829, 1168, 2615, 326, 1775839978);
INSERT INTO cave_place_to_raster_map_definitions (id, x_coordinate, y_coordinate, cave_place_id, raster_map_id, created_at) VALUES (4851, 3194, 3742, 2611, 326, 1775839978);
INSERT INTO cave_place_to_raster_map_definitions (id, x_coordinate, y_coordinate, cave_place_id, raster_map_id, created_at) VALUES (4852, 1982, 2089, 2610, 326, 1775839978);
INSERT INTO cave_place_to_raster_map_definitions (id, x_coordinate, y_coordinate, cave_place_id, raster_map_id, created_at) VALUES (4853, 2657, 1750, 2603, 326, 1775839978);
INSERT INTO raster_maps (id, title, map_type, file_name, cave_id, cave_area_id, created_at) VALUES (327, 'Ponorul Nou - zona intrare_nordata.jpg [C22 #4] [C42 #4]', 'plane view', 'cave_2/raster_1771183787610.jpg', 42, 194, 1775839978);
INSERT INTO cave_place_to_raster_map_definitions (id, x_coordinate, y_coordinate, cave_place_id, raster_map_id, created_at) VALUES (4854, 1750, 1061, 2600, 327, 1775839978);
INSERT INTO cave_place_to_raster_map_definitions (id, x_coordinate, y_coordinate, cave_place_id, raster_map_id, created_at) VALUES (4855, 3251, 4372, 2599, 327, 1775839978);
INSERT INTO cave_place_to_raster_map_definitions (id, x_coordinate, y_coordinate, cave_place_id, raster_map_id, created_at) VALUES (4856, 5900, 1290, 2585, 327, 1775839978);
INSERT INTO cave_place_to_raster_map_definitions (id, x_coordinate, y_coordinate, cave_place_id, raster_map_id, created_at) VALUES (4857, 1352, 58, 2579, 327, 1775839978);
INSERT INTO cave_place_to_raster_map_definitions (id, x_coordinate, y_coordinate, cave_place_id, raster_map_id, created_at) VALUES (4858, 2329, 3284, 2578, 327, 1775839978);
INSERT INTO cave_place_to_raster_map_definitions (id, x_coordinate, y_coordinate, cave_place_id, raster_map_id, created_at) VALUES (4859, 2722, 4605, 2607, 327, 1775839978);
INSERT INTO cave_place_to_raster_map_definitions (id, x_coordinate, y_coordinate, cave_place_id, raster_map_id, created_at) VALUES (4860, 4368, 5137, 2584, 327, 1775839978);
INSERT INTO cave_place_to_raster_map_definitions (id, x_coordinate, y_coordinate, cave_place_id, raster_map_id, created_at) VALUES (4861, 3741, 3616, 2606, 327, 1775839978);
INSERT INTO cave_place_to_raster_map_definitions (id, x_coordinate, y_coordinate, cave_place_id, raster_map_id, created_at) VALUES (4862, 5598, 3202, 2593, 327, 1775839978);
INSERT INTO raster_maps (id, title, map_type, file_name, cave_id, cave_area_id, created_at) VALUES (328, 'ps_plan_1_distanta_avenul_din_drum.jpg [C8 #3] [C42 #5]', 'plane view', 'cave_1/raster_1771183787566.jpg', 42, NULL, 1775839978);
INSERT INTO cave_place_to_raster_map_definitions (id, x_coordinate, y_coordinate, cave_place_id, raster_map_id, created_at) VALUES (4863, 4707, 2439, 2588, 328, 1775839978);
INSERT INTO raster_maps (id, title, map_type, file_name, cave_id, cave_area_id, created_at) VALUES (329, 'ps_profil_proiectat_ortogonal_est_vest_fundalalb.png [C43 #1]', 'plane view', 'cave_1/raster_1771183787575.png', 43, NULL, 1775839978);
INSERT INTO cave_place_to_raster_map_definitions (id, x_coordinate, y_coordinate, cave_place_id, raster_map_id, created_at) VALUES (4864, 3732, 5836, 2686, 329, 1775839978);
INSERT INTO cave_place_to_raster_map_definitions (id, x_coordinate, y_coordinate, cave_place_id, raster_map_id, created_at) VALUES (4865, 1992, 1436, 2628, 329, 1775839978);
INSERT INTO cave_place_to_raster_map_definitions (id, x_coordinate, y_coordinate, cave_place_id, raster_map_id, created_at) VALUES (4866, 2875, 2703, 2633, 329, 1775839978);
INSERT INTO cave_place_to_raster_map_definitions (id, x_coordinate, y_coordinate, cave_place_id, raster_map_id, created_at) VALUES (4867, 5530, 632, 2653, 329, 1775839978);
INSERT INTO cave_place_to_raster_map_definitions (id, x_coordinate, y_coordinate, cave_place_id, raster_map_id, created_at) VALUES (4868, 3062, 51, 2623, 329, 1775839978);
INSERT INTO cave_place_to_raster_map_definitions (id, x_coordinate, y_coordinate, cave_place_id, raster_map_id, created_at) VALUES (4869, 1485, 1136, 2677, 329, 1775839978);
INSERT INTO cave_place_to_raster_map_definitions (id, x_coordinate, y_coordinate, cave_place_id, raster_map_id, created_at) VALUES (4870, 4625, 3797, 2635, 329, 1775839978);
INSERT INTO cave_place_to_raster_map_definitions (id, x_coordinate, y_coordinate, cave_place_id, raster_map_id, created_at) VALUES (4871, 3244, 1551, 2636, 329, 1775839978);
INSERT INTO cave_place_to_raster_map_definitions (id, x_coordinate, y_coordinate, cave_place_id, raster_map_id, created_at) VALUES (4872, 4958, 3838, 2627, 329, 1775839978);
INSERT INTO cave_place_to_raster_map_definitions (id, x_coordinate, y_coordinate, cave_place_id, raster_map_id, created_at) VALUES (4873, 2725, 92, 2678, 329, 1775839978);
INSERT INTO cave_place_to_raster_map_definitions (id, x_coordinate, y_coordinate, cave_place_id, raster_map_id, created_at) VALUES (4874, 2304, 1789, 2624, 329, 1775839978);
INSERT INTO cave_place_to_raster_map_definitions (id, x_coordinate, y_coordinate, cave_place_id, raster_map_id, created_at) VALUES (4875, 2885, 916, 2620, 329, 1775839978);
INSERT INTO cave_place_to_raster_map_definitions (id, x_coordinate, y_coordinate, cave_place_id, raster_map_id, created_at) VALUES (4876, 5848, 82, 2626, 329, 1775839978);
INSERT INTO cave_place_to_raster_map_definitions (id, x_coordinate, y_coordinate, cave_place_id, raster_map_id, created_at) VALUES (4877, 3244, 726, 2673, 329, 1775839978);
INSERT INTO cave_place_to_raster_map_definitions (id, x_coordinate, y_coordinate, cave_place_id, raster_map_id, created_at) VALUES (4878, 4840, 5420, 2666, 329, 1775839978);
INSERT INTO cave_place_to_raster_map_definitions (id, x_coordinate, y_coordinate, cave_place_id, raster_map_id, created_at) VALUES (4879, 4701, 1431, 2659, 329, 1775839978);
INSERT INTO cave_place_to_raster_map_definitions (id, x_coordinate, y_coordinate, cave_place_id, raster_map_id, created_at) VALUES (4880, 4100, 4881, 2656, 329, 1775839978);
INSERT INTO cave_place_to_raster_map_definitions (id, x_coordinate, y_coordinate, cave_place_id, raster_map_id, created_at) VALUES (4881, 2927, 2012, 2672, 329, 1775839978);
INSERT INTO cave_place_to_raster_map_definitions (id, x_coordinate, y_coordinate, cave_place_id, raster_map_id, created_at) VALUES (4882, 909, 4015, 2660, 329, 1775839978);
INSERT INTO cave_place_to_raster_map_definitions (id, x_coordinate, y_coordinate, cave_place_id, raster_map_id, created_at) VALUES (4883, 4663, 3544, 2649, 329, 1775839978);
INSERT INTO cave_place_to_raster_map_definitions (id, x_coordinate, y_coordinate, cave_place_id, raster_map_id, created_at) VALUES (4884, 1211, 2491, 2668, 329, 1775839978);
INSERT INTO cave_place_to_raster_map_definitions (id, x_coordinate, y_coordinate, cave_place_id, raster_map_id, created_at) VALUES (4885, 4005, 2234, 2684, 329, 1775839978);
INSERT INTO cave_place_to_raster_map_definitions (id, x_coordinate, y_coordinate, cave_place_id, raster_map_id, created_at) VALUES (4886, 3460, 4277, 2669, 329, 1775839978);
INSERT INTO cave_place_to_raster_map_definitions (id, x_coordinate, y_coordinate, cave_place_id, raster_map_id, created_at) VALUES (4887, 3597, 3232, 2650, 329, 1775839978);
INSERT INTO cave_place_to_raster_map_definitions (id, x_coordinate, y_coordinate, cave_place_id, raster_map_id, created_at) VALUES (4888, 4805, 3072, 2647, 329, 1775839978);
INSERT INTO cave_place_to_raster_map_definitions (id, x_coordinate, y_coordinate, cave_place_id, raster_map_id, created_at) VALUES (4889, 1798, 635, 2644, 329, 1775839978);
INSERT INTO cave_place_to_raster_map_definitions (id, x_coordinate, y_coordinate, cave_place_id, raster_map_id, created_at) VALUES (4890, 2988, 3163, 2642, 329, 1775839978);
INSERT INTO raster_maps (id, title, map_type, file_name, cave_id, cave_area_id, created_at) VALUES (330, 'Ponorul Nou_curatat.jpg [C56 #1] [C44 #1]', 'plane view', 'cave_2/raster_1771183787617.jpg', 44, 201, 1775839978);
INSERT INTO cave_place_to_raster_map_definitions (id, x_coordinate, y_coordinate, cave_place_id, raster_map_id, created_at) VALUES (4891, 1371, 3337, 2719, 330, 1775839978);
INSERT INTO cave_place_to_raster_map_definitions (id, x_coordinate, y_coordinate, cave_place_id, raster_map_id, created_at) VALUES (4892, 5534, 4630, 2736, 330, 1775839978);
INSERT INTO cave_place_to_raster_map_definitions (id, x_coordinate, y_coordinate, cave_place_id, raster_map_id, created_at) VALUES (4893, 964, 671, 2712, 330, 1775839978);
INSERT INTO cave_place_to_raster_map_definitions (id, x_coordinate, y_coordinate, cave_place_id, raster_map_id, created_at) VALUES (4894, 498, 2631, 2701, 330, 1775839978);
INSERT INTO cave_place_to_raster_map_definitions (id, x_coordinate, y_coordinate, cave_place_id, raster_map_id, created_at) VALUES (4895, 2252, 2613, 2700, 330, 1775839978);
INSERT INTO cave_place_to_raster_map_definitions (id, x_coordinate, y_coordinate, cave_place_id, raster_map_id, created_at) VALUES (4896, 1141, 776, 2708, 330, 1775839978);
INSERT INTO cave_place_to_raster_map_definitions (id, x_coordinate, y_coordinate, cave_place_id, raster_map_id, created_at) VALUES (4897, 3290, 2605, 2707, 330, 1775839978);
INSERT INTO cave_place_to_raster_map_definitions (id, x_coordinate, y_coordinate, cave_place_id, raster_map_id, created_at) VALUES (4898, 2286, 2620, 2691, 330, 1775839978);
INSERT INTO cave_place_to_raster_map_definitions (id, x_coordinate, y_coordinate, cave_place_id, raster_map_id, created_at) VALUES (4899, 1597, 2471, 2695, 330, 1775839978);
INSERT INTO cave_place_to_raster_map_definitions (id, x_coordinate, y_coordinate, cave_place_id, raster_map_id, created_at) VALUES (4900, 3130, 3470, 2699, 330, 1775839978);
INSERT INTO cave_place_to_raster_map_definitions (id, x_coordinate, y_coordinate, cave_place_id, raster_map_id, created_at) VALUES (4901, 3113, 404, 2703, 330, 1775839978);
INSERT INTO cave_place_to_raster_map_definitions (id, x_coordinate, y_coordinate, cave_place_id, raster_map_id, created_at) VALUES (4902, 2577, 2363, 2718, 330, 1775839978);
INSERT INTO cave_place_to_raster_map_definitions (id, x_coordinate, y_coordinate, cave_place_id, raster_map_id, created_at) VALUES (4903, 699, 1493, 2728, 330, 1775839978);
INSERT INTO cave_place_to_raster_map_definitions (id, x_coordinate, y_coordinate, cave_place_id, raster_map_id, created_at) VALUES (4904, 4488, 4179, 2714, 330, 1775839978);
INSERT INTO cave_place_to_raster_map_definitions (id, x_coordinate, y_coordinate, cave_place_id, raster_map_id, created_at) VALUES (4905, 4990, 5416, 2737, 330, 1775839978);
INSERT INTO cave_place_to_raster_map_definitions (id, x_coordinate, y_coordinate, cave_place_id, raster_map_id, created_at) VALUES (4906, 1964, 4852, 2738, 330, 1775839978);
INSERT INTO cave_place_to_raster_map_definitions (id, x_coordinate, y_coordinate, cave_place_id, raster_map_id, created_at) VALUES (4907, 1170, 1167, 2693, 330, 1775839978);
INSERT INTO cave_place_to_raster_map_definitions (id, x_coordinate, y_coordinate, cave_place_id, raster_map_id, created_at) VALUES (4908, 849, 3640, 2726, 330, 1775839978);
INSERT INTO cave_place_to_raster_map_definitions (id, x_coordinate, y_coordinate, cave_place_id, raster_map_id, created_at) VALUES (4909, 436, 795, 2704, 330, 1775839978);
INSERT INTO cave_place_to_raster_map_definitions (id, x_coordinate, y_coordinate, cave_place_id, raster_map_id, created_at) VALUES (4910, 418, 774, 2690, 330, 1775839978);
INSERT INTO cave_place_to_raster_map_definitions (id, x_coordinate, y_coordinate, cave_place_id, raster_map_id, created_at) VALUES (4911, 5629, 5443, 2711, 330, 1775839978);
INSERT INTO cave_place_to_raster_map_definitions (id, x_coordinate, y_coordinate, cave_place_id, raster_map_id, created_at) VALUES (4912, 1395, 4710, 2735, 330, 1775839978);
INSERT INTO cave_place_to_raster_map_definitions (id, x_coordinate, y_coordinate, cave_place_id, raster_map_id, created_at) VALUES (4913, 3338, 666, 2717, 330, 1775839978);
INSERT INTO cave_place_to_raster_map_definitions (id, x_coordinate, y_coordinate, cave_place_id, raster_map_id, created_at) VALUES (4914, 3799, 660, 2715, 330, 1775839978);
INSERT INTO raster_maps (id, title, map_type, file_name, cave_id, cave_area_id, created_at) VALUES (331, 'Ponorul Nou - zona intrare.jpg [C7 #1] [C45 #1]', 'plane view', 'cave_2/raster_1771183787599.jpg', 45, NULL, 1775839978);
INSERT INTO cave_place_to_raster_map_definitions (id, x_coordinate, y_coordinate, cave_place_id, raster_map_id, created_at) VALUES (4915, 5990, 3308, 2795, 331, 1775839978);
INSERT INTO cave_place_to_raster_map_definitions (id, x_coordinate, y_coordinate, cave_place_id, raster_map_id, created_at) VALUES (4916, 2641, 2191, 2747, 331, 1775839978);
INSERT INTO cave_place_to_raster_map_definitions (id, x_coordinate, y_coordinate, cave_place_id, raster_map_id, created_at) VALUES (4917, 560, 355, 2814, 331, 1775839978);
INSERT INTO cave_place_to_raster_map_definitions (id, x_coordinate, y_coordinate, cave_place_id, raster_map_id, created_at) VALUES (4918, 5860, 1398, 2787, 331, 1775839978);
INSERT INTO cave_place_to_raster_map_definitions (id, x_coordinate, y_coordinate, cave_place_id, raster_map_id, created_at) VALUES (4919, 1848, 3730, 2781, 331, 1775839978);
INSERT INTO cave_place_to_raster_map_definitions (id, x_coordinate, y_coordinate, cave_place_id, raster_map_id, created_at) VALUES (4920, 3331, 1693, 2751, 331, 1775839978);
INSERT INTO cave_place_to_raster_map_definitions (id, x_coordinate, y_coordinate, cave_place_id, raster_map_id, created_at) VALUES (4921, 1510, 5392, 2742, 331, 1775839978);
INSERT INTO cave_place_to_raster_map_definitions (id, x_coordinate, y_coordinate, cave_place_id, raster_map_id, created_at) VALUES (4922, 4933, 117, 2779, 331, 1775839978);
INSERT INTO cave_place_to_raster_map_definitions (id, x_coordinate, y_coordinate, cave_place_id, raster_map_id, created_at) VALUES (4923, 3302, 3241, 2811, 331, 1775839978);
INSERT INTO cave_place_to_raster_map_definitions (id, x_coordinate, y_coordinate, cave_place_id, raster_map_id, created_at) VALUES (4924, 912, 1337, 2776, 331, 1775839978);
INSERT INTO cave_place_to_raster_map_definitions (id, x_coordinate, y_coordinate, cave_place_id, raster_map_id, created_at) VALUES (4925, 2476, 2865, 2774, 331, 1775839978);
INSERT INTO cave_place_to_raster_map_definitions (id, x_coordinate, y_coordinate, cave_place_id, raster_map_id, created_at) VALUES (4926, 3895, 5644, 2780, 331, 1775839978);
INSERT INTO cave_place_to_raster_map_definitions (id, x_coordinate, y_coordinate, cave_place_id, raster_map_id, created_at) VALUES (4927, 2410, 2033, 2775, 331, 1775839978);
INSERT INTO cave_place_to_raster_map_definitions (id, x_coordinate, y_coordinate, cave_place_id, raster_map_id, created_at) VALUES (4928, 1428, 5438, 2765, 331, 1775839978);
INSERT INTO cave_place_to_raster_map_definitions (id, x_coordinate, y_coordinate, cave_place_id, raster_map_id, created_at) VALUES (4929, 5983, 5484, 2748, 331, 1775839978);
INSERT INTO cave_place_to_raster_map_definitions (id, x_coordinate, y_coordinate, cave_place_id, raster_map_id, created_at) VALUES (4930, 2449, 5501, 2760, 331, 1775839978);
INSERT INTO cave_place_to_raster_map_definitions (id, x_coordinate, y_coordinate, cave_place_id, raster_map_id, created_at) VALUES (4931, 4292, 2045, 2794, 331, 1775839978);
INSERT INTO cave_place_to_raster_map_definitions (id, x_coordinate, y_coordinate, cave_place_id, raster_map_id, created_at) VALUES (4932, 2425, 3133, 2759, 331, 1775839978);
INSERT INTO cave_place_to_raster_map_definitions (id, x_coordinate, y_coordinate, cave_place_id, raster_map_id, created_at) VALUES (4933, 847, 3563, 2783, 331, 1775839978);
INSERT INTO cave_place_to_raster_map_definitions (id, x_coordinate, y_coordinate, cave_place_id, raster_map_id, created_at) VALUES (4934, 3356, 4208, 2767, 331, 1775839978);
INSERT INTO cave_place_to_raster_map_definitions (id, x_coordinate, y_coordinate, cave_place_id, raster_map_id, created_at) VALUES (4935, 5187, 3108, 2766, 331, 1775839978);
INSERT INTO cave_place_to_raster_map_definitions (id, x_coordinate, y_coordinate, cave_place_id, raster_map_id, created_at) VALUES (4936, 337, 4446, 2805, 331, 1775839978);
INSERT INTO cave_place_to_raster_map_definitions (id, x_coordinate, y_coordinate, cave_place_id, raster_map_id, created_at) VALUES (4937, 3636, 1830, 2772, 331, 1775839978);
INSERT INTO raster_maps (id, title, map_type, file_name, cave_id, cave_area_id, created_at) VALUES (332, 'ps_profil_proiectat_ortogonal_est_vest_fundalalb.png [C43 #1] [C45 #2]', 'plane view', 'cave_1/raster_1771183787575.png', 45, NULL, 1775839978);
INSERT INTO cave_place_to_raster_map_definitions (id, x_coordinate, y_coordinate, cave_place_id, raster_map_id, created_at) VALUES (4938, 1044, 3901, 2786, 332, 1775839978);
INSERT INTO cave_place_to_raster_map_definitions (id, x_coordinate, y_coordinate, cave_place_id, raster_map_id, created_at) VALUES (4939, 2408, 4160, 2800, 332, 1775839978);
INSERT INTO cave_place_to_raster_map_definitions (id, x_coordinate, y_coordinate, cave_place_id, raster_map_id, created_at) VALUES (4940, 108, 5146, 2743, 332, 1775839978);
INSERT INTO cave_place_to_raster_map_definitions (id, x_coordinate, y_coordinate, cave_place_id, raster_map_id, created_at) VALUES (4941, 5613, 2513, 2748, 332, 1775839978);
INSERT INTO cave_place_to_raster_map_definitions (id, x_coordinate, y_coordinate, cave_place_id, raster_map_id, created_at) VALUES (4942, 833, 1626, 2799, 332, 1775839978);
INSERT INTO cave_place_to_raster_map_definitions (id, x_coordinate, y_coordinate, cave_place_id, raster_map_id, created_at) VALUES (4943, 117, 5948, 2797, 332, 1775839978);
INSERT INTO cave_place_to_raster_map_definitions (id, x_coordinate, y_coordinate, cave_place_id, raster_map_id, created_at) VALUES (4944, 4960, 2097, 2775, 332, 1775839978);
INSERT INTO cave_place_to_raster_map_definitions (id, x_coordinate, y_coordinate, cave_place_id, raster_map_id, created_at) VALUES (4945, 1946, 2846, 2810, 332, 1775839978);
INSERT INTO cave_place_to_raster_map_definitions (id, x_coordinate, y_coordinate, cave_place_id, raster_map_id, created_at) VALUES (4946, 5464, 3703, 2767, 332, 1775839978);
INSERT INTO cave_place_to_raster_map_definitions (id, x_coordinate, y_coordinate, cave_place_id, raster_map_id, created_at) VALUES (4947, 4399, 5234, 2749, 332, 1775839978);
INSERT INTO cave_place_to_raster_map_definitions (id, x_coordinate, y_coordinate, cave_place_id, raster_map_id, created_at) VALUES (4948, 1171, 3241, 2807, 332, 1775839978);
INSERT INTO cave_place_to_raster_map_definitions (id, x_coordinate, y_coordinate, cave_place_id, raster_map_id, created_at) VALUES (4949, 1401, 2064, 2776, 332, 1775839978);
INSERT INTO cave_place_to_raster_map_definitions (id, x_coordinate, y_coordinate, cave_place_id, raster_map_id, created_at) VALUES (4950, 1260, 2871, 2780, 332, 1775839978);
INSERT INTO cave_place_to_raster_map_definitions (id, x_coordinate, y_coordinate, cave_place_id, raster_map_id, created_at) VALUES (4951, 509, 4754, 2806, 332, 1775839978);
INSERT INTO cave_place_to_raster_map_definitions (id, x_coordinate, y_coordinate, cave_place_id, raster_map_id, created_at) VALUES (4952, 4311, 4809, 2783, 332, 1775839978);
INSERT INTO cave_place_to_raster_map_definitions (id, x_coordinate, y_coordinate, cave_place_id, raster_map_id, created_at) VALUES (4953, 4208, 2669, 2764, 332, 1775839978);
INSERT INTO cave_place_to_raster_map_definitions (id, x_coordinate, y_coordinate, cave_place_id, raster_map_id, created_at) VALUES (4954, 5494, 5318, 2796, 332, 1775839978);
INSERT INTO cave_place_to_raster_map_definitions (id, x_coordinate, y_coordinate, cave_place_id, raster_map_id, created_at) VALUES (4955, 2735, 588, 2763, 332, 1775839978);
INSERT INTO cave_place_to_raster_map_definitions (id, x_coordinate, y_coordinate, cave_place_id, raster_map_id, created_at) VALUES (4956, 3966, 5350, 2804, 332, 1775839978);
INSERT INTO cave_place_to_raster_map_definitions (id, x_coordinate, y_coordinate, cave_place_id, raster_map_id, created_at) VALUES (4957, 3097, 1541, 2741, 332, 1775839978);
INSERT INTO cave_place_to_raster_map_definitions (id, x_coordinate, y_coordinate, cave_place_id, raster_map_id, created_at) VALUES (4958, 727, 5978, 2787, 332, 1775839978);
INSERT INTO cave_place_to_raster_map_definitions (id, x_coordinate, y_coordinate, cave_place_id, raster_map_id, created_at) VALUES (4959, 3571, 4901, 2771, 332, 1775839978);
INSERT INTO cave_place_to_raster_map_definitions (id, x_coordinate, y_coordinate, cave_place_id, raster_map_id, created_at) VALUES (4960, 2202, 5907, 2750, 332, 1775839978);
INSERT INTO cave_place_to_raster_map_definitions (id, x_coordinate, y_coordinate, cave_place_id, raster_map_id, created_at) VALUES (4961, 2120, 2757, 2809, 332, 1775839978);
INSERT INTO cave_place_to_raster_map_definitions (id, x_coordinate, y_coordinate, cave_place_id, raster_map_id, created_at) VALUES (4962, 1730, 4663, 2801, 332, 1775839978);
INSERT INTO raster_maps (id, title, map_type, file_name, cave_id, cave_area_id, created_at) VALUES (333, 'ps_plan_1_distanta_avenul_din_drum.jpg [C41 #1] [C46 #1]', 'plane view', 'cave_1/raster_1771183787566.jpg', 46, 212, 1775839978);
INSERT INTO cave_place_to_raster_map_definitions (id, x_coordinate, y_coordinate, cave_place_id, raster_map_id, created_at) VALUES (4963, 1400, 2893, 2871, 333, 1775839978);
INSERT INTO cave_place_to_raster_map_definitions (id, x_coordinate, y_coordinate, cave_place_id, raster_map_id, created_at) VALUES (4964, 2518, 2935, 2873, 333, 1775839978);
INSERT INTO cave_place_to_raster_map_definitions (id, x_coordinate, y_coordinate, cave_place_id, raster_map_id, created_at) VALUES (4965, 2720, 4316, 2858, 333, 1775839978);
INSERT INTO cave_place_to_raster_map_definitions (id, x_coordinate, y_coordinate, cave_place_id, raster_map_id, created_at) VALUES (4966, 4145, 5539, 2859, 333, 1775839978);
INSERT INTO cave_place_to_raster_map_definitions (id, x_coordinate, y_coordinate, cave_place_id, raster_map_id, created_at) VALUES (4967, 3377, 4512, 2856, 333, 1775839978);
INSERT INTO cave_place_to_raster_map_definitions (id, x_coordinate, y_coordinate, cave_place_id, raster_map_id, created_at) VALUES (4968, 1974, 4396, 2869, 333, 1775839978);
INSERT INTO raster_maps (id, title, map_type, file_name, cave_id, cave_area_id, created_at) VALUES (334, '1997 Harta P.Gaura cu Vajgau 2.jpg [C44 #1] [C46 #2]', 'plane view', 'cave_3/raster_1771183787629.jpg', 46, NULL, 1775839978);
INSERT INTO cave_place_to_raster_map_definitions (id, x_coordinate, y_coordinate, cave_place_id, raster_map_id, created_at) VALUES (4969, 4380, 1896, 2875, 334, 1775839978);
INSERT INTO cave_place_to_raster_map_definitions (id, x_coordinate, y_coordinate, cave_place_id, raster_map_id, created_at) VALUES (4970, 5207, 4856, 2852, 334, 1775839978);
INSERT INTO cave_place_to_raster_map_definitions (id, x_coordinate, y_coordinate, cave_place_id, raster_map_id, created_at) VALUES (4971, 3695, 3132, 2842, 334, 1775839978);
INSERT INTO cave_place_to_raster_map_definitions (id, x_coordinate, y_coordinate, cave_place_id, raster_map_id, created_at) VALUES (4972, 5430, 2930, 2858, 334, 1775839978);
INSERT INTO cave_place_to_raster_map_definitions (id, x_coordinate, y_coordinate, cave_place_id, raster_map_id, created_at) VALUES (4973, 4062, 3470, 2827, 334, 1775839978);
INSERT INTO cave_place_to_raster_map_definitions (id, x_coordinate, y_coordinate, cave_place_id, raster_map_id, created_at) VALUES (4974, 1413, 1933, 2865, 334, 1775839978);
INSERT INTO cave_place_to_raster_map_definitions (id, x_coordinate, y_coordinate, cave_place_id, raster_map_id, created_at) VALUES (4975, 2727, 4478, 2862, 334, 1775839978);
INSERT INTO cave_place_to_raster_map_definitions (id, x_coordinate, y_coordinate, cave_place_id, raster_map_id, created_at) VALUES (4976, 86, 3889, 2859, 334, 1775839978);
INSERT INTO cave_place_to_raster_map_definitions (id, x_coordinate, y_coordinate, cave_place_id, raster_map_id, created_at) VALUES (4977, 401, 4515, 2881, 334, 1775839978);
INSERT INTO cave_place_to_raster_map_definitions (id, x_coordinate, y_coordinate, cave_place_id, raster_map_id, created_at) VALUES (4978, 3386, 841, 2826, 334, 1775839978);
INSERT INTO cave_place_to_raster_map_definitions (id, x_coordinate, y_coordinate, cave_place_id, raster_map_id, created_at) VALUES (4979, 2638, 4732, 2818, 334, 1775839978);
INSERT INTO cave_place_to_raster_map_definitions (id, x_coordinate, y_coordinate, cave_place_id, raster_map_id, created_at) VALUES (4980, 381, 1539, 2830, 334, 1775839978);
INSERT INTO cave_place_to_raster_map_definitions (id, x_coordinate, y_coordinate, cave_place_id, raster_map_id, created_at) VALUES (4981, 5353, 3872, 2868, 334, 1775839978);
INSERT INTO cave_place_to_raster_map_definitions (id, x_coordinate, y_coordinate, cave_place_id, raster_map_id, created_at) VALUES (4982, 5095, 115, 2867, 334, 1775839978);
INSERT INTO cave_place_to_raster_map_definitions (id, x_coordinate, y_coordinate, cave_place_id, raster_map_id, created_at) VALUES (4983, 1506, 5745, 2850, 334, 1775839978);
INSERT INTO cave_place_to_raster_map_definitions (id, x_coordinate, y_coordinate, cave_place_id, raster_map_id, created_at) VALUES (4984, 2500, 3168, 2876, 334, 1775839978);
INSERT INTO cave_place_to_raster_map_definitions (id, x_coordinate, y_coordinate, cave_place_id, raster_map_id, created_at) VALUES (4985, 3149, 3347, 2835, 334, 1775839978);
INSERT INTO cave_place_to_raster_map_definitions (id, x_coordinate, y_coordinate, cave_place_id, raster_map_id, created_at) VALUES (4986, 2316, 2349, 2853, 334, 1775839978);
INSERT INTO cave_place_to_raster_map_definitions (id, x_coordinate, y_coordinate, cave_place_id, raster_map_id, created_at) VALUES (4987, 4409, 2622, 2836, 334, 1775839978);
INSERT INTO cave_place_to_raster_map_definitions (id, x_coordinate, y_coordinate, cave_place_id, raster_map_id, created_at) VALUES (4988, 2595, 1248, 2871, 334, 1775839978);
INSERT INTO cave_place_to_raster_map_definitions (id, x_coordinate, y_coordinate, cave_place_id, raster_map_id, created_at) VALUES (4989, 2705, 3861, 2823, 334, 1775839978);
INSERT INTO raster_maps (id, title, map_type, file_name, cave_id, cave_area_id, created_at) VALUES (335, 'ps_plan_1_distanta_avenul_din_drum.jpg [C58 #5] [C46 #3]', 'plane view', 'cave_1/raster_1771183787566.jpg', 46, 212, 1775839978);
INSERT INTO cave_place_to_raster_map_definitions (id, x_coordinate, y_coordinate, cave_place_id, raster_map_id, created_at) VALUES (4990, 326, 2255, 2870, 335, 1775839978);
INSERT INTO cave_place_to_raster_map_definitions (id, x_coordinate, y_coordinate, cave_place_id, raster_map_id, created_at) VALUES (4991, 5571, 1278, 2821, 335, 1775839978);
INSERT INTO cave_place_to_raster_map_definitions (id, x_coordinate, y_coordinate, cave_place_id, raster_map_id, created_at) VALUES (4992, 4694, 4959, 2830, 335, 1775839978);
INSERT INTO cave_place_to_raster_map_definitions (id, x_coordinate, y_coordinate, cave_place_id, raster_map_id, created_at) VALUES (4993, 3987, 4716, 2828, 335, 1775839978);
INSERT INTO cave_place_to_raster_map_definitions (id, x_coordinate, y_coordinate, cave_place_id, raster_map_id, created_at) VALUES (4994, 4968, 4476, 2856, 335, 1775839978);
INSERT INTO cave_place_to_raster_map_definitions (id, x_coordinate, y_coordinate, cave_place_id, raster_map_id, created_at) VALUES (4995, 3285, 5104, 2855, 335, 1775839978);
INSERT INTO cave_place_to_raster_map_definitions (id, x_coordinate, y_coordinate, cave_place_id, raster_map_id, created_at) VALUES (4996, 2812, 4701, 2851, 335, 1775839978);
INSERT INTO cave_place_to_raster_map_definitions (id, x_coordinate, y_coordinate, cave_place_id, raster_map_id, created_at) VALUES (4997, 3529, 4497, 2867, 335, 1775839978);
INSERT INTO raster_maps (id, title, map_type, file_name, cave_id, cave_area_id, created_at) VALUES (336, 'ps_plan_1_distanta_avenul_din_drum.jpg [C58 #5] [C46 #4]', 'plane view', 'cave_1/raster_1771183787566.jpg', 46, NULL, 1775839978);
INSERT INTO cave_place_to_raster_map_definitions (id, x_coordinate, y_coordinate, cave_place_id, raster_map_id, created_at) VALUES (4998, 537, 867, 2827, 336, 1775839978);
INSERT INTO cave_place_to_raster_map_definitions (id, x_coordinate, y_coordinate, cave_place_id, raster_map_id, created_at) VALUES (4999, 5243, 4493, 2852, 336, 1775839978);
INSERT INTO cave_place_to_raster_map_definitions (id, x_coordinate, y_coordinate, cave_place_id, raster_map_id, created_at) VALUES (5000, 5640, 779, 2858, 336, 1775839978);
INSERT INTO cave_place_to_raster_map_definitions (id, x_coordinate, y_coordinate, cave_place_id, raster_map_id, created_at) VALUES (5001, 4485, 2434, 2850, 336, 1775839978);
INSERT INTO cave_place_to_raster_map_definitions (id, x_coordinate, y_coordinate, cave_place_id, raster_map_id, created_at) VALUES (5002, 5776, 1988, 2822, 336, 1775839978);
INSERT INTO cave_place_to_raster_map_definitions (id, x_coordinate, y_coordinate, cave_place_id, raster_map_id, created_at) VALUES (5003, 3543, 567, 2873, 336, 1775839978);
INSERT INTO cave_place_to_raster_map_definitions (id, x_coordinate, y_coordinate, cave_place_id, raster_map_id, created_at) VALUES (5004, 5373, 3178, 2840, 336, 1775839978);
INSERT INTO cave_place_to_raster_map_definitions (id, x_coordinate, y_coordinate, cave_place_id, raster_map_id, created_at) VALUES (5005, 5718, 5725, 2848, 336, 1775839978);
INSERT INTO cave_place_to_raster_map_definitions (id, x_coordinate, y_coordinate, cave_place_id, raster_map_id, created_at) VALUES (5006, 2804, 3188, 2867, 336, 1775839978);
INSERT INTO cave_place_to_raster_map_definitions (id, x_coordinate, y_coordinate, cave_place_id, raster_map_id, created_at) VALUES (5007, 5413, 5289, 2842, 336, 1775839978);
INSERT INTO cave_place_to_raster_map_definitions (id, x_coordinate, y_coordinate, cave_place_id, raster_map_id, created_at) VALUES (5008, 5602, 5458, 2868, 336, 1775839978);
INSERT INTO cave_place_to_raster_map_definitions (id, x_coordinate, y_coordinate, cave_place_id, raster_map_id, created_at) VALUES (5009, 5562, 3066, 2853, 336, 1775839978);
INSERT INTO cave_place_to_raster_map_definitions (id, x_coordinate, y_coordinate, cave_place_id, raster_map_id, created_at) VALUES (5010, 2913, 919, 2829, 336, 1775839978);
INSERT INTO cave_place_to_raster_map_definitions (id, x_coordinate, y_coordinate, cave_place_id, raster_map_id, created_at) VALUES (5011, 2766, 4003, 2835, 336, 1775839978);
INSERT INTO cave_place_to_raster_map_definitions (id, x_coordinate, y_coordinate, cave_place_id, raster_map_id, created_at) VALUES (5012, 1885, 2124, 2837, 336, 1775839978);
INSERT INTO cave_place_to_raster_map_definitions (id, x_coordinate, y_coordinate, cave_place_id, raster_map_id, created_at) VALUES (5013, 2827, 132, 2857, 336, 1775839978);
INSERT INTO cave_place_to_raster_map_definitions (id, x_coordinate, y_coordinate, cave_place_id, raster_map_id, created_at) VALUES (5014, 5229, 3422, 2845, 336, 1775839978);
INSERT INTO cave_place_to_raster_map_definitions (id, x_coordinate, y_coordinate, cave_place_id, raster_map_id, created_at) VALUES (5015, 1749, 2008, 2819, 336, 1775839978);
INSERT INTO cave_place_to_raster_map_definitions (id, x_coordinate, y_coordinate, cave_place_id, raster_map_id, created_at) VALUES (5016, 1874, 127, 2866, 336, 1775839978);
INSERT INTO cave_place_to_raster_map_definitions (id, x_coordinate, y_coordinate, cave_place_id, raster_map_id, created_at) VALUES (5017, 5798, 4866, 2869, 336, 1775839978);
INSERT INTO cave_place_to_raster_map_definitions (id, x_coordinate, y_coordinate, cave_place_id, raster_map_id, created_at) VALUES (5018, 2666, 4390, 2855, 336, 1775839978);
INSERT INTO cave_place_to_raster_map_definitions (id, x_coordinate, y_coordinate, cave_place_id, raster_map_id, created_at) VALUES (5019, 4749, 2109, 2878, 336, 1775839978);
INSERT INTO cave_place_to_raster_map_definitions (id, x_coordinate, y_coordinate, cave_place_id, raster_map_id, created_at) VALUES (5020, 4886, 4176, 2841, 336, 1775839978);
INSERT INTO cave_place_to_raster_map_definitions (id, x_coordinate, y_coordinate, cave_place_id, raster_map_id, created_at) VALUES (5021, 4061, 5803, 2870, 336, 1775839978);
INSERT INTO cave_place_to_raster_map_definitions (id, x_coordinate, y_coordinate, cave_place_id, raster_map_id, created_at) VALUES (5022, 1689, 5237, 2864, 336, 1775839978);
INSERT INTO cave_place_to_raster_map_definitions (id, x_coordinate, y_coordinate, cave_place_id, raster_map_id, created_at) VALUES (5023, 1448, 4657, 2861, 336, 1775839978);
INSERT INTO cave_place_to_raster_map_definitions (id, x_coordinate, y_coordinate, cave_place_id, raster_map_id, created_at) VALUES (5024, 624, 3867, 2839, 336, 1775839978);
INSERT INTO cave_place_to_raster_map_definitions (id, x_coordinate, y_coordinate, cave_place_id, raster_map_id, created_at) VALUES (5025, 4959, 3134, 2838, 336, 1775839978);
INSERT INTO cave_place_to_raster_map_definitions (id, x_coordinate, y_coordinate, cave_place_id, raster_map_id, created_at) VALUES (5026, 203, 2168, 2828, 336, 1775839978);
INSERT INTO raster_maps (id, title, map_type, file_name, cave_id, cave_area_id, created_at) VALUES (337, 'cerna_ps_pn_pdp_plan_en_articol.jpg [C6 #1] [C46 #5]', 'plane view', 'cave_1/raster_1771183787584.jpg', 46, 212, 1775839978);
INSERT INTO cave_place_to_raster_map_definitions (id, x_coordinate, y_coordinate, cave_place_id, raster_map_id, created_at) VALUES (5027, 5066, 3386, 2821, 337, 1775839978);
INSERT INTO cave_place_to_raster_map_definitions (id, x_coordinate, y_coordinate, cave_place_id, raster_map_id, created_at) VALUES (5028, 37, 5631, 2823, 337, 1775839978);
INSERT INTO cave_place_to_raster_map_definitions (id, x_coordinate, y_coordinate, cave_place_id, raster_map_id, created_at) VALUES (5029, 2668, 4546, 2879, 337, 1775839978);
INSERT INTO cave_place_to_raster_map_definitions (id, x_coordinate, y_coordinate, cave_place_id, raster_map_id, created_at) VALUES (5030, 278, 1793, 2852, 337, 1775839978);
INSERT INTO cave_place_to_raster_map_definitions (id, x_coordinate, y_coordinate, cave_place_id, raster_map_id, created_at) VALUES (5031, 4571, 3963, 2853, 337, 1775839978);
INSERT INTO cave_place_to_raster_map_definitions (id, x_coordinate, y_coordinate, cave_place_id, raster_map_id, created_at) VALUES (5032, 5583, 2565, 2842, 337, 1775839978);
INSERT INTO cave_place_to_raster_map_definitions (id, x_coordinate, y_coordinate, cave_place_id, raster_map_id, created_at) VALUES (5033, 1670, 1131, 2836, 337, 1775839978);
INSERT INTO cave_place_to_raster_map_definitions (id, x_coordinate, y_coordinate, cave_place_id, raster_map_id, created_at) VALUES (5034, 5264, 141, 2851, 337, 1775839978);
INSERT INTO cave_place_to_raster_map_definitions (id, x_coordinate, y_coordinate, cave_place_id, raster_map_id, created_at) VALUES (5035, 2222, 5383, 2819, 337, 1775839978);
INSERT INTO cave_place_to_raster_map_definitions (id, x_coordinate, y_coordinate, cave_place_id, raster_map_id, created_at) VALUES (5036, 4786, 5656, 2876, 337, 1775839978);
INSERT INTO cave_place_to_raster_map_definitions (id, x_coordinate, y_coordinate, cave_place_id, raster_map_id, created_at) VALUES (5037, 185, 66, 2832, 337, 1775839978);
INSERT INTO cave_place_to_raster_map_definitions (id, x_coordinate, y_coordinate, cave_place_id, raster_map_id, created_at) VALUES (5038, 5835, 5206, 2861, 337, 1775839978);
INSERT INTO cave_place_to_raster_map_definitions (id, x_coordinate, y_coordinate, cave_place_id, raster_map_id, created_at) VALUES (5039, 1148, 3112, 2874, 337, 1775839978);
INSERT INTO cave_place_to_raster_map_definitions (id, x_coordinate, y_coordinate, cave_place_id, raster_map_id, created_at) VALUES (5040, 3833, 1593, 2822, 337, 1775839978);
INSERT INTO cave_place_to_raster_map_definitions (id, x_coordinate, y_coordinate, cave_place_id, raster_map_id, created_at) VALUES (5041, 4064, 2689, 2881, 337, 1775839978);
INSERT INTO cave_place_to_raster_map_definitions (id, x_coordinate, y_coordinate, cave_place_id, raster_map_id, created_at) VALUES (5042, 1315, 4518, 2873, 337, 1775839978);
INSERT INTO cave_place_to_raster_map_definitions (id, x_coordinate, y_coordinate, cave_place_id, raster_map_id, created_at) VALUES (5043, 2979, 2265, 2849, 337, 1775839978);
INSERT INTO cave_place_to_raster_map_definitions (id, x_coordinate, y_coordinate, cave_place_id, raster_map_id, created_at) VALUES (5044, 270, 723, 2859, 337, 1775839978);
INSERT INTO cave_place_to_raster_map_definitions (id, x_coordinate, y_coordinate, cave_place_id, raster_map_id, created_at) VALUES (5045, 364, 456, 2840, 337, 1775839978);
INSERT INTO cave_place_to_raster_map_definitions (id, x_coordinate, y_coordinate, cave_place_id, raster_map_id, created_at) VALUES (5046, 1662, 4314, 2841, 337, 1775839978);
INSERT INTO cave_place_to_raster_map_definitions (id, x_coordinate, y_coordinate, cave_place_id, raster_map_id, created_at) VALUES (5047, 652, 3495, 2860, 337, 1775839978);
INSERT INTO cave_place_to_raster_map_definitions (id, x_coordinate, y_coordinate, cave_place_id, raster_map_id, created_at) VALUES (5048, 5152, 5225, 2826, 337, 1775839978);
INSERT INTO raster_maps (id, title, map_type, file_name, cave_id, cave_area_id, created_at) VALUES (338, 'Ponorul Nou - zona intrare.jpg [C50 #1] [C47 #1]', 'plane view', 'cave_2/raster_1771183787599.jpg', 47, NULL, 1775839978);
INSERT INTO cave_place_to_raster_map_definitions (id, x_coordinate, y_coordinate, cave_place_id, raster_map_id, created_at) VALUES (5049, 5591, 417, 2926, 338, 1775839978);
INSERT INTO cave_place_to_raster_map_definitions (id, x_coordinate, y_coordinate, cave_place_id, raster_map_id, created_at) VALUES (5050, 5815, 2100, 2931, 338, 1775839978);
INSERT INTO cave_place_to_raster_map_definitions (id, x_coordinate, y_coordinate, cave_place_id, raster_map_id, created_at) VALUES (5051, 4254, 2082, 2927, 338, 1775839978);
INSERT INTO cave_place_to_raster_map_definitions (id, x_coordinate, y_coordinate, cave_place_id, raster_map_id, created_at) VALUES (5052, 2240, 676, 2954, 338, 1775839978);
INSERT INTO cave_place_to_raster_map_definitions (id, x_coordinate, y_coordinate, cave_place_id, raster_map_id, created_at) VALUES (5053, 1613, 5791, 2900, 338, 1775839978);
INSERT INTO cave_place_to_raster_map_definitions (id, x_coordinate, y_coordinate, cave_place_id, raster_map_id, created_at) VALUES (5054, 4188, 3835, 2928, 338, 1775839978);
INSERT INTO cave_place_to_raster_map_definitions (id, x_coordinate, y_coordinate, cave_place_id, raster_map_id, created_at) VALUES (5055, 4926, 5947, 2942, 338, 1775839978);
INSERT INTO cave_place_to_raster_map_definitions (id, x_coordinate, y_coordinate, cave_place_id, raster_map_id, created_at) VALUES (5056, 132, 96, 2950, 338, 1775839978);
INSERT INTO cave_place_to_raster_map_definitions (id, x_coordinate, y_coordinate, cave_place_id, raster_map_id, created_at) VALUES (5057, 4496, 3103, 2918, 338, 1775839978);
INSERT INTO cave_place_to_raster_map_definitions (id, x_coordinate, y_coordinate, cave_place_id, raster_map_id, created_at) VALUES (5058, 4867, 2384, 2951, 338, 1775839978);
INSERT INTO cave_place_to_raster_map_definitions (id, x_coordinate, y_coordinate, cave_place_id, raster_map_id, created_at) VALUES (5059, 1399, 2620, 2904, 338, 1775839978);
INSERT INTO cave_place_to_raster_map_definitions (id, x_coordinate, y_coordinate, cave_place_id, raster_map_id, created_at) VALUES (5060, 19, 4913, 2919, 338, 1775839978);
INSERT INTO cave_place_to_raster_map_definitions (id, x_coordinate, y_coordinate, cave_place_id, raster_map_id, created_at) VALUES (5061, 1770, 1148, 2924, 338, 1775839978);
INSERT INTO cave_place_to_raster_map_definitions (id, x_coordinate, y_coordinate, cave_place_id, raster_map_id, created_at) VALUES (5062, 197, 3823, 2898, 338, 1775839978);
INSERT INTO cave_place_to_raster_map_definitions (id, x_coordinate, y_coordinate, cave_place_id, raster_map_id, created_at) VALUES (5063, 5462, 5438, 2883, 338, 1775839978);
INSERT INTO cave_place_to_raster_map_definitions (id, x_coordinate, y_coordinate, cave_place_id, raster_map_id, created_at) VALUES (5064, 5750, 5944, 2938, 338, 1775839978);
INSERT INTO cave_place_to_raster_map_definitions (id, x_coordinate, y_coordinate, cave_place_id, raster_map_id, created_at) VALUES (5065, 3772, 3820, 2959, 338, 1775839978);
INSERT INTO cave_place_to_raster_map_definitions (id, x_coordinate, y_coordinate, cave_place_id, raster_map_id, created_at) VALUES (5066, 5075, 2131, 2909, 338, 1775839978);
INSERT INTO cave_place_to_raster_map_definitions (id, x_coordinate, y_coordinate, cave_place_id, raster_map_id, created_at) VALUES (5067, 5267, 5850, 2945, 338, 1775839978);
INSERT INTO cave_place_to_raster_map_definitions (id, x_coordinate, y_coordinate, cave_place_id, raster_map_id, created_at) VALUES (5068, 4419, 1469, 2958, 338, 1775839978);
INSERT INTO cave_place_to_raster_map_definitions (id, x_coordinate, y_coordinate, cave_place_id, raster_map_id, created_at) VALUES (5069, 5361, 4887, 2905, 338, 1775839978);
INSERT INTO cave_place_to_raster_map_definitions (id, x_coordinate, y_coordinate, cave_place_id, raster_map_id, created_at) VALUES (5070, 438, 5456, 2903, 338, 1775839978);
INSERT INTO cave_place_to_raster_map_definitions (id, x_coordinate, y_coordinate, cave_place_id, raster_map_id, created_at) VALUES (5071, 3600, 5804, 2955, 338, 1775839978);
INSERT INTO cave_place_to_raster_map_definitions (id, x_coordinate, y_coordinate, cave_place_id, raster_map_id, created_at) VALUES (5072, 3580, 4487, 2933, 338, 1775839978);
INSERT INTO cave_place_to_raster_map_definitions (id, x_coordinate, y_coordinate, cave_place_id, raster_map_id, created_at) VALUES (5073, 330, 952, 2944, 338, 1775839978);
INSERT INTO cave_place_to_raster_map_definitions (id, x_coordinate, y_coordinate, cave_place_id, raster_map_id, created_at) VALUES (5074, 5644, 4672, 2949, 338, 1775839978);
INSERT INTO cave_place_to_raster_map_definitions (id, x_coordinate, y_coordinate, cave_place_id, raster_map_id, created_at) VALUES (5075, 699, 5027, 2884, 338, 1775839978);
INSERT INTO cave_place_to_raster_map_definitions (id, x_coordinate, y_coordinate, cave_place_id, raster_map_id, created_at) VALUES (5076, 3058, 356, 2899, 338, 1775839978);
INSERT INTO raster_maps (id, title, map_type, file_name, cave_id, cave_area_id, created_at) VALUES (339, 'ps_profil_proiectat_ortogonal_est_vest_fundalalb.png [C30 #2] [C47 #2]', 'plane view', 'cave_1/raster_1771183787575.png', 47, NULL, 1775839978);
INSERT INTO cave_place_to_raster_map_definitions (id, x_coordinate, y_coordinate, cave_place_id, raster_map_id, created_at) VALUES (5077, 1190, 2607, 2945, 339, 1775839978);
INSERT INTO cave_place_to_raster_map_definitions (id, x_coordinate, y_coordinate, cave_place_id, raster_map_id, created_at) VALUES (5078, 5484, 5164, 2933, 339, 1775839978);
INSERT INTO cave_place_to_raster_map_definitions (id, x_coordinate, y_coordinate, cave_place_id, raster_map_id, created_at) VALUES (5079, 4217, 4510, 2906, 339, 1775839978);
INSERT INTO cave_place_to_raster_map_definitions (id, x_coordinate, y_coordinate, cave_place_id, raster_map_id, created_at) VALUES (5080, 3881, 4535, 2903, 339, 1775839978);
INSERT INTO cave_place_to_raster_map_definitions (id, x_coordinate, y_coordinate, cave_place_id, raster_map_id, created_at) VALUES (5081, 3942, 5385, 2921, 339, 1775839978);
INSERT INTO cave_place_to_raster_map_definitions (id, x_coordinate, y_coordinate, cave_place_id, raster_map_id, created_at) VALUES (5082, 5044, 3327, 2904, 339, 1775839978);
INSERT INTO cave_place_to_raster_map_definitions (id, x_coordinate, y_coordinate, cave_place_id, raster_map_id, created_at) VALUES (5083, 5875, 3482, 2891, 339, 1775839978);
INSERT INTO cave_place_to_raster_map_definitions (id, x_coordinate, y_coordinate, cave_place_id, raster_map_id, created_at) VALUES (5084, 2243, 2296, 2913, 339, 1775839978);
INSERT INTO cave_place_to_raster_map_definitions (id, x_coordinate, y_coordinate, cave_place_id, raster_map_id, created_at) VALUES (5085, 1932, 4266, 2886, 339, 1775839978);
INSERT INTO cave_place_to_raster_map_definitions (id, x_coordinate, y_coordinate, cave_place_id, raster_map_id, created_at) VALUES (5086, 3270, 1920, 2952, 339, 1775839978);
INSERT INTO cave_place_to_raster_map_definitions (id, x_coordinate, y_coordinate, cave_place_id, raster_map_id, created_at) VALUES (5087, 3579, 1548, 2940, 339, 1775839978);
INSERT INTO cave_place_to_raster_map_definitions (id, x_coordinate, y_coordinate, cave_place_id, raster_map_id, created_at) VALUES (5088, 1150, 4901, 2892, 339, 1775839978);
INSERT INTO cave_place_to_raster_map_definitions (id, x_coordinate, y_coordinate, cave_place_id, raster_map_id, created_at) VALUES (5089, 4130, 1565, 2957, 339, 1775839978);
INSERT INTO cave_place_to_raster_map_definitions (id, x_coordinate, y_coordinate, cave_place_id, raster_map_id, created_at) VALUES (5090, 4804, 4626, 2884, 339, 1775839978);
INSERT INTO cave_place_to_raster_map_definitions (id, x_coordinate, y_coordinate, cave_place_id, raster_map_id, created_at) VALUES (5091, 2544, 2456, 2928, 339, 1775839978);
INSERT INTO cave_place_to_raster_map_definitions (id, x_coordinate, y_coordinate, cave_place_id, raster_map_id, created_at) VALUES (5092, 4725, 4343, 2949, 339, 1775839978);
INSERT INTO cave_place_to_raster_map_definitions (id, x_coordinate, y_coordinate, cave_place_id, raster_map_id, created_at) VALUES (5093, 1531, 906, 2912, 339, 1775839978);
INSERT INTO cave_place_to_raster_map_definitions (id, x_coordinate, y_coordinate, cave_place_id, raster_map_id, created_at) VALUES (5094, 4205, 5357, 2915, 339, 1775839978);
INSERT INTO cave_place_to_raster_map_definitions (id, x_coordinate, y_coordinate, cave_place_id, raster_map_id, created_at) VALUES (5095, 1433, 5199, 2927, 339, 1775839978);
INSERT INTO cave_place_to_raster_map_definitions (id, x_coordinate, y_coordinate, cave_place_id, raster_map_id, created_at) VALUES (5096, 2122, 5263, 2901, 339, 1775839978);
INSERT INTO cave_place_to_raster_map_definitions (id, x_coordinate, y_coordinate, cave_place_id, raster_map_id, created_at) VALUES (5097, 5030, 2784, 2907, 339, 1775839978);
INSERT INTO cave_place_to_raster_map_definitions (id, x_coordinate, y_coordinate, cave_place_id, raster_map_id, created_at) VALUES (5098, 1917, 894, 2911, 339, 1775839978);
INSERT INTO cave_place_to_raster_map_definitions (id, x_coordinate, y_coordinate, cave_place_id, raster_map_id, created_at) VALUES (5099, 5512, 1551, 2935, 339, 1775839978);
INSERT INTO cave_place_to_raster_map_definitions (id, x_coordinate, y_coordinate, cave_place_id, raster_map_id, created_at) VALUES (5100, 1595, 261, 2938, 339, 1775839978);
INSERT INTO cave_place_to_raster_map_definitions (id, x_coordinate, y_coordinate, cave_place_id, raster_map_id, created_at) VALUES (5101, 39, 1576, 2944, 339, 1775839978);
INSERT INTO cave_place_to_raster_map_definitions (id, x_coordinate, y_coordinate, cave_place_id, raster_map_id, created_at) VALUES (5102, 1526, 198, 2924, 339, 1775839978);
INSERT INTO cave_place_to_raster_map_definitions (id, x_coordinate, y_coordinate, cave_place_id, raster_map_id, created_at) VALUES (5103, 5558, 1879, 2946, 339, 1775839978);
INSERT INTO cave_place_to_raster_map_definitions (id, x_coordinate, y_coordinate, cave_place_id, raster_map_id, created_at) VALUES (5104, 487, 5860, 2958, 339, 1775839978);
INSERT INTO cave_place_to_raster_map_definitions (id, x_coordinate, y_coordinate, cave_place_id, raster_map_id, created_at) VALUES (5105, 3741, 3525, 2923, 339, 1775839978);
INSERT INTO cave_place_to_raster_map_definitions (id, x_coordinate, y_coordinate, cave_place_id, raster_map_id, created_at) VALUES (5106, 1857, 3780, 2920, 339, 1775839978);
INSERT INTO raster_maps (id, title, map_type, file_name, cave_id, cave_area_id, created_at) VALUES (340, 'Ponorul Nou - zona intrare_nordata.jpg [C15 #4] [C48 #1]', 'plane view', 'cave_2/raster_1771183787610.jpg', 48, NULL, 1775839978);
INSERT INTO cave_place_to_raster_map_definitions (id, x_coordinate, y_coordinate, cave_place_id, raster_map_id, created_at) VALUES (5107, 2952, 3040, 2981, 340, 1775839978);
INSERT INTO cave_place_to_raster_map_definitions (id, x_coordinate, y_coordinate, cave_place_id, raster_map_id, created_at) VALUES (5108, 4575, 5191, 2987, 340, 1775839978);
INSERT INTO raster_maps (id, title, map_type, file_name, cave_id, cave_area_id, created_at) VALUES (341, 'Ponorul Nou_curatat.jpg [C22 #2] [C48 #2]', 'plane view', 'cave_2/raster_1771183787617.jpg', 48, NULL, 1775839978);
INSERT INTO cave_place_to_raster_map_definitions (id, x_coordinate, y_coordinate, cave_place_id, raster_map_id, created_at) VALUES (5109, 3221, 3842, 2993, 341, 1775839978);
INSERT INTO cave_place_to_raster_map_definitions (id, x_coordinate, y_coordinate, cave_place_id, raster_map_id, created_at) VALUES (5110, 3709, 1086, 2987, 341, 1775839978);
INSERT INTO cave_place_to_raster_map_definitions (id, x_coordinate, y_coordinate, cave_place_id, raster_map_id, created_at) VALUES (5111, 1636, 3126, 2972, 341, 1775839978);
INSERT INTO cave_place_to_raster_map_definitions (id, x_coordinate, y_coordinate, cave_place_id, raster_map_id, created_at) VALUES (5112, 3811, 3450, 2980, 341, 1775839978);
INSERT INTO cave_place_to_raster_map_definitions (id, x_coordinate, y_coordinate, cave_place_id, raster_map_id, created_at) VALUES (5113, 3879, 2281, 2970, 341, 1775839978);
INSERT INTO cave_place_to_raster_map_definitions (id, x_coordinate, y_coordinate, cave_place_id, raster_map_id, created_at) VALUES (5114, 5628, 547, 2992, 341, 1775839978);
INSERT INTO cave_place_to_raster_map_definitions (id, x_coordinate, y_coordinate, cave_place_id, raster_map_id, created_at) VALUES (5115, 4826, 411, 2966, 341, 1775839978);
INSERT INTO cave_place_to_raster_map_definitions (id, x_coordinate, y_coordinate, cave_place_id, raster_map_id, created_at) VALUES (5116, 3379, 3299, 2984, 341, 1775839978);
INSERT INTO cave_place_to_raster_map_definitions (id, x_coordinate, y_coordinate, cave_place_id, raster_map_id, created_at) VALUES (5117, 5394, 3357, 2969, 341, 1775839978);
INSERT INTO cave_place_to_raster_map_definitions (id, x_coordinate, y_coordinate, cave_place_id, raster_map_id, created_at) VALUES (5118, 61, 2803, 2973, 341, 1775839978);
INSERT INTO cave_place_to_raster_map_definitions (id, x_coordinate, y_coordinate, cave_place_id, raster_map_id, created_at) VALUES (5119, 5807, 5174, 2977, 341, 1775839978);
INSERT INTO cave_place_to_raster_map_definitions (id, x_coordinate, y_coordinate, cave_place_id, raster_map_id, created_at) VALUES (5120, 489, 2082, 2986, 341, 1775839978);
INSERT INTO cave_place_to_raster_map_definitions (id, x_coordinate, y_coordinate, cave_place_id, raster_map_id, created_at) VALUES (5121, 5872, 1711, 3000, 341, 1775839978);
INSERT INTO cave_place_to_raster_map_definitions (id, x_coordinate, y_coordinate, cave_place_id, raster_map_id, created_at) VALUES (5122, 3560, 1532, 3018, 341, 1775839978);
INSERT INTO cave_place_to_raster_map_definitions (id, x_coordinate, y_coordinate, cave_place_id, raster_map_id, created_at) VALUES (5123, 5123, 4887, 3017, 341, 1775839978);
INSERT INTO cave_place_to_raster_map_definitions (id, x_coordinate, y_coordinate, cave_place_id, raster_map_id, created_at) VALUES (5124, 809, 2887, 3019, 341, 1775839978);
INSERT INTO cave_place_to_raster_map_definitions (id, x_coordinate, y_coordinate, cave_place_id, raster_map_id, created_at) VALUES (5125, 4516, 5477, 3020, 341, 1775839978);
INSERT INTO cave_place_to_raster_map_definitions (id, x_coordinate, y_coordinate, cave_place_id, raster_map_id, created_at) VALUES (5126, 1047, 2923, 2961, 341, 1775839978);
INSERT INTO cave_place_to_raster_map_definitions (id, x_coordinate, y_coordinate, cave_place_id, raster_map_id, created_at) VALUES (5127, 28, 4696, 3006, 341, 1775839978);
INSERT INTO cave_place_to_raster_map_definitions (id, x_coordinate, y_coordinate, cave_place_id, raster_map_id, created_at) VALUES (5128, 5668, 1973, 2998, 341, 1775839978);
INSERT INTO cave_place_to_raster_map_definitions (id, x_coordinate, y_coordinate, cave_place_id, raster_map_id, created_at) VALUES (5129, 1458, 4044, 2967, 341, 1775839978);
INSERT INTO raster_maps (id, title, map_type, file_name, cave_id, cave_area_id, created_at) VALUES (342, 'geo_art_tirla_ps__harta_profil.png [C55 #3] [C49 #1]', 'plane view', 'cave_1/raster_1771183787593.png', 49, 224, 1775839978);
INSERT INTO cave_place_to_raster_map_definitions (id, x_coordinate, y_coordinate, cave_place_id, raster_map_id, created_at) VALUES (5130, 979, 4578, 3110, 342, 1775839978);
INSERT INTO cave_place_to_raster_map_definitions (id, x_coordinate, y_coordinate, cave_place_id, raster_map_id, created_at) VALUES (5131, 885, 4005, 3063, 342, 1775839978);
INSERT INTO cave_place_to_raster_map_definitions (id, x_coordinate, y_coordinate, cave_place_id, raster_map_id, created_at) VALUES (5132, 2879, 706, 3084, 342, 1775839978);
INSERT INTO cave_place_to_raster_map_definitions (id, x_coordinate, y_coordinate, cave_place_id, raster_map_id, created_at) VALUES (5133, 2653, 2999, 3077, 342, 1775839978);
INSERT INTO cave_place_to_raster_map_definitions (id, x_coordinate, y_coordinate, cave_place_id, raster_map_id, created_at) VALUES (5134, 383, 5589, 3069, 342, 1775839978);
INSERT INTO cave_place_to_raster_map_definitions (id, x_coordinate, y_coordinate, cave_place_id, raster_map_id, created_at) VALUES (5135, 3262, 2118, 3106, 342, 1775839978);
INSERT INTO cave_place_to_raster_map_definitions (id, x_coordinate, y_coordinate, cave_place_id, raster_map_id, created_at) VALUES (5136, 1175, 3006, 3088, 342, 1775839978);
INSERT INTO cave_place_to_raster_map_definitions (id, x_coordinate, y_coordinate, cave_place_id, raster_map_id, created_at) VALUES (5137, 5106, 5342, 3036, 342, 1775839978);
INSERT INTO cave_place_to_raster_map_definitions (id, x_coordinate, y_coordinate, cave_place_id, raster_map_id, created_at) VALUES (5138, 5664, 3438, 3067, 342, 1775839978);
INSERT INTO cave_place_to_raster_map_definitions (id, x_coordinate, y_coordinate, cave_place_id, raster_map_id, created_at) VALUES (5139, 1297, 1058, 3083, 342, 1775839978);
INSERT INTO cave_place_to_raster_map_definitions (id, x_coordinate, y_coordinate, cave_place_id, raster_map_id, created_at) VALUES (5140, 5031, 845, 3033, 342, 1775839978);
INSERT INTO cave_place_to_raster_map_definitions (id, x_coordinate, y_coordinate, cave_place_id, raster_map_id, created_at) VALUES (5141, 104, 3233, 3056, 342, 1775839978);
INSERT INTO cave_place_to_raster_map_definitions (id, x_coordinate, y_coordinate, cave_place_id, raster_map_id, created_at) VALUES (5142, 1908, 4293, 3034, 342, 1775839978);
INSERT INTO cave_place_to_raster_map_definitions (id, x_coordinate, y_coordinate, cave_place_id, raster_map_id, created_at) VALUES (5143, 4660, 3307, 3042, 342, 1775839978);
INSERT INTO cave_place_to_raster_map_definitions (id, x_coordinate, y_coordinate, cave_place_id, raster_map_id, created_at) VALUES (5144, 4843, 2569, 3109, 342, 1775839978);
INSERT INTO cave_place_to_raster_map_definitions (id, x_coordinate, y_coordinate, cave_place_id, raster_map_id, created_at) VALUES (5145, 1571, 4596, 3032, 342, 1775839978);
INSERT INTO cave_place_to_raster_map_definitions (id, x_coordinate, y_coordinate, cave_place_id, raster_map_id, created_at) VALUES (5146, 4715, 359, 3052, 342, 1775839978);
INSERT INTO cave_place_to_raster_map_definitions (id, x_coordinate, y_coordinate, cave_place_id, raster_map_id, created_at) VALUES (5147, 1913, 4244, 3076, 342, 1775839978);
INSERT INTO cave_place_to_raster_map_definitions (id, x_coordinate, y_coordinate, cave_place_id, raster_map_id, created_at) VALUES (5148, 3742, 2289, 3103, 342, 1775839978);
INSERT INTO cave_place_to_raster_map_definitions (id, x_coordinate, y_coordinate, cave_place_id, raster_map_id, created_at) VALUES (5149, 4545, 1951, 3047, 342, 1775839978);
INSERT INTO cave_place_to_raster_map_definitions (id, x_coordinate, y_coordinate, cave_place_id, raster_map_id, created_at) VALUES (5150, 2091, 310, 3087, 342, 1775839978);
INSERT INTO cave_place_to_raster_map_definitions (id, x_coordinate, y_coordinate, cave_place_id, raster_map_id, created_at) VALUES (5151, 3802, 2920, 3062, 342, 1775839978);
INSERT INTO cave_place_to_raster_map_definitions (id, x_coordinate, y_coordinate, cave_place_id, raster_map_id, created_at) VALUES (5152, 2726, 5538, 3099, 342, 1775839978);
INSERT INTO cave_place_to_raster_map_definitions (id, x_coordinate, y_coordinate, cave_place_id, raster_map_id, created_at) VALUES (5153, 2205, 3567, 3086, 342, 1775839978);
INSERT INTO cave_place_to_raster_map_definitions (id, x_coordinate, y_coordinate, cave_place_id, raster_map_id, created_at) VALUES (5154, 2337, 3157, 3065, 342, 1775839978);
INSERT INTO cave_place_to_raster_map_definitions (id, x_coordinate, y_coordinate, cave_place_id, raster_map_id, created_at) VALUES (5155, 3822, 3486, 3074, 342, 1775839978);
INSERT INTO cave_place_to_raster_map_definitions (id, x_coordinate, y_coordinate, cave_place_id, raster_map_id, created_at) VALUES (5156, 4508, 1774, 3094, 342, 1775839978);
INSERT INTO cave_place_to_raster_map_definitions (id, x_coordinate, y_coordinate, cave_place_id, raster_map_id, created_at) VALUES (5157, 3447, 254, 3071, 342, 1775839978);
INSERT INTO cave_place_to_raster_map_definitions (id, x_coordinate, y_coordinate, cave_place_id, raster_map_id, created_at) VALUES (5158, 4624, 5685, 3035, 342, 1775839978);
INSERT INTO cave_place_to_raster_map_definitions (id, x_coordinate, y_coordinate, cave_place_id, raster_map_id, created_at) VALUES (5159, 4486, 2668, 3107, 342, 1775839978);
INSERT INTO raster_maps (id, title, map_type, file_name, cave_id, cave_area_id, created_at) VALUES (343, 'Ponorul Nou - zona intrare_nordata.jpg [C11 #2] [C49 #2]', 'plane view', 'cave_2/raster_1771183787610.jpg', 49, 223, 1775839978);
INSERT INTO cave_place_to_raster_map_definitions (id, x_coordinate, y_coordinate, cave_place_id, raster_map_id, created_at) VALUES (5160, 5568, 2251, 3046, 343, 1775839978);
INSERT INTO cave_place_to_raster_map_definitions (id, x_coordinate, y_coordinate, cave_place_id, raster_map_id, created_at) VALUES (5161, 1552, 5172, 3079, 343, 1775839978);
INSERT INTO cave_place_to_raster_map_definitions (id, x_coordinate, y_coordinate, cave_place_id, raster_map_id, created_at) VALUES (5162, 3946, 17, 3092, 343, 1775839978);
INSERT INTO cave_place_to_raster_map_definitions (id, x_coordinate, y_coordinate, cave_place_id, raster_map_id, created_at) VALUES (5163, 5022, 5256, 3097, 343, 1775839978);
INSERT INTO cave_place_to_raster_map_definitions (id, x_coordinate, y_coordinate, cave_place_id, raster_map_id, created_at) VALUES (5164, 991, 2208, 3057, 343, 1775839978);
INSERT INTO cave_place_to_raster_map_definitions (id, x_coordinate, y_coordinate, cave_place_id, raster_map_id, created_at) VALUES (5165, 5890, 4151, 3107, 343, 1775839978);
INSERT INTO cave_place_to_raster_map_definitions (id, x_coordinate, y_coordinate, cave_place_id, raster_map_id, created_at) VALUES (5166, 5560, 3862, 3056, 343, 1775839978);
INSERT INTO cave_place_to_raster_map_definitions (id, x_coordinate, y_coordinate, cave_place_id, raster_map_id, created_at) VALUES (5167, 3524, 1886, 3076, 343, 1775839978);
INSERT INTO cave_place_to_raster_map_definitions (id, x_coordinate, y_coordinate, cave_place_id, raster_map_id, created_at) VALUES (5168, 255, 3374, 3071, 343, 1775839978);
INSERT INTO cave_place_to_raster_map_definitions (id, x_coordinate, y_coordinate, cave_place_id, raster_map_id, created_at) VALUES (5169, 5870, 1251, 3106, 343, 1775839978);
INSERT INTO cave_place_to_raster_map_definitions (id, x_coordinate, y_coordinate, cave_place_id, raster_map_id, created_at) VALUES (5170, 831, 2058, 3085, 343, 1775839978);
INSERT INTO cave_place_to_raster_map_definitions (id, x_coordinate, y_coordinate, cave_place_id, raster_map_id, created_at) VALUES (5171, 1075, 1453, 3032, 343, 1775839978);
INSERT INTO cave_place_to_raster_map_definitions (id, x_coordinate, y_coordinate, cave_place_id, raster_map_id, created_at) VALUES (5172, 1301, 5859, 3063, 343, 1775839978);
INSERT INTO cave_place_to_raster_map_definitions (id, x_coordinate, y_coordinate, cave_place_id, raster_map_id, created_at) VALUES (5173, 1952, 2189, 3037, 343, 1775839978);
INSERT INTO cave_place_to_raster_map_definitions (id, x_coordinate, y_coordinate, cave_place_id, raster_map_id, created_at) VALUES (5174, 3047, 2338, 3031, 343, 1775839978);
INSERT INTO cave_place_to_raster_map_definitions (id, x_coordinate, y_coordinate, cave_place_id, raster_map_id, created_at) VALUES (5175, 115, 392, 3027, 343, 1775839978);
INSERT INTO cave_place_to_raster_map_definitions (id, x_coordinate, y_coordinate, cave_place_id, raster_map_id, created_at) VALUES (5176, 1523, 1882, 3043, 343, 1775839978);
INSERT INTO cave_place_to_raster_map_definitions (id, x_coordinate, y_coordinate, cave_place_id, raster_map_id, created_at) VALUES (5177, 1844, 1653, 3065, 343, 1775839978);
INSERT INTO cave_place_to_raster_map_definitions (id, x_coordinate, y_coordinate, cave_place_id, raster_map_id, created_at) VALUES (5178, 2411, 1102, 3060, 343, 1775839978);
INSERT INTO cave_place_to_raster_map_definitions (id, x_coordinate, y_coordinate, cave_place_id, raster_map_id, created_at) VALUES (5179, 3026, 5371, 3059, 343, 1775839978);
INSERT INTO cave_place_to_raster_map_definitions (id, x_coordinate, y_coordinate, cave_place_id, raster_map_id, created_at) VALUES (5180, 2029, 3, 3104, 343, 1775839978);
INSERT INTO cave_place_to_raster_map_definitions (id, x_coordinate, y_coordinate, cave_place_id, raster_map_id, created_at) VALUES (5181, 536, 966, 3083, 343, 1775839978);
INSERT INTO cave_place_to_raster_map_definitions (id, x_coordinate, y_coordinate, cave_place_id, raster_map_id, created_at) VALUES (5182, 2254, 5155, 3098, 343, 1775839978);
INSERT INTO cave_place_to_raster_map_definitions (id, x_coordinate, y_coordinate, cave_place_id, raster_map_id, created_at) VALUES (5183, 3724, 3184, 3105, 343, 1775839978);
INSERT INTO raster_maps (id, title, map_type, file_name, cave_id, cave_area_id, created_at) VALUES (344, 'ps_20250107_explorari_plan_fundal_negru.jpg [C59 #3] [C49 #3]', 'plane view', 'cave_1/raster_1771183787549.jpg', 49, NULL, 1775839978);
INSERT INTO cave_place_to_raster_map_definitions (id, x_coordinate, y_coordinate, cave_place_id, raster_map_id, created_at) VALUES (5184, 4628, 4354, 3081, 344, 1775839978);
INSERT INTO cave_place_to_raster_map_definitions (id, x_coordinate, y_coordinate, cave_place_id, raster_map_id, created_at) VALUES (5185, 3328, 3605, 3089, 344, 1775839978);
INSERT INTO cave_place_to_raster_map_definitions (id, x_coordinate, y_coordinate, cave_place_id, raster_map_id, created_at) VALUES (5186, 3981, 166, 3082, 344, 1775839978);
INSERT INTO cave_place_to_raster_map_definitions (id, x_coordinate, y_coordinate, cave_place_id, raster_map_id, created_at) VALUES (5187, 2724, 1567, 3102, 344, 1775839978);
INSERT INTO cave_place_to_raster_map_definitions (id, x_coordinate, y_coordinate, cave_place_id, raster_map_id, created_at) VALUES (5188, 4133, 4685, 3024, 344, 1775839978);
INSERT INTO cave_place_to_raster_map_definitions (id, x_coordinate, y_coordinate, cave_place_id, raster_map_id, created_at) VALUES (5189, 5861, 3451, 3043, 344, 1775839978);
INSERT INTO cave_place_to_raster_map_definitions (id, x_coordinate, y_coordinate, cave_place_id, raster_map_id, created_at) VALUES (5190, 4515, 3472, 3090, 344, 1775839978);
INSERT INTO cave_place_to_raster_map_definitions (id, x_coordinate, y_coordinate, cave_place_id, raster_map_id, created_at) VALUES (5191, 4617, 3803, 3056, 344, 1775839978);
INSERT INTO cave_place_to_raster_map_definitions (id, x_coordinate, y_coordinate, cave_place_id, raster_map_id, created_at) VALUES (5192, 3978, 3627, 3031, 344, 1775839978);
INSERT INTO cave_place_to_raster_map_definitions (id, x_coordinate, y_coordinate, cave_place_id, raster_map_id, created_at) VALUES (5193, 5013, 4969, 3033, 344, 1775839978);
INSERT INTO cave_place_to_raster_map_definitions (id, x_coordinate, y_coordinate, cave_place_id, raster_map_id, created_at) VALUES (5194, 4176, 2598, 3057, 344, 1775839978);
INSERT INTO cave_place_to_raster_map_definitions (id, x_coordinate, y_coordinate, cave_place_id, raster_map_id, created_at) VALUES (5195, 94, 3489, 3040, 344, 1775839978);
INSERT INTO cave_place_to_raster_map_definitions (id, x_coordinate, y_coordinate, cave_place_id, raster_map_id, created_at) VALUES (5196, 4765, 1467, 3050, 344, 1775839978);
INSERT INTO cave_place_to_raster_map_definitions (id, x_coordinate, y_coordinate, cave_place_id, raster_map_id, created_at) VALUES (5197, 1054, 4985, 3106, 344, 1775839978);
INSERT INTO cave_place_to_raster_map_definitions (id, x_coordinate, y_coordinate, cave_place_id, raster_map_id, created_at) VALUES (5198, 2055, 5806, 3068, 344, 1775839978);
INSERT INTO cave_place_to_raster_map_definitions (id, x_coordinate, y_coordinate, cave_place_id, raster_map_id, created_at) VALUES (5199, 4639, 456, 3029, 344, 1775839978);
INSERT INTO cave_place_to_raster_map_definitions (id, x_coordinate, y_coordinate, cave_place_id, raster_map_id, created_at) VALUES (5200, 3272, 4690, 3084, 344, 1775839978);
INSERT INTO cave_place_to_raster_map_definitions (id, x_coordinate, y_coordinate, cave_place_id, raster_map_id, created_at) VALUES (5201, 3079, 5206, 3054, 344, 1775839978);
INSERT INTO cave_place_to_raster_map_definitions (id, x_coordinate, y_coordinate, cave_place_id, raster_map_id, created_at) VALUES (5202, 2889, 3640, 3096, 344, 1775839978);
INSERT INTO cave_place_to_raster_map_definitions (id, x_coordinate, y_coordinate, cave_place_id, raster_map_id, created_at) VALUES (5203, 1945, 4159, 3083, 344, 1775839978);
INSERT INTO cave_place_to_raster_map_definitions (id, x_coordinate, y_coordinate, cave_place_id, raster_map_id, created_at) VALUES (5204, 3473, 2499, 3109, 344, 1775839978);
INSERT INTO cave_place_to_raster_map_definitions (id, x_coordinate, y_coordinate, cave_place_id, raster_map_id, created_at) VALUES (5205, 1141, 791, 3100, 344, 1775839978);
INSERT INTO raster_maps (id, title, map_type, file_name, cave_id, cave_area_id, created_at) VALUES (345, 'Ponorul Nou - zona intrare_nordata.jpg [C49 #2] [C50 #1]', 'plane view', 'cave_2/raster_1771183787610.jpg', 50, 229, 1775839978);
INSERT INTO cave_place_to_raster_map_definitions (id, x_coordinate, y_coordinate, cave_place_id, raster_map_id, created_at) VALUES (5206, 1801, 1056, 3132, 345, 1775839978);
INSERT INTO cave_place_to_raster_map_definitions (id, x_coordinate, y_coordinate, cave_place_id, raster_map_id, created_at) VALUES (5207, 1617, 4218, 3126, 345, 1775839978);
INSERT INTO cave_place_to_raster_map_definitions (id, x_coordinate, y_coordinate, cave_place_id, raster_map_id, created_at) VALUES (5208, 5588, 3646, 3133, 345, 1775839978);
INSERT INTO cave_place_to_raster_map_definitions (id, x_coordinate, y_coordinate, cave_place_id, raster_map_id, created_at) VALUES (5209, 2657, 1905, 3125, 345, 1775839978);
INSERT INTO cave_place_to_raster_map_definitions (id, x_coordinate, y_coordinate, cave_place_id, raster_map_id, created_at) VALUES (5210, 5295, 551, 3151, 345, 1775839978);
INSERT INTO cave_place_to_raster_map_definitions (id, x_coordinate, y_coordinate, cave_place_id, raster_map_id, created_at) VALUES (5211, 5940, 4313, 3124, 345, 1775839978);
INSERT INTO cave_place_to_raster_map_definitions (id, x_coordinate, y_coordinate, cave_place_id, raster_map_id, created_at) VALUES (5212, 907, 834, 3155, 345, 1775839978);
INSERT INTO cave_place_to_raster_map_definitions (id, x_coordinate, y_coordinate, cave_place_id, raster_map_id, created_at) VALUES (5213, 3744, 1885, 3130, 345, 1775839978);
INSERT INTO cave_place_to_raster_map_definitions (id, x_coordinate, y_coordinate, cave_place_id, raster_map_id, created_at) VALUES (5214, 5164, 2258, 3119, 345, 1775839978);
INSERT INTO cave_place_to_raster_map_definitions (id, x_coordinate, y_coordinate, cave_place_id, raster_map_id, created_at) VALUES (5215, 4410, 2149, 3120, 345, 1775839978);
INSERT INTO cave_place_to_raster_map_definitions (id, x_coordinate, y_coordinate, cave_place_id, raster_map_id, created_at) VALUES (5216, 2294, 1713, 3118, 345, 1775839978);
INSERT INTO cave_place_to_raster_map_definitions (id, x_coordinate, y_coordinate, cave_place_id, raster_map_id, created_at) VALUES (5217, 5790, 3718, 3144, 345, 1775839978);
INSERT INTO cave_place_to_raster_map_definitions (id, x_coordinate, y_coordinate, cave_place_id, raster_map_id, created_at) VALUES (5218, 1506, 4034, 3145, 345, 1775839978);
INSERT INTO cave_place_to_raster_map_definitions (id, x_coordinate, y_coordinate, cave_place_id, raster_map_id, created_at) VALUES (5219, 395, 1390, 3148, 345, 1775839978);
INSERT INTO cave_place_to_raster_map_definitions (id, x_coordinate, y_coordinate, cave_place_id, raster_map_id, created_at) VALUES (5220, 3548, 2743, 3134, 345, 1775839978);
INSERT INTO cave_place_to_raster_map_definitions (id, x_coordinate, y_coordinate, cave_place_id, raster_map_id, created_at) VALUES (5221, 5095, 1950, 3131, 345, 1775839978);
INSERT INTO cave_place_to_raster_map_definitions (id, x_coordinate, y_coordinate, cave_place_id, raster_map_id, created_at) VALUES (5222, 5658, 5637, 3117, 345, 1775839978);
INSERT INTO cave_place_to_raster_map_definitions (id, x_coordinate, y_coordinate, cave_place_id, raster_map_id, created_at) VALUES (5223, 1077, 1249, 3136, 345, 1775839978);
INSERT INTO cave_place_to_raster_map_definitions (id, x_coordinate, y_coordinate, cave_place_id, raster_map_id, created_at) VALUES (5224, 319, 337, 3157, 345, 1775839978);
INSERT INTO cave_place_to_raster_map_definitions (id, x_coordinate, y_coordinate, cave_place_id, raster_map_id, created_at) VALUES (5225, 4682, 2669, 3116, 345, 1775839978);
INSERT INTO cave_place_to_raster_map_definitions (id, x_coordinate, y_coordinate, cave_place_id, raster_map_id, created_at) VALUES (5226, 3961, 2762, 3149, 345, 1775839978);
INSERT INTO raster_maps (id, title, map_type, file_name, cave_id, cave_area_id, created_at) VALUES (346, 'ps_plan_1_distanta_avenul_din_drum.jpg [C41 #1] [C50 #2]', 'plane view', 'cave_1/raster_1771183787566.jpg', 50, 227, 1775839978);
INSERT INTO cave_place_to_raster_map_definitions (id, x_coordinate, y_coordinate, cave_place_id, raster_map_id, created_at) VALUES (5227, 125, 3376, 3149, 346, 1775839978);
INSERT INTO cave_place_to_raster_map_definitions (id, x_coordinate, y_coordinate, cave_place_id, raster_map_id, created_at) VALUES (5228, 4741, 216, 3141, 346, 1775839978);
INSERT INTO cave_place_to_raster_map_definitions (id, x_coordinate, y_coordinate, cave_place_id, raster_map_id, created_at) VALUES (5229, 3749, 1065, 3116, 346, 1775839978);
INSERT INTO cave_place_to_raster_map_definitions (id, x_coordinate, y_coordinate, cave_place_id, raster_map_id, created_at) VALUES (5230, 889, 3958, 3131, 346, 1775839978);
INSERT INTO cave_place_to_raster_map_definitions (id, x_coordinate, y_coordinate, cave_place_id, raster_map_id, created_at) VALUES (5231, 4369, 5941, 3139, 346, 1775839978);
INSERT INTO cave_place_to_raster_map_definitions (id, x_coordinate, y_coordinate, cave_place_id, raster_map_id, created_at) VALUES (5232, 5054, 3078, 3153, 346, 1775839978);
INSERT INTO cave_place_to_raster_map_definitions (id, x_coordinate, y_coordinate, cave_place_id, raster_map_id, created_at) VALUES (5233, 5076, 3971, 3121, 346, 1775839978);
INSERT INTO cave_place_to_raster_map_definitions (id, x_coordinate, y_coordinate, cave_place_id, raster_map_id, created_at) VALUES (5234, 492, 4196, 3143, 346, 1775839978);
INSERT INTO raster_maps (id, title, map_type, file_name, cave_id, cave_area_id, created_at) VALUES (347, 'ps_plan_1_distanta_avenul_din_drum.jpg [C8 #3] [C50 #3]', 'plane view', 'cave_1/raster_1771183787566.jpg', 50, 227, 1775839978);
INSERT INTO cave_place_to_raster_map_definitions (id, x_coordinate, y_coordinate, cave_place_id, raster_map_id, created_at) VALUES (5235, 5491, 3248, 3114, 347, 1775839978);
INSERT INTO cave_place_to_raster_map_definitions (id, x_coordinate, y_coordinate, cave_place_id, raster_map_id, created_at) VALUES (5236, 1527, 2690, 3157, 347, 1775839978);
INSERT INTO cave_place_to_raster_map_definitions (id, x_coordinate, y_coordinate, cave_place_id, raster_map_id, created_at) VALUES (5237, 5306, 1873, 3122, 347, 1775839978);
INSERT INTO cave_place_to_raster_map_definitions (id, x_coordinate, y_coordinate, cave_place_id, raster_map_id, created_at) VALUES (5238, 3459, 2936, 3119, 347, 1775839978);
INSERT INTO raster_maps (id, title, map_type, file_name, cave_id, cave_area_id, created_at) VALUES (348, '1997 Harta P.Gaura cu Vajgau 2.jpg [C57 #2] [C50 #4]', 'plane view', 'cave_3/raster_1771183787629.jpg', 50, NULL, 1775839978);
INSERT INTO cave_place_to_raster_map_definitions (id, x_coordinate, y_coordinate, cave_place_id, raster_map_id, created_at) VALUES (5239, 3650, 2218, 3139, 348, 1775839978);
INSERT INTO cave_place_to_raster_map_definitions (id, x_coordinate, y_coordinate, cave_place_id, raster_map_id, created_at) VALUES (5240, 4512, 843, 3153, 348, 1775839978);
INSERT INTO cave_place_to_raster_map_definitions (id, x_coordinate, y_coordinate, cave_place_id, raster_map_id, created_at) VALUES (5241, 171, 235, 3158, 348, 1775839978);
INSERT INTO cave_place_to_raster_map_definitions (id, x_coordinate, y_coordinate, cave_place_id, raster_map_id, created_at) VALUES (5242, 5163, 2907, 3131, 348, 1775839978);
INSERT INTO cave_place_to_raster_map_definitions (id, x_coordinate, y_coordinate, cave_place_id, raster_map_id, created_at) VALUES (5243, 1805, 252, 3146, 348, 1775839978);
INSERT INTO cave_place_to_raster_map_definitions (id, x_coordinate, y_coordinate, cave_place_id, raster_map_id, created_at) VALUES (5244, 3883, 5487, 3133, 348, 1775839978);
INSERT INTO cave_place_to_raster_map_definitions (id, x_coordinate, y_coordinate, cave_place_id, raster_map_id, created_at) VALUES (5245, 3019, 3338, 3143, 348, 1775839978);
INSERT INTO cave_place_to_raster_map_definitions (id, x_coordinate, y_coordinate, cave_place_id, raster_map_id, created_at) VALUES (5246, 5853, 1913, 3149, 348, 1775839978);
INSERT INTO cave_place_to_raster_map_definitions (id, x_coordinate, y_coordinate, cave_place_id, raster_map_id, created_at) VALUES (5247, 3900, 5294, 3125, 348, 1775839978);
INSERT INTO cave_place_to_raster_map_definitions (id, x_coordinate, y_coordinate, cave_place_id, raster_map_id, created_at) VALUES (5248, 4290, 5473, 3136, 348, 1775839978);
INSERT INTO raster_maps (id, title, map_type, file_name, cave_id, cave_area_id, created_at) VALUES (349, 'ps_20250107_explorari_plan_fundal_negru.jpg [C23 #1] [C51 #1]', 'plane view', 'cave_1/raster_1771183787549.jpg', 51, NULL, 1775839978);
INSERT INTO cave_place_to_raster_map_definitions (id, x_coordinate, y_coordinate, cave_place_id, raster_map_id, created_at) VALUES (5249, 3429, 593, 3217, 349, 1775839978);
INSERT INTO cave_place_to_raster_map_definitions (id, x_coordinate, y_coordinate, cave_place_id, raster_map_id, created_at) VALUES (5250, 4271, 511, 3195, 349, 1775839978);
INSERT INTO cave_place_to_raster_map_definitions (id, x_coordinate, y_coordinate, cave_place_id, raster_map_id, created_at) VALUES (5251, 5379, 1566, 3181, 349, 1775839978);
INSERT INTO cave_place_to_raster_map_definitions (id, x_coordinate, y_coordinate, cave_place_id, raster_map_id, created_at) VALUES (5252, 3051, 1868, 3209, 349, 1775839978);
INSERT INTO cave_place_to_raster_map_definitions (id, x_coordinate, y_coordinate, cave_place_id, raster_map_id, created_at) VALUES (5253, 920, 1666, 3163, 349, 1775839978);
INSERT INTO cave_place_to_raster_map_definitions (id, x_coordinate, y_coordinate, cave_place_id, raster_map_id, created_at) VALUES (5254, 5479, 857, 3200, 349, 1775839978);
INSERT INTO cave_place_to_raster_map_definitions (id, x_coordinate, y_coordinate, cave_place_id, raster_map_id, created_at) VALUES (5255, 1664, 5057, 3189, 349, 1775839978);
INSERT INTO cave_place_to_raster_map_definitions (id, x_coordinate, y_coordinate, cave_place_id, raster_map_id, created_at) VALUES (5256, 4232, 3703, 3197, 349, 1775839978);
INSERT INTO cave_place_to_raster_map_definitions (id, x_coordinate, y_coordinate, cave_place_id, raster_map_id, created_at) VALUES (5257, 2709, 2274, 3184, 349, 1775839978);
INSERT INTO cave_place_to_raster_map_definitions (id, x_coordinate, y_coordinate, cave_place_id, raster_map_id, created_at) VALUES (5258, 3043, 818, 3194, 349, 1775839978);
INSERT INTO cave_place_to_raster_map_definitions (id, x_coordinate, y_coordinate, cave_place_id, raster_map_id, created_at) VALUES (5259, 390, 4226, 3180, 349, 1775839978);
INSERT INTO cave_place_to_raster_map_definitions (id, x_coordinate, y_coordinate, cave_place_id, raster_map_id, created_at) VALUES (5260, 5286, 3014, 3177, 349, 1775839978);
INSERT INTO cave_place_to_raster_map_definitions (id, x_coordinate, y_coordinate, cave_place_id, raster_map_id, created_at) VALUES (5261, 3981, 466, 3188, 349, 1775839978);
INSERT INTO cave_place_to_raster_map_definitions (id, x_coordinate, y_coordinate, cave_place_id, raster_map_id, created_at) VALUES (5262, 1687, 5225, 3192, 349, 1775839978);
INSERT INTO cave_place_to_raster_map_definitions (id, x_coordinate, y_coordinate, cave_place_id, raster_map_id, created_at) VALUES (5263, 2993, 5471, 3162, 349, 1775839978);
INSERT INTO cave_place_to_raster_map_definitions (id, x_coordinate, y_coordinate, cave_place_id, raster_map_id, created_at) VALUES (5264, 352, 3153, 3204, 349, 1775839978);
INSERT INTO cave_place_to_raster_map_definitions (id, x_coordinate, y_coordinate, cave_place_id, raster_map_id, created_at) VALUES (5265, 4535, 339, 3208, 349, 1775839978);
INSERT INTO cave_place_to_raster_map_definitions (id, x_coordinate, y_coordinate, cave_place_id, raster_map_id, created_at) VALUES (5266, 5096, 4429, 3161, 349, 1775839978);
INSERT INTO cave_place_to_raster_map_definitions (id, x_coordinate, y_coordinate, cave_place_id, raster_map_id, created_at) VALUES (5267, 4237, 1601, 3198, 349, 1775839978);
INSERT INTO cave_place_to_raster_map_definitions (id, x_coordinate, y_coordinate, cave_place_id, raster_map_id, created_at) VALUES (5268, 4914, 96, 3179, 349, 1775839978);
INSERT INTO cave_place_to_raster_map_definitions (id, x_coordinate, y_coordinate, cave_place_id, raster_map_id, created_at) VALUES (5269, 3236, 1110, 3202, 349, 1775839978);
INSERT INTO raster_maps (id, title, map_type, file_name, cave_id, cave_area_id, created_at) VALUES (350, 'Ponorul Nou_curatat.jpg [C49 #3] [C51 #2]', 'plane view', 'cave_2/raster_1771183787617.jpg', 51, NULL, 1775839978);
INSERT INTO cave_place_to_raster_map_definitions (id, x_coordinate, y_coordinate, cave_place_id, raster_map_id, created_at) VALUES (5270, 2877, 47, 3164, 350, 1775839978);
INSERT INTO cave_place_to_raster_map_definitions (id, x_coordinate, y_coordinate, cave_place_id, raster_map_id, created_at) VALUES (5271, 1138, 5759, 3180, 350, 1775839978);
INSERT INTO cave_place_to_raster_map_definitions (id, x_coordinate, y_coordinate, cave_place_id, raster_map_id, created_at) VALUES (5272, 1732, 5586, 3200, 350, 1775839978);
INSERT INTO cave_place_to_raster_map_definitions (id, x_coordinate, y_coordinate, cave_place_id, raster_map_id, created_at) VALUES (5273, 4992, 3255, 3181, 350, 1775839978);
INSERT INTO cave_place_to_raster_map_definitions (id, x_coordinate, y_coordinate, cave_place_id, raster_map_id, created_at) VALUES (5274, 5073, 1850, 3187, 350, 1775839978);
INSERT INTO cave_place_to_raster_map_definitions (id, x_coordinate, y_coordinate, cave_place_id, raster_map_id, created_at) VALUES (5275, 3482, 3431, 3207, 350, 1775839978);
INSERT INTO cave_place_to_raster_map_definitions (id, x_coordinate, y_coordinate, cave_place_id, raster_map_id, created_at) VALUES (5276, 5408, 4485, 3198, 350, 1775839978);
INSERT INTO cave_place_to_raster_map_definitions (id, x_coordinate, y_coordinate, cave_place_id, raster_map_id, created_at) VALUES (5277, 4663, 3527, 3165, 350, 1775839978);
INSERT INTO cave_place_to_raster_map_definitions (id, x_coordinate, y_coordinate, cave_place_id, raster_map_id, created_at) VALUES (5278, 2377, 5078, 3169, 350, 1775839978);
INSERT INTO cave_place_to_raster_map_definitions (id, x_coordinate, y_coordinate, cave_place_id, raster_map_id, created_at) VALUES (5279, 1487, 1290, 3161, 350, 1775839978);
INSERT INTO cave_place_to_raster_map_definitions (id, x_coordinate, y_coordinate, cave_place_id, raster_map_id, created_at) VALUES (5280, 64, 3979, 3167, 350, 1775839978);
INSERT INTO cave_place_to_raster_map_definitions (id, x_coordinate, y_coordinate, cave_place_id, raster_map_id, created_at) VALUES (5281, 4626, 4393, 3204, 350, 1775839978);
INSERT INTO cave_place_to_raster_map_definitions (id, x_coordinate, y_coordinate, cave_place_id, raster_map_id, created_at) VALUES (5282, 2699, 1894, 3190, 350, 1775839978);
INSERT INTO cave_place_to_raster_map_definitions (id, x_coordinate, y_coordinate, cave_place_id, raster_map_id, created_at) VALUES (5283, 1949, 3968, 3184, 350, 1775839978);
INSERT INTO cave_place_to_raster_map_definitions (id, x_coordinate, y_coordinate, cave_place_id, raster_map_id, created_at) VALUES (5284, 4221, 5059, 3211, 350, 1775839978);
INSERT INTO cave_place_to_raster_map_definitions (id, x_coordinate, y_coordinate, cave_place_id, raster_map_id, created_at) VALUES (5285, 532, 3859, 3185, 350, 1775839978);
INSERT INTO cave_place_to_raster_map_definitions (id, x_coordinate, y_coordinate, cave_place_id, raster_map_id, created_at) VALUES (5286, 5818, 880, 3166, 350, 1775839978);
INSERT INTO cave_place_to_raster_map_definitions (id, x_coordinate, y_coordinate, cave_place_id, raster_map_id, created_at) VALUES (5287, 1901, 4312, 3192, 350, 1775839978);
INSERT INTO cave_place_to_raster_map_definitions (id, x_coordinate, y_coordinate, cave_place_id, raster_map_id, created_at) VALUES (5288, 2704, 881, 3173, 350, 1775839978);
INSERT INTO cave_place_to_raster_map_definitions (id, x_coordinate, y_coordinate, cave_place_id, raster_map_id, created_at) VALUES (5289, 964, 3485, 3162, 350, 1775839978);
INSERT INTO cave_place_to_raster_map_definitions (id, x_coordinate, y_coordinate, cave_place_id, raster_map_id, created_at) VALUES (5290, 2752, 2818, 3186, 350, 1775839978);
INSERT INTO cave_place_to_raster_map_definitions (id, x_coordinate, y_coordinate, cave_place_id, raster_map_id, created_at) VALUES (5291, 311, 1646, 3210, 350, 1775839978);
INSERT INTO cave_place_to_raster_map_definitions (id, x_coordinate, y_coordinate, cave_place_id, raster_map_id, created_at) VALUES (5292, 2505, 5630, 3214, 350, 1775839978);
INSERT INTO cave_place_to_raster_map_definitions (id, x_coordinate, y_coordinate, cave_place_id, raster_map_id, created_at) VALUES (5293, 5490, 259, 3179, 350, 1775839978);
INSERT INTO raster_maps (id, title, map_type, file_name, cave_id, cave_area_id, created_at) VALUES (351, 'geo_art_tirla_ps__harta_profil.png [C32 #5] [C51 #3]', 'plane view', 'cave_1/raster_1771183787593.png', 51, NULL, 1775839978);
INSERT INTO cave_place_to_raster_map_definitions (id, x_coordinate, y_coordinate, cave_place_id, raster_map_id, created_at) VALUES (5294, 2820, 5096, 3200, 351, 1775839978);
INSERT INTO cave_place_to_raster_map_definitions (id, x_coordinate, y_coordinate, cave_place_id, raster_map_id, created_at) VALUES (5295, 1072, 502, 3211, 351, 1775839978);
INSERT INTO cave_place_to_raster_map_definitions (id, x_coordinate, y_coordinate, cave_place_id, raster_map_id, created_at) VALUES (5296, 4089, 2828, 3179, 351, 1775839978);
INSERT INTO cave_place_to_raster_map_definitions (id, x_coordinate, y_coordinate, cave_place_id, raster_map_id, created_at) VALUES (5297, 1472, 1564, 3209, 351, 1775839978);
INSERT INTO cave_place_to_raster_map_definitions (id, x_coordinate, y_coordinate, cave_place_id, raster_map_id, created_at) VALUES (5298, 5788, 5067, 3168, 351, 1775839978);
INSERT INTO cave_place_to_raster_map_definitions (id, x_coordinate, y_coordinate, cave_place_id, raster_map_id, created_at) VALUES (5299, 684, 3762, 3203, 351, 1775839978);
INSERT INTO cave_place_to_raster_map_definitions (id, x_coordinate, y_coordinate, cave_place_id, raster_map_id, created_at) VALUES (5300, 2082, 4837, 3189, 351, 1775839978);
INSERT INTO cave_place_to_raster_map_definitions (id, x_coordinate, y_coordinate, cave_place_id, raster_map_id, created_at) VALUES (5301, 5152, 5088, 3207, 351, 1775839978);
INSERT INTO cave_place_to_raster_map_definitions (id, x_coordinate, y_coordinate, cave_place_id, raster_map_id, created_at) VALUES (5302, 1746, 487, 3191, 351, 1775839978);
INSERT INTO cave_place_to_raster_map_definitions (id, x_coordinate, y_coordinate, cave_place_id, raster_map_id, created_at) VALUES (5303, 4360, 2795, 3182, 351, 1775839978);
INSERT INTO cave_place_to_raster_map_definitions (id, x_coordinate, y_coordinate, cave_place_id, raster_map_id, created_at) VALUES (5304, 5331, 5534, 3213, 351, 1775839978);
INSERT INTO cave_place_to_raster_map_definitions (id, x_coordinate, y_coordinate, cave_place_id, raster_map_id, created_at) VALUES (5305, 838, 1672, 3175, 351, 1775839978);
INSERT INTO cave_place_to_raster_map_definitions (id, x_coordinate, y_coordinate, cave_place_id, raster_map_id, created_at) VALUES (5306, 5632, 858, 3202, 351, 1775839978);
INSERT INTO cave_place_to_raster_map_definitions (id, x_coordinate, y_coordinate, cave_place_id, raster_map_id, created_at) VALUES (5307, 3904, 5568, 3198, 351, 1775839978);
INSERT INTO cave_place_to_raster_map_definitions (id, x_coordinate, y_coordinate, cave_place_id, raster_map_id, created_at) VALUES (5308, 714, 3042, 3184, 351, 1775839978);
INSERT INTO cave_place_to_raster_map_definitions (id, x_coordinate, y_coordinate, cave_place_id, raster_map_id, created_at) VALUES (5309, 1686, 3174, 3173, 351, 1775839978);
INSERT INTO cave_place_to_raster_map_definitions (id, x_coordinate, y_coordinate, cave_place_id, raster_map_id, created_at) VALUES (5310, 681, 861, 3215, 351, 1775839978);
INSERT INTO cave_place_to_raster_map_definitions (id, x_coordinate, y_coordinate, cave_place_id, raster_map_id, created_at) VALUES (5311, 1368, 227, 3161, 351, 1775839978);
INSERT INTO cave_place_to_raster_map_definitions (id, x_coordinate, y_coordinate, cave_place_id, raster_map_id, created_at) VALUES (5312, 1143, 4512, 3194, 351, 1775839978);
INSERT INTO cave_place_to_raster_map_definitions (id, x_coordinate, y_coordinate, cave_place_id, raster_map_id, created_at) VALUES (5313, 1041, 3580, 3192, 351, 1775839978);
INSERT INTO cave_place_to_raster_map_definitions (id, x_coordinate, y_coordinate, cave_place_id, raster_map_id, created_at) VALUES (5314, 119, 2846, 3187, 351, 1775839978);
INSERT INTO cave_place_to_raster_map_definitions (id, x_coordinate, y_coordinate, cave_place_id, raster_map_id, created_at) VALUES (5315, 4847, 3032, 3204, 351, 1775839978);
INSERT INTO cave_place_to_raster_map_definitions (id, x_coordinate, y_coordinate, cave_place_id, raster_map_id, created_at) VALUES (5316, 4301, 5197, 3171, 351, 1775839978);
INSERT INTO cave_place_to_raster_map_definitions (id, x_coordinate, y_coordinate, cave_place_id, raster_map_id, created_at) VALUES (5317, 959, 3417, 3180, 351, 1775839978);
INSERT INTO cave_place_to_raster_map_definitions (id, x_coordinate, y_coordinate, cave_place_id, raster_map_id, created_at) VALUES (5318, 2023, 4394, 3193, 351, 1775839978);
INSERT INTO cave_place_to_raster_map_definitions (id, x_coordinate, y_coordinate, cave_place_id, raster_map_id, created_at) VALUES (5319, 5709, 4986, 3195, 351, 1775839978);
INSERT INTO cave_place_to_raster_map_definitions (id, x_coordinate, y_coordinate, cave_place_id, raster_map_id, created_at) VALUES (5320, 4823, 5328, 3196, 351, 1775839978);
INSERT INTO cave_place_to_raster_map_definitions (id, x_coordinate, y_coordinate, cave_place_id, raster_map_id, created_at) VALUES (5321, 5902, 1875, 3172, 351, 1775839978);
INSERT INTO cave_place_to_raster_map_definitions (id, x_coordinate, y_coordinate, cave_place_id, raster_map_id, created_at) VALUES (5322, 3102, 2298, 3177, 351, 1775839978);
INSERT INTO cave_place_to_raster_map_definitions (id, x_coordinate, y_coordinate, cave_place_id, raster_map_id, created_at) VALUES (5323, 4441, 904, 3188, 351, 1775839978);
INSERT INTO raster_maps (id, title, map_type, file_name, cave_id, cave_area_id, created_at) VALUES (352, '1997 Harta P.Gaura cu Vajgau 2.jpg [C18 #5] [C51 #4]', 'plane view', 'cave_3/raster_1771183787629.jpg', 51, NULL, 1775839978);
INSERT INTO cave_place_to_raster_map_definitions (id, x_coordinate, y_coordinate, cave_place_id, raster_map_id, created_at) VALUES (5324, 40, 725, 3188, 352, 1775839978);
INSERT INTO cave_place_to_raster_map_definitions (id, x_coordinate, y_coordinate, cave_place_id, raster_map_id, created_at) VALUES (5325, 5577, 4629, 3176, 352, 1775839978);
INSERT INTO cave_place_to_raster_map_definitions (id, x_coordinate, y_coordinate, cave_place_id, raster_map_id, created_at) VALUES (5326, 4481, 3013, 3187, 352, 1775839978);
INSERT INTO cave_place_to_raster_map_definitions (id, x_coordinate, y_coordinate, cave_place_id, raster_map_id, created_at) VALUES (5327, 4019, 3324, 3203, 352, 1775839978);
INSERT INTO cave_place_to_raster_map_definitions (id, x_coordinate, y_coordinate, cave_place_id, raster_map_id, created_at) VALUES (5328, 4392, 5250, 3184, 352, 1775839978);
INSERT INTO cave_place_to_raster_map_definitions (id, x_coordinate, y_coordinate, cave_place_id, raster_map_id, created_at) VALUES (5329, 2735, 3602, 3205, 352, 1775839978);
INSERT INTO cave_place_to_raster_map_definitions (id, x_coordinate, y_coordinate, cave_place_id, raster_map_id, created_at) VALUES (5330, 2619, 3457, 3181, 352, 1775839978);
INSERT INTO cave_place_to_raster_map_definitions (id, x_coordinate, y_coordinate, cave_place_id, raster_map_id, created_at) VALUES (5331, 3442, 2320, 3215, 352, 1775839978);
INSERT INTO cave_place_to_raster_map_definitions (id, x_coordinate, y_coordinate, cave_place_id, raster_map_id, created_at) VALUES (5332, 2425, 1424, 3169, 352, 1775839978);
INSERT INTO cave_place_to_raster_map_definitions (id, x_coordinate, y_coordinate, cave_place_id, raster_map_id, created_at) VALUES (5333, 1151, 3984, 3171, 352, 1775839978);
INSERT INTO cave_place_to_raster_map_definitions (id, x_coordinate, y_coordinate, cave_place_id, raster_map_id, created_at) VALUES (5334, 4490, 1659, 3165, 352, 1775839978);
INSERT INTO cave_place_to_raster_map_definitions (id, x_coordinate, y_coordinate, cave_place_id, raster_map_id, created_at) VALUES (5335, 4645, 5206, 3195, 352, 1775839978);
INSERT INTO cave_place_to_raster_map_definitions (id, x_coordinate, y_coordinate, cave_place_id, raster_map_id, created_at) VALUES (5336, 445, 5532, 3210, 352, 1775839978);
INSERT INTO cave_place_to_raster_map_definitions (id, x_coordinate, y_coordinate, cave_place_id, raster_map_id, created_at) VALUES (5337, 3353, 5497, 3178, 352, 1775839978);
INSERT INTO cave_place_to_raster_map_definitions (id, x_coordinate, y_coordinate, cave_place_id, raster_map_id, created_at) VALUES (5338, 1014, 3491, 3206, 352, 1775839978);
INSERT INTO cave_place_to_raster_map_definitions (id, x_coordinate, y_coordinate, cave_place_id, raster_map_id, created_at) VALUES (5339, 4730, 836, 3216, 352, 1775839978);
INSERT INTO cave_place_to_raster_map_definitions (id, x_coordinate, y_coordinate, cave_place_id, raster_map_id, created_at) VALUES (5340, 1975, 3561, 3208, 352, 1775839978);
INSERT INTO cave_place_to_raster_map_definitions (id, x_coordinate, y_coordinate, cave_place_id, raster_map_id, created_at) VALUES (5341, 4408, 5833, 3191, 352, 1775839978);
INSERT INTO cave_place_to_raster_map_definitions (id, x_coordinate, y_coordinate, cave_place_id, raster_map_id, created_at) VALUES (5342, 5305, 420, 3201, 352, 1775839978);
INSERT INTO cave_place_to_raster_map_definitions (id, x_coordinate, y_coordinate, cave_place_id, raster_map_id, created_at) VALUES (5343, 905, 3513, 3214, 352, 1775839978);
INSERT INTO cave_place_to_raster_map_definitions (id, x_coordinate, y_coordinate, cave_place_id, raster_map_id, created_at) VALUES (5344, 2215, 3853, 3159, 352, 1775839978);
INSERT INTO cave_place_to_raster_map_definitions (id, x_coordinate, y_coordinate, cave_place_id, raster_map_id, created_at) VALUES (5345, 5986, 3985, 3196, 352, 1775839978);
INSERT INTO cave_place_to_raster_map_definitions (id, x_coordinate, y_coordinate, cave_place_id, raster_map_id, created_at) VALUES (5346, 5693, 358, 3199, 352, 1775839978);
INSERT INTO cave_place_to_raster_map_definitions (id, x_coordinate, y_coordinate, cave_place_id, raster_map_id, created_at) VALUES (5347, 2227, 5195, 3189, 352, 1775839978);
INSERT INTO cave_place_to_raster_map_definitions (id, x_coordinate, y_coordinate, cave_place_id, raster_map_id, created_at) VALUES (5348, 2899, 5782, 3207, 352, 1775839978);
INSERT INTO cave_place_to_raster_map_definitions (id, x_coordinate, y_coordinate, cave_place_id, raster_map_id, created_at) VALUES (5349, 3869, 715, 3198, 352, 1775839978);
INSERT INTO raster_maps (id, title, map_type, file_name, cave_id, cave_area_id, created_at) VALUES (353, 'Ponorul Nou_curatat.jpg [C20 #2] [C52 #1]', 'plane view', 'cave_2/raster_1771183787617.jpg', 52, NULL, 1775839978);
INSERT INTO cave_place_to_raster_map_definitions (id, x_coordinate, y_coordinate, cave_place_id, raster_map_id, created_at) VALUES (5350, 3290, 1314, 3221, 353, 1775839978);
INSERT INTO cave_place_to_raster_map_definitions (id, x_coordinate, y_coordinate, cave_place_id, raster_map_id, created_at) VALUES (5351, 634, 201, 3244, 353, 1775839978);
INSERT INTO cave_place_to_raster_map_definitions (id, x_coordinate, y_coordinate, cave_place_id, raster_map_id, created_at) VALUES (5352, 5966, 4949, 3276, 353, 1775839978);
INSERT INTO raster_maps (id, title, map_type, file_name, cave_id, cave_area_id, created_at) VALUES (354, 'ps_20250107_explorari_plan_fundal_negru.jpg [C25 #1] [C52 #2]', 'plane view', 'cave_1/raster_1771183787549.jpg', 52, NULL, 1775839978);
INSERT INTO cave_place_to_raster_map_definitions (id, x_coordinate, y_coordinate, cave_place_id, raster_map_id, created_at) VALUES (5353, 4986, 3588, 3269, 354, 1775839978);
INSERT INTO cave_place_to_raster_map_definitions (id, x_coordinate, y_coordinate, cave_place_id, raster_map_id, created_at) VALUES (5354, 5252, 94, 3245, 354, 1775839978);
INSERT INTO cave_place_to_raster_map_definitions (id, x_coordinate, y_coordinate, cave_place_id, raster_map_id, created_at) VALUES (5355, 5137, 1186, 3264, 354, 1775839978);
INSERT INTO cave_place_to_raster_map_definitions (id, x_coordinate, y_coordinate, cave_place_id, raster_map_id, created_at) VALUES (5356, 5567, 1279, 3283, 354, 1775839978);
INSERT INTO cave_place_to_raster_map_definitions (id, x_coordinate, y_coordinate, cave_place_id, raster_map_id, created_at) VALUES (5357, 679, 2275, 3268, 354, 1775839978);
INSERT INTO cave_place_to_raster_map_definitions (id, x_coordinate, y_coordinate, cave_place_id, raster_map_id, created_at) VALUES (5358, 1501, 2566, 3249, 354, 1775839978);
INSERT INTO cave_place_to_raster_map_definitions (id, x_coordinate, y_coordinate, cave_place_id, raster_map_id, created_at) VALUES (5359, 799, 1741, 3230, 354, 1775839978);
INSERT INTO cave_place_to_raster_map_definitions (id, x_coordinate, y_coordinate, cave_place_id, raster_map_id, created_at) VALUES (5360, 4315, 4979, 3247, 354, 1775839978);
INSERT INTO cave_place_to_raster_map_definitions (id, x_coordinate, y_coordinate, cave_place_id, raster_map_id, created_at) VALUES (5361, 3469, 3053, 3250, 354, 1775839978);
INSERT INTO cave_place_to_raster_map_definitions (id, x_coordinate, y_coordinate, cave_place_id, raster_map_id, created_at) VALUES (5362, 2720, 4347, 3270, 354, 1775839978);
INSERT INTO cave_place_to_raster_map_definitions (id, x_coordinate, y_coordinate, cave_place_id, raster_map_id, created_at) VALUES (5363, 3891, 41, 3266, 354, 1775839978);
INSERT INTO cave_place_to_raster_map_definitions (id, x_coordinate, y_coordinate, cave_place_id, raster_map_id, created_at) VALUES (5364, 1110, 781, 3281, 354, 1775839978);
INSERT INTO cave_place_to_raster_map_definitions (id, x_coordinate, y_coordinate, cave_place_id, raster_map_id, created_at) VALUES (5365, 323, 5368, 3240, 354, 1775839978);
INSERT INTO cave_place_to_raster_map_definitions (id, x_coordinate, y_coordinate, cave_place_id, raster_map_id, created_at) VALUES (5366, 4736, 1818, 3222, 354, 1775839978);
INSERT INTO cave_place_to_raster_map_definitions (id, x_coordinate, y_coordinate, cave_place_id, raster_map_id, created_at) VALUES (5367, 232, 5687, 3277, 354, 1775839978);
INSERT INTO cave_place_to_raster_map_definitions (id, x_coordinate, y_coordinate, cave_place_id, raster_map_id, created_at) VALUES (5368, 4517, 5483, 3219, 354, 1775839978);
INSERT INTO cave_place_to_raster_map_definitions (id, x_coordinate, y_coordinate, cave_place_id, raster_map_id, created_at) VALUES (5369, 4010, 4104, 3220, 354, 1775839978);
INSERT INTO cave_place_to_raster_map_definitions (id, x_coordinate, y_coordinate, cave_place_id, raster_map_id, created_at) VALUES (5370, 471, 3940, 3224, 354, 1775839978);
INSERT INTO cave_place_to_raster_map_definitions (id, x_coordinate, y_coordinate, cave_place_id, raster_map_id, created_at) VALUES (5371, 5694, 5499, 3272, 354, 1775839978);
INSERT INTO cave_place_to_raster_map_definitions (id, x_coordinate, y_coordinate, cave_place_id, raster_map_id, created_at) VALUES (5372, 3061, 5864, 3228, 354, 1775839978);
INSERT INTO cave_place_to_raster_map_definitions (id, x_coordinate, y_coordinate, cave_place_id, raster_map_id, created_at) VALUES (5373, 5522, 3020, 3253, 354, 1775839978);
INSERT INTO cave_place_to_raster_map_definitions (id, x_coordinate, y_coordinate, cave_place_id, raster_map_id, created_at) VALUES (5374, 960, 908, 3235, 354, 1775839978);
INSERT INTO cave_place_to_raster_map_definitions (id, x_coordinate, y_coordinate, cave_place_id, raster_map_id, created_at) VALUES (5375, 1999, 3112, 3280, 354, 1775839978);
INSERT INTO cave_place_to_raster_map_definitions (id, x_coordinate, y_coordinate, cave_place_id, raster_map_id, created_at) VALUES (5376, 4150, 805, 3239, 354, 1775839978);
INSERT INTO cave_place_to_raster_map_definitions (id, x_coordinate, y_coordinate, cave_place_id, raster_map_id, created_at) VALUES (5377, 2752, 1189, 3229, 354, 1775839978);
INSERT INTO cave_place_to_raster_map_definitions (id, x_coordinate, y_coordinate, cave_place_id, raster_map_id, created_at) VALUES (5378, 2513, 1748, 3237, 354, 1775839978);
INSERT INTO raster_maps (id, title, map_type, file_name, cave_id, cave_area_id, created_at) VALUES (355, 'Ponorul Nou - zona intrare.jpg [C50 #1] [C52 #3]', 'plane view', 'cave_2/raster_1771183787599.jpg', 52, NULL, 1775839978);
INSERT INTO cave_place_to_raster_map_definitions (id, x_coordinate, y_coordinate, cave_place_id, raster_map_id, created_at) VALUES (5379, 4148, 3808, 3240, 355, 1775839978);
INSERT INTO cave_place_to_raster_map_definitions (id, x_coordinate, y_coordinate, cave_place_id, raster_map_id, created_at) VALUES (5380, 4713, 1974, 3278, 355, 1775839978);
INSERT INTO cave_place_to_raster_map_definitions (id, x_coordinate, y_coordinate, cave_place_id, raster_map_id, created_at) VALUES (5381, 5558, 792, 3239, 355, 1775839978);
INSERT INTO cave_place_to_raster_map_definitions (id, x_coordinate, y_coordinate, cave_place_id, raster_map_id, created_at) VALUES (5382, 613, 3724, 3250, 355, 1775839978);
INSERT INTO cave_place_to_raster_map_definitions (id, x_coordinate, y_coordinate, cave_place_id, raster_map_id, created_at) VALUES (5383, 1214, 5070, 3253, 355, 1775839978);
INSERT INTO cave_place_to_raster_map_definitions (id, x_coordinate, y_coordinate, cave_place_id, raster_map_id, created_at) VALUES (5384, 2524, 1241, 3242, 355, 1775839978);
INSERT INTO cave_place_to_raster_map_definitions (id, x_coordinate, y_coordinate, cave_place_id, raster_map_id, created_at) VALUES (5385, 4042, 3268, 3224, 355, 1775839978);
INSERT INTO cave_place_to_raster_map_definitions (id, x_coordinate, y_coordinate, cave_place_id, raster_map_id, created_at) VALUES (5386, 4423, 1198, 3284, 355, 1775839978);
INSERT INTO raster_maps (id, title, map_type, file_name, cave_id, cave_area_id, created_at) VALUES (356, 'ps_plan_1_distanta_avenul_din_drum.jpg [C24 #1] [C52 #4]', 'plane view', 'cave_1/raster_1771183787566.jpg', 52, NULL, 1775839978);
INSERT INTO cave_place_to_raster_map_definitions (id, x_coordinate, y_coordinate, cave_place_id, raster_map_id, created_at) VALUES (5387, 5265, 3447, 3245, 356, 1775839978);
INSERT INTO cave_place_to_raster_map_definitions (id, x_coordinate, y_coordinate, cave_place_id, raster_map_id, created_at) VALUES (5388, 4220, 5423, 3277, 356, 1775839978);
INSERT INTO cave_place_to_raster_map_definitions (id, x_coordinate, y_coordinate, cave_place_id, raster_map_id, created_at) VALUES (5389, 5153, 4373, 3275, 356, 1775839978);
INSERT INTO cave_place_to_raster_map_definitions (id, x_coordinate, y_coordinate, cave_place_id, raster_map_id, created_at) VALUES (5390, 3480, 594, 3228, 356, 1775839978);
INSERT INTO cave_place_to_raster_map_definitions (id, x_coordinate, y_coordinate, cave_place_id, raster_map_id, created_at) VALUES (5391, 2181, 4099, 3262, 356, 1775839978);
INSERT INTO cave_place_to_raster_map_definitions (id, x_coordinate, y_coordinate, cave_place_id, raster_map_id, created_at) VALUES (5392, 4622, 3940, 3238, 356, 1775839978);
INSERT INTO cave_place_to_raster_map_definitions (id, x_coordinate, y_coordinate, cave_place_id, raster_map_id, created_at) VALUES (5393, 5665, 3980, 3252, 356, 1775839978);
INSERT INTO cave_place_to_raster_map_definitions (id, x_coordinate, y_coordinate, cave_place_id, raster_map_id, created_at) VALUES (5394, 2868, 1261, 3239, 356, 1775839978);
INSERT INTO cave_place_to_raster_map_definitions (id, x_coordinate, y_coordinate, cave_place_id, raster_map_id, created_at) VALUES (5395, 4907, 637, 3236, 356, 1775839978);
INSERT INTO cave_place_to_raster_map_definitions (id, x_coordinate, y_coordinate, cave_place_id, raster_map_id, created_at) VALUES (5396, 448, 3870, 3254, 356, 1775839978);
INSERT INTO cave_place_to_raster_map_definitions (id, x_coordinate, y_coordinate, cave_place_id, raster_map_id, created_at) VALUES (5397, 4875, 1792, 3263, 356, 1775839978);
INSERT INTO cave_place_to_raster_map_definitions (id, x_coordinate, y_coordinate, cave_place_id, raster_map_id, created_at) VALUES (5398, 829, 5874, 3251, 356, 1775839978);
INSERT INTO cave_place_to_raster_map_definitions (id, x_coordinate, y_coordinate, cave_place_id, raster_map_id, created_at) VALUES (5399, 5911, 1988, 3267, 356, 1775839978);
INSERT INTO cave_place_to_raster_map_definitions (id, x_coordinate, y_coordinate, cave_place_id, raster_map_id, created_at) VALUES (5400, 815, 3618, 3234, 356, 1775839978);
INSERT INTO cave_place_to_raster_map_definitions (id, x_coordinate, y_coordinate, cave_place_id, raster_map_id, created_at) VALUES (5401, 5927, 2865, 3269, 356, 1775839978);
INSERT INTO cave_place_to_raster_map_definitions (id, x_coordinate, y_coordinate, cave_place_id, raster_map_id, created_at) VALUES (5402, 1429, 5764, 3265, 356, 1775839978);
INSERT INTO cave_place_to_raster_map_definitions (id, x_coordinate, y_coordinate, cave_place_id, raster_map_id, created_at) VALUES (5403, 4345, 1700, 3283, 356, 1775839978);
INSERT INTO cave_place_to_raster_map_definitions (id, x_coordinate, y_coordinate, cave_place_id, raster_map_id, created_at) VALUES (5404, 156, 3034, 3276, 356, 1775839978);
INSERT INTO cave_place_to_raster_map_definitions (id, x_coordinate, y_coordinate, cave_place_id, raster_map_id, created_at) VALUES (5405, 4673, 1814, 3230, 356, 1775839978);
INSERT INTO cave_place_to_raster_map_definitions (id, x_coordinate, y_coordinate, cave_place_id, raster_map_id, created_at) VALUES (5406, 4482, 1359, 3260, 356, 1775839978);
INSERT INTO cave_place_to_raster_map_definitions (id, x_coordinate, y_coordinate, cave_place_id, raster_map_id, created_at) VALUES (5407, 5134, 5381, 3231, 356, 1775839978);
INSERT INTO raster_maps (id, title, map_type, file_name, cave_id, cave_area_id, created_at) VALUES (357, 'cerna_ps_pn_pdp_plan_en_articol.jpg [C6 #1] [C52 #5]', 'plane view', 'cave_1/raster_1771183787584.jpg', 52, 239, 1775839978);
INSERT INTO cave_place_to_raster_map_definitions (id, x_coordinate, y_coordinate, cave_place_id, raster_map_id, created_at) VALUES (5408, 5441, 3340, 3241, 357, 1775839978);
INSERT INTO cave_place_to_raster_map_definitions (id, x_coordinate, y_coordinate, cave_place_id, raster_map_id, created_at) VALUES (5409, 1712, 3369, 3252, 357, 1775839978);
INSERT INTO cave_place_to_raster_map_definitions (id, x_coordinate, y_coordinate, cave_place_id, raster_map_id, created_at) VALUES (5410, 5519, 4582, 3251, 357, 1775839978);
INSERT INTO cave_place_to_raster_map_definitions (id, x_coordinate, y_coordinate, cave_place_id, raster_map_id, created_at) VALUES (5411, 3321, 4858, 3279, 357, 1775839978);
INSERT INTO cave_place_to_raster_map_definitions (id, x_coordinate, y_coordinate, cave_place_id, raster_map_id, created_at) VALUES (5412, 2805, 4427, 3265, 357, 1775839978);
INSERT INTO cave_place_to_raster_map_definitions (id, x_coordinate, y_coordinate, cave_place_id, raster_map_id, created_at) VALUES (5413, 4049, 3839, 3249, 357, 1775839978);
INSERT INTO cave_place_to_raster_map_definitions (id, x_coordinate, y_coordinate, cave_place_id, raster_map_id, created_at) VALUES (5414, 4409, 950, 3271, 357, 1775839978);
INSERT INTO cave_place_to_raster_map_definitions (id, x_coordinate, y_coordinate, cave_place_id, raster_map_id, created_at) VALUES (5415, 3914, 214, 3226, 357, 1775839978);
INSERT INTO cave_place_to_raster_map_definitions (id, x_coordinate, y_coordinate, cave_place_id, raster_map_id, created_at) VALUES (5416, 1210, 5295, 3247, 357, 1775839978);
INSERT INTO cave_place_to_raster_map_definitions (id, x_coordinate, y_coordinate, cave_place_id, raster_map_id, created_at) VALUES (5417, 719, 4085, 3229, 357, 1775839978);
INSERT INTO cave_place_to_raster_map_definitions (id, x_coordinate, y_coordinate, cave_place_id, raster_map_id, created_at) VALUES (5418, 49, 2247, 3262, 357, 1775839978);
INSERT INTO cave_place_to_raster_map_definitions (id, x_coordinate, y_coordinate, cave_place_id, raster_map_id, created_at) VALUES (5419, 1986, 1671, 3221, 357, 1775839978);
INSERT INTO cave_place_to_raster_map_definitions (id, x_coordinate, y_coordinate, cave_place_id, raster_map_id, created_at) VALUES (5420, 4676, 5121, 3274, 357, 1775839978);
INSERT INTO cave_place_to_raster_map_definitions (id, x_coordinate, y_coordinate, cave_place_id, raster_map_id, created_at) VALUES (5421, 4784, 251, 3225, 357, 1775839978);
INSERT INTO cave_place_to_raster_map_definitions (id, x_coordinate, y_coordinate, cave_place_id, raster_map_id, created_at) VALUES (5422, 259, 432, 3234, 357, 1775839978);
INSERT INTO cave_place_to_raster_map_definitions (id, x_coordinate, y_coordinate, cave_place_id, raster_map_id, created_at) VALUES (5423, 2171, 2867, 3218, 357, 1775839978);
INSERT INTO cave_place_to_raster_map_definitions (id, x_coordinate, y_coordinate, cave_place_id, raster_map_id, created_at) VALUES (5424, 160, 3968, 3227, 357, 1775839978);
INSERT INTO cave_place_to_raster_map_definitions (id, x_coordinate, y_coordinate, cave_place_id, raster_map_id, created_at) VALUES (5425, 3010, 791, 3280, 357, 1775839978);
INSERT INTO cave_place_to_raster_map_definitions (id, x_coordinate, y_coordinate, cave_place_id, raster_map_id, created_at) VALUES (5426, 5109, 3746, 3231, 357, 1775839978);
INSERT INTO cave_place_to_raster_map_definitions (id, x_coordinate, y_coordinate, cave_place_id, raster_map_id, created_at) VALUES (5427, 262, 4320, 3245, 357, 1775839978);
INSERT INTO raster_maps (id, title, map_type, file_name, cave_id, cave_area_id, created_at) VALUES (358, 'cerna_ps_pn_pdp_plan_en_articol.jpg [C6 #1] [C53 #1]', 'plane view', 'cave_1/raster_1771183787584.jpg', 53, NULL, 1775839978);
INSERT INTO cave_place_to_raster_map_definitions (id, x_coordinate, y_coordinate, cave_place_id, raster_map_id, created_at) VALUES (5428, 2347, 5270, 3351, 358, 1775839978);
INSERT INTO cave_place_to_raster_map_definitions (id, x_coordinate, y_coordinate, cave_place_id, raster_map_id, created_at) VALUES (5429, 4691, 563, 3286, 358, 1775839978);
INSERT INTO cave_place_to_raster_map_definitions (id, x_coordinate, y_coordinate, cave_place_id, raster_map_id, created_at) VALUES (5430, 4409, 5385, 3316, 358, 1775839978);
INSERT INTO cave_place_to_raster_map_definitions (id, x_coordinate, y_coordinate, cave_place_id, raster_map_id, created_at) VALUES (5431, 249, 2628, 3305, 358, 1775839978);
INSERT INTO cave_place_to_raster_map_definitions (id, x_coordinate, y_coordinate, cave_place_id, raster_map_id, created_at) VALUES (5432, 4421, 4705, 3335, 358, 1775839978);
INSERT INTO cave_place_to_raster_map_definitions (id, x_coordinate, y_coordinate, cave_place_id, raster_map_id, created_at) VALUES (5433, 1323, 1470, 3298, 358, 1775839978);
INSERT INTO cave_place_to_raster_map_definitions (id, x_coordinate, y_coordinate, cave_place_id, raster_map_id, created_at) VALUES (5434, 2814, 2214, 3296, 358, 1775839978);
INSERT INTO cave_place_to_raster_map_definitions (id, x_coordinate, y_coordinate, cave_place_id, raster_map_id, created_at) VALUES (5435, 3575, 3792, 3315, 358, 1775839978);
INSERT INTO cave_place_to_raster_map_definitions (id, x_coordinate, y_coordinate, cave_place_id, raster_map_id, created_at) VALUES (5436, 1855, 5744, 3288, 358, 1775839978);
INSERT INTO cave_place_to_raster_map_definitions (id, x_coordinate, y_coordinate, cave_place_id, raster_map_id, created_at) VALUES (5437, 2135, 2523, 3349, 358, 1775839978);
INSERT INTO cave_place_to_raster_map_definitions (id, x_coordinate, y_coordinate, cave_place_id, raster_map_id, created_at) VALUES (5438, 3040, 522, 3366, 358, 1775839978);
INSERT INTO cave_place_to_raster_map_definitions (id, x_coordinate, y_coordinate, cave_place_id, raster_map_id, created_at) VALUES (5439, 2470, 2923, 3368, 358, 1775839978);
INSERT INTO cave_place_to_raster_map_definitions (id, x_coordinate, y_coordinate, cave_place_id, raster_map_id, created_at) VALUES (5440, 3163, 1039, 3314, 358, 1775839978);
INSERT INTO cave_place_to_raster_map_definitions (id, x_coordinate, y_coordinate, cave_place_id, raster_map_id, created_at) VALUES (5441, 5914, 5171, 3373, 358, 1775839978);
INSERT INTO cave_place_to_raster_map_definitions (id, x_coordinate, y_coordinate, cave_place_id, raster_map_id, created_at) VALUES (5442, 326, 2473, 3343, 358, 1775839978);
INSERT INTO cave_place_to_raster_map_definitions (id, x_coordinate, y_coordinate, cave_place_id, raster_map_id, created_at) VALUES (5443, 5760, 3045, 3303, 358, 1775839978);
INSERT INTO cave_place_to_raster_map_definitions (id, x_coordinate, y_coordinate, cave_place_id, raster_map_id, created_at) VALUES (5444, 3400, 1329, 3355, 358, 1775839978);
INSERT INTO cave_place_to_raster_map_definitions (id, x_coordinate, y_coordinate, cave_place_id, raster_map_id, created_at) VALUES (5445, 4817, 2173, 3301, 358, 1775839978);
INSERT INTO raster_maps (id, title, map_type, file_name, cave_id, cave_area_id, created_at) VALUES (359, 'ps_20250107_explorari_plan_fundal_negru.jpg [C55 #2] [C53 #2]', 'plane view', 'cave_1/raster_1771183787549.jpg', 53, 241, 1775839978);
INSERT INTO cave_place_to_raster_map_definitions (id, x_coordinate, y_coordinate, cave_place_id, raster_map_id, created_at) VALUES (5446, 939, 3391, 3328, 359, 1775839978);
INSERT INTO cave_place_to_raster_map_definitions (id, x_coordinate, y_coordinate, cave_place_id, raster_map_id, created_at) VALUES (5447, 3188, 1929, 3337, 359, 1775839978);
INSERT INTO cave_place_to_raster_map_definitions (id, x_coordinate, y_coordinate, cave_place_id, raster_map_id, created_at) VALUES (5448, 665, 2504, 3338, 359, 1775839978);
INSERT INTO cave_place_to_raster_map_definitions (id, x_coordinate, y_coordinate, cave_place_id, raster_map_id, created_at) VALUES (5449, 5247, 4452, 3294, 359, 1775839978);
INSERT INTO cave_place_to_raster_map_definitions (id, x_coordinate, y_coordinate, cave_place_id, raster_map_id, created_at) VALUES (5450, 1203, 989, 3366, 359, 1775839978);
INSERT INTO cave_place_to_raster_map_definitions (id, x_coordinate, y_coordinate, cave_place_id, raster_map_id, created_at) VALUES (5451, 4492, 2525, 3298, 359, 1775839978);
INSERT INTO cave_place_to_raster_map_definitions (id, x_coordinate, y_coordinate, cave_place_id, raster_map_id, created_at) VALUES (5452, 1046, 2955, 3356, 359, 1775839978);
INSERT INTO cave_place_to_raster_map_definitions (id, x_coordinate, y_coordinate, cave_place_id, raster_map_id, created_at) VALUES (5453, 971, 859, 3349, 359, 1775839978);
INSERT INTO raster_maps (id, title, map_type, file_name, cave_id, cave_area_id, created_at) VALUES (360, 'geo_art_tirla_ps__harta_profil.png [C61 #1] [C54 #1]', 'plane view', 'cave_1/raster_1771183787593.png', 54, NULL, 1775839978);
INSERT INTO cave_place_to_raster_map_definitions (id, x_coordinate, y_coordinate, cave_place_id, raster_map_id, created_at) VALUES (5454, 416, 3206, 3375, 360, 1775839978);
INSERT INTO cave_place_to_raster_map_definitions (id, x_coordinate, y_coordinate, cave_place_id, raster_map_id, created_at) VALUES (5455, 5331, 4124, 3410, 360, 1775839978);
INSERT INTO cave_place_to_raster_map_definitions (id, x_coordinate, y_coordinate, cave_place_id, raster_map_id, created_at) VALUES (5456, 5219, 1817, 3405, 360, 1775839978);
INSERT INTO cave_place_to_raster_map_definitions (id, x_coordinate, y_coordinate, cave_place_id, raster_map_id, created_at) VALUES (5457, 5712, 4106, 3408, 360, 1775839978);
INSERT INTO cave_place_to_raster_map_definitions (id, x_coordinate, y_coordinate, cave_place_id, raster_map_id, created_at) VALUES (5458, 2125, 2422, 3414, 360, 1775839978);
INSERT INTO cave_place_to_raster_map_definitions (id, x_coordinate, y_coordinate, cave_place_id, raster_map_id, created_at) VALUES (5459, 3119, 1900, 3426, 360, 1775839978);
INSERT INTO cave_place_to_raster_map_definitions (id, x_coordinate, y_coordinate, cave_place_id, raster_map_id, created_at) VALUES (5460, 5108, 2956, 3434, 360, 1775839978);
INSERT INTO cave_place_to_raster_map_definitions (id, x_coordinate, y_coordinate, cave_place_id, raster_map_id, created_at) VALUES (5461, 2700, 5070, 3399, 360, 1775839978);
INSERT INTO cave_place_to_raster_map_definitions (id, x_coordinate, y_coordinate, cave_place_id, raster_map_id, created_at) VALUES (5462, 949, 4141, 3376, 360, 1775839978);
INSERT INTO cave_place_to_raster_map_definitions (id, x_coordinate, y_coordinate, cave_place_id, raster_map_id, created_at) VALUES (5463, 3545, 4082, 3404, 360, 1775839978);
INSERT INTO cave_place_to_raster_map_definitions (id, x_coordinate, y_coordinate, cave_place_id, raster_map_id, created_at) VALUES (5464, 586, 4334, 3443, 360, 1775839978);
INSERT INTO cave_place_to_raster_map_definitions (id, x_coordinate, y_coordinate, cave_place_id, raster_map_id, created_at) VALUES (5465, 1529, 3146, 3425, 360, 1775839978);
INSERT INTO cave_place_to_raster_map_definitions (id, x_coordinate, y_coordinate, cave_place_id, raster_map_id, created_at) VALUES (5466, 4632, 735, 3385, 360, 1775839978);
INSERT INTO cave_place_to_raster_map_definitions (id, x_coordinate, y_coordinate, cave_place_id, raster_map_id, created_at) VALUES (5467, 3080, 2953, 3400, 360, 1775839978);
INSERT INTO cave_place_to_raster_map_definitions (id, x_coordinate, y_coordinate, cave_place_id, raster_map_id, created_at) VALUES (5468, 5206, 3299, 3415, 360, 1775839978);
INSERT INTO cave_place_to_raster_map_definitions (id, x_coordinate, y_coordinate, cave_place_id, raster_map_id, created_at) VALUES (5469, 3361, 1555, 3397, 360, 1775839978);
INSERT INTO raster_maps (id, title, map_type, file_name, cave_id, cave_area_id, created_at) VALUES (361, 'Ponorul Nou - zona intrare_nordata.jpg [C40 #1] [C54 #2]', 'plane view', 'cave_2/raster_1771183787610.jpg', 54, NULL, 1775839978);
INSERT INTO cave_place_to_raster_map_definitions (id, x_coordinate, y_coordinate, cave_place_id, raster_map_id, created_at) VALUES (5470, 1626, 4195, 3410, 361, 1775839978);
INSERT INTO cave_place_to_raster_map_definitions (id, x_coordinate, y_coordinate, cave_place_id, raster_map_id, created_at) VALUES (5471, 3096, 2137, 3401, 361, 1775839978);
INSERT INTO cave_place_to_raster_map_definitions (id, x_coordinate, y_coordinate, cave_place_id, raster_map_id, created_at) VALUES (5472, 1008, 1702, 3399, 361, 1775839978);
INSERT INTO cave_place_to_raster_map_definitions (id, x_coordinate, y_coordinate, cave_place_id, raster_map_id, created_at) VALUES (5473, 326, 5330, 3379, 361, 1775839978);
INSERT INTO cave_place_to_raster_map_definitions (id, x_coordinate, y_coordinate, cave_place_id, raster_map_id, created_at) VALUES (5474, 1125, 2330, 3412, 361, 1775839978);
INSERT INTO cave_place_to_raster_map_definitions (id, x_coordinate, y_coordinate, cave_place_id, raster_map_id, created_at) VALUES (5475, 1739, 886, 3375, 361, 1775839978);
INSERT INTO cave_place_to_raster_map_definitions (id, x_coordinate, y_coordinate, cave_place_id, raster_map_id, created_at) VALUES (5476, 4020, 2759, 3441, 361, 1775839978);
INSERT INTO cave_place_to_raster_map_definitions (id, x_coordinate, y_coordinate, cave_place_id, raster_map_id, created_at) VALUES (5477, 2720, 3381, 3382, 361, 1775839978);
INSERT INTO cave_place_to_raster_map_definitions (id, x_coordinate, y_coordinate, cave_place_id, raster_map_id, created_at) VALUES (5478, 3473, 3092, 3416, 361, 1775839978);
INSERT INTO cave_place_to_raster_map_definitions (id, x_coordinate, y_coordinate, cave_place_id, raster_map_id, created_at) VALUES (5479, 5765, 5548, 3383, 361, 1775839978);
INSERT INTO cave_place_to_raster_map_definitions (id, x_coordinate, y_coordinate, cave_place_id, raster_map_id, created_at) VALUES (5480, 1800, 4018, 3422, 361, 1775839978);
INSERT INTO cave_place_to_raster_map_definitions (id, x_coordinate, y_coordinate, cave_place_id, raster_map_id, created_at) VALUES (5481, 4084, 2036, 3423, 361, 1775839978);
INSERT INTO cave_place_to_raster_map_definitions (id, x_coordinate, y_coordinate, cave_place_id, raster_map_id, created_at) VALUES (5482, 1882, 2827, 3437, 361, 1775839978);
INSERT INTO cave_place_to_raster_map_definitions (id, x_coordinate, y_coordinate, cave_place_id, raster_map_id, created_at) VALUES (5483, 2978, 4153, 3420, 361, 1775839978);
INSERT INTO cave_place_to_raster_map_definitions (id, x_coordinate, y_coordinate, cave_place_id, raster_map_id, created_at) VALUES (5484, 489, 895, 3442, 361, 1775839978);
INSERT INTO cave_place_to_raster_map_definitions (id, x_coordinate, y_coordinate, cave_place_id, raster_map_id, created_at) VALUES (5485, 2248, 3967, 3432, 361, 1775839978);
INSERT INTO cave_place_to_raster_map_definitions (id, x_coordinate, y_coordinate, cave_place_id, raster_map_id, created_at) VALUES (5486, 825, 1829, 3398, 361, 1775839978);
INSERT INTO cave_place_to_raster_map_definitions (id, x_coordinate, y_coordinate, cave_place_id, raster_map_id, created_at) VALUES (5487, 1971, 2717, 3411, 361, 1775839978);
INSERT INTO cave_place_to_raster_map_definitions (id, x_coordinate, y_coordinate, cave_place_id, raster_map_id, created_at) VALUES (5488, 2167, 1033, 3388, 361, 1775839978);
INSERT INTO cave_place_to_raster_map_definitions (id, x_coordinate, y_coordinate, cave_place_id, raster_map_id, created_at) VALUES (5489, 3232, 1352, 3387, 361, 1775839978);
INSERT INTO cave_place_to_raster_map_definitions (id, x_coordinate, y_coordinate, cave_place_id, raster_map_id, created_at) VALUES (5490, 1871, 5998, 3414, 361, 1775839978);
INSERT INTO cave_place_to_raster_map_definitions (id, x_coordinate, y_coordinate, cave_place_id, raster_map_id, created_at) VALUES (5491, 4695, 4047, 3376, 361, 1775839978);
INSERT INTO cave_place_to_raster_map_definitions (id, x_coordinate, y_coordinate, cave_place_id, raster_map_id, created_at) VALUES (5492, 23, 710, 3390, 361, 1775839978);
INSERT INTO cave_place_to_raster_map_definitions (id, x_coordinate, y_coordinate, cave_place_id, raster_map_id, created_at) VALUES (5493, 5560, 4333, 3426, 361, 1775839978);
INSERT INTO cave_place_to_raster_map_definitions (id, x_coordinate, y_coordinate, cave_place_id, raster_map_id, created_at) VALUES (5494, 4533, 2420, 3440, 361, 1775839978);
INSERT INTO cave_place_to_raster_map_definitions (id, x_coordinate, y_coordinate, cave_place_id, raster_map_id, created_at) VALUES (5495, 1731, 1689, 3443, 361, 1775839978);
INSERT INTO cave_place_to_raster_map_definitions (id, x_coordinate, y_coordinate, cave_place_id, raster_map_id, created_at) VALUES (5496, 3660, 191, 3409, 361, 1775839978);
INSERT INTO cave_place_to_raster_map_definitions (id, x_coordinate, y_coordinate, cave_place_id, raster_map_id, created_at) VALUES (5497, 3950, 369, 3405, 361, 1775839978);
INSERT INTO cave_place_to_raster_map_definitions (id, x_coordinate, y_coordinate, cave_place_id, raster_map_id, created_at) VALUES (5498, 1349, 4855, 3378, 361, 1775839978);
INSERT INTO cave_place_to_raster_map_definitions (id, x_coordinate, y_coordinate, cave_place_id, raster_map_id, created_at) VALUES (5499, 4438, 2050, 3427, 361, 1775839978);
INSERT INTO raster_maps (id, title, map_type, file_name, cave_id, cave_area_id, created_at) VALUES (362, 'Ponorul Nou - zona intrare.jpg [C1 #3] [C54 #3]', 'plane view', 'cave_2/raster_1771183787599.jpg', 54, NULL, 1775839978);
INSERT INTO cave_place_to_raster_map_definitions (id, x_coordinate, y_coordinate, cave_place_id, raster_map_id, created_at) VALUES (5500, 1179, 1739, 3399, 362, 1775839978);
INSERT INTO cave_place_to_raster_map_definitions (id, x_coordinate, y_coordinate, cave_place_id, raster_map_id, created_at) VALUES (5501, 844, 5991, 3425, 362, 1775839978);
INSERT INTO cave_place_to_raster_map_definitions (id, x_coordinate, y_coordinate, cave_place_id, raster_map_id, created_at) VALUES (5502, 2289, 62, 3407, 362, 1775839978);
INSERT INTO cave_place_to_raster_map_definitions (id, x_coordinate, y_coordinate, cave_place_id, raster_map_id, created_at) VALUES (5503, 2598, 2221, 3418, 362, 1775839978);
INSERT INTO cave_place_to_raster_map_definitions (id, x_coordinate, y_coordinate, cave_place_id, raster_map_id, created_at) VALUES (5504, 4792, 3141, 3440, 362, 1775839978);
INSERT INTO cave_place_to_raster_map_definitions (id, x_coordinate, y_coordinate, cave_place_id, raster_map_id, created_at) VALUES (5505, 5223, 140, 3385, 362, 1775839978);
INSERT INTO raster_maps (id, title, map_type, file_name, cave_id, cave_area_id, created_at) VALUES (363, 'Ponorul Nou - zona intrare.jpg [C29 #1] [C54 #4]', 'plane view', 'cave_2/raster_1771183787599.jpg', 54, NULL, 1775839978);
INSERT INTO cave_place_to_raster_map_definitions (id, x_coordinate, y_coordinate, cave_place_id, raster_map_id, created_at) VALUES (5506, 2699, 3930, 3413, 363, 1775839978);
INSERT INTO cave_place_to_raster_map_definitions (id, x_coordinate, y_coordinate, cave_place_id, raster_map_id, created_at) VALUES (5507, 4370, 4802, 3382, 363, 1775839978);
INSERT INTO cave_place_to_raster_map_definitions (id, x_coordinate, y_coordinate, cave_place_id, raster_map_id, created_at) VALUES (5508, 618, 490, 3375, 363, 1775839978);
INSERT INTO raster_maps (id, title, map_type, file_name, cave_id, cave_area_id, created_at) VALUES (364, 'Ponorul Nou - zona intrare_nordata.jpg [C40 #1] [C55 #1]', 'plane view', 'cave_2/raster_1771183787610.jpg', 55, 249, 1775839978);
INSERT INTO cave_place_to_raster_map_definitions (id, x_coordinate, y_coordinate, cave_place_id, raster_map_id, created_at) VALUES (5509, 5219, 1814, 3489, 364, 1775839978);
INSERT INTO cave_place_to_raster_map_definitions (id, x_coordinate, y_coordinate, cave_place_id, raster_map_id, created_at) VALUES (5510, 4670, 1662, 3463, 364, 1775839978);
INSERT INTO cave_place_to_raster_map_definitions (id, x_coordinate, y_coordinate, cave_place_id, raster_map_id, created_at) VALUES (5511, 5618, 4783, 3467, 364, 1775839978);
INSERT INTO cave_place_to_raster_map_definitions (id, x_coordinate, y_coordinate, cave_place_id, raster_map_id, created_at) VALUES (5512, 2571, 3524, 3461, 364, 1775839978);
INSERT INTO cave_place_to_raster_map_definitions (id, x_coordinate, y_coordinate, cave_place_id, raster_map_id, created_at) VALUES (5513, 4078, 1984, 3483, 364, 1775839978);
INSERT INTO raster_maps (id, title, map_type, file_name, cave_id, cave_area_id, created_at) VALUES (365, 'Ponorul Nou_curatat.jpg [C20 #2] [C55 #2]', 'plane view', 'cave_2/raster_1771183787617.jpg', 55, NULL, 1775839978);
INSERT INTO cave_place_to_raster_map_definitions (id, x_coordinate, y_coordinate, cave_place_id, raster_map_id, created_at) VALUES (5514, 1203, 1385, 3458, 365, 1775839978);
INSERT INTO cave_place_to_raster_map_definitions (id, x_coordinate, y_coordinate, cave_place_id, raster_map_id, created_at) VALUES (5515, 4296, 983, 3463, 365, 1775839978);
INSERT INTO cave_place_to_raster_map_definitions (id, x_coordinate, y_coordinate, cave_place_id, raster_map_id, created_at) VALUES (5516, 1842, 2805, 3449, 365, 1775839978);
INSERT INTO cave_place_to_raster_map_definitions (id, x_coordinate, y_coordinate, cave_place_id, raster_map_id, created_at) VALUES (5517, 914, 3205, 3461, 365, 1775839978);
INSERT INTO cave_place_to_raster_map_definitions (id, x_coordinate, y_coordinate, cave_place_id, raster_map_id, created_at) VALUES (5518, 5285, 4257, 3445, 365, 1775839978);
INSERT INTO cave_place_to_raster_map_definitions (id, x_coordinate, y_coordinate, cave_place_id, raster_map_id, created_at) VALUES (5519, 2955, 1096, 3486, 365, 1775839978);
INSERT INTO cave_place_to_raster_map_definitions (id, x_coordinate, y_coordinate, cave_place_id, raster_map_id, created_at) VALUES (5520, 2381, 430, 3493, 365, 1775839978);
INSERT INTO cave_place_to_raster_map_definitions (id, x_coordinate, y_coordinate, cave_place_id, raster_map_id, created_at) VALUES (5521, 422, 1560, 3483, 365, 1775839978);
INSERT INTO cave_place_to_raster_map_definitions (id, x_coordinate, y_coordinate, cave_place_id, raster_map_id, created_at) VALUES (5522, 501, 4449, 3459, 365, 1775839978);
INSERT INTO cave_place_to_raster_map_definitions (id, x_coordinate, y_coordinate, cave_place_id, raster_map_id, created_at) VALUES (5523, 3210, 3404, 3474, 365, 1775839978);
INSERT INTO cave_place_to_raster_map_definitions (id, x_coordinate, y_coordinate, cave_place_id, raster_map_id, created_at) VALUES (5524, 2338, 2981, 3491, 365, 1775839978);
INSERT INTO cave_place_to_raster_map_definitions (id, x_coordinate, y_coordinate, cave_place_id, raster_map_id, created_at) VALUES (5525, 4142, 3066, 3492, 365, 1775839978);
INSERT INTO cave_place_to_raster_map_definitions (id, x_coordinate, y_coordinate, cave_place_id, raster_map_id, created_at) VALUES (5526, 3803, 1599, 3485, 365, 1775839978);
INSERT INTO cave_place_to_raster_map_definitions (id, x_coordinate, y_coordinate, cave_place_id, raster_map_id, created_at) VALUES (5527, 1866, 1099, 3496, 365, 1775839978);
INSERT INTO cave_place_to_raster_map_definitions (id, x_coordinate, y_coordinate, cave_place_id, raster_map_id, created_at) VALUES (5528, 1653, 902, 3479, 365, 1775839978);
INSERT INTO cave_place_to_raster_map_definitions (id, x_coordinate, y_coordinate, cave_place_id, raster_map_id, created_at) VALUES (5529, 2136, 5274, 3462, 365, 1775839978);
INSERT INTO cave_place_to_raster_map_definitions (id, x_coordinate, y_coordinate, cave_place_id, raster_map_id, created_at) VALUES (5530, 2893, 4029, 3480, 365, 1775839978);
INSERT INTO raster_maps (id, title, map_type, file_name, cave_id, cave_area_id, created_at) VALUES (366, 'Ponorul Nou_curatat.jpg [C39 #1] [C55 #3]', 'plane view', 'cave_2/raster_1771183787617.jpg', 55, NULL, 1775839978);
INSERT INTO cave_place_to_raster_map_definitions (id, x_coordinate, y_coordinate, cave_place_id, raster_map_id, created_at) VALUES (5531, 3745, 4721, 3462, 366, 1775839978);
INSERT INTO cave_place_to_raster_map_definitions (id, x_coordinate, y_coordinate, cave_place_id, raster_map_id, created_at) VALUES (5532, 696, 4225, 3449, 366, 1775839978);
INSERT INTO cave_place_to_raster_map_definitions (id, x_coordinate, y_coordinate, cave_place_id, raster_map_id, created_at) VALUES (5533, 2475, 3777, 3466, 366, 1775839978);
INSERT INTO cave_place_to_raster_map_definitions (id, x_coordinate, y_coordinate, cave_place_id, raster_map_id, created_at) VALUES (5534, 302, 4271, 3491, 366, 1775839978);
INSERT INTO cave_place_to_raster_map_definitions (id, x_coordinate, y_coordinate, cave_place_id, raster_map_id, created_at) VALUES (5535, 5168, 3622, 3477, 366, 1775839978);
INSERT INTO cave_place_to_raster_map_definitions (id, x_coordinate, y_coordinate, cave_place_id, raster_map_id, created_at) VALUES (5536, 2996, 2751, 3475, 366, 1775839978);
INSERT INTO cave_place_to_raster_map_definitions (id, x_coordinate, y_coordinate, cave_place_id, raster_map_id, created_at) VALUES (5537, 3225, 4760, 3470, 366, 1775839978);
INSERT INTO cave_place_to_raster_map_definitions (id, x_coordinate, y_coordinate, cave_place_id, raster_map_id, created_at) VALUES (5538, 2506, 2401, 3464, 366, 1775839978);
INSERT INTO cave_place_to_raster_map_definitions (id, x_coordinate, y_coordinate, cave_place_id, raster_map_id, created_at) VALUES (5539, 2029, 4557, 3482, 366, 1775839978);
INSERT INTO cave_place_to_raster_map_definitions (id, x_coordinate, y_coordinate, cave_place_id, raster_map_id, created_at) VALUES (5540, 4194, 3774, 3461, 366, 1775839978);
INSERT INTO cave_place_to_raster_map_definitions (id, x_coordinate, y_coordinate, cave_place_id, raster_map_id, created_at) VALUES (5541, 4704, 2623, 3487, 366, 1775839978);
INSERT INTO cave_place_to_raster_map_definitions (id, x_coordinate, y_coordinate, cave_place_id, raster_map_id, created_at) VALUES (5542, 4841, 4147, 3483, 366, 1775839978);
INSERT INTO cave_place_to_raster_map_definitions (id, x_coordinate, y_coordinate, cave_place_id, raster_map_id, created_at) VALUES (5543, 2553, 5301, 3481, 366, 1775839978);
INSERT INTO cave_place_to_raster_map_definitions (id, x_coordinate, y_coordinate, cave_place_id, raster_map_id, created_at) VALUES (5544, 1456, 1828, 3468, 366, 1775839978);
INSERT INTO cave_place_to_raster_map_definitions (id, x_coordinate, y_coordinate, cave_place_id, raster_map_id, created_at) VALUES (5545, 1840, 4507, 3480, 366, 1775839978);
INSERT INTO cave_place_to_raster_map_definitions (id, x_coordinate, y_coordinate, cave_place_id, raster_map_id, created_at) VALUES (5546, 1648, 4774, 3457, 366, 1775839978);
INSERT INTO cave_place_to_raster_map_definitions (id, x_coordinate, y_coordinate, cave_place_id, raster_map_id, created_at) VALUES (5547, 1053, 156, 3465, 366, 1775839978);
INSERT INTO raster_maps (id, title, map_type, file_name, cave_id, cave_area_id, created_at) VALUES (367, 'cerna_ps_pn_pdp_plan_en_articol.jpg [C30 #1] [C55 #4]', 'plane view', 'cave_1/raster_1771183787584.jpg', 55, NULL, 1775839978);
INSERT INTO cave_place_to_raster_map_definitions (id, x_coordinate, y_coordinate, cave_place_id, raster_map_id, created_at) VALUES (5548, 1667, 1107, 3446, 367, 1775839978);
INSERT INTO cave_place_to_raster_map_definitions (id, x_coordinate, y_coordinate, cave_place_id, raster_map_id, created_at) VALUES (5549, 242, 1720, 3470, 367, 1775839978);
INSERT INTO raster_maps (id, title, map_type, file_name, cave_id, cave_area_id, created_at) VALUES (368, 'geo_art_tirla_ps__harta_profil.png [C17 #4] [C55 #5]', 'plane view', 'cave_1/raster_1771183787593.png', 55, NULL, 1775839978);
INSERT INTO cave_place_to_raster_map_definitions (id, x_coordinate, y_coordinate, cave_place_id, raster_map_id, created_at) VALUES (5550, 4363, 5407, 3479, 368, 1775839978);
INSERT INTO cave_place_to_raster_map_definitions (id, x_coordinate, y_coordinate, cave_place_id, raster_map_id, created_at) VALUES (5551, 505, 1047, 3444, 368, 1775839978);
INSERT INTO cave_place_to_raster_map_definitions (id, x_coordinate, y_coordinate, cave_place_id, raster_map_id, created_at) VALUES (5552, 4061, 3232, 3460, 368, 1775839978);
INSERT INTO cave_place_to_raster_map_definitions (id, x_coordinate, y_coordinate, cave_place_id, raster_map_id, created_at) VALUES (5553, 2065, 1648, 3455, 368, 1775839978);
INSERT INTO cave_place_to_raster_map_definitions (id, x_coordinate, y_coordinate, cave_place_id, raster_map_id, created_at) VALUES (5554, 532, 4579, 3484, 368, 1775839978);
INSERT INTO cave_place_to_raster_map_definitions (id, x_coordinate, y_coordinate, cave_place_id, raster_map_id, created_at) VALUES (5555, 3989, 3577, 3476, 368, 1775839978);
INSERT INTO cave_place_to_raster_map_definitions (id, x_coordinate, y_coordinate, cave_place_id, raster_map_id, created_at) VALUES (5556, 3740, 3470, 3494, 368, 1775839978);
INSERT INTO cave_place_to_raster_map_definitions (id, x_coordinate, y_coordinate, cave_place_id, raster_map_id, created_at) VALUES (5557, 4544, 771, 3477, 368, 1775839978);
INSERT INTO cave_place_to_raster_map_definitions (id, x_coordinate, y_coordinate, cave_place_id, raster_map_id, created_at) VALUES (5558, 4784, 5374, 3462, 368, 1775839978);
INSERT INTO cave_place_to_raster_map_definitions (id, x_coordinate, y_coordinate, cave_place_id, raster_map_id, created_at) VALUES (5559, 1836, 477, 3447, 368, 1775839978);
INSERT INTO cave_place_to_raster_map_definitions (id, x_coordinate, y_coordinate, cave_place_id, raster_map_id, created_at) VALUES (5560, 4263, 214, 3468, 368, 1775839978);
INSERT INTO cave_place_to_raster_map_definitions (id, x_coordinate, y_coordinate, cave_place_id, raster_map_id, created_at) VALUES (5561, 1501, 4214, 3465, 368, 1775839978);
INSERT INTO cave_place_to_raster_map_definitions (id, x_coordinate, y_coordinate, cave_place_id, raster_map_id, created_at) VALUES (5562, 4336, 2864, 3456, 368, 1775839978);
INSERT INTO cave_place_to_raster_map_definitions (id, x_coordinate, y_coordinate, cave_place_id, raster_map_id, created_at) VALUES (5563, 3067, 3919, 3467, 368, 1775839978);
INSERT INTO cave_place_to_raster_map_definitions (id, x_coordinate, y_coordinate, cave_place_id, raster_map_id, created_at) VALUES (5564, 1109, 544, 3457, 368, 1775839978);
INSERT INTO cave_place_to_raster_map_definitions (id, x_coordinate, y_coordinate, cave_place_id, raster_map_id, created_at) VALUES (5565, 79, 2240, 3489, 368, 1775839978);
INSERT INTO cave_place_to_raster_map_definitions (id, x_coordinate, y_coordinate, cave_place_id, raster_map_id, created_at) VALUES (5566, 5288, 711, 3483, 368, 1775839978);
INSERT INTO cave_place_to_raster_map_definitions (id, x_coordinate, y_coordinate, cave_place_id, raster_map_id, created_at) VALUES (5567, 960, 3873, 3472, 368, 1775839978);
INSERT INTO cave_place_to_raster_map_definitions (id, x_coordinate, y_coordinate, cave_place_id, raster_map_id, created_at) VALUES (5568, 2106, 3856, 3487, 368, 1775839978);
INSERT INTO cave_place_to_raster_map_definitions (id, x_coordinate, y_coordinate, cave_place_id, raster_map_id, created_at) VALUES (5569, 335, 565, 3470, 368, 1775839978);
INSERT INTO cave_place_to_raster_map_definitions (id, x_coordinate, y_coordinate, cave_place_id, raster_map_id, created_at) VALUES (5570, 3036, 4657, 3461, 368, 1775839978);
INSERT INTO cave_place_to_raster_map_definitions (id, x_coordinate, y_coordinate, cave_place_id, raster_map_id, created_at) VALUES (5571, 2193, 1244, 3459, 368, 1775839978);
INSERT INTO cave_place_to_raster_map_definitions (id, x_coordinate, y_coordinate, cave_place_id, raster_map_id, created_at) VALUES (5572, 3294, 550, 3475, 368, 1775839978);
INSERT INTO cave_place_to_raster_map_definitions (id, x_coordinate, y_coordinate, cave_place_id, raster_map_id, created_at) VALUES (5573, 4989, 2254, 3466, 368, 1775839978);
INSERT INTO cave_place_to_raster_map_definitions (id, x_coordinate, y_coordinate, cave_place_id, raster_map_id, created_at) VALUES (5574, 4357, 1889, 3445, 368, 1775839978);
INSERT INTO cave_place_to_raster_map_definitions (id, x_coordinate, y_coordinate, cave_place_id, raster_map_id, created_at) VALUES (5575, 4381, 2469, 3453, 368, 1775839978);
INSERT INTO raster_maps (id, title, map_type, file_name, cave_id, cave_area_id, created_at) VALUES (369, 'Ponorul Nou - zona intrare_nordata.jpg [C35 #1] [C56 #1]', 'plane view', 'cave_2/raster_1771183787610.jpg', 56, NULL, 1775839978);
INSERT INTO cave_place_to_raster_map_definitions (id, x_coordinate, y_coordinate, cave_place_id, raster_map_id, created_at) VALUES (5576, 35, 2074, 3580, 369, 1775839978);
INSERT INTO cave_place_to_raster_map_definitions (id, x_coordinate, y_coordinate, cave_place_id, raster_map_id, created_at) VALUES (5577, 4942, 1653, 3503, 369, 1775839978);
INSERT INTO cave_place_to_raster_map_definitions (id, x_coordinate, y_coordinate, cave_place_id, raster_map_id, created_at) VALUES (5578, 4216, 2155, 3559, 369, 1775839978);
INSERT INTO cave_place_to_raster_map_definitions (id, x_coordinate, y_coordinate, cave_place_id, raster_map_id, created_at) VALUES (5579, 2342, 490, 3497, 369, 1775839978);
INSERT INTO cave_place_to_raster_map_definitions (id, x_coordinate, y_coordinate, cave_place_id, raster_map_id, created_at) VALUES (5580, 600, 3380, 3523, 369, 1775839978);
INSERT INTO cave_place_to_raster_map_definitions (id, x_coordinate, y_coordinate, cave_place_id, raster_map_id, created_at) VALUES (5581, 4311, 472, 3506, 369, 1775839978);
INSERT INTO cave_place_to_raster_map_definitions (id, x_coordinate, y_coordinate, cave_place_id, raster_map_id, created_at) VALUES (5582, 5983, 5633, 3545, 369, 1775839978);
INSERT INTO cave_place_to_raster_map_definitions (id, x_coordinate, y_coordinate, cave_place_id, raster_map_id, created_at) VALUES (5583, 5726, 657, 3500, 369, 1775839978);
INSERT INTO cave_place_to_raster_map_definitions (id, x_coordinate, y_coordinate, cave_place_id, raster_map_id, created_at) VALUES (5584, 36, 4945, 3537, 369, 1775839978);
INSERT INTO cave_place_to_raster_map_definitions (id, x_coordinate, y_coordinate, cave_place_id, raster_map_id, created_at) VALUES (5585, 1848, 2117, 3518, 369, 1775839978);
INSERT INTO cave_place_to_raster_map_definitions (id, x_coordinate, y_coordinate, cave_place_id, raster_map_id, created_at) VALUES (5586, 993, 238, 3556, 369, 1775839978);
INSERT INTO cave_place_to_raster_map_definitions (id, x_coordinate, y_coordinate, cave_place_id, raster_map_id, created_at) VALUES (5587, 3794, 4563, 3544, 369, 1775839978);
INSERT INTO cave_place_to_raster_map_definitions (id, x_coordinate, y_coordinate, cave_place_id, raster_map_id, created_at) VALUES (5588, 517, 4217, 3557, 369, 1775839978);
INSERT INTO cave_place_to_raster_map_definitions (id, x_coordinate, y_coordinate, cave_place_id, raster_map_id, created_at) VALUES (5589, 1597, 5024, 3534, 369, 1775839978);
INSERT INTO cave_place_to_raster_map_definitions (id, x_coordinate, y_coordinate, cave_place_id, raster_map_id, created_at) VALUES (5590, 2506, 849, 3536, 369, 1775839978);
INSERT INTO cave_place_to_raster_map_definitions (id, x_coordinate, y_coordinate, cave_place_id, raster_map_id, created_at) VALUES (5591, 298, 48, 3563, 369, 1775839978);
INSERT INTO cave_place_to_raster_map_definitions (id, x_coordinate, y_coordinate, cave_place_id, raster_map_id, created_at) VALUES (5592, 1863, 601, 3532, 369, 1775839978);
INSERT INTO cave_place_to_raster_map_definitions (id, x_coordinate, y_coordinate, cave_place_id, raster_map_id, created_at) VALUES (5593, 2662, 1691, 3516, 369, 1775839978);
INSERT INTO cave_place_to_raster_map_definitions (id, x_coordinate, y_coordinate, cave_place_id, raster_map_id, created_at) VALUES (5594, 1612, 1600, 3507, 369, 1775839978);
INSERT INTO cave_place_to_raster_map_definitions (id, x_coordinate, y_coordinate, cave_place_id, raster_map_id, created_at) VALUES (5595, 1019, 1820, 3565, 369, 1775839978);
INSERT INTO cave_place_to_raster_map_definitions (id, x_coordinate, y_coordinate, cave_place_id, raster_map_id, created_at) VALUES (5596, 1500, 1227, 3574, 369, 1775839978);
INSERT INTO cave_place_to_raster_map_definitions (id, x_coordinate, y_coordinate, cave_place_id, raster_map_id, created_at) VALUES (5597, 198, 4136, 3514, 369, 1775839978);
INSERT INTO cave_place_to_raster_map_definitions (id, x_coordinate, y_coordinate, cave_place_id, raster_map_id, created_at) VALUES (5598, 957, 5069, 3549, 369, 1775839978);
INSERT INTO cave_place_to_raster_map_definitions (id, x_coordinate, y_coordinate, cave_place_id, raster_map_id, created_at) VALUES (5599, 2791, 5299, 3571, 369, 1775839978);
INSERT INTO raster_maps (id, title, map_type, file_name, cave_id, cave_area_id, created_at) VALUES (370, 'Ponorul Nou - zona intrare.jpg [C42 #3] [C56 #2]', 'plane view', 'cave_2/raster_1771183787599.jpg', 56, NULL, 1775839978);
INSERT INTO cave_place_to_raster_map_definitions (id, x_coordinate, y_coordinate, cave_place_id, raster_map_id, created_at) VALUES (5600, 5210, 2882, 3567, 370, 1775839978);
INSERT INTO cave_place_to_raster_map_definitions (id, x_coordinate, y_coordinate, cave_place_id, raster_map_id, created_at) VALUES (5601, 3244, 2946, 3579, 370, 1775839978);
INSERT INTO cave_place_to_raster_map_definitions (id, x_coordinate, y_coordinate, cave_place_id, raster_map_id, created_at) VALUES (5602, 4336, 2222, 3535, 370, 1775839978);
INSERT INTO cave_place_to_raster_map_definitions (id, x_coordinate, y_coordinate, cave_place_id, raster_map_id, created_at) VALUES (5603, 483, 2967, 3557, 370, 1775839978);
INSERT INTO cave_place_to_raster_map_definitions (id, x_coordinate, y_coordinate, cave_place_id, raster_map_id, created_at) VALUES (5604, 3024, 5727, 3528, 370, 1775839978);
INSERT INTO cave_place_to_raster_map_definitions (id, x_coordinate, y_coordinate, cave_place_id, raster_map_id, created_at) VALUES (5605, 3198, 507, 3552, 370, 1775839978);
INSERT INTO cave_place_to_raster_map_definitions (id, x_coordinate, y_coordinate, cave_place_id, raster_map_id, created_at) VALUES (5606, 2858, 3457, 3514, 370, 1775839978);
INSERT INTO raster_maps (id, title, map_type, file_name, cave_id, cave_area_id, created_at) VALUES (371, 'cerna_ps_pn_pdp_plan_en_articol.jpg [C7 #3] [C57 #1]', 'plane view', 'cave_1/raster_1771183787584.jpg', 57, NULL, 1775839978);
INSERT INTO cave_place_to_raster_map_definitions (id, x_coordinate, y_coordinate, cave_place_id, raster_map_id, created_at) VALUES (5607, 4233, 1048, 3609, 371, 1775839978);
INSERT INTO cave_place_to_raster_map_definitions (id, x_coordinate, y_coordinate, cave_place_id, raster_map_id, created_at) VALUES (5608, 5852, 1747, 3615, 371, 1775839978);
INSERT INTO cave_place_to_raster_map_definitions (id, x_coordinate, y_coordinate, cave_place_id, raster_map_id, created_at) VALUES (5609, 3672, 3066, 3624, 371, 1775839978);
INSERT INTO cave_place_to_raster_map_definitions (id, x_coordinate, y_coordinate, cave_place_id, raster_map_id, created_at) VALUES (5610, 1409, 3961, 3658, 371, 1775839978);
INSERT INTO cave_place_to_raster_map_definitions (id, x_coordinate, y_coordinate, cave_place_id, raster_map_id, created_at) VALUES (5611, 4362, 1489, 3599, 371, 1775839978);
INSERT INTO cave_place_to_raster_map_definitions (id, x_coordinate, y_coordinate, cave_place_id, raster_map_id, created_at) VALUES (5612, 4557, 493, 3600, 371, 1775839978);
INSERT INTO cave_place_to_raster_map_definitions (id, x_coordinate, y_coordinate, cave_place_id, raster_map_id, created_at) VALUES (5613, 455, 5137, 3641, 371, 1775839978);
INSERT INTO cave_place_to_raster_map_definitions (id, x_coordinate, y_coordinate, cave_place_id, raster_map_id, created_at) VALUES (5614, 89, 247, 3646, 371, 1775839978);
INSERT INTO cave_place_to_raster_map_definitions (id, x_coordinate, y_coordinate, cave_place_id, raster_map_id, created_at) VALUES (5615, 560, 622, 3643, 371, 1775839978);
INSERT INTO cave_place_to_raster_map_definitions (id, x_coordinate, y_coordinate, cave_place_id, raster_map_id, created_at) VALUES (5616, 2928, 4755, 3589, 371, 1775839978);
INSERT INTO cave_place_to_raster_map_definitions (id, x_coordinate, y_coordinate, cave_place_id, raster_map_id, created_at) VALUES (5617, 5101, 4099, 3651, 371, 1775839978);
INSERT INTO cave_place_to_raster_map_definitions (id, x_coordinate, y_coordinate, cave_place_id, raster_map_id, created_at) VALUES (5618, 665, 2515, 3594, 371, 1775839978);
INSERT INTO cave_place_to_raster_map_definitions (id, x_coordinate, y_coordinate, cave_place_id, raster_map_id, created_at) VALUES (5619, 1718, 62, 3628, 371, 1775839978);
INSERT INTO cave_place_to_raster_map_definitions (id, x_coordinate, y_coordinate, cave_place_id, raster_map_id, created_at) VALUES (5620, 4334, 577, 3626, 371, 1775839978);
INSERT INTO cave_place_to_raster_map_definitions (id, x_coordinate, y_coordinate, cave_place_id, raster_map_id, created_at) VALUES (5621, 1666, 2928, 3605, 371, 1775839978);
INSERT INTO cave_place_to_raster_map_definitions (id, x_coordinate, y_coordinate, cave_place_id, raster_map_id, created_at) VALUES (5622, 3945, 231, 3621, 371, 1775839978);
INSERT INTO cave_place_to_raster_map_definitions (id, x_coordinate, y_coordinate, cave_place_id, raster_map_id, created_at) VALUES (5623, 1720, 3832, 3650, 371, 1775839978);
INSERT INTO cave_place_to_raster_map_definitions (id, x_coordinate, y_coordinate, cave_place_id, raster_map_id, created_at) VALUES (5624, 3833, 737, 3644, 371, 1775839978);
INSERT INTO cave_place_to_raster_map_definitions (id, x_coordinate, y_coordinate, cave_place_id, raster_map_id, created_at) VALUES (5625, 610, 491, 3592, 371, 1775839978);
INSERT INTO cave_place_to_raster_map_definitions (id, x_coordinate, y_coordinate, cave_place_id, raster_map_id, created_at) VALUES (5626, 3537, 3778, 3620, 371, 1775839978);
INSERT INTO cave_place_to_raster_map_definitions (id, x_coordinate, y_coordinate, cave_place_id, raster_map_id, created_at) VALUES (5627, 4647, 477, 3653, 371, 1775839978);
INSERT INTO cave_place_to_raster_map_definitions (id, x_coordinate, y_coordinate, cave_place_id, raster_map_id, created_at) VALUES (5628, 3928, 1927, 3665, 371, 1775839978);
INSERT INTO raster_maps (id, title, map_type, file_name, cave_id, cave_area_id, created_at) VALUES (372, 'Ponorul Nou_curatat.jpg [C22 #2] [C57 #2]', 'plane view', 'cave_2/raster_1771183787617.jpg', 57, 260, 1775839978);
INSERT INTO cave_place_to_raster_map_definitions (id, x_coordinate, y_coordinate, cave_place_id, raster_map_id, created_at) VALUES (5629, 2851, 3982, 3605, 372, 1775839978);
INSERT INTO cave_place_to_raster_map_definitions (id, x_coordinate, y_coordinate, cave_place_id, raster_map_id, created_at) VALUES (5630, 709, 5688, 3650, 372, 1775839978);
INSERT INTO cave_place_to_raster_map_definitions (id, x_coordinate, y_coordinate, cave_place_id, raster_map_id, created_at) VALUES (5631, 202, 1964, 3609, 372, 1775839978);
INSERT INTO cave_place_to_raster_map_definitions (id, x_coordinate, y_coordinate, cave_place_id, raster_map_id, created_at) VALUES (5632, 4752, 1843, 3614, 372, 1775839978);
INSERT INTO cave_place_to_raster_map_definitions (id, x_coordinate, y_coordinate, cave_place_id, raster_map_id, created_at) VALUES (5633, 4919, 4095, 3639, 372, 1775839978);
INSERT INTO cave_place_to_raster_map_definitions (id, x_coordinate, y_coordinate, cave_place_id, raster_map_id, created_at) VALUES (5634, 5181, 1313, 3626, 372, 1775839978);
INSERT INTO cave_place_to_raster_map_definitions (id, x_coordinate, y_coordinate, cave_place_id, raster_map_id, created_at) VALUES (5635, 2745, 2817, 3597, 372, 1775839978);
INSERT INTO cave_place_to_raster_map_definitions (id, x_coordinate, y_coordinate, cave_place_id, raster_map_id, created_at) VALUES (5636, 3375, 2338, 3623, 372, 1775839978);
INSERT INTO cave_place_to_raster_map_definitions (id, x_coordinate, y_coordinate, cave_place_id, raster_map_id, created_at) VALUES (5637, 4946, 5524, 3595, 372, 1775839978);
INSERT INTO cave_place_to_raster_map_definitions (id, x_coordinate, y_coordinate, cave_place_id, raster_map_id, created_at) VALUES (5638, 4536, 3199, 3587, 372, 1775839978);
INSERT INTO cave_place_to_raster_map_definitions (id, x_coordinate, y_coordinate, cave_place_id, raster_map_id, created_at) VALUES (5639, 4007, 3366, 3633, 372, 1775839978);
INSERT INTO cave_place_to_raster_map_definitions (id, x_coordinate, y_coordinate, cave_place_id, raster_map_id, created_at) VALUES (5640, 2116, 3415, 3590, 372, 1775839978);
INSERT INTO cave_place_to_raster_map_definitions (id, x_coordinate, y_coordinate, cave_place_id, raster_map_id, created_at) VALUES (5641, 2858, 3495, 3601, 372, 1775839978);
INSERT INTO cave_place_to_raster_map_definitions (id, x_coordinate, y_coordinate, cave_place_id, raster_map_id, created_at) VALUES (5642, 3555, 5555, 3611, 372, 1775839978);
INSERT INTO cave_place_to_raster_map_definitions (id, x_coordinate, y_coordinate, cave_place_id, raster_map_id, created_at) VALUES (5643, 2847, 648, 3608, 372, 1775839978);
INSERT INTO cave_place_to_raster_map_definitions (id, x_coordinate, y_coordinate, cave_place_id, raster_map_id, created_at) VALUES (5644, 612, 5422, 3594, 372, 1775839978);
INSERT INTO cave_place_to_raster_map_definitions (id, x_coordinate, y_coordinate, cave_place_id, raster_map_id, created_at) VALUES (5645, 5462, 596, 3659, 372, 1775839978);
INSERT INTO cave_place_to_raster_map_definitions (id, x_coordinate, y_coordinate, cave_place_id, raster_map_id, created_at) VALUES (5646, 1218, 5528, 3628, 372, 1775839978);
INSERT INTO cave_place_to_raster_map_definitions (id, x_coordinate, y_coordinate, cave_place_id, raster_map_id, created_at) VALUES (5647, 1925, 3669, 3612, 372, 1775839978);
INSERT INTO cave_place_to_raster_map_definitions (id, x_coordinate, y_coordinate, cave_place_id, raster_map_id, created_at) VALUES (5648, 962, 276, 3622, 372, 1775839978);
INSERT INTO cave_place_to_raster_map_definitions (id, x_coordinate, y_coordinate, cave_place_id, raster_map_id, created_at) VALUES (5649, 5672, 827, 3632, 372, 1775839978);
INSERT INTO cave_place_to_raster_map_definitions (id, x_coordinate, y_coordinate, cave_place_id, raster_map_id, created_at) VALUES (5650, 989, 4927, 3589, 372, 1775839978);
INSERT INTO cave_place_to_raster_map_definitions (id, x_coordinate, y_coordinate, cave_place_id, raster_map_id, created_at) VALUES (5651, 386, 5507, 3596, 372, 1775839978);
INSERT INTO raster_maps (id, title, map_type, file_name, cave_id, cave_area_id, created_at) VALUES (373, 'ps_20250107_explorari_plan_fundal_negru.jpg [C40 #3] [C57 #3]', 'plane view', 'cave_1/raster_1771183787549.jpg', 57, 257, 1775839978);
INSERT INTO cave_place_to_raster_map_definitions (id, x_coordinate, y_coordinate, cave_place_id, raster_map_id, created_at) VALUES (5652, 2400, 95, 3598, 373, 1775839978);
INSERT INTO cave_place_to_raster_map_definitions (id, x_coordinate, y_coordinate, cave_place_id, raster_map_id, created_at) VALUES (5653, 3531, 2313, 3651, 373, 1775839978);
INSERT INTO cave_place_to_raster_map_definitions (id, x_coordinate, y_coordinate, cave_place_id, raster_map_id, created_at) VALUES (5654, 4780, 2749, 3601, 373, 1775839978);
INSERT INTO cave_place_to_raster_map_definitions (id, x_coordinate, y_coordinate, cave_place_id, raster_map_id, created_at) VALUES (5655, 1698, 3855, 3638, 373, 1775839978);
INSERT INTO cave_place_to_raster_map_definitions (id, x_coordinate, y_coordinate, cave_place_id, raster_map_id, created_at) VALUES (5656, 5917, 3116, 3627, 373, 1775839978);
INSERT INTO cave_place_to_raster_map_definitions (id, x_coordinate, y_coordinate, cave_place_id, raster_map_id, created_at) VALUES (5657, 2266, 3413, 3621, 373, 1775839978);
INSERT INTO cave_place_to_raster_map_definitions (id, x_coordinate, y_coordinate, cave_place_id, raster_map_id, created_at) VALUES (5658, 4066, 5155, 3663, 373, 1775839978);
INSERT INTO cave_place_to_raster_map_definitions (id, x_coordinate, y_coordinate, cave_place_id, raster_map_id, created_at) VALUES (5659, 946, 5531, 3622, 373, 1775839978);
INSERT INTO cave_place_to_raster_map_definitions (id, x_coordinate, y_coordinate, cave_place_id, raster_map_id, created_at) VALUES (5660, 2880, 2257, 3653, 373, 1775839978);
INSERT INTO cave_place_to_raster_map_definitions (id, x_coordinate, y_coordinate, cave_place_id, raster_map_id, created_at) VALUES (5661, 3335, 4143, 3633, 373, 1775839978);
INSERT INTO cave_place_to_raster_map_definitions (id, x_coordinate, y_coordinate, cave_place_id, raster_map_id, created_at) VALUES (5662, 245, 5471, 3655, 373, 1775839978);
INSERT INTO raster_maps (id, title, map_type, file_name, cave_id, cave_area_id, created_at) VALUES (374, 'ps_plan_1_distanta_avenul_din_drum.jpg [C57 #4]', 'plane view', 'cave_1/raster_1771183787566.jpg', 57, NULL, 1775839978);
INSERT INTO cave_place_to_raster_map_definitions (id, x_coordinate, y_coordinate, cave_place_id, raster_map_id, created_at) VALUES (5663, 320, 5929, 3584, 374, 1775839978);
INSERT INTO cave_place_to_raster_map_definitions (id, x_coordinate, y_coordinate, cave_place_id, raster_map_id, created_at) VALUES (5664, 1858, 3510, 3598, 374, 1775839978);
INSERT INTO cave_place_to_raster_map_definitions (id, x_coordinate, y_coordinate, cave_place_id, raster_map_id, created_at) VALUES (5665, 1545, 2652, 3652, 374, 1775839978);
INSERT INTO cave_place_to_raster_map_definitions (id, x_coordinate, y_coordinate, cave_place_id, raster_map_id, created_at) VALUES (5666, 1290, 1745, 3646, 374, 1775839978);
INSERT INTO cave_place_to_raster_map_definitions (id, x_coordinate, y_coordinate, cave_place_id, raster_map_id, created_at) VALUES (5667, 5530, 5280, 3622, 374, 1775839978);
INSERT INTO cave_place_to_raster_map_definitions (id, x_coordinate, y_coordinate, cave_place_id, raster_map_id, created_at) VALUES (5668, 5539, 4997, 3659, 374, 1775839978);
INSERT INTO cave_place_to_raster_map_definitions (id, x_coordinate, y_coordinate, cave_place_id, raster_map_id, created_at) VALUES (5669, 2294, 3015, 3644, 374, 1775839978);
INSERT INTO cave_place_to_raster_map_definitions (id, x_coordinate, y_coordinate, cave_place_id, raster_map_id, created_at) VALUES (5670, 4981, 5424, 3613, 374, 1775839978);
INSERT INTO raster_maps (id, title, map_type, file_name, cave_id, cave_area_id, created_at) VALUES (375, 'ps_20250107_explorari_plan_fundal_negru.jpg [C32 #1] [C58 #1]', 'plane view', 'cave_1/raster_1771183787549.jpg', 58, NULL, 1775839978);
INSERT INTO cave_place_to_raster_map_definitions (id, x_coordinate, y_coordinate, cave_place_id, raster_map_id, created_at) VALUES (5671, 2554, 3632, 3725, 375, 1775839978);
INSERT INTO cave_place_to_raster_map_definitions (id, x_coordinate, y_coordinate, cave_place_id, raster_map_id, created_at) VALUES (5672, 1238, 1281, 3687, 375, 1775839978);
INSERT INTO cave_place_to_raster_map_definitions (id, x_coordinate, y_coordinate, cave_place_id, raster_map_id, created_at) VALUES (5673, 4847, 896, 3746, 375, 1775839978);
INSERT INTO cave_place_to_raster_map_definitions (id, x_coordinate, y_coordinate, cave_place_id, raster_map_id, created_at) VALUES (5674, 2120, 2159, 3693, 375, 1775839978);
INSERT INTO cave_place_to_raster_map_definitions (id, x_coordinate, y_coordinate, cave_place_id, raster_map_id, created_at) VALUES (5675, 4108, 4092, 3747, 375, 1775839978);
INSERT INTO cave_place_to_raster_map_definitions (id, x_coordinate, y_coordinate, cave_place_id, raster_map_id, created_at) VALUES (5676, 4677, 5490, 3670, 375, 1775839978);
INSERT INTO cave_place_to_raster_map_definitions (id, x_coordinate, y_coordinate, cave_place_id, raster_map_id, created_at) VALUES (5677, 5943, 4619, 3692, 375, 1775839978);
INSERT INTO cave_place_to_raster_map_definitions (id, x_coordinate, y_coordinate, cave_place_id, raster_map_id, created_at) VALUES (5678, 1779, 131, 3680, 375, 1775839978);
INSERT INTO cave_place_to_raster_map_definitions (id, x_coordinate, y_coordinate, cave_place_id, raster_map_id, created_at) VALUES (5679, 117, 3555, 3727, 375, 1775839978);
INSERT INTO cave_place_to_raster_map_definitions (id, x_coordinate, y_coordinate, cave_place_id, raster_map_id, created_at) VALUES (5680, 4408, 1858, 3736, 375, 1775839978);
INSERT INTO cave_place_to_raster_map_definitions (id, x_coordinate, y_coordinate, cave_place_id, raster_map_id, created_at) VALUES (5681, 1819, 1986, 3733, 375, 1775839978);
INSERT INTO cave_place_to_raster_map_definitions (id, x_coordinate, y_coordinate, cave_place_id, raster_map_id, created_at) VALUES (5682, 4374, 1157, 3674, 375, 1775839978);
INSERT INTO cave_place_to_raster_map_definitions (id, x_coordinate, y_coordinate, cave_place_id, raster_map_id, created_at) VALUES (5683, 1919, 2721, 3675, 375, 1775839978);
INSERT INTO cave_place_to_raster_map_definitions (id, x_coordinate, y_coordinate, cave_place_id, raster_map_id, created_at) VALUES (5684, 303, 4669, 3709, 375, 1775839978);
INSERT INTO cave_place_to_raster_map_definitions (id, x_coordinate, y_coordinate, cave_place_id, raster_map_id, created_at) VALUES (5685, 889, 1080, 3679, 375, 1775839978);
INSERT INTO cave_place_to_raster_map_definitions (id, x_coordinate, y_coordinate, cave_place_id, raster_map_id, created_at) VALUES (5686, 3962, 3272, 3699, 375, 1775839978);
INSERT INTO cave_place_to_raster_map_definitions (id, x_coordinate, y_coordinate, cave_place_id, raster_map_id, created_at) VALUES (5687, 4711, 3096, 3678, 375, 1775839978);
INSERT INTO cave_place_to_raster_map_definitions (id, x_coordinate, y_coordinate, cave_place_id, raster_map_id, created_at) VALUES (5688, 4273, 2512, 3737, 375, 1775839978);
INSERT INTO cave_place_to_raster_map_definitions (id, x_coordinate, y_coordinate, cave_place_id, raster_map_id, created_at) VALUES (5689, 1839, 2979, 3686, 375, 1775839978);
INSERT INTO cave_place_to_raster_map_definitions (id, x_coordinate, y_coordinate, cave_place_id, raster_map_id, created_at) VALUES (5690, 5243, 5346, 3690, 375, 1775839978);
INSERT INTO cave_place_to_raster_map_definitions (id, x_coordinate, y_coordinate, cave_place_id, raster_map_id, created_at) VALUES (5691, 5966, 5850, 3683, 375, 1775839978);
INSERT INTO cave_place_to_raster_map_definitions (id, x_coordinate, y_coordinate, cave_place_id, raster_map_id, created_at) VALUES (5692, 3391, 5407, 3717, 375, 1775839978);
INSERT INTO cave_place_to_raster_map_definitions (id, x_coordinate, y_coordinate, cave_place_id, raster_map_id, created_at) VALUES (5693, 5778, 1360, 3712, 375, 1775839978);
INSERT INTO cave_place_to_raster_map_definitions (id, x_coordinate, y_coordinate, cave_place_id, raster_map_id, created_at) VALUES (5694, 5398, 5405, 3688, 375, 1775839978);
INSERT INTO cave_place_to_raster_map_definitions (id, x_coordinate, y_coordinate, cave_place_id, raster_map_id, created_at) VALUES (5695, 2765, 947, 3713, 375, 1775839978);
INSERT INTO cave_place_to_raster_map_definitions (id, x_coordinate, y_coordinate, cave_place_id, raster_map_id, created_at) VALUES (5696, 1839, 1493, 3706, 375, 1775839978);
INSERT INTO cave_place_to_raster_map_definitions (id, x_coordinate, y_coordinate, cave_place_id, raster_map_id, created_at) VALUES (5697, 5432, 3918, 3742, 375, 1775839978);
INSERT INTO cave_place_to_raster_map_definitions (id, x_coordinate, y_coordinate, cave_place_id, raster_map_id, created_at) VALUES (5698, 1599, 165, 3671, 375, 1775839978);
INSERT INTO raster_maps (id, title, map_type, file_name, cave_id, cave_area_id, created_at) VALUES (376, 'ps_20250107_explorari_plan_fundal_negru.jpg [C17 #2] [C58 #2]', 'plane view', 'cave_1/raster_1771183787549.jpg', 58, NULL, 1775839978);
INSERT INTO cave_place_to_raster_map_definitions (id, x_coordinate, y_coordinate, cave_place_id, raster_map_id, created_at) VALUES (5699, 5153, 1409, 3675, 376, 1775839978);
INSERT INTO cave_place_to_raster_map_definitions (id, x_coordinate, y_coordinate, cave_place_id, raster_map_id, created_at) VALUES (5700, 2231, 37, 3674, 376, 1775839978);
INSERT INTO cave_place_to_raster_map_definitions (id, x_coordinate, y_coordinate, cave_place_id, raster_map_id, created_at) VALUES (5701, 566, 5004, 3695, 376, 1775839978);
INSERT INTO cave_place_to_raster_map_definitions (id, x_coordinate, y_coordinate, cave_place_id, raster_map_id, created_at) VALUES (5702, 5885, 2328, 3702, 376, 1775839978);
INSERT INTO cave_place_to_raster_map_definitions (id, x_coordinate, y_coordinate, cave_place_id, raster_map_id, created_at) VALUES (5703, 3587, 60, 3733, 376, 1775839978);
INSERT INTO cave_place_to_raster_map_definitions (id, x_coordinate, y_coordinate, cave_place_id, raster_map_id, created_at) VALUES (5704, 2501, 1524, 3692, 376, 1775839978);
INSERT INTO cave_place_to_raster_map_definitions (id, x_coordinate, y_coordinate, cave_place_id, raster_map_id, created_at) VALUES (5705, 4571, 5394, 3712, 376, 1775839978);
INSERT INTO cave_place_to_raster_map_definitions (id, x_coordinate, y_coordinate, cave_place_id, raster_map_id, created_at) VALUES (5706, 87, 2658, 3715, 376, 1775839978);
INSERT INTO cave_place_to_raster_map_definitions (id, x_coordinate, y_coordinate, cave_place_id, raster_map_id, created_at) VALUES (5707, 2717, 2120, 3701, 376, 1775839978);
INSERT INTO cave_place_to_raster_map_definitions (id, x_coordinate, y_coordinate, cave_place_id, raster_map_id, created_at) VALUES (5708, 3500, 3399, 3670, 376, 1775839978);
INSERT INTO cave_place_to_raster_map_definitions (id, x_coordinate, y_coordinate, cave_place_id, raster_map_id, created_at) VALUES (5709, 231, 1185, 3687, 376, 1775839978);
INSERT INTO cave_place_to_raster_map_definitions (id, x_coordinate, y_coordinate, cave_place_id, raster_map_id, created_at) VALUES (5710, 5360, 1216, 3693, 376, 1775839978);
INSERT INTO cave_place_to_raster_map_definitions (id, x_coordinate, y_coordinate, cave_place_id, raster_map_id, created_at) VALUES (5711, 5468, 5403, 3717, 376, 1775839978);
INSERT INTO cave_place_to_raster_map_definitions (id, x_coordinate, y_coordinate, cave_place_id, raster_map_id, created_at) VALUES (5712, 3886, 4428, 3667, 376, 1775839978);
INSERT INTO cave_place_to_raster_map_definitions (id, x_coordinate, y_coordinate, cave_place_id, raster_map_id, created_at) VALUES (5713, 4975, 4602, 3672, 376, 1775839978);
INSERT INTO cave_place_to_raster_map_definitions (id, x_coordinate, y_coordinate, cave_place_id, raster_map_id, created_at) VALUES (5714, 1914, 5912, 3723, 376, 1775839978);
INSERT INTO cave_place_to_raster_map_definitions (id, x_coordinate, y_coordinate, cave_place_id, raster_map_id, created_at) VALUES (5715, 1822, 1649, 3721, 376, 1775839978);
INSERT INTO cave_place_to_raster_map_definitions (id, x_coordinate, y_coordinate, cave_place_id, raster_map_id, created_at) VALUES (5716, 453, 1257, 3698, 376, 1775839978);
INSERT INTO cave_place_to_raster_map_definitions (id, x_coordinate, y_coordinate, cave_place_id, raster_map_id, created_at) VALUES (5717, 4321, 3122, 3713, 376, 1775839978);
INSERT INTO cave_place_to_raster_map_definitions (id, x_coordinate, y_coordinate, cave_place_id, raster_map_id, created_at) VALUES (5718, 4253, 5219, 3666, 376, 1775839978);
INSERT INTO cave_place_to_raster_map_definitions (id, x_coordinate, y_coordinate, cave_place_id, raster_map_id, created_at) VALUES (5719, 1060, 1803, 3694, 376, 1775839978);
INSERT INTO cave_place_to_raster_map_definitions (id, x_coordinate, y_coordinate, cave_place_id, raster_map_id, created_at) VALUES (5720, 4519, 5095, 3725, 376, 1775839978);
INSERT INTO cave_place_to_raster_map_definitions (id, x_coordinate, y_coordinate, cave_place_id, raster_map_id, created_at) VALUES (5721, 5792, 3929, 3720, 376, 1775839978);
INSERT INTO cave_place_to_raster_map_definitions (id, x_coordinate, y_coordinate, cave_place_id, raster_map_id, created_at) VALUES (5722, 4248, 913, 3707, 376, 1775839978);
INSERT INTO cave_place_to_raster_map_definitions (id, x_coordinate, y_coordinate, cave_place_id, raster_map_id, created_at) VALUES (5723, 5227, 916, 3668, 376, 1775839978);
INSERT INTO cave_place_to_raster_map_definitions (id, x_coordinate, y_coordinate, cave_place_id, raster_map_id, created_at) VALUES (5724, 3320, 5399, 3681, 376, 1775839978);
INSERT INTO cave_place_to_raster_map_definitions (id, x_coordinate, y_coordinate, cave_place_id, raster_map_id, created_at) VALUES (5725, 1092, 262, 3691, 376, 1775839978);
INSERT INTO cave_place_to_raster_map_definitions (id, x_coordinate, y_coordinate, cave_place_id, raster_map_id, created_at) VALUES (5726, 3190, 5104, 3709, 376, 1775839978);
INSERT INTO cave_place_to_raster_map_definitions (id, x_coordinate, y_coordinate, cave_place_id, raster_map_id, created_at) VALUES (5727, 1667, 5736, 3706, 376, 1775839978);
INSERT INTO raster_maps (id, title, map_type, file_name, cave_id, cave_area_id, created_at) VALUES (377, 'Ponorul Nou - zona intrare.jpg [C1 #1] [C58 #3]', 'plane view', 'cave_2/raster_1771183787599.jpg', 58, 262, 1775839978);
INSERT INTO cave_place_to_raster_map_definitions (id, x_coordinate, y_coordinate, cave_place_id, raster_map_id, created_at) VALUES (5728, 756, 3800, 3729, 377, 1775839978);
INSERT INTO cave_place_to_raster_map_definitions (id, x_coordinate, y_coordinate, cave_place_id, raster_map_id, created_at) VALUES (5729, 5748, 2493, 3696, 377, 1775839978);
INSERT INTO cave_place_to_raster_map_definitions (id, x_coordinate, y_coordinate, cave_place_id, raster_map_id, created_at) VALUES (5730, 5073, 3370, 3690, 377, 1775839978);
INSERT INTO cave_place_to_raster_map_definitions (id, x_coordinate, y_coordinate, cave_place_id, raster_map_id, created_at) VALUES (5731, 269, 4062, 3737, 377, 1775839978);
INSERT INTO raster_maps (id, title, map_type, file_name, cave_id, cave_area_id, created_at) VALUES (378, 'ps_plan_1_distanta_avenul_din_drum.jpg [C8 #4] [C59 #1]', 'plane view', 'cave_1/raster_1771183787566.jpg', 59, NULL, 1775839978);
INSERT INTO cave_place_to_raster_map_definitions (id, x_coordinate, y_coordinate, cave_place_id, raster_map_id, created_at) VALUES (5732, 4029, 2713, 3793, 378, 1775839978);
INSERT INTO cave_place_to_raster_map_definitions (id, x_coordinate, y_coordinate, cave_place_id, raster_map_id, created_at) VALUES (5733, 1947, 1188, 3777, 378, 1775839978);
INSERT INTO cave_place_to_raster_map_definitions (id, x_coordinate, y_coordinate, cave_place_id, raster_map_id, created_at) VALUES (5734, 3397, 2174, 3768, 378, 1775839978);
INSERT INTO cave_place_to_raster_map_definitions (id, x_coordinate, y_coordinate, cave_place_id, raster_map_id, created_at) VALUES (5735, 3372, 3819, 3778, 378, 1775839978);
INSERT INTO cave_place_to_raster_map_definitions (id, x_coordinate, y_coordinate, cave_place_id, raster_map_id, created_at) VALUES (5736, 724, 346, 3763, 378, 1775839978);
INSERT INTO cave_place_to_raster_map_definitions (id, x_coordinate, y_coordinate, cave_place_id, raster_map_id, created_at) VALUES (5737, 5626, 4202, 3760, 378, 1775839978);
INSERT INTO cave_place_to_raster_map_definitions (id, x_coordinate, y_coordinate, cave_place_id, raster_map_id, created_at) VALUES (5738, 2438, 4616, 3765, 378, 1775839978);
INSERT INTO cave_place_to_raster_map_definitions (id, x_coordinate, y_coordinate, cave_place_id, raster_map_id, created_at) VALUES (5739, 5490, 3603, 3772, 378, 1775839978);
INSERT INTO cave_place_to_raster_map_definitions (id, x_coordinate, y_coordinate, cave_place_id, raster_map_id, created_at) VALUES (5740, 1481, 5688, 3781, 378, 1775839978);
INSERT INTO cave_place_to_raster_map_definitions (id, x_coordinate, y_coordinate, cave_place_id, raster_map_id, created_at) VALUES (5741, 2176, 4416, 3769, 378, 1775839978);
INSERT INTO cave_place_to_raster_map_definitions (id, x_coordinate, y_coordinate, cave_place_id, raster_map_id, created_at) VALUES (5742, 9, 953, 3790, 378, 1775839978);
INSERT INTO cave_place_to_raster_map_definitions (id, x_coordinate, y_coordinate, cave_place_id, raster_map_id, created_at) VALUES (5743, 2531, 3731, 3759, 378, 1775839978);
INSERT INTO cave_place_to_raster_map_definitions (id, x_coordinate, y_coordinate, cave_place_id, raster_map_id, created_at) VALUES (5744, 3914, 5666, 3755, 378, 1775839978);
INSERT INTO cave_place_to_raster_map_definitions (id, x_coordinate, y_coordinate, cave_place_id, raster_map_id, created_at) VALUES (5745, 4948, 2236, 3784, 378, 1775839978);
INSERT INTO cave_place_to_raster_map_definitions (id, x_coordinate, y_coordinate, cave_place_id, raster_map_id, created_at) VALUES (5746, 1511, 1495, 3792, 378, 1775839978);
INSERT INTO cave_place_to_raster_map_definitions (id, x_coordinate, y_coordinate, cave_place_id, raster_map_id, created_at) VALUES (5747, 3504, 3148, 3751, 378, 1775839978);
INSERT INTO cave_place_to_raster_map_definitions (id, x_coordinate, y_coordinate, cave_place_id, raster_map_id, created_at) VALUES (5748, 2678, 5233, 3783, 378, 1775839978);
INSERT INTO cave_place_to_raster_map_definitions (id, x_coordinate, y_coordinate, cave_place_id, raster_map_id, created_at) VALUES (5749, 1652, 4226, 3761, 378, 1775839978);
INSERT INTO cave_place_to_raster_map_definitions (id, x_coordinate, y_coordinate, cave_place_id, raster_map_id, created_at) VALUES (5750, 5036, 1177, 3770, 378, 1775839978);
INSERT INTO cave_place_to_raster_map_definitions (id, x_coordinate, y_coordinate, cave_place_id, raster_map_id, created_at) VALUES (5751, 3215, 1132, 3756, 378, 1775839978);
INSERT INTO cave_place_to_raster_map_definitions (id, x_coordinate, y_coordinate, cave_place_id, raster_map_id, created_at) VALUES (5752, 5824, 1152, 3782, 378, 1775839978);
INSERT INTO cave_place_to_raster_map_definitions (id, x_coordinate, y_coordinate, cave_place_id, raster_map_id, created_at) VALUES (5753, 2082, 1516, 3757, 378, 1775839978);
INSERT INTO cave_place_to_raster_map_definitions (id, x_coordinate, y_coordinate, cave_place_id, raster_map_id, created_at) VALUES (5754, 1298, 3703, 3780, 378, 1775839978);
INSERT INTO cave_place_to_raster_map_definitions (id, x_coordinate, y_coordinate, cave_place_id, raster_map_id, created_at) VALUES (5755, 3865, 3434, 3766, 378, 1775839978);
INSERT INTO cave_place_to_raster_map_definitions (id, x_coordinate, y_coordinate, cave_place_id, raster_map_id, created_at) VALUES (5756, 2149, 66, 3786, 378, 1775839978);
INSERT INTO cave_place_to_raster_map_definitions (id, x_coordinate, y_coordinate, cave_place_id, raster_map_id, created_at) VALUES (5757, 1552, 364, 3775, 378, 1775839978);
INSERT INTO raster_maps (id, title, map_type, file_name, cave_id, cave_area_id, created_at) VALUES (379, '1997 Harta P.Gaura cu Vajgau 2.jpg [C60 #2] [C59 #2]', 'plane view', 'cave_3/raster_1771183787629.jpg', 59, 265, 1775839978);
INSERT INTO cave_place_to_raster_map_definitions (id, x_coordinate, y_coordinate, cave_place_id, raster_map_id, created_at) VALUES (5758, 4825, 4040, 3750, 379, 1775839978);
INSERT INTO cave_place_to_raster_map_definitions (id, x_coordinate, y_coordinate, cave_place_id, raster_map_id, created_at) VALUES (5759, 4979, 3536, 3761, 379, 1775839978);
INSERT INTO cave_place_to_raster_map_definitions (id, x_coordinate, y_coordinate, cave_place_id, raster_map_id, created_at) VALUES (5760, 5206, 2047, 3780, 379, 1775839978);
INSERT INTO cave_place_to_raster_map_definitions (id, x_coordinate, y_coordinate, cave_place_id, raster_map_id, created_at) VALUES (5761, 849, 4019, 3758, 379, 1775839978);
INSERT INTO cave_place_to_raster_map_definitions (id, x_coordinate, y_coordinate, cave_place_id, raster_map_id, created_at) VALUES (5762, 2289, 3293, 3791, 379, 1775839978);
INSERT INTO cave_place_to_raster_map_definitions (id, x_coordinate, y_coordinate, cave_place_id, raster_map_id, created_at) VALUES (5763, 2883, 2768, 3787, 379, 1775839978);
INSERT INTO cave_place_to_raster_map_definitions (id, x_coordinate, y_coordinate, cave_place_id, raster_map_id, created_at) VALUES (5764, 2356, 2020, 3767, 379, 1775839978);
INSERT INTO cave_place_to_raster_map_definitions (id, x_coordinate, y_coordinate, cave_place_id, raster_map_id, created_at) VALUES (5765, 4349, 1544, 3770, 379, 1775839978);
INSERT INTO cave_place_to_raster_map_definitions (id, x_coordinate, y_coordinate, cave_place_id, raster_map_id, created_at) VALUES (5766, 917, 5998, 3769, 379, 1775839978);
INSERT INTO cave_place_to_raster_map_definitions (id, x_coordinate, y_coordinate, cave_place_id, raster_map_id, created_at) VALUES (5767, 2834, 4367, 3771, 379, 1775839978);
INSERT INTO cave_place_to_raster_map_definitions (id, x_coordinate, y_coordinate, cave_place_id, raster_map_id, created_at) VALUES (5768, 2327, 1653, 3774, 379, 1775839978);
INSERT INTO cave_place_to_raster_map_definitions (id, x_coordinate, y_coordinate, cave_place_id, raster_map_id, created_at) VALUES (5769, 1172, 1525, 3762, 379, 1775839978);
INSERT INTO cave_place_to_raster_map_definitions (id, x_coordinate, y_coordinate, cave_place_id, raster_map_id, created_at) VALUES (5770, 1029, 1774, 3785, 379, 1775839978);
INSERT INTO cave_place_to_raster_map_definitions (id, x_coordinate, y_coordinate, cave_place_id, raster_map_id, created_at) VALUES (5771, 4863, 885, 3778, 379, 1775839978);
INSERT INTO cave_place_to_raster_map_definitions (id, x_coordinate, y_coordinate, cave_place_id, raster_map_id, created_at) VALUES (5772, 1184, 1216, 3784, 379, 1775839978);
INSERT INTO cave_place_to_raster_map_definitions (id, x_coordinate, y_coordinate, cave_place_id, raster_map_id, created_at) VALUES (5773, 4560, 1058, 3765, 379, 1775839978);
INSERT INTO cave_place_to_raster_map_definitions (id, x_coordinate, y_coordinate, cave_place_id, raster_map_id, created_at) VALUES (5774, 346, 4531, 3768, 379, 1775839978);
INSERT INTO cave_place_to_raster_map_definitions (id, x_coordinate, y_coordinate, cave_place_id, raster_map_id, created_at) VALUES (5775, 2706, 1083, 3753, 379, 1775839978);
INSERT INTO cave_place_to_raster_map_definitions (id, x_coordinate, y_coordinate, cave_place_id, raster_map_id, created_at) VALUES (5776, 4272, 4286, 3760, 379, 1775839978);
INSERT INTO cave_place_to_raster_map_definitions (id, x_coordinate, y_coordinate, cave_place_id, raster_map_id, created_at) VALUES (5777, 3367, 4349, 3752, 379, 1775839978);
INSERT INTO cave_place_to_raster_map_definitions (id, x_coordinate, y_coordinate, cave_place_id, raster_map_id, created_at) VALUES (5778, 4822, 5393, 3764, 379, 1775839978);
INSERT INTO cave_place_to_raster_map_definitions (id, x_coordinate, y_coordinate, cave_place_id, raster_map_id, created_at) VALUES (5779, 941, 4853, 3792, 379, 1775839978);
INSERT INTO raster_maps (id, title, map_type, file_name, cave_id, cave_area_id, created_at) VALUES (380, 'geo_art_tirla_ps__harta_profil.png [C61 #1] [C59 #3]', 'plane view', 'cave_1/raster_1771183787593.png', 59, NULL, 1775839978);
INSERT INTO cave_place_to_raster_map_definitions (id, x_coordinate, y_coordinate, cave_place_id, raster_map_id, created_at) VALUES (5780, 624, 2196, 3784, 380, 1775839978);
INSERT INTO cave_place_to_raster_map_definitions (id, x_coordinate, y_coordinate, cave_place_id, raster_map_id, created_at) VALUES (5781, 1425, 3088, 3785, 380, 1775839978);
INSERT INTO cave_place_to_raster_map_definitions (id, x_coordinate, y_coordinate, cave_place_id, raster_map_id, created_at) VALUES (5782, 3997, 1300, 3790, 380, 1775839978);
INSERT INTO cave_place_to_raster_map_definitions (id, x_coordinate, y_coordinate, cave_place_id, raster_map_id, created_at) VALUES (5783, 104, 80, 3787, 380, 1775839978);
INSERT INTO cave_place_to_raster_map_definitions (id, x_coordinate, y_coordinate, cave_place_id, raster_map_id, created_at) VALUES (5784, 1736, 2167, 3762, 380, 1775839978);
INSERT INTO cave_place_to_raster_map_definitions (id, x_coordinate, y_coordinate, cave_place_id, raster_map_id, created_at) VALUES (5785, 4082, 5164, 3778, 380, 1775839978);
INSERT INTO cave_place_to_raster_map_definitions (id, x_coordinate, y_coordinate, cave_place_id, raster_map_id, created_at) VALUES (5786, 4504, 1938, 3771, 380, 1775839978);
INSERT INTO cave_place_to_raster_map_definitions (id, x_coordinate, y_coordinate, cave_place_id, raster_map_id, created_at) VALUES (5787, 2976, 2334, 3782, 380, 1775839978);
INSERT INTO cave_place_to_raster_map_definitions (id, x_coordinate, y_coordinate, cave_place_id, raster_map_id, created_at) VALUES (5788, 3826, 5017, 3793, 380, 1775839978);
INSERT INTO cave_place_to_raster_map_definitions (id, x_coordinate, y_coordinate, cave_place_id, raster_map_id, created_at) VALUES (5789, 5001, 5404, 3786, 380, 1775839978);
INSERT INTO cave_place_to_raster_map_definitions (id, x_coordinate, y_coordinate, cave_place_id, raster_map_id, created_at) VALUES (5790, 2538, 1181, 3765, 380, 1775839978);
INSERT INTO cave_place_to_raster_map_definitions (id, x_coordinate, y_coordinate, cave_place_id, raster_map_id, created_at) VALUES (5791, 423, 3579, 3773, 380, 1775839978);
INSERT INTO raster_maps (id, title, map_type, file_name, cave_id, cave_area_id, created_at) VALUES (381, '1997 Harta P.Gaura cu Vajgau 2.jpg [C16 #4] [C60 #1]', 'plane view', 'cave_3/raster_1771183787629.jpg', 60, 269, 1775839978);
INSERT INTO cave_place_to_raster_map_definitions (id, x_coordinate, y_coordinate, cave_place_id, raster_map_id, created_at) VALUES (5792, 3881, 2792, 3830, 381, 1775839978);
INSERT INTO cave_place_to_raster_map_definitions (id, x_coordinate, y_coordinate, cave_place_id, raster_map_id, created_at) VALUES (5793, 5274, 5930, 3835, 381, 1775839978);
INSERT INTO cave_place_to_raster_map_definitions (id, x_coordinate, y_coordinate, cave_place_id, raster_map_id, created_at) VALUES (5794, 4999, 4047, 3805, 381, 1775839978);
INSERT INTO raster_maps (id, title, map_type, file_name, cave_id, cave_area_id, created_at) VALUES (382, 'Ponorul Nou - zona intrare_nordata.jpg [C15 #1] [C61 #1]', 'plane view', 'cave_2/raster_1771183787610.jpg', 61, NULL, 1775839978);
INSERT INTO cave_place_to_raster_map_definitions (id, x_coordinate, y_coordinate, cave_place_id, raster_map_id, created_at) VALUES (5795, 4258, 707, 3887, 382, 1775839978);
INSERT INTO cave_place_to_raster_map_definitions (id, x_coordinate, y_coordinate, cave_place_id, raster_map_id, created_at) VALUES (5796, 2121, 1483, 3852, 382, 1775839978);
INSERT INTO cave_place_to_raster_map_definitions (id, x_coordinate, y_coordinate, cave_place_id, raster_map_id, created_at) VALUES (5797, 4756, 3585, 3860, 382, 1775839978);
INSERT INTO cave_place_to_raster_map_definitions (id, x_coordinate, y_coordinate, cave_place_id, raster_map_id, created_at) VALUES (5798, 383, 2246, 3886, 382, 1775839978);
INSERT INTO cave_place_to_raster_map_definitions (id, x_coordinate, y_coordinate, cave_place_id, raster_map_id, created_at) VALUES (5799, 2761, 1885, 3873, 382, 1775839978);
INSERT INTO cave_place_to_raster_map_definitions (id, x_coordinate, y_coordinate, cave_place_id, raster_map_id, created_at) VALUES (5800, 5282, 1489, 3845, 382, 1775839978);
INSERT INTO cave_place_to_raster_map_definitions (id, x_coordinate, y_coordinate, cave_place_id, raster_map_id, created_at) VALUES (5801, 3329, 1411, 3879, 382, 1775839978);
INSERT INTO cave_place_to_raster_map_definitions (id, x_coordinate, y_coordinate, cave_place_id, raster_map_id, created_at) VALUES (5802, 1527, 2877, 3880, 382, 1775839978);
INSERT INTO raster_maps (id, title, map_type, file_name, cave_id, cave_area_id, created_at) VALUES (383, 'Ponorul Nou_curatat.jpg [C39 #3] [C61 #2]', 'plane view', 'cave_2/raster_1771183787617.jpg', 61, 280, 1775839978);
INSERT INTO cave_place_to_raster_map_definitions (id, x_coordinate, y_coordinate, cave_place_id, raster_map_id, created_at) VALUES (5803, 354, 4441, 3851, 383, 1775839978);
INSERT INTO cave_place_to_raster_map_definitions (id, x_coordinate, y_coordinate, cave_place_id, raster_map_id, created_at) VALUES (5804, 2583, 1367, 3854, 383, 1775839978);
INSERT INTO cave_place_to_raster_map_definitions (id, x_coordinate, y_coordinate, cave_place_id, raster_map_id, created_at) VALUES (5805, 4290, 5112, 3849, 383, 1775839978);
INSERT INTO cave_place_to_raster_map_definitions (id, x_coordinate, y_coordinate, cave_place_id, raster_map_id, created_at) VALUES (5806, 4048, 1001, 3856, 383, 1775839978);
INSERT INTO raster_maps (id, title, map_type, file_name, cave_id, cave_area_id, created_at) VALUES (384, '1997 Harta P.Gaura cu Vajgau 2.jpg [C60 #2] [C61 #3]', 'plane view', 'cave_3/raster_1771183787629.jpg', 61, NULL, 1775839978);
INSERT INTO cave_place_to_raster_map_definitions (id, x_coordinate, y_coordinate, cave_place_id, raster_map_id, created_at) VALUES (5807, 241, 2780, 3851, 384, 1775839978);
INSERT INTO cave_place_to_raster_map_definitions (id, x_coordinate, y_coordinate, cave_place_id, raster_map_id, created_at) VALUES (5808, 439, 1754, 3854, 384, 1775839978);
INSERT INTO cave_place_to_raster_map_definitions (id, x_coordinate, y_coordinate, cave_place_id, raster_map_id, created_at) VALUES (5809, 5163, 3003, 3867, 384, 1775839978);
INSERT INTO cave_place_to_raster_map_definitions (id, x_coordinate, y_coordinate, cave_place_id, raster_map_id, created_at) VALUES (5810, 5050, 5859, 3873, 384, 1775839978);
INSERT INTO cave_place_to_raster_map_definitions (id, x_coordinate, y_coordinate, cave_place_id, raster_map_id, created_at) VALUES (5811, 1659, 953, 3855, 384, 1775839978);
INSERT INTO cave_place_to_raster_map_definitions (id, x_coordinate, y_coordinate, cave_place_id, raster_map_id, created_at) VALUES (5812, 1227, 179, 3870, 384, 1775839978);
INSERT INTO cave_place_to_raster_map_definitions (id, x_coordinate, y_coordinate, cave_place_id, raster_map_id, created_at) VALUES (5813, 2360, 4966, 3864, 384, 1775839978);
INSERT INTO cave_place_to_raster_map_definitions (id, x_coordinate, y_coordinate, cave_place_id, raster_map_id, created_at) VALUES (5814, 4818, 217, 3885, 384, 1775839978);
INSERT INTO cave_place_to_raster_map_definitions (id, x_coordinate, y_coordinate, cave_place_id, raster_map_id, created_at) VALUES (5815, 1440, 3110, 3856, 384, 1775839978);
INSERT INTO cave_place_to_raster_map_definitions (id, x_coordinate, y_coordinate, cave_place_id, raster_map_id, created_at) VALUES (5816, 3466, 5081, 3866, 384, 1775839978);
INSERT INTO cave_place_to_raster_map_definitions (id, x_coordinate, y_coordinate, cave_place_id, raster_map_id, created_at) VALUES (5817, 506, 2585, 3872, 384, 1775839978);
INSERT INTO cave_place_to_raster_map_definitions (id, x_coordinate, y_coordinate, cave_place_id, raster_map_id, created_at) VALUES (5818, 665, 4896, 3886, 384, 1775839978);
INSERT INTO cave_place_to_raster_map_definitions (id, x_coordinate, y_coordinate, cave_place_id, raster_map_id, created_at) VALUES (5819, 2218, 1716, 3884, 384, 1775839978);
INSERT INTO cave_place_to_raster_map_definitions (id, x_coordinate, y_coordinate, cave_place_id, raster_map_id, created_at) VALUES (5820, 4296, 688, 3875, 384, 1775839978);
INSERT INTO cave_place_to_raster_map_definitions (id, x_coordinate, y_coordinate, cave_place_id, raster_map_id, created_at) VALUES (5821, 2242, 2070, 3882, 384, 1775839978);
INSERT INTO cave_place_to_raster_map_definitions (id, x_coordinate, y_coordinate, cave_place_id, raster_map_id, created_at) VALUES (5822, 2040, 5500, 3883, 384, 1775839978);
INSERT INTO cave_place_to_raster_map_definitions (id, x_coordinate, y_coordinate, cave_place_id, raster_map_id, created_at) VALUES (5823, 4983, 5418, 3863, 384, 1775839978);
INSERT INTO cave_place_to_raster_map_definitions (id, x_coordinate, y_coordinate, cave_place_id, raster_map_id, created_at) VALUES (5824, 4731, 5624, 3861, 384, 1775839978);
INSERT INTO cave_place_to_raster_map_definitions (id, x_coordinate, y_coordinate, cave_place_id, raster_map_id, created_at) VALUES (5825, 802, 706, 3891, 384, 1775839978);
INSERT INTO cave_place_to_raster_map_definitions (id, x_coordinate, y_coordinate, cave_place_id, raster_map_id, created_at) VALUES (5826, 1274, 47, 3892, 384, 1775839978);
INSERT INTO cave_place_to_raster_map_definitions (id, x_coordinate, y_coordinate, cave_place_id, raster_map_id, created_at) VALUES (5827, 2157, 2303, 3844, 384, 1775839978);
INSERT INTO cave_place_to_raster_map_definitions (id, x_coordinate, y_coordinate, cave_place_id, raster_map_id, created_at) VALUES (5828, 3907, 1827, 3881, 384, 1775839978);
INSERT INTO cave_place_to_raster_map_definitions (id, x_coordinate, y_coordinate, cave_place_id, raster_map_id, created_at) VALUES (5829, 3882, 397, 3862, 384, 1775839978);
INSERT INTO cave_place_to_raster_map_definitions (id, x_coordinate, y_coordinate, cave_place_id, raster_map_id, created_at) VALUES (5830, 358, 5666, 3878, 384, 1775839978);
INSERT INTO cave_place_to_raster_map_definitions (id, x_coordinate, y_coordinate, cave_place_id, raster_map_id, created_at) VALUES (5831, 3864, 1292, 3888, 384, 1775839978);
INSERT INTO raster_maps (id, title, map_type, file_name, cave_id, cave_area_id, created_at) VALUES (385, 'Ponorul Nou - zona intrare_nordata.jpg [C27 #3] [C62 #1]', 'plane view', 'cave_2/raster_1771183787610.jpg', 62, 284, 1775839978);
INSERT INTO cave_place_to_raster_map_definitions (id, x_coordinate, y_coordinate, cave_place_id, raster_map_id, created_at) VALUES (5832, 481, 3173, 3929, 385, 1775839978);
INSERT INTO cave_place_to_raster_map_definitions (id, x_coordinate, y_coordinate, cave_place_id, raster_map_id, created_at) VALUES (5833, 1018, 1968, 3940, 385, 1775839978);
INSERT INTO cave_place_to_raster_map_definitions (id, x_coordinate, y_coordinate, cave_place_id, raster_map_id, created_at) VALUES (5834, 3649, 4005, 3899, 385, 1775839978);
INSERT INTO cave_place_to_raster_map_definitions (id, x_coordinate, y_coordinate, cave_place_id, raster_map_id, created_at) VALUES (5835, 45, 1745, 3973, 385, 1775839978);
INSERT INTO cave_place_to_raster_map_definitions (id, x_coordinate, y_coordinate, cave_place_id, raster_map_id, created_at) VALUES (5836, 1477, 4582, 3910, 385, 1775839978);
INSERT INTO cave_place_to_raster_map_definitions (id, x_coordinate, y_coordinate, cave_place_id, raster_map_id, created_at) VALUES (5837, 3571, 4004, 3939, 385, 1775839978);
INSERT INTO cave_place_to_raster_map_definitions (id, x_coordinate, y_coordinate, cave_place_id, raster_map_id, created_at) VALUES (5838, 2073, 2931, 3918, 385, 1775839978);
INSERT INTO cave_place_to_raster_map_definitions (id, x_coordinate, y_coordinate, cave_place_id, raster_map_id, created_at) VALUES (5839, 4145, 4093, 3930, 385, 1775839978);
INSERT INTO cave_place_to_raster_map_definitions (id, x_coordinate, y_coordinate, cave_place_id, raster_map_id, created_at) VALUES (5840, 1784, 1155, 3979, 385, 1775839978);
INSERT INTO cave_place_to_raster_map_definitions (id, x_coordinate, y_coordinate, cave_place_id, raster_map_id, created_at) VALUES (5841, 267, 2765, 3903, 385, 1775839978);
INSERT INTO cave_place_to_raster_map_definitions (id, x_coordinate, y_coordinate, cave_place_id, raster_map_id, created_at) VALUES (5842, 1348, 660, 3926, 385, 1775839978);
INSERT INTO cave_place_to_raster_map_definitions (id, x_coordinate, y_coordinate, cave_place_id, raster_map_id, created_at) VALUES (5843, 2078, 2485, 3915, 385, 1775839978);
INSERT INTO cave_place_to_raster_map_definitions (id, x_coordinate, y_coordinate, cave_place_id, raster_map_id, created_at) VALUES (5844, 546, 4451, 3906, 385, 1775839978);
INSERT INTO cave_place_to_raster_map_definitions (id, x_coordinate, y_coordinate, cave_place_id, raster_map_id, created_at) VALUES (5845, 2441, 2922, 3904, 385, 1775839978);
INSERT INTO cave_place_to_raster_map_definitions (id, x_coordinate, y_coordinate, cave_place_id, raster_map_id, created_at) VALUES (5846, 2955, 4418, 3905, 385, 1775839978);
INSERT INTO cave_place_to_raster_map_definitions (id, x_coordinate, y_coordinate, cave_place_id, raster_map_id, created_at) VALUES (5847, 3455, 2117, 3916, 385, 1775839978);
INSERT INTO cave_place_to_raster_map_definitions (id, x_coordinate, y_coordinate, cave_place_id, raster_map_id, created_at) VALUES (5848, 4434, 4758, 3927, 385, 1775839978);
INSERT INTO cave_place_to_raster_map_definitions (id, x_coordinate, y_coordinate, cave_place_id, raster_map_id, created_at) VALUES (5849, 5778, 392, 3935, 385, 1775839978);
INSERT INTO cave_place_to_raster_map_definitions (id, x_coordinate, y_coordinate, cave_place_id, raster_map_id, created_at) VALUES (5850, 1012, 717, 3919, 385, 1775839978);
INSERT INTO cave_place_to_raster_map_definitions (id, x_coordinate, y_coordinate, cave_place_id, raster_map_id, created_at) VALUES (5851, 4681, 534, 3917, 385, 1775839978);
INSERT INTO cave_place_to_raster_map_definitions (id, x_coordinate, y_coordinate, cave_place_id, raster_map_id, created_at) VALUES (5852, 2018, 1706, 3920, 385, 1775839978);
INSERT INTO cave_place_to_raster_map_definitions (id, x_coordinate, y_coordinate, cave_place_id, raster_map_id, created_at) VALUES (5853, 2208, 5489, 3957, 385, 1775839978);
INSERT INTO cave_place_to_raster_map_definitions (id, x_coordinate, y_coordinate, cave_place_id, raster_map_id, created_at) VALUES (5854, 1192, 1246, 3968, 385, 1775839978);
INSERT INTO cave_place_to_raster_map_definitions (id, x_coordinate, y_coordinate, cave_place_id, raster_map_id, created_at) VALUES (5855, 5329, 3777, 3959, 385, 1775839978);
INSERT INTO cave_place_to_raster_map_definitions (id, x_coordinate, y_coordinate, cave_place_id, raster_map_id, created_at) VALUES (5856, 793, 1073, 3945, 385, 1775839978);
INSERT INTO cave_place_to_raster_map_definitions (id, x_coordinate, y_coordinate, cave_place_id, raster_map_id, created_at) VALUES (5857, 5164, 3763, 3895, 385, 1775839978);
INSERT INTO cave_place_to_raster_map_definitions (id, x_coordinate, y_coordinate, cave_place_id, raster_map_id, created_at) VALUES (5858, 2542, 1568, 3913, 385, 1775839978);
INSERT INTO cave_place_to_raster_map_definitions (id, x_coordinate, y_coordinate, cave_place_id, raster_map_id, created_at) VALUES (5859, 2063, 4868, 3942, 385, 1775839978);
INSERT INTO cave_place_to_raster_map_definitions (id, x_coordinate, y_coordinate, cave_place_id, raster_map_id, created_at) VALUES (5860, 5987, 2712, 3902, 385, 1775839978);
INSERT INTO raster_maps (id, title, map_type, file_name, cave_id, cave_area_id, created_at) VALUES (386, 'ps_profil_proiectat_ortogonal_est_vest_fundalalb.png [C13 #1] [C62 #2]', 'plane view', 'cave_1/raster_1771183787575.png', 62, NULL, 1775839978);
INSERT INTO cave_place_to_raster_map_definitions (id, x_coordinate, y_coordinate, cave_place_id, raster_map_id, created_at) VALUES (5861, 1200, 804, 3944, 386, 1775839978);
INSERT INTO cave_place_to_raster_map_definitions (id, x_coordinate, y_coordinate, cave_place_id, raster_map_id, created_at) VALUES (5862, 3141, 4572, 3954, 386, 1775839978);
INSERT INTO cave_place_to_raster_map_definitions (id, x_coordinate, y_coordinate, cave_place_id, raster_map_id, created_at) VALUES (5863, 1689, 5325, 3917, 386, 1775839978);
INSERT INTO cave_place_to_raster_map_definitions (id, x_coordinate, y_coordinate, cave_place_id, raster_map_id, created_at) VALUES (5864, 2686, 3369, 3940, 386, 1775839978);
INSERT INTO cave_place_to_raster_map_definitions (id, x_coordinate, y_coordinate, cave_place_id, raster_map_id, created_at) VALUES (5865, 3697, 10, 3901, 386, 1775839978);


COMMIT;
